Date,BDI,BCI,Panamax,Supramax,Handysize,BDI_lag_1,BDI_lag_2,BDI_lag_3,BDI_lag_7,BDI_lag_14,BDI_lag_30,Panamax_lag_1,Supramax_lag_1,Handysize_lag_1,BDI_mean_7,BDI_mean_20,BDI_mean_60,BDI_std_7,BDI_std_20,BDI_std_60,BDI_target_7
2010-01-04,3140.0,,,,,,,,,,,,,,,,,,,,3175.0
2010-01-05,3270.0,,,,,3140.0,,,,,,,,,,,,,,,3235.0
2010-01-06,3259.0,,,,,3270.0,3140.0,,,,,,,,,,,,,,3299.0
2010-01-07,3149.0,,,,,3259.0,3270.0,3140.0,,,,,,,,,,,,,3295.0
2010-01-08,3140.0,,,,,3149.0,3259.0,3270.0,,,,,,,,,,,,,3208.0
2010-01-11,3148.0,,,,,3140.0,3149.0,3259.0,,,,,,,,,,,,,3158.0
2010-01-12,3160.0,,,,,3148.0,3140.0,3149.0,,,,,,,3180.8571428571427,,,57.62068081117101,,,3170.0
2010-01-13,3175.0,,,,,3160.0,3148.0,3140.0,3140.0,,,,,,3185.8571428571427,,,54.94066063013974,,,3204.0
2010-01-14,3235.0,,,,,3175.0,3160.0,3148.0,3270.0,,,,,,3180.8571428571427,,,47.02987905374111,,,3223.0
2010-01-15,3299.0,,,,,3235.0,3175.0,3160.0,3259.0,,,,,,3186.5714285714284,,,59.01089487785886,,,3205.0
2010-01-18,3295.0,,,,,3299.0,3235.0,3175.0,3149.0,,,,,,3207.428571428572,,,68.54890503102429,,,3118.0
2010-01-19,3208.0,,,,,3295.0,3299.0,3235.0,3140.0,,,,,,3217.1428571428573,,,61.89622651780053,,,2963.0
2010-01-20,3158.0,,,,,3208.0,3295.0,3299.0,3148.0,,,,,,3218.5714285714284,,,60.12447405967391,,,2848.0
2010-01-21,3170.0,,,,,3158.0,3208.0,3295.0,3160.0,,,,,,3220.0,,,58.60034129593464,,,2745.0
2010-01-22,3204.0,,,,,3170.0,3158.0,3208.0,3175.0,3140.0,,,,,3224.1428571428573,,,55.84928698867054,,,2691.0
2010-01-25,3223.0,,,,,3204.0,3170.0,3158.0,3235.0,3270.0,,,,,3222.428571428572,,,55.64427836072404,,,2673.0
2010-01-26,3205.0,,,,,3223.0,3204.0,3170.0,3299.0,3259.0,,,,,3209.0,,,44.26435736948349,,,2685.0
2010-01-27,3118.0,,,,,3205.0,3223.0,3204.0,3295.0,3149.0,,,,,3183.714285714286,,,36.89044269054992,,,2715.0
2010-01-28,2963.0,,,,,3118.0,3205.0,3223.0,3208.0,3140.0,,,,,3148.714285714286,,,89.17719119018818,,,2722.0
2010-01-29,2848.0,,,,,2963.0,3118.0,3205.0,3158.0,3148.0,,,,,3104.428571428572,3168.35,,143.95005747695606,105.93507197186496,,2706.0
2010-02-01,2745.0,,,,,2848.0,2963.0,3118.0,3170.0,3160.0,,,,,3043.714285714286,3148.6,,192.9660715304756,142.13462854483757,,2630.0
2010-02-02,2691.0,,,,,2745.0,2848.0,2963.0,3204.0,3175.0,,,,,2970.428571428572,3119.65,,217.76735073839427,171.94560798480188,,2575.0
2010-02-03,2673.0,,,,,2691.0,2745.0,2848.0,3223.0,3235.0,,,,,2891.8571428571427,3090.35,,210.55199561424865,195.293106300302,,2571.0
2010-02-04,2685.0,,,,,2673.0,2691.0,2745.0,3205.0,3299.0,,,,,2817.5714285714284,3067.15,,169.3594374329897,214.5684224081839,,2566.0
2010-02-05,2715.0,,,,,2685.0,2673.0,2691.0,3118.0,3295.0,,,,,2760.0,3045.9,,107.36076254075802,227.62200892569328,,2598.0
2010-02-08,2722.0,,,,,2715.0,2685.0,2673.0,2963.0,3208.0,,,,,2725.5714285714284,3024.6,,59.29546678247901,237.29138206011604,,2661.0
2010-02-09,2706.0,,,,,2722.0,2715.0,2685.0,2848.0,3158.0,,,,,2705.285714285714,3001.9,,24.526953104108,245.23928164785883,,2704.0
2010-02-10,2630.0,,,,,2706.0,2722.0,2715.0,2745.0,3170.0,,,,,2688.8571428571427,2974.65,,31.120350102077413,255.07465883334484,,2714.0
2010-02-11,2575.0,,,,,2630.0,2706.0,2722.0,2691.0,3204.0,,,,,2672.285714285714,2941.65,,52.98966655777747,262.21290566014613,,2721.0
2010-02-12,2571.0,,,,,2575.0,2630.0,2706.0,2673.0,3223.0,,,,,2657.714285714286,2905.25,,65.3445082765525,260.51969821473114,,2724.0
2010-02-15,2566.0,,,,,2571.0,2575.0,2630.0,2685.0,3205.0,3140.0,,,,2640.714285714286,2868.8,,72.18428796193193,254.0361764540008,,2707.0
2010-02-16,2598.0,,,,,2566.0,2571.0,2575.0,2715.0,3118.0,3270.0,,,,2624.0,2838.3,,65.33758489567613,247.7078287439709,,2711.0
2010-02-17,2661.0,,,,,2598.0,2566.0,2571.0,2722.0,2963.0,3259.0,,,,2615.285714285714,2813.45,,52.98966655777753,238.7137627501096,,2738.0
2010-02-18,2704.0,,,,,2661.0,2598.0,2566.0,2706.0,2848.0,3149.0,,,,2615.0,2790.15,,52.42136968832161,224.39328139862363,,2760.0
2010-02-19,2714.0,,,,,2704.0,2661.0,2598.0,2630.0,2745.0,3140.0,,,,2627.0,2765.65,,64.6219776856116,202.5127091528352,,2792.0
2010-02-22,2721.0,,,,,2714.0,2704.0,2661.0,2575.0,2691.0,3148.0,,,,2647.8571428571427,2740.55,,68.48705126135802,171.5932997710445,,2911.0
2010-02-23,2724.0,,,,,2721.0,2714.0,2704.0,2571.0,2673.0,3160.0,,,,2669.714285714286,2716.5,,64.14752342767768,132.27423666084894,,3121.0
2010-02-24,2707.0,,,,,2724.0,2721.0,2714.0,2566.0,2685.0,3175.0,,,,2689.8571428571427,2695.95,,45.6122372886475,92.58707139484126,,3242.0
2010-02-25,2711.0,,,,,2707.0,2724.0,2721.0,2598.0,2715.0,3235.0,,,,2706.0,2683.35,,21.08712087190586,68.291384214222,,3259.0
2010-02-26,2738.0,,,,,2711.0,2707.0,2724.0,2661.0,2722.0,3299.0,,,,2717.0,2677.85,,11.690451944487332,57.98482106279168,,3210.0
2010-03-01,2760.0,,,,,2738.0,2711.0,2707.0,2704.0,2706.0,3295.0,,,,2725.0,2678.6,,18.49324200889888,58.98742060366296,,3230.0
2010-03-02,2792.0,,,,,2760.0,2738.0,2711.0,2714.0,2630.0,3208.0,,,,2736.1428571428573,2683.65,,30.41616111777677,64.19811031814572,,3316.0
2010-03-03,2911.0,,,,,2792.0,2760.0,2738.0,2721.0,2575.0,3158.0,,,,2763.285714285714,2695.55,,71.57679858192719,81.77277567812538,,3506.0
2010-03-04,3121.0,,,,,2911.0,2792.0,2760.0,2724.0,2571.0,3170.0,,,,2820.0,2717.35,,149.79986648859074,125.32915609873385,,3574.0
2010-03-05,3242.0,,,,,3121.0,2911.0,2792.0,2707.0,2566.0,3204.0,,,,2896.428571428572,2743.7,,207.79224972943183,171.6493058841953,,3498.0
2010-03-08,3259.0,,,,,3242.0,3121.0,2911.0,2711.0,2598.0,3223.0,,,,2974.714285714286,2770.55,,228.48757390407653,206.5316275002316,,3427.0
2010-03-09,3210.0,,,,,3259.0,3242.0,3121.0,2738.0,2661.0,3205.0,,,,3042.1428571428573,2795.75,,216.30952249914665,227.8849836857912,,3396.0
2010-03-10,3230.0,,,,,3210.0,3259.0,3242.0,2760.0,2704.0,3118.0,,,,3109.285714285714,2825.75,,184.78249762510148,243.85066072668675,,3379.0
2010-03-11,3316.0,,,,,3230.0,3210.0,3259.0,2792.0,2714.0,2963.0,,,,3184.1428571428573,2862.8,,133.97938718502644,259.5355365587565,,3337.0
2010-03-12,3506.0,,,,,3316.0,3230.0,3210.0,2911.0,2721.0,2848.0,,,,3269.1428571428573,2909.55,,119.8004292861327,286.96808459992,,3280.0
2010-03-15,3574.0,,,,,3506.0,3316.0,3230.0,3121.0,2724.0,2745.0,,,,3333.8571428571427,2959.95,,145.93883258797672,310.96851676826066,,3243.0
2010-03-16,3498.0,,,,,3574.0,3506.0,3316.0,3242.0,2707.0,2691.0,,,,3370.428571428572,3004.95,,151.06936281374504,320.79809603713665,,3177.0
2010-03-17,3427.0,,,,,3498.0,3574.0,3506.0,3259.0,2711.0,2673.0,,,,3394.428571428572,3043.25,,143.57559813892777,323.28932373665623,,3098.0
2010-03-18,3396.0,,,,,3427.0,3498.0,3574.0,3210.0,2738.0,2685.0,,,,3421.0,3077.85,,118.83461897387096,322.0985914771721,,3021.0
2010-03-19,3379.0,,,,,3396.0,3427.0,3498.0,3230.0,2760.0,2715.0,,,,3442.285714285714,3111.1,,88.3566905327669,316.8426307042317,,2982.0
2010-03-22,3337.0,,,,,3379.0,3396.0,3427.0,3316.0,2792.0,2722.0,,,,3445.285714285714,3141.9,,83.58172504742369,306.70368006990105,,2998.0
2010-03-23,3280.0,,,,,3337.0,3379.0,3396.0,3506.0,2911.0,2706.0,,,,3413.0,3169.7,,98.53256652835708,291.6604189807029,,2991.0
2010-03-24,3243.0,,,,,3280.0,3337.0,3379.0,3574.0,3121.0,2630.0,,,,3365.714285714286,3196.5,,87.15831244677689,270.785115815784,,2991.0
2010-03-25,3177.0,,,,,3243.0,3280.0,3337.0,3498.0,3242.0,2575.0,,,,3319.8571428571427,3219.8,,90.34457846014628,245.69763188884943,,2981.0
2010-03-26,3098.0,,,,,3177.0,3243.0,3280.0,3427.0,3259.0,2571.0,,,,3272.8571428571427,3237.8,3028.0,108.97312906006532,220.43058341632687,288.96929635739525,2947.0
2010-03-29,3021.0,,,,,3098.0,3177.0,3243.0,3396.0,3210.0,2566.0,,,,3219.285714285714,3250.85,3026.016666666667,128.73061573910996,197.15163146540976,288.5956934775453,2922.0
2010-03-30,2982.0,,,,,3021.0,3098.0,3177.0,3379.0,3230.0,2598.0,,,,3162.5714285714284,3260.35,3021.2166666666667,133.9836521655466,177.47328190314374,286.858737553407,2913.0
2010-03-31,2998.0,,,,,2982.0,3021.0,3098.0,3337.0,3316.0,2661.0,,,,3114.1428571428573,3264.7,3016.866666666667,121.07219412596542,169.33961516183072,285.1657541582312,2911.0
2010-04-01,2991.0,,,,,2998.0,2982.0,3021.0,3280.0,3506.0,2704.0,,,,3072.8571428571427,3258.2,3014.233333333333,103.0168733289628,177.44668584053215,284.6539598111331,2928.0
2010-04-02,2991.0,,,,,2991.0,2998.0,2982.0,3243.0,3574.0,2714.0,,,,3036.8571428571427,3245.65,3011.75,73.43348139966989,187.2575695891093,284.1877288945413,2966.0
2010-04-06,2981.0,,,,,2991.0,2991.0,2998.0,3177.0,3498.0,2721.0,,,,3008.8571428571427,3231.75,3008.9666666666667,41.52681291016373,196.3133571882601,283.6479655516357,3001.0
2010-04-07,2947.0,,,,,2981.0,2991.0,2991.0,3098.0,3427.0,2724.0,,,,2987.285714285714,3218.6,3005.4166666666665,22.246455041295288,206.39650139833472,283.0579560746794,3009.0
2010-04-08,2922.0,,,,,2947.0,2981.0,2991.0,3021.0,3396.0,2707.0,,,,2973.1428571428573,3203.2,3001.2,27.97277588077109,216.7328212096009,282.37250310268274,3002.0
2010-04-09,2913.0,,,,,2922.0,2947.0,2981.0,2982.0,3379.0,2711.0,,,,2963.285714285714,3183.05,2995.833333333333,35.48104792568072,224.2954994034226,280.9097910975395,2998.0
2010-04-12,2911.0,,,,,2913.0,2922.0,2947.0,2998.0,3337.0,2738.0,,,,2950.8571428571427,3153.3,2989.366666666667,36.516793266604274,218.59289245439373,278.2659967939874,3009.0
2010-04-13,2928.0,,,,,2911.0,2913.0,2922.0,2991.0,3280.0,2760.0,,,,2941.8571428571427,3121.0,2983.25,32.51885899714101,200.1026052593474,275.4532551318134,3006.0
2010-04-14,2966.0,,,,,2928.0,2911.0,2913.0,2991.0,3243.0,2792.0,,,,2938.285714285714,3094.4,2979.2166666666667,27.15212874228933,181.8797752131288,273.87378583021007,3013.0
2010-04-15,3001.0,,,,,2966.0,2928.0,2911.0,2981.0,3177.0,2911.0,,,,2941.1428571428573,3073.1,2976.6,32.8503098485023,165.04414082618015,272.88491396775026,3020.0
2010-04-16,3009.0,,,,,3001.0,2966.0,2928.0,2947.0,3098.0,3121.0,,,,2950.0,3053.75,2973.9166666666665,41.82503237695177,146.88121767354238,271.7401108653402,3203.0
2010-04-19,3002.0,,,,,3009.0,3001.0,2966.0,2922.0,3021.0,3242.0,,,,2961.428571428572,3034.9,2970.55,43.78301475403544,125.59161051431089,270.087520341218,3329.0
2010-04-20,2998.0,,,,,3002.0,3009.0,3001.0,2913.0,2982.0,3259.0,,,,2973.5714285714284,3017.95,2966.8,39.71085973574549,103.62964166481702,268.0775121907336,3359.0
2010-04-21,3009.0,,,,,2998.0,3002.0,3009.0,2911.0,2998.0,3210.0,,,,2987.5714285714284,3004.4,2963.5333333333333,30.082426447213543,83.28164010720975,266.31410450797955,3354.0
2010-04-22,3006.0,,,,,3009.0,2998.0,3002.0,2928.0,2991.0,3230.0,,,,2998.714285714286,2992.55,2961.6666666666665,15.00793440942811,61.5779138464731,265.6046294947428,3352.0
2010-04-23,3013.0,,,,,3006.0,3009.0,2998.0,2966.0,2991.0,3316.0,,,,3005.428571428572,2984.35,2962.5,5.318431562528509,44.18653641098681,265.68730824544843,3379.0
2010-04-26,3020.0,,,,,3013.0,3006.0,3009.0,3001.0,2981.0,3506.0,,,,3008.1428571428573,2980.45,2965.366666666667,7.197883286710214,36.38026503765458,265.35866145471795,3468.0
2010-04-27,3203.0,,,,,3020.0,3013.0,3006.0,3009.0,2947.0,3574.0,,,,3035.8571428571427,2989.55,2973.0,74.0527482529111,61.29091544257539,265.4995291897898,3608.0
2010-04-28,3329.0,,,,,3203.0,3020.0,3013.0,3002.0,2922.0,3498.0,,,,3082.5714285714284,3006.9,2983.633333333333,130.64820083319844,97.47436910069425,266.7868422712027,3707.0
2010-04-29,3359.0,,,,,3329.0,3203.0,3020.0,2998.0,2913.0,3427.0,,,,3134.1428571428573,3024.95,2995.0666666666666,159.71686257397943,125.21622351587814,267.9457867419609,3822.0
2010-04-30,3354.0,,,,,3359.0,3329.0,3203.0,3009.0,2911.0,3396.0,,,,3183.428571428572,3043.1,3006.2166666666667,167.69501795705847,144.8112746410212,268.7426525076288,3888.0
2010-05-04,3352.0,,,,,3354.0,3359.0,3329.0,3006.0,2928.0,3379.0,,,,3232.8571428571427,3061.15,3016.833333333333,157.35461922191917,159.7077182328933,269.62404249952425,3914.0
2010-05-05,3379.0,,,,,3352.0,3354.0,3359.0,3013.0,2966.0,3337.0,,,,3285.1428571428573,3081.05,3027.7833333333333,130.66933913690323,173.40384109143162,270.7858677224349,3929.0
2010-05-06,3468.0,,,,,3379.0,3352.0,3354.0,3020.0,3001.0,3280.0,,,,3349.1428571428573,3107.1,3040.483333333333,78.43347196068899,190.4976585019776,273.29573549462475,3922.0
2010-05-07,3608.0,,,,,3468.0,3379.0,3352.0,3203.0,3009.0,3243.0,,,,3407.0,3141.4,3056.7833333333333,99.27067374942696,215.52955591677755,277.5308864574409,3882.0
2010-05-10,3707.0,,,,,3608.0,3468.0,3379.0,3329.0,3002.0,3177.0,,,,3461.0,3181.1,3075.65,142.9638648983196,242.66305424340112,282.6535775737749,3832.0
2010-05-11,3822.0,,,,,3707.0,3608.0,3468.0,3359.0,2998.0,3098.0,,,,3527.1428571428573,3226.65,3096.5,187.9383130812012,272.91068039503887,290.8192111249217,3803.0
2010-05-12,3888.0,,,,,3822.0,3707.0,3608.0,3354.0,3009.0,3021.0,,,,3603.428571428572,3274.65,3118.5333333333333,212.69215401831397,300.63411491816805,299.8837891678198,3844.0
2010-05-13,3914.0,,,,,3888.0,3822.0,3707.0,3352.0,3006.0,2982.0,,,,3683.714285714286,3322.05,3140.4666666666667,207.98454612919917,323.28942141678334,309.14959719580315,3943.0
2010-05-14,3929.0,,,,,3914.0,3888.0,3822.0,3379.0,3013.0,2998.0,,,,3762.285714285714,3368.45,3161.6,174.95019699494105,340.90135554222235,319.00094043748464,4187.0
2010-05-17,3922.0,,,,,3929.0,3914.0,3888.0,3468.0,3020.0,2991.0,,,,3827.142857142857,3414.1,3181.9,124.56916227731963,351.20812543051915,328.01455631197524,4209.0
2010-05-18,3882.0,,,,,3922.0,3929.0,3914.0,3608.0,3203.0,2991.0,,,,3866.285714285714,3458.1,3201.366666666667,78.91496327419974,351.9853316321699,334.3724689961756,4156.0
2010-05-19,3832.0,,,,,3882.0,3922.0,3929.0,3707.0,3329.0,2981.0,,,,3884.142857142857,3499.8,3219.883333333333,42.69437344435836,343.9179216646076,338.0619285192046,4078.0
2010-05-20,3803.0,,,,,3832.0,3882.0,3922.0,3822.0,3359.0,2947.0,,,,3881.428571428572,3539.5,3237.866666666667,47.62302364349827,329.8193285325801,339.9298764509444,4074.0
2010-05-21,3844.0,,,,,3803.0,3832.0,3882.0,3888.0,3354.0,2922.0,,,,3875.142857142857,3581.4,3256.8166666666666,49.47871115075337,311.1794878911657,341.5224881131623,4041.0
2010-05-24,3943.0,,,,,3844.0,3803.0,3832.0,3914.0,3352.0,2913.0,,,,3879.285714285714,3627.9,3277.35,54.25776222718353,290.57581672113616,345.1664705223854,3933.0
2010-05-25,4187.0,,,,,3943.0,3844.0,3803.0,3929.0,3379.0,2911.0,,,,3916.142857142857,3686.25,3301.5,129.3386105943347,279.02157528349204,357.26894868560095,3844.0
2010-05-26,4209.0,,,,,4187.0,3943.0,3844.0,3922.0,3468.0,2928.0,,,,3957.142857142857,3736.55,3325.65,170.4576473022147,277.99497818258124,368.8315414009527,3733.0
2010-05-27,4156.0,,,,,4209.0,4187.0,3943.0,3882.0,3608.0,2966.0,,,,3996.285714285714,3777.9,3348.383333333333,181.43292083274576,275.6798104590426,377.3200813438239,3579.0
2010-05-28,4078.0,,,,,4156.0,4209.0,4187.0,3832.0,3707.0,3001.0,,,,4031.428571428572,3813.85,3367.833333333333,167.60554599301182,264.8457892911643,384.4034412563403,3514.0
2010-06-01,4074.0,,,,,4078.0,4156.0,4209.0,3803.0,3822.0,3009.0,,,,4070.142857142857,3849.85,3383.7166666666667,133.97192314239817,247.4095847609291,393.6100234559212,3423.0
2010-06-02,4041.0,,,,,4074.0,4078.0,4156.0,3844.0,3888.0,3002.0,,,,4098.285714285715,3884.3,3397.0333333333333,92.96543136331807,220.99847582231357,402.1573166618156,3288.0
2010-06-03,3933.0,,,,,4041.0,4074.0,4078.0,3943.0,3914.0,2998.0,,,,4096.857142857143,3912.0,3408.266666666667,95.78348600083714,186.33077549007547,407.6126387599324,3115.0
2010-06-04,3844.0,,,,,3933.0,4041.0,4074.0,4187.0,3929.0,3009.0,,,,4047.857142857143,3930.8,3418.833333333333,125.20041077064953,155.61139181677493,410.592592281153,3020.0
2010-06-07,3733.0,,,,,3844.0,3933.0,4041.0,4209.0,3922.0,3006.0,,,,3979.857142857143,3937.05,3427.2166666666667,149.91711996012847,144.04439191478846,411.80496007362734,2893.0
2010-06-08,3579.0,,,,,3733.0,3844.0,3933.0,4156.0,3882.0,3013.0,,,,3897.428571428572,3930.65,3431.6,190.15332159676475,157.05924963125472,412.000748724018,2784.0
2010-06-09,3514.0,,,,,3579.0,3733.0,3844.0,4078.0,3832.0,3020.0,,,,3816.857142857143,3915.25,3431.733333333333,218.2959982618553,181.475494938446,412.0265281350274,2694.0
2010-06-10,3423.0,,,,,3514.0,3579.0,3733.0,4074.0,3803.0,3203.0,,,,3723.857142857143,3892.0,3429.2166666666667,228.90203768673643,212.31679408993477,411.60377078483214,2601.0
2010-06-11,3288.0,,,,,3423.0,3514.0,3579.0,4041.0,3844.0,3329.0,,,,3616.285714285714,3860.7,3425.7166666666667,231.9365676829958,251.4409211765293,411.9017116455042,2547.0
2010-06-14,3115.0,,,,,3288.0,3423.0,3514.0,3933.0,3943.0,3359.0,,,,3499.428571428572,3820.0,3420.516666666667,251.05036489573837,300.8323540830581,413.8500298116942,2515.0
2010-06-15,3020.0,,,,,3115.0,3288.0,3423.0,3844.0,4187.0,3354.0,,,,3381.714285714286,3774.9,3414.25,255.69624836623885,348.5622952704541,417.06186286644106,2502.0
2010-06-16,2893.0,,,,,3020.0,3115.0,3288.0,3733.0,4209.0,3352.0,,,,3261.714285714286,3725.45,3406.15,260.4238303776549,399.06396730348496,422.4428082843705,2501.0
2010-06-17,2784.0,,,,,2893.0,3020.0,3115.0,3579.0,4156.0,3379.0,,,,3148.1428571428573,3673.05,3396.9333333333334,272.08297053865994,449.9034370079608,429.9430339351686,2482.0
2010-06-18,2694.0,,,,,2784.0,2893.0,3020.0,3514.0,4078.0,3468.0,,,,3031.0,3617.6,3387.1666666666665,264.7363468308272,498.7356012959145,439.2005127450096,2447.0
2010-06-21,2601.0,,,,,2694.0,2784.0,2893.0,3423.0,4074.0,3608.0,,,,2913.5714285714284,3555.45,3376.4666666666667,243.31793819531276,544.3959931597758,450.44860752653904,2406.0
2010-06-22,2547.0,,,,,2601.0,2694.0,2784.0,3288.0,4041.0,3707.0,,,,2807.714285714286,3485.65,3365.9666666666667,212.50859926578036,580.3949902754503,462.36213581214406,2351.0
2010-06-23,2515.0,,,,,2547.0,2601.0,2694.0,3115.0,3933.0,3822.0,,,,2722.0,3402.05,3356.25,187.433543778409,594.3062718303082,474.066777281464,2280.0
2010-06-24,2502.0,,,,,2515.0,2547.0,2601.0,3020.0,3844.0,3888.0,,,,2648.0,3316.7,3347.6,148.35318219258477,594.8917725541596,484.8987383368586,2216.0
2010-06-25,2501.0,,,,,2502.0,2515.0,2547.0,2893.0,3733.0,3914.0,,,,2592.0,3233.95,3339.583333333333,109.30385781541769,587.054151093226,494.9181165510057,2127.0
2010-06-28,2482.0,,,,,2501.0,2502.0,2515.0,2784.0,3579.0,3929.0,,,,2548.8571428571427,3154.15,3330.983333333333,75.15634497815859,574.6242044291107,505.3279684024197,2018.0
2010-06-29,2447.0,,,,,2482.0,2501.0,2502.0,2694.0,3514.0,3922.0,,,,2513.5714285714284,3072.8,3321.9166666666665,49.13198938524912,552.2798299108117,516.2926936149934,1940.0
2010-06-30,2406.0,,,,,2447.0,2482.0,2501.0,2601.0,3423.0,3882.0,,,,2485.714285714286,2991.05,3312.1666666666665,46.51062346645119,521.5764035468263,528.038011172432,1902.0
2010-07-01,2351.0,,,,,2406.0,2447.0,2482.0,2547.0,3288.0,3832.0,,,,2457.714285714286,2911.95,3301.6666666666665,60.39236785586451,490.2230936817924,540.8433360265183,1840.0
2010-07-02,2280.0,,,,,2351.0,2406.0,2447.0,2515.0,3115.0,3803.0,,,,2424.1428571428573,2833.75,3290.55,83.95917375214516,457.3604906646976,554.9282874726136,1790.0
2010-07-05,2216.0,,,,,2280.0,2351.0,2406.0,2502.0,3020.0,3844.0,,,,2383.285714285714,2757.9,3278.7833333333333,106.35743867687349,425.0259310974612,570.1516328690785,1709.0
2010-07-06,2127.0,,,,,2216.0,2280.0,2351.0,2501.0,2893.0,3943.0,,,,2329.8571428571427,2685.3,3265.6833333333334,128.91525455563095,400.7038675551874,587.465267395001,1700.0
2010-07-07,2018.0,,,,,2127.0,2216.0,2280.0,2482.0,2784.0,4187.0,,,,2263.5714285714284,2610.5,3250.8,154.41595032342406,376.78368776848913,607.5713475575369,1720.0
2010-07-08,1940.0,,,,,2018.0,2127.0,2216.0,2447.0,2694.0,4209.0,,,,2191.1428571428573,2536.35,3234.333333333333,171.94808186526393,353.68753307493495,629.4625274361673,1732.0
2010-07-09,1902.0,,,,,1940.0,2018.0,2127.0,2406.0,2601.0,4156.0,,,,2119.1428571428573,2467.05,3216.6,172.50548645519572,333.89053910715273,651.7434558193813,1761.0
2010-07-12,1840.0,,,,,1902.0,1940.0,2018.0,2351.0,2547.0,4078.0,,,,2046.142857142857,2403.3,3197.25,166.03657084252225,325.27285711991027,675.0703823946366,1781.0
2010-07-13,1790.0,,,,,1840.0,1902.0,1940.0,2280.0,2515.0,4074.0,,,,1976.142857142857,2341.8,3176.9333333333334,153.85537426582607,318.7491341577546,698.7595514441741,1801.0
2010-07-14,1709.0,,,,,1790.0,1840.0,1902.0,2216.0,2502.0,4041.0,,,,1903.7142857142856,2282.6,3155.383333333333,140.9145299885933,320.9312764604426,723.7378514929395,1826.0
2010-07-15,1700.0,,,,,1709.0,1790.0,1840.0,2127.0,2501.0,3933.0,,,,1842.7142857142856,2228.4,3133.75,118.8398281802288,323.3222931737941,747.530207427733,1841.0
2010-07-16,1720.0,,,,,1700.0,1709.0,1790.0,2018.0,2482.0,3844.0,,,,1800.142857142857,2179.7,3112.266666666667,96.94058072075816,322.854228145741,769.3792097279354,1869.0
2010-07-19,1732.0,,,,,1720.0,1700.0,1709.0,1940.0,2447.0,3733.0,,,,1770.428571428571,2136.25,3091.0333333333333,76.6895411010355,321.6442747410369,789.6739289886011,1901.0
2010-07-20,1761.0,,,,,1732.0,1720.0,1700.0,1902.0,2406.0,3579.0,,,,1750.2857142857142,2096.95,3070.1666666666665,50.37431318214834,316.79754036127093,808.0976230391861,1942.0
2010-07-21,1781.0,,,,,1761.0,1732.0,1720.0,1840.0,2351.0,3514.0,,,,1741.857142857143,2060.25,3049.516666666667,35.643739849768046,308.21845892330424,825.0540093603465,1967.0
2010-07-22,1801.0,,,,,1781.0,1761.0,1732.0,1790.0,2280.0,3423.0,,,,1743.428571428571,2025.2,3026.15,38.26598638853393,294.9104413564511,840.345062802342,1977.0
2010-07-23,1826.0,,,,,1801.0,1781.0,1761.0,1709.0,2216.0,3288.0,,,,1760.142857142857,1991.45,3001.1,45.57568273920396,275.58406397285347,853.463545635556,1964.0
2010-07-26,1841.0,,,,,1826.0,1801.0,1781.0,1700.0,2127.0,3115.0,,,,1780.2857142857142,1959.4,2975.8,45.72276707038962,251.77650908359243,865.0946416335337,1957.0
2010-07-27,1869.0,,,,,1841.0,1826.0,1801.0,1720.0,2018.0,3020.0,,,,1801.571428571429,1930.5,2951.05,47.62302364354884,224.56402205162937,875.2738346330375,1978.0
2010-07-28,1901.0,,,,,1869.0,1841.0,1826.0,1732.0,1940.0,2893.0,,,,1825.7142857142856,1905.25,2926.866666666667,49.28391991214108,194.6886515763988,884.0096146932216,2030.0
2010-07-29,1942.0,,,,,1901.0,1869.0,1841.0,1761.0,1902.0,2784.0,,,,1851.571428571429,1884.8,2902.9166666666665,56.60935477127929,164.55093596306503,890.9909602475996,2114.0
2010-07-30,1967.0,,,,,1942.0,1901.0,1869.0,1781.0,1840.0,2694.0,,,,1878.142857142857,1869.15,2877.9,61.41234558684148,137.6759257325725,895.9144499866698,2212.0
2010-08-02,1977.0,,,,,1967.0,1942.0,1901.0,1801.0,1790.0,2601.0,,,,1903.2857142857144,1857.2,2850.7166666666667,60.58799189531017,114.38835052944508,898.1274133245091,2378.0
2010-08-03,1964.0,,,,,1977.0,1967.0,1942.0,1826.0,1709.0,2547.0,,,,1923.0,1849.05,2821.6666666666665,53.25723737985949,98.91382480142622,898.1501642343147,2437.0
2010-08-04,1957.0,,,,,1964.0,1977.0,1967.0,1841.0,1700.0,2515.0,,,,1939.571428571429,1846.0,2790.583333333333,39.8491202030072,94.26111549701707,895.2109928678349,2468.0
2010-08-05,1978.0,,,,,1957.0,1964.0,1977.0,1869.0,1720.0,2502.0,,,,1955.142857142857,1847.9,2758.75,26.854103171473938,96.60930542521244,889.4668680294035,2488.0
2010-08-06,2030.0,,,,,1978.0,1957.0,1964.0,1901.0,1732.0,2501.0,,,,1973.571428571429,1854.3,2727.35,27.754021587636576,104.31435285008206,881.2091428201553,2515.0
2010-08-09,2114.0,,,,,2030.0,1978.0,1957.0,1942.0,1761.0,2482.0,,,,1998.142857142857,1868.0,2697.1,56.44888121546295,119.25955771034953,870.3454934484951,2558.0
2010-08-10,2212.0,,,,,2114.0,2030.0,1978.0,1967.0,1781.0,2447.0,,,,2033.142857142857,1889.1,2668.6,96.01116006560942,140.22196689536526,857.4576374375604,2644.0
2010-08-11,2378.0,,,,,2212.0,2114.0,2030.0,1977.0,1801.0,2406.0,,,,2090.428571428572,1922.55,2643.5333333333333,157.1155171021846,171.3400665958122,843.2502788427433,2756.0
2010-08-12,2437.0,,,,,2378.0,2212.0,2114.0,1964.0,1826.0,2351.0,,,,2158.0,1959.4,2620.2833333333333,191.60636732635223,198.11782777987207,829.0382439230464,2841.0
2010-08-13,2468.0,,,,,2437.0,2378.0,2212.0,1957.0,1841.0,2280.0,,,,2231.0,1996.8,2598.0333333333333,199.4467347438932,219.94606994491815,814.5460203137958,2861.0
2010-08-16,2488.0,,,,,2468.0,2437.0,2378.0,1978.0,1869.0,2216.0,,,,2303.8571428571427,2034.6,2575.4333333333334,184.19050696803995,236.39071136797384,798.0342027134978,2773.0
2010-08-17,2515.0,,,,,2488.0,2468.0,2437.0,2030.0,1901.0,2127.0,,,,2373.1428571428573,2072.3,2551.633333333333,152.4996487115409,250.1822703971177,777.5895385069706,2703.0
2010-08-18,2558.0,,,,,2515.0,2488.0,2468.0,2114.0,1942.0,2018.0,,,,2436.5714285714284,2111.15,2524.483333333333,114.30348076190008,262.58778482032585,747.3736272444783,2712.0
2010-08-19,2644.0,,,,,2558.0,2515.0,2488.0,2212.0,1967.0,1940.0,,,,2498.285714285714,2153.3,2498.4,85.95098270858571,277.4221749570465,714.1587489095623,2713.0
2010-08-20,2756.0,,,,,2644.0,2558.0,2515.0,2378.0,1977.0,1902.0,,,,2552.285714285714,2199.8,2475.0666666666666,112.44363667443096,296.9294794887782,681.1927940009889,2741.0
2010-08-23,2841.0,,,,,2756.0,2644.0,2558.0,2437.0,1964.0,1840.0,,,,2610.0,2249.8,2454.45,142.9510405698393,316.8575306614076,649.8553013647485,2835.0
2010-08-24,2861.0,,,,,2841.0,2756.0,2644.0,2468.0,1957.0,1790.0,,,,2666.1428571428573,2299.4,2434.233333333333,154.58700740082432,331.41870480517434,616.6368699474066,2876.0
2010-08-25,2773.0,,,,,2861.0,2841.0,2756.0,2488.0,1978.0,1709.0,,,,2706.8571428571427,2343.0,2413.1,136.29799285808414,333.5995077618514,581.3556249937453,2881.0
2010-08-26,2703.0,,,,,2773.0,2861.0,2841.0,2515.0,2030.0,1700.0,,,,2733.714285714286,2381.05,2392.6,107.7183275735262,328.8198154805052,547.5557149888521,2918.0
2010-08-27,2712.0,,,,,2703.0,2773.0,2861.0,2558.0,2114.0,1720.0,,,,2755.714285714286,2418.3,2373.733333333333,77.27378659828567,321.5641214602897,515.2474431606817,2975.0
2010-08-31,2713.0,,,,,2712.0,2703.0,2773.0,2644.0,2212.0,1732.0,,,,2765.5714285714284,2455.1,2356.733333333333,63.89015871753362,310.3210391971876,485.61461551549695,2988.0
2010-09-01,2741.0,,,,,2713.0,2712.0,2703.0,2756.0,2378.0,1761.0,,,,2763.428571428572,2493.95,2342.766666666667,64.51319540180636,293.8005902684784,461.3078815519252,2995.0
2010-09-02,2835.0,,,,,2741.0,2713.0,2712.0,2841.0,2437.0,1781.0,,,,2762.5714285714284,2537.85,2331.45,63.339974589130186,274.29455450588085,439.9213113381707,2976.0
2010-09-03,2876.0,,,,,2835.0,2741.0,2713.0,2861.0,2468.0,1801.0,,,,2764.714285714286,2582.75,2322.333333333333,67.35160053953697,250.2741391691168,422.2293804527562,2940.0
2010-09-06,2881.0,,,,,2876.0,2835.0,2741.0,2773.0,2488.0,1826.0,,,,2780.1428571428573,2625.3,2315.55,80.62759778021851,222.10905334755572,409.53087774978906,2840.0
2010-09-07,2918.0,,,,,2881.0,2876.0,2835.0,2703.0,2515.0,1841.0,,,,2810.8571428571427,2665.5,2312.266666666667,87.03912639617037,195.9109625905544,403.76188093625103,2737.0
2010-09-08,2975.0,,,,,2918.0,2881.0,2876.0,2712.0,2558.0,1869.0,,,,2848.428571428572,2703.65,2311.516666666667,93.75830121977376,176.25647431184342,402.4646733277846,2676.0
2010-09-09,2988.0,,,,,2975.0,2918.0,2881.0,2713.0,2644.0,1901.0,,,,2887.714285714286,2734.15,2313.1,84.73431867846304,169.59123456742813,404.9701265400137,2628.0
2010-09-10,2995.0,,,,,2988.0,2975.0,2918.0,2741.0,2756.0,1942.0,,,,2924.0,2762.05,2316.616666666667,63.04495750387213,163.93820241336448,410.0133561969551,2562.0
2010-09-13,2976.0,,,,,2995.0,2988.0,2975.0,2835.0,2841.0,1967.0,,,,2944.1428571428573,2787.45,2321.3166666666666,51.30116493616689,155.0967355182558,415.98543372749305,2486.0
2010-09-14,2940.0,,,,,2976.0,2995.0,2988.0,2876.0,2861.0,1977.0,,,,2953.285714285714,2810.05,2326.9666666666667,41.9909287255751,141.50152500572534,422.1056967265944,2461.0
2010-09-15,2840.0,,,,,2940.0,2976.0,2995.0,2881.0,2773.0,1964.0,,,,2947.428571428572,2826.3,2331.85,54.69264771689121,123.32929817959764,426.367742324533,2444.0
2010-09-16,2737.0,,,,,2840.0,2940.0,2976.0,2918.0,2703.0,1957.0,,,,2921.5714285714284,2835.25,2335.55,97.19543395114148,108.42891195325522,428.9395447505995,2451.0
2010-09-17,2676.0,,,,,2737.0,2840.0,2940.0,2975.0,2712.0,1978.0,,,,2878.8571428571427,2836.85,2338.45,129.97490600294591,105.65897226951894,430.668673033235,2504.0
2010-09-20,2628.0,,,,,2676.0,2737.0,2840.0,2988.0,2713.0,2030.0,,,,2827.428571428572,2830.45,2340.5666666666666,149.36739620016684,114.33444708167389,431.7917485597633,2468.0
2010-09-21,2562.0,,,,,2628.0,2676.0,2737.0,2995.0,2741.0,2114.0,,,,2765.5714285714284,2816.5,2341.9,157.8246465151048,129.05262084656383,432.3590276767254,2446.0
2010-09-22,2486.0,,,,,2562.0,2628.0,2676.0,2976.0,2835.0,2212.0,,,,2695.5714285714284,2797.75,2342.55,157.60272538131431,148.0852794844873,432.548985175408,2452.0
2010-09-23,2461.0,,,,,2486.0,2562.0,2628.0,2940.0,2876.0,2378.0,,,,2627.1428571428573,2782.15,2343.4666666666667,136.34078452102528,166.16044085540344,432.7439633930338,2478.0
2010-09-24,2444.0,,,,,2461.0,2486.0,2562.0,2840.0,2881.0,2437.0,,,,2570.5714285714284,2769.2,2345.016666666667,113.55154063662742,181.99236536907412,432.937913569202,2569.0
2010-09-27,2451.0,,,,,2444.0,2461.0,2486.0,2737.0,2918.0,2468.0,,,,2529.714285714286,2756.15,2347.866666666667,93.34294168229408,195.18905140778983,433.0654808853591,2639.0
2010-09-28,2504.0,,,,,2451.0,2444.0,2461.0,2676.0,2975.0,2488.0,,,,2505.1428571428573,2745.7,2352.6666666666665,67.46956986036244,203.0569274599439,433.1751775705538,2662.0
2010-09-29,2468.0,,,,,2504.0,2451.0,2444.0,2628.0,2988.0,2515.0,,,,2482.285714285714,2732.05,2358.35,40.70509503617808,212.35260522858624,432.4005058480287,2696.0
2010-09-30,2446.0,,,,,2468.0,2504.0,2451.0,2562.0,2995.0,2558.0,,,,2465.714285714286,2712.6,2365.483333333333,22.291360701050102,220.10031205888967,430.215416741734,2695.0
2010-10-01,2452.0,,,,,2446.0,2468.0,2504.0,2486.0,2976.0,2644.0,,,,2460.8571428571427,2691.4,2374.016666666667,20.788046015497137,223.91995750361517,426.696275566034,2719.0
2010-10-04,2478.0,,,,,2452.0,2446.0,2468.0,2461.0,2940.0,2756.0,,,,2463.285714285714,2671.25,2383.616666666667,21.77700840881644,224.09276157313428,422.3541004396618,2748.0
2010-10-05,2569.0,,,,,2478.0,2452.0,2446.0,2444.0,2840.0,2841.0,,,,2481.1428571428573,2653.8,2395.766666666667,43.62120497887556,217.3540889884524,416.9011331266247,2769.0
2010-10-06,2639.0,,,,,2569.0,2478.0,2452.0,2451.0,2737.0,2861.0,,,,2508.0,2637.0,2409.9166666666665,71.15476090887758,203.78239167772807,410.34880952700433,2762.0
2010-10-07,2662.0,,,,,2639.0,2569.0,2478.0,2504.0,2676.0,2773.0,,,,2530.5714285714284,2620.7,2425.8,91.7530329069212,186.53745214468853,401.0982296526776,2756.0
2010-10-08,2696.0,,,,,2662.0,2639.0,2569.0,2468.0,2628.0,2703.0,,,,2563.1428571428573,2605.75,2442.4,105.30658189531974,165.78803048661896,391.03505413111696,2744.0
2010-10-11,2695.0,,,,,2696.0,2662.0,2639.0,2446.0,2562.0,2712.0,,,,2598.714285714286,2591.7,2458.65,101.11332633191452,143.11574263327688,380.6261044068518,2729.0
2010-10-12,2719.0,,,,,2695.0,2696.0,2662.0,2452.0,2486.0,2713.0,,,,2636.8571428571427,2580.65,2475.1,85.73491815168222,121.74402611519632,369.865376333299,2720.0
2010-10-13,2748.0,,,,,2719.0,2695.0,2696.0,2478.0,2461.0,2741.0,,,,2675.428571428572,2576.05,2491.55,58.88649291321814,112.84151671586856,359.36674176215735,2727.0
2010-10-14,2769.0,,,,,2748.0,2719.0,2695.0,2569.0,2444.0,2835.0,,,,2704.0,2577.65,2508.016666666667,45.68004670166278,115.44070020213272,348.7350260033901,2748.0
2010-10-15,2762.0,,,,,2769.0,2748.0,2719.0,2639.0,2451.0,2876.0,,,,2721.5714285714284,2581.95,2524.0333333333333,39.78633409792598,120.77533514318276,337.6035668673912,2778.0
2010-10-18,2756.0,,,,,2762.0,2769.0,2748.0,2662.0,2504.0,2881.0,,,,2735.0,2588.35,2539.5333333333333,31.283648551057176,126.5952002914913,326.16770494856706,2784.0
2010-10-19,2744.0,,,,,2756.0,2762.0,2769.0,2696.0,2468.0,2918.0,,,,2741.8571428571427,2597.45,2554.583333333333,26.1497518880947,131.06385546948832,313.995697458742,2707.0
2010-10-20,2729.0,,,,,2744.0,2756.0,2762.0,2695.0,2446.0,2975.0,,,,2746.714285714286,2609.6,2568.9166666666665,17.82988395655302,131.45117164299558,301.5517658945594,2678.0
2010-10-21,2720.0,,,,,2729.0,2744.0,2756.0,2719.0,2452.0,2988.0,,,,2746.8571428571427,2622.55,2582.5666666666666,17.572977090092323,128.77171763690296,289.08413921906094,2648.0
2010-10-22,2727.0,,,,,2720.0,2729.0,2744.0,2748.0,2478.0,2995.0,,,,2743.8571428571427,2636.7,2595.65,19.073791542556805,123.56251347735824,277.1181492505869,2600.0
2010-10-25,2748.0,,,,,2727.0,2720.0,2729.0,2769.0,2569.0,2976.0,,,,2740.8571428571427,2651.55,2608.6666666666665,15.836967001573036,117.78190147806905,265.1739861635296,2542.0
2010-10-26,2778.0,,,,,2748.0,2727.0,2720.0,2762.0,2639.0,2940.0,,,,2743.1428571428573,2665.25,2622.016666666667,20.00357110973553,115.63184545881155,252.70385237596267,2510.0
2010-10-27,2784.0,,,,,2778.0,2748.0,2727.0,2756.0,2662.0,2840.0,,,,2747.1428571428573,2681.05,2635.6833333333334,25.142451295413604,108.63869379495264,238.27561961719323,2495.0
2010-10-28,2707.0,,,,,2784.0,2778.0,2748.0,2744.0,2696.0,2737.0,,,,2741.8571428571427,2694.1,2648.1833333333334,29.435967632737704,93.54531690998296,221.1235172635605,2482.0
2010-10-29,2678.0,,,,,2707.0,2784.0,2778.0,2729.0,2695.0,2676.0,,,,2734.5714285714284,2705.4,2659.85,38.16567892254041,74.46539288046273,202.87834085097185,2467.0
2010-11-01,2648.0,,,,,2678.0,2707.0,2784.0,2720.0,2719.0,2628.0,,,,2724.285714285714,2713.9,2670.15,50.466867962101325,54.04471832609417,185.2840993113805,2454.0
2010-11-02,2600.0,,,,,2648.0,2678.0,2707.0,2727.0,2748.0,2562.0,,,,2706.1428571428573,2715.45,2678.25,68.8196400538559,49.96048438515661,170.60029854724496,2366.0
2010-11-03,2542.0,,,,,2600.0,2648.0,2678.0,2748.0,2769.0,2486.0,,,,2676.714285714286,2710.6,2683.75,89.01818968748785,61.21351759898812,160.32399663901654,2313.0
2010-11-04,2510.0,,,,,2542.0,2600.0,2648.0,2778.0,2762.0,2461.0,,,,2638.428571428572,2703.0,2685.95,95.58566340000245,75.36507637388617,156.92699641359394,2261.0
2010-11-05,2495.0,,,,,2510.0,2542.0,2600.0,2784.0,2756.0,2444.0,,,,2597.1428571428573,2692.95,2686.9166666666665,83.93336359165588,88.5892205632247,155.53998795521886,2219.0
2010-11-08,2482.0,,,,,2495.0,2510.0,2542.0,2707.0,2744.0,2451.0,,,,2565.0,2682.3,2687.15,77.70242381461655,100.35206446359248,155.21617784370628,2188.0
2010-11-09,2467.0,,,,,2482.0,2495.0,2510.0,2678.0,2729.0,2504.0,,,,2534.8571428571427,2669.7,2686.8,66.70939107159127,110.78005710700567,155.6957920466036,2164.0
2010-11-10,2454.0,,,,,2467.0,2482.0,2495.0,2648.0,2720.0,2468.0,,,,2507.1428571428573,2655.0,2685.7833333333333,50.10132590204097,119.04134620065058,157.03007286922153,2155.0
2010-11-11,2366.0,,,,,2454.0,2467.0,2482.0,2600.0,2727.0,2446.0,,,,2473.714285714286,2634.85,2682.583333333333,55.58391339741299,132.11847753158267,161.56892758691018,2179.0
2010-11-12,2313.0,,,,,2366.0,2454.0,2467.0,2542.0,2748.0,2452.0,,,,2441.0,2612.4,2677.0666666666666,73.27118578722711,146.71684149731314,168.4145276018282,2199.0
2010-11-15,2261.0,,,,,2313.0,2366.0,2454.0,2510.0,2778.0,2478.0,,,,2405.428571428572,2587.65,2668.8166666666666,92.1897628858653,162.15660883687173,176.41634995395356,2213.0
2010-11-16,2219.0,,,,,2261.0,2313.0,2366.0,2495.0,2784.0,2569.0,,,,2366.0,2561.4,2658.45,105.54935654311852,177.30093359210582,184.22907856750768,2200.0
2010-11-17,2188.0,,,,,2219.0,2261.0,2313.0,2482.0,2707.0,2639.0,,,,2324.0,2534.35,2647.233333333333,110.09389931629433,191.11591274737987,192.01115492549297,2170.0
2010-11-18,2164.0,,,,,2188.0,2219.0,2261.0,2467.0,2678.0,2662.0,,,,2280.714285714286,2506.55,2637.083333333333,103.8905101307996,202.7724872337185,201.13005250981607,2145.0
2010-11-19,2155.0,,,,,2164.0,2188.0,2219.0,2454.0,2648.0,2696.0,,,,2238.0,2477.95,2627.95,79.33473388119283,210.2438371335364,210.31851752416347,2099.0
2010-11-22,2179.0,,,,,2155.0,2164.0,2188.0,2366.0,2600.0,2695.0,,,,2211.285714285714,2449.5,2619.0666666666666,57.54046195421482,210.27588394398128,217.8304321603017,2096.0
2010-11-23,2199.0,,,,,2179.0,2155.0,2164.0,2313.0,2542.0,2719.0,,,,2195.0,2420.55,2610.5,36.08785575970133,202.3778318939778,224.0908184537172,2133.0
2010-11-24,2213.0,,,,,2199.0,2179.0,2155.0,2261.0,2510.0,2748.0,,,,2188.1428571428573,2392.0,2601.7,23.98908481947275,188.18495940794665,229.1884946974816,2168.0
2010-11-25,2200.0,,,,,2213.0,2199.0,2179.0,2219.0,2495.0,2769.0,,,,2185.428571428572,2366.65,2591.116666666667,20.77544337959393,177.3555082758688,232.8645559384941,2179.0
2010-11-26,2170.0,,,,,2200.0,2213.0,2199.0,2188.0,2482.0,2762.0,,,,2182.8571428571427,2341.25,2579.35,21.505259600289747,166.46064020315612,236.04084859064665,2173.0
2010-11-29,2145.0,,,,,2170.0,2200.0,2213.0,2164.0,2467.0,2756.0,,,,2180.1428571428573,2316.1,2567.083333333333,25.16895290781594,155.29967634765663,239.20208403283715,2144.0
2010-11-30,2099.0,,,,,2145.0,2170.0,2200.0,2155.0,2454.0,2744.0,,,,2172.1428571428573,2291.05,2553.4333333333334,39.3803189906988,147.29579084278976,242.18709441373585,2111.0
2010-12-01,2096.0,,,,,2099.0,2145.0,2170.0,2179.0,2366.0,2729.0,,,,2160.285714285714,2268.75,2538.7833333333333,48.42765837037513,140.92695943196915,242.8387964750468,2095.0
2010-12-02,2133.0,,,,,2096.0,2099.0,2145.0,2199.0,2313.0,2720.0,,,,2150.8571428571427,2249.9,2524.5333333333333,45.99792956002681,131.88268311369137,241.11151275275893,2076.0
2010-12-03,2168.0,,,,,2133.0,2096.0,2099.0,2213.0,2261.0,2727.0,,,,2144.428571428572,2233.55,2510.75,38.37906175184644,119.59469931926944,237.3700982839351,2069.0
2010-12-06,2179.0,,,,,2168.0,2133.0,2096.0,2200.0,2219.0,2748.0,,,,2141.428571428572,2218.4,2497.4666666666667,33.86668541431304,104.73344612322052,233.15605210410345,2047.0
2010-12-07,2173.0,,,,,2179.0,2168.0,2133.0,2170.0,2188.0,2778.0,,,,2141.8571428571427,2203.7,2484.6833333333334,34.30465746526535,87.16294480667787,229.4791812622039,2028.0
2010-12-08,2144.0,,,,,2173.0,2179.0,2168.0,2145.0,2164.0,2784.0,,,,2141.714285714286,2188.2,2473.083333333333,34.29146777121714,65.07453216770587,228.80391217370345,1999.0
2010-12-09,2111.0,,,,,2144.0,2173.0,2179.0,2099.0,2155.0,2707.0,,,,2143.428571428572,2175.45,2462.65,32.02528762741577,52.09048301807554,230.829148425226,1955.0
2010-12-10,2095.0,,,,,2111.0,2144.0,2173.0,2096.0,2179.0,2678.0,,,,2143.285714285714,2164.55,2452.9666666666667,32.273385762437265,43.9682600831636,233.89357036885423,1886.0
2010-12-13,2076.0,,,,,2095.0,2111.0,2144.0,2133.0,2199.0,2648.0,,,,2135.1428571428573,2155.3,2443.766666666667,41.24491310625493,42.02643278504052,237.717063459673,1830.0
2010-12-14,2069.0,,,,,2076.0,2095.0,2111.0,2168.0,2213.0,2600.0,,,,2121.0,2147.8,2435.55,44.9110231457676,43.4215566159411,242.0419787795676,1795.0
2010-12-15,2047.0,,,,,2069.0,2076.0,2095.0,2179.0,2200.0,2542.0,,,,2102.1428571428573,2140.75,2428.233333333333,44.20568806321821,47.77895925376033,247.0740207942058,1773.0
2010-12-16,2028.0,,,,,2047.0,2069.0,2076.0,2173.0,2170.0,2510.0,,,,2081.428571428572,2133.95,2421.016666666667,39.15293578969659,53.617038729394494,252.36766907724825,1693.0
2010-12-17,1999.0,,,,,2028.0,2047.0,2069.0,2144.0,2145.0,2495.0,,,,2060.714285714286,2126.15,2413.6,38.88750564433076,61.20395154085,258.15336395646125,1621.0
2010-12-20,1955.0,,,,,1999.0,2028.0,2047.0,2111.0,2099.0,2482.0,,,,2038.4285714285716,2114.95,2405.333333333333,48.72322219385935,70.77129584650648,264.7916140478391,1544.0
2010-12-21,1886.0,,,,,1955.0,1999.0,2028.0,2095.0,2096.0,2467.0,,,,2008.571428571429,2099.3,2395.0333333333333,68.35899634248767,84.48550171481723,272.78749205051975,1519.0
2010-12-22,1830.0,,,,,1886.0,1955.0,1999.0,2076.0,2133.0,2454.0,,,,1973.4285714285716,2080.15,2384.4,88.25504167441261,99.44015656085134,282.16843148874204,1495.0
2010-12-23,1795.0,,,,,1830.0,1886.0,1955.0,2069.0,2168.0,2366.0,,,,1934.2857142857144,2059.9,2373.55,98.92036238933868,113.93068067910708,292.1010055744939,1480.0
2010-12-24,1773.0,,,,,1795.0,1830.0,1886.0,2047.0,2179.0,2313.0,,,,1895.142857142857,2040.05,2362.233333333333,101.0732878846315,127.51325008552335,301.9955868274904,1453.0
2011-01-04,1693.0,,,,,1773.0,1795.0,1830.0,2028.0,2173.0,2261.0,,,,1847.2857142857144,2017.45,2349.15,106.82807727951608,146.5654066315022,313.6736847561141,1446.0
2011-01-05,1621.0,,,,,1693.0,1773.0,1795.0,1999.0,2144.0,2219.0,,,,1793.2857142857142,1993.55,2333.35,112.7308214076273,169.71259761573037,326.0438165937005,1439.0
2011-01-06,1544.0,,,,,1621.0,1693.0,1773.0,1955.0,2111.0,2188.0,,,,1734.571428571429,1965.95,2315.1,121.18148530593596,195.15296969032445,339.03245682333227,1439.0
2011-01-07,1519.0,,,,,1544.0,1621.0,1693.0,1886.0,2095.0,2164.0,,,,1682.142857142857,1935.25,2296.05,124.10268405830996,214.7970584430685,351.10717978263983,1432.0
2011-01-10,1495.0,,,,,1519.0,1544.0,1621.0,1830.0,2076.0,2155.0,,,,1634.2857142857142,1901.6,2276.0333333333333,122.15934168906348,228.6825885715728,361.9855773260783,1411.0
2011-01-11,1480.0,,,,,1495.0,1519.0,1544.0,1795.0,2069.0,2179.0,,,,1589.2857142857142,1866.65,2255.7833333333333,110.55724653728242,237.307767078525,371.99672368097873,1393.0
2011-01-12,1453.0,,,,,1480.0,1495.0,1519.0,1773.0,2047.0,2199.0,,,,1543.571428571429,1830.65,2234.6833333333334,85.17796495741423,242.9338820597856,381.0709926148058,1370.0
2011-01-13,1446.0,,,,,1453.0,1480.0,1495.0,1693.0,2028.0,2213.0,,,,1508.2857142857142,1795.75,2212.983333333333,60.563229454063965,245.67069850771716,388.3464507617047,1345.0
2011-01-14,1439.0,,,,,1446.0,1453.0,1480.0,1621.0,1999.0,2200.0,,,,1482.2857142857142,1762.15,2190.8166666666666,39.52094080238539,246.23871066829776,393.98827702024687,1292.0
2011-01-17,1439.0,,,,,1439.0,1446.0,1453.0,1544.0,1955.0,2170.0,,,,1467.2857142857142,1729.35,2168.766666666667,31.25547571075633,243.24089748751803,398.4755853128268,1234.0
2011-01-18,1432.0,,,,,1439.0,1439.0,1446.0,1519.0,1886.0,2145.0,,,,1454.857142857143,1697.15,2146.7,23.632100847726853,237.49465921974308,402.0487912038526,1186.0
2011-01-19,1411.0,,,,,1432.0,1439.0,1439.0,1495.0,1830.0,2099.0,,,,1442.857142857143,1664.25,2124.483333333333,21.03511802860065,228.6840787959324,405.3001186259346,1137.0
2011-01-20,1393.0,,,,,1411.0,1432.0,1439.0,1480.0,1795.0,2096.0,,,,1430.428571428571,1631.55,2102.2166666666667,21.13336337689878,217.56123759822373,408.2144290155628,1107.0
2011-01-21,1370.0,,,,,1393.0,1411.0,1432.0,1453.0,1773.0,2133.0,,,,1418.571428571429,1598.65,2079.7166666666667,28.395170615559643,203.7687737557022,410.7828859367634,1084.0
2011-01-24,1345.0,,,,,1370.0,1393.0,1411.0,1446.0,1693.0,2168.0,,,,1404.142857142857,1565.95,2056.6833333333334,36.60796166333106,188.006851778858,412.6149143137332,1064.0
2011-01-25,1292.0,,,,,1345.0,1370.0,1393.0,1439.0,1621.0,2179.0,,,,1383.142857142857,1532.8,2032.4166666666667,52.14540111212072,173.70501310830264,414.08061491661584,1045.0
2011-01-26,1234.0,,,,,1292.0,1345.0,1370.0,1439.0,1544.0,2173.0,,,,1353.857142857143,1500.2,2006.6833333333332,70.04148430616452,164.88771298900738,414.9360780530681,1043.0
2011-01-27,1186.0,,,,,1234.0,1292.0,1345.0,1432.0,1519.0,2144.0,,,,1318.7142857142858,1468.0,1980.05,84.51767918748916,159.89931042281842,415.48184912118376,1045.0
2011-01-28,1137.0,,,,,1186.0,1234.0,1292.0,1411.0,1495.0,2111.0,,,,1279.571428571429,1435.1,1953.8833333333332,97.1577019469912,156.73843447640434,418.3518951697197,1064.0
2011-01-31,1107.0,,,,,1137.0,1186.0,1234.0,1393.0,1480.0,2095.0,,,,1238.7142857142858,1401.8,1927.7,101.5442666783286,151.8425777608562,421.4143377577494,1092.0
2011-02-01,1084.0,,,,,1107.0,1137.0,1186.0,1370.0,1453.0,2076.0,,,,1197.857142857143,1371.35,1901.6333333333332,97.36773690744644,151.43568202204818,424.4646066044766,1136.0
2011-02-02,1064.0,,,,,1084.0,1107.0,1137.0,1345.0,1446.0,2069.0,,,,1157.7142857142858,1343.5,1876.0333333333333,83.53584916213934,154.29790052127254,427.9361969973693,1178.0
2011-02-03,1045.0,,,,,1064.0,1084.0,1107.0,1292.0,1439.0,2047.0,,,,1122.428571428571,1318.55,1851.0833333333333,68.10006642890097,160.39440697693666,432.0700779502018,1206.0
2011-02-04,1043.0,,,,,1045.0,1064.0,1084.0,1234.0,1439.0,2028.0,,,,1095.142857142857,1294.75,1826.6333333333332,52.400472553320135,164.351957060095,435.6438432849671,1236.0
2011-02-07,1045.0,,,,,1043.0,1045.0,1064.0,1186.0,1432.0,1999.0,,,,1075.0,1272.25,1802.4666666666667,36.27211968810807,166.28601707207363,438.14986472074713,1271.0
2011-02-08,1064.0,,,,,1045.0,1043.0,1045.0,1137.0,1411.0,1955.0,,,,1064.571428571429,1251.45,1778.8333333333333,23.83874397462041,164.94416120554052,439.1169554514818,1292.0
2011-02-09,1092.0,,,,,1064.0,1045.0,1043.0,1107.0,1393.0,1886.0,,,,1062.428571428571,1233.4,1755.9166666666667,19.704966741598515,161.44264094655858,438.4729777989677,1301.0
2011-02-10,1136.0,,,,,1092.0,1064.0,1045.0,1084.0,1370.0,1830.0,,,,1069.857142857143,1217.9,1733.95,33.889175122418834,154.6972935496578,435.9147570612126,1295.0
2011-02-11,1178.0,,,,,1136.0,1092.0,1064.0,1064.0,1345.0,1795.0,,,,1086.142857142857,1204.85,1714.15,52.749181893920905,145.81793803452885,433.6942148955939,1279.0
2011-02-14,1206.0,,,,,1178.0,1136.0,1092.0,1045.0,1292.0,1773.0,,,,1109.142857142857,1193.2,1695.7,65.40241731371962,135.0351221369333,431.326699885256,1253.0
2011-02-15,1236.0,,,,,1206.0,1178.0,1136.0,1043.0,1234.0,1693.0,,,,1136.7142857142858,1183.4,1678.6166666666666,73.0997361730748,123.40365941861276,428.8488766914932,1242.0
2011-02-16,1271.0,,,,,1236.0,1206.0,1178.0,1045.0,1186.0,1621.0,,,,1169.0,1176.4,1662.8166666666666,75.70336848517155,113.37706070783064,426.0565925513943,1245.0
2011-02-17,1292.0,,,,,1271.0,1236.0,1206.0,1064.0,1137.0,1544.0,,,,1201.571428571429,1171.35,1647.8833333333334,71.95335790835145,105.1741788403748,423.0285518138525,1251.0
2011-02-18,1301.0,,,,,1292.0,1271.0,1236.0,1092.0,1107.0,1519.0,,,,1231.428571428571,1167.9,1633.5,61.51383893851804,99.281577238467,419.8420808844247,1262.0
2011-02-21,1295.0,,,,,1301.0,1292.0,1271.0,1136.0,1084.0,1495.0,,,,1254.142857142857,1165.4,1619.1666666666667,48.35089992762321,95.13004948910626,416.4024359926019,1281.0
2011-02-22,1279.0,,,,,1295.0,1301.0,1292.0,1178.0,1064.0,1480.0,,,,1268.571428571429,1164.75,1604.1666666666667,35.09443043590432,94.25992897587317,412.0817002532676,1317.0
2011-02-23,1253.0,,,,,1279.0,1295.0,1301.0,1206.0,1045.0,1453.0,,,,1275.2857142857142,1165.7,1588.4,23.8097619036022,95.08671942251792,407.0031940906708,1346.0
2011-02-24,1242.0,,,,,1253.0,1279.0,1295.0,1236.0,1043.0,1446.0,,,,1276.142857142857,1168.5,1572.2166666666667,22.214323993262845,96.52951552986976,401.00716810309615,1382.0
2011-02-25,1245.0,,,,,1242.0,1253.0,1279.0,1271.0,1045.0,1439.0,,,,1272.428571428571,1173.9,1556.3,25.191646385667635,97.68849525544675,394.568131213736,1424.0
2011-02-28,1251.0,,,,,1245.0,1242.0,1253.0,1292.0,1064.0,1439.0,,,,1266.571428571429,1181.1,1540.9833333333331,24.64316769993673,97.80480022666916,388.12589656183656,1472.0
2011-03-01,1262.0,,,,,1251.0,1245.0,1242.0,1301.0,1092.0,1432.0,,,,1261.0,1190.0,1526.2666666666669,19.4164878389864,96.59519438852826,381.5193029599972,1538.0
2011-03-02,1281.0,,,,,1262.0,1251.0,1245.0,1295.0,1136.0,1411.0,,,,1259.0,1200.85,1512.6333333333334,15.695009822706274,93.8454917180341,375.27034172518864,1562.0
2011-03-03,1317.0,,,,,1281.0,1262.0,1251.0,1279.0,1178.0,1393.0,,,,1264.428571428571,1214.45,1499.65,26.569764412841057,89.68804121426759,368.1535155569726,1559.0
2011-03-04,1346.0,,,,,1317.0,1281.0,1262.0,1253.0,1206.0,1370.0,,,,1277.7142857142858,1229.6,1486.5333333333333,39.84015681745673,84.65247843550198,359.11465836570403,1548.0
2011-03-07,1382.0,,,,,1346.0,1317.0,1281.0,1242.0,1236.0,1345.0,,,,1297.7142857142858,1246.45,1473.4333333333334,52.159097275286605,79.34765276937861,347.9984106074621,1538.0
2011-03-08,1424.0,,,,,1382.0,1346.0,1317.0,1245.0,1271.0,1292.0,,,,1323.2857142857142,1264.45,1460.85,64.44044869934356,76.5647129111556,335.478147258722,1533.0
2011-03-09,1472.0,,,,,1424.0,1382.0,1346.0,1251.0,1292.0,1234.0,,,,1354.857142857143,1283.45,1449.1666666666667,76.18930058617632,78.63940019587875,322.20023075810207,1531.0
2011-03-10,1538.0,,,,,1472.0,1424.0,1382.0,1262.0,1301.0,1186.0,,,,1394.2857142857142,1303.55,1439.0666666666666,90.24543254502788,89.58176212417756,309.2896106836527,1531.0
2011-03-11,1562.0,,,,,1538.0,1472.0,1424.0,1281.0,1295.0,1137.0,,,,1434.428571428571,1322.75,1429.9166666666667,93.87910158436053,101.60132355130962,296.94885090955745,1543.0
2011-03-14,1559.0,,,,,1562.0,1538.0,1472.0,1317.0,1279.0,1107.0,,,,1469.0,1340.4,1420.9833333333331,87.78952101475933,110.5219197121164,284.39877062756926,1565.0
2011-03-15,1548.0,,,,,1559.0,1562.0,1538.0,1346.0,1253.0,1084.0,,,,1497.857142857143,1356.0,1412.1833333333334,72.48546652359802,116.84852993246317,271.67144236904915,1583.0
2011-03-16,1538.0,,,,,1548.0,1559.0,1562.0,1382.0,1242.0,1064.0,,,,1520.142857142857,1369.35,1403.3333333333333,52.020600315101966,121.77471650123692,258.2286246698449,1585.0
2011-03-17,1533.0,,,,,1538.0,1548.0,1559.0,1424.0,1245.0,1045.0,,,,1535.7142857142858,1381.4,1394.7666666666669,30.170152390048926,125.58218110279624,244.68391001293625,1585.0
2011-03-18,1531.0,,,,,1533.0,1538.0,1548.0,1472.0,1251.0,1043.0,,,,1544.142857142857,1392.9,1386.4833333333331,12.428845098272078,128.33299612627292,230.90833838229617,1572.0
2011-03-21,1531.0,,,,,1531.0,1533.0,1538.0,1538.0,1262.0,1045.0,,,,1543.142857142857,1404.7,1378.6833333333334,13.259318376529723,129.7000994197104,217.37490005782868,1545.0
2011-03-22,1543.0,,,,,1531.0,1531.0,1533.0,1562.0,1281.0,1064.0,,,,1540.428571428571,1417.9,1371.8166666666666,10.390013520349523,129.6679565173194,205.0171131068733,1530.0
2011-03-23,1565.0,,,,,1543.0,1531.0,1531.0,1559.0,1317.0,1092.0,,,,1541.2857142857142,1433.5,1366.4666666666667,12.257165057171951,127.5355471603216,195.3313973796065,1520.0
2011-03-24,1583.0,,,,,1565.0,1543.0,1531.0,1548.0,1346.0,1136.0,,,,1546.2857142857142,1450.55,1362.35,20.08908730062352,123.31067952217025,187.8564927395821,1498.0
2011-03-25,1585.0,,,,,1583.0,1565.0,1543.0,1538.0,1382.0,1178.0,,,,1553.0,1467.55,1358.85,24.276188608056984,116.74329688864287,181.50807284659405,1462.0
2011-03-28,1585.0,,,,,1585.0,1583.0,1565.0,1533.0,1424.0,1206.0,,,,1560.428571428571,1484.25,1355.7166666666667,25.07892304212804,107.67244430756912,175.7695035027176,1430.0
2011-03-29,1572.0,,,,,1585.0,1585.0,1583.0,1531.0,1472.0,1236.0,,,,1566.2857142857142,1499.75,1353.7,21.60797912590032,95.63465293560624,172.49783098614662,1401.0
2011-03-30,1545.0,,,,,1572.0,1585.0,1585.0,1531.0,1538.0,1271.0,,,,1568.2857142857142,1512.95,1352.4333333333334,18.17245429870912,80.94343378985562,170.77216129526585,1376.0
2011-03-31,1530.0,,,,,1545.0,1572.0,1585.0,1543.0,1562.0,1292.0,,,,1566.428571428571,1523.6,1352.2,21.53955387079693,66.5348345645707,170.51535046960635,1359.0
2011-04-01,1520.0,,,,,1530.0,1545.0,1572.0,1565.0,1559.0,1301.0,,,,1560.0,1532.3,1352.2166666666667,27.83283432687491,51.8439967595905,170.531978378624,1342.0
2011-04-04,1498.0,,,,,1520.0,1530.0,1545.0,1583.0,1548.0,1295.0,,,,1547.857142857143,1538.1,1352.2666666666669,33.98739262055101,39.055830483363714,170.57498640982075,1324.0
2011-04-05,1462.0,,,,,1498.0,1520.0,1530.0,1585.0,1538.0,1279.0,,,,1530.2857142857142,1540.0,1351.9666666666667,42.35057766515233,33.78102862177576,170.36222294176514,1309.0
2011-04-06,1430.0,,,,,1462.0,1498.0,1520.0,1585.0,1533.0,1253.0,,,,1508.142857142857,1537.9,1351.5833333333333,48.97764310183014,39.115079875830666,170.15678629109664,1296.0
2011-04-07,1401.0,,,,,1430.0,1462.0,1498.0,1572.0,1531.0,1242.0,,,,1483.7142857142858,1531.05,1350.8333333333333,54.18706575594297,49.66887726161616,169.83243652843564,1284.0
2011-04-08,1376.0,,,,,1401.0,1430.0,1462.0,1545.0,1531.0,1245.0,,,,1459.571428571429,1521.75,1349.7833333333333,59.698847400542334,59.92352582564635,169.47247080747923,1271.0
2011-04-11,1359.0,,,,,1376.0,1401.0,1430.0,1530.0,1543.0,1251.0,,,,1435.142857142857,1511.75,1348.45,61.047600475452406,69.32978018904404,169.07288820338323,1262.0
2011-04-12,1342.0,,,,,1359.0,1376.0,1401.0,1520.0,1565.0,1262.0,,,,1409.7142857142858,1501.45,1346.95,56.729516966382754,78.37324664375123,168.71793982961324,1254.0
2011-04-13,1324.0,,,,,1342.0,1359.0,1376.0,1498.0,1583.0,1281.0,,,,1384.857142857143,1490.75,1345.5,49.22204306822928,87.22860165895727,168.53189609094778,1250.0
2011-04-14,1309.0,,,,,1324.0,1342.0,1359.0,1462.0,1585.0,1317.0,,,,1363.0,1479.55,1344.1,42.809656231600734,95.5061171918391,168.47951140338074,1259.0
2011-04-15,1296.0,,,,,1309.0,1324.0,1342.0,1430.0,1585.0,1346.0,,,,1343.857142857143,1467.8,1342.8666666666666,37.48523518859234,103.00464986953531,168.55753598656798,1269.0
2011-04-18,1284.0,,,,,1296.0,1309.0,1324.0,1401.0,1572.0,1382.0,,,,1327.142857142857,1455.45,1341.85,33.64733060948719,109.62302629806211,168.7283269196219,1292.0
2011-04-19,1271.0,,,,,1284.0,1296.0,1309.0,1376.0,1545.0,1424.0,,,,1312.142857142857,1441.85,1341.5,31.57756889224028,114.93351625136845,168.85521829594956,1302.0
2011-04-20,1262.0,,,,,1271.0,1284.0,1296.0,1359.0,1530.0,1472.0,,,,1298.2857142857142,1426.7,1341.9666666666667,28.744357624401022,117.78084018972858,168.59157011587013,1314.0
2011-04-21,1254.0,,,,,1262.0,1271.0,1284.0,1342.0,1520.0,1538.0,,,,1285.7142857142858,1410.25,1343.1,25.499766572255147,117.77716470659658,167.7518041531006,1340.0
2011-04-26,1250.0,,,,,1254.0,1262.0,1271.0,1324.0,1498.0,1562.0,,,,1275.142857142857,1393.5,1344.9833333333331,22.09395521730547,115.41435649094784,166.02414483043333,1348.0
2011-04-27,1259.0,,,,,1250.0,1254.0,1262.0,1309.0,1462.0,1559.0,,,,1268.0,1377.2,1347.5166666666669,16.763054614284012,109.8307789283548,163.4712944963237,1344.0
2011-04-28,1269.0,,,,,1259.0,1250.0,1254.0,1296.0,1430.0,1548.0,,,,1264.142857142857,1362.05,1350.6,11.538754575097792,102.1770779733258,160.12719520455536,1334.0
2011-05-03,1292.0,,,,,1269.0,1259.0,1250.0,1284.0,1401.0,1538.0,,,,1265.2857142857142,1349.4,1354.4,13.97276262016835,93.639510329487,155.8590410530491,1320.0
2011-05-04,1302.0,,,,,1292.0,1269.0,1259.0,1271.0,1376.0,1533.0,,,,1269.7142857142858,1338.0,1358.6833333333334,19.788163850466017,83.86392487086535,150.65658464595913,1306.0
2011-05-05,1314.0,,,,,1302.0,1292.0,1269.0,1262.0,1359.0,1531.0,,,,1277.142857142857,1327.7,1363.2,25.37996960487328,72.16946431113863,144.98764412584407,1291.0
2011-05-06,1340.0,,,,,1314.0,1302.0,1292.0,1254.0,1342.0,1531.0,,,,1289.428571428571,1319.8,1368.1166666666666,32.206920285663834,60.20194086754926,138.88784545750946,1274.0
2011-05-09,1348.0,,,,,1340.0,1314.0,1302.0,1250.0,1324.0,1543.0,,,,1303.428571428571,1314.1,1372.85,33.485604582970495,50.6722180708514,133.06514589048942,1271.0
2011-05-10,1344.0,,,,,1348.0,1340.0,1314.0,1259.0,1309.0,1565.0,,,,1315.571428571429,1309.8,1377.05,29.91018300880732,43.45427118500476,127.92813461912267,1329.0
2011-05-11,1334.0,,,,,1344.0,1348.0,1340.0,1269.0,1296.0,1583.0,,,,1324.857142857143,1306.45,1380.35,22.11657426330135,38.33436688168917,124.1012196228309,1349.0
2011-05-12,1320.0,,,,,1334.0,1344.0,1348.0,1292.0,1284.0,1585.0,,,,1328.857142857143,1303.65,1382.7166666666667,17.160308577570635,34.8761342016505,121.50372689645036,1369.0
2011-05-13,1306.0,,,,,1320.0,1334.0,1344.0,1302.0,1271.0,1585.0,,,,1329.428571428571,1301.0,1384.3833333333334,16.154020581689018,32.3728281126231,119.71124745975727,1398.0
2011-05-16,1291.0,,,,,1306.0,1320.0,1334.0,1314.0,1262.0,1572.0,,,,1326.142857142857,1298.45,1385.3,21.3262637095855,30.950682332568277,118.7625889848421,1446.0
2011-05-17,1274.0,,,,,1291.0,1306.0,1320.0,1340.0,1254.0,1545.0,,,,1316.7142857142858,1295.95,1385.35,27.789172266179143,30.797257225945238,118.71427384088643,1467.0
2011-05-18,1271.0,,,,,1274.0,1291.0,1306.0,1348.0,1250.0,1530.0,,,,1305.7142857142858,1294.05,1385.0,28.56988091048702,31.12026755413652,119.02470901431292,1474.0
2011-05-19,1329.0,,,,,1271.0,1274.0,1291.0,1344.0,1259.0,1520.0,,,,1303.571428571429,1295.7,1385.4666666666667,25.63108232115262,32.08885689537044,118.74434390340116,1480.0
2011-05-20,1349.0,,,,,1329.0,1271.0,1274.0,1334.0,1269.0,1498.0,,,,1305.7142857142858,1298.95,1386.3666666666666,29.00410479982809,34.07186677117361,118.25066261568767,1485.0
2011-05-23,1369.0,,,,,1349.0,1329.0,1271.0,1320.0,1292.0,1462.0,,,,1312.7142857142858,1303.85,1387.8666666666666,37.650649776235255,36.77996451171633,117.43364035494808,1489.0
2011-05-24,1398.0,,,,,1369.0,1349.0,1329.0,1306.0,1302.0,1430.0,,,,1325.857142857143,1310.65,1390.2833333333333,49.201722772793005,40.96889063679177,116.0955322089514,1489.0
2011-05-25,1446.0,,,,,1398.0,1369.0,1349.0,1291.0,1314.0,1401.0,,,,1348.0,1320.25,1393.6833333333334,63.65532185136748,48.75165314345656,114.65755818840336,1484.0
2011-05-26,1467.0,,,,,1446.0,1398.0,1369.0,1274.0,1340.0,1376.0,,,,1375.571428571429,1331.1,1397.3833333333334,67.91626497106674,55.91525542714636,113.3527704336392,1456.0
2011-05-27,1474.0,,,,,1467.0,1446.0,1398.0,1271.0,1348.0,1359.0,,,,1404.571428571429,1341.85,1401.1,58.511700091691615,61.6930218693956,112.12095466319306,1434.0
2011-05-31,1480.0,,,,,1474.0,1467.0,1446.0,1329.0,1344.0,1342.0,,,,1426.142857142857,1352.4,1404.7333333333331,53.63900499770491,66.4382578434476,111.06416936853944,1428.0
2011-06-01,1485.0,,,,,1480.0,1474.0,1467.0,1349.0,1334.0,1324.0,,,,1445.571428571429,1362.05,1408.1333333333334,44.96983115697241,71.05925992481114,110.33223581481738,1418.0
2011-06-02,1489.0,,,,,1485.0,1480.0,1474.0,1369.0,1320.0,1309.0,,,,1462.7142857142858,1371.4,1411.0,31.883717295388603,74.93885226607473,110.1585913773716,1412.0
2011-06-03,1489.0,,,,,1489.0,1485.0,1480.0,1398.0,1306.0,1296.0,,,,1475.7142857142858,1380.15,1413.3833333333334,15.380878667105462,78.03661421348258,110.27532441643808,1400.0
2011-06-06,1484.0,,,,,1489.0,1489.0,1485.0,1446.0,1291.0,1284.0,,,,1481.142857142857,1387.35,1415.0833333333333,8.15329322893294,80.73365892996351,110.56914266984198,1405.0
2011-06-07,1456.0,,,,,1484.0,1489.0,1489.0,1467.0,1274.0,1271.0,,,,1479.571428571429,1392.75,1415.6166666666666,11.645559137277456,81.57068294306848,110.68999184115388,1424.0
2011-06-08,1434.0,,,,,1456.0,1484.0,1489.0,1474.0,1271.0,1262.0,,,,1473.857142857143,1397.25,1414.9833333333331,20.939823076544624,81.22151322485581,110.4704104361449,1423.0
2011-06-09,1428.0,,,,,1434.0,1456.0,1484.0,1480.0,1329.0,1254.0,,,,1466.428571428571,1401.95,1413.15,26.800852864909803,80.08053512104081,109.30083272284676,1418.0
2011-06-10,1418.0,,,,,1428.0,1434.0,1456.0,1485.0,1349.0,1250.0,,,,1456.857142857143,1406.85,1410.75,30.737754046292824,77.76704416334606,107.54386176532472,1409.0
2011-06-13,1412.0,,,,,1418.0,1428.0,1434.0,1489.0,1369.0,1259.0,,,,1445.857142857143,1412.15,1408.3,31.093560809441428,74.05565119349956,105.76906407482154,1406.0
2011-06-14,1400.0,,,,,1412.0,1418.0,1428.0,1489.0,1398.0,1269.0,,,,1433.142857142857,1417.6,1405.8333333333333,28.60902288574614,68.47081591151074,104.1695434631458,1414.0
2011-06-15,1405.0,,,,,1400.0,1412.0,1418.0,1484.0,1446.0,1292.0,,,,1421.857142857143,1424.15,1403.6166666666666,19.2564151339371,59.71711823702935,102.7143631411388,1424.0
2011-06-16,1424.0,,,,,1405.0,1400.0,1412.0,1456.0,1467.0,1302.0,,,,1417.2857142857142,1431.8,1401.8,12.365466505788502,47.64517979716043,101.34197851916556,1442.0
2011-06-17,1423.0,,,,,1424.0,1405.0,1400.0,1434.0,1474.0,1314.0,,,,1415.7142857142858,1436.5,1400.0,10.435744434671768,41.166542367987525,99.95795726378424,1438.0
2011-06-20,1418.0,,,,,1423.0,1424.0,1405.0,1428.0,1480.0,1340.0,,,,1414.2857142857142,1439.95,1398.1166666666666,9.068522219144729,36.01677240877964,98.50184402764096,1420.0
2011-06-21,1409.0,,,,,1418.0,1423.0,1424.0,1418.0,1485.0,1348.0,,,,1413.0,1441.95,1395.8833333333334,9.092121131380583,32.84008301817403,96.6631564724565,1413.0
2011-06-22,1406.0,,,,,1409.0,1418.0,1423.0,1412.0,1489.0,1344.0,,,,1412.142857142857,1442.35,1393.2333333333331,9.476788686604618,32.32120861485181,94.09360047169577,1422.0
2011-06-23,1414.0,,,,,1406.0,1409.0,1418.0,1400.0,1489.0,1334.0,,,,1414.142857142857,1440.75,1390.4166666666667,7.819389819153677,32.91756050321271,90.7881295285152,1419.0
2011-06-24,1424.0,,,,,1414.0,1406.0,1409.0,1405.0,1484.0,1320.0,,,,1416.857142857143,1438.6,1387.7333333333331,7.403345447197639,32.51461209993118,87.24985875700304,1428.0
2011-06-27,1442.0,,,,,1424.0,1414.0,1406.0,1424.0,1456.0,1306.0,,,,1419.428571428571,1437.0,1385.35,11.998015708999144,31.45088066725377,83.64874602690743,1443.0
2011-06-28,1438.0,,,,,1442.0,1424.0,1414.0,1423.0,1434.0,1291.0,,,,1421.571428571429,1434.9,1383.1166666666666,13.926678748121638,29.78678619099328,80.30283606595513,1453.0
2011-06-29,1420.0,,,,,1438.0,1442.0,1424.0,1418.0,1428.0,1274.0,,,,1421.857142857143,1431.65,1381.0333333333333,13.861560415186238,27.490237501770444,77.60809119685094,1449.0
2011-06-30,1413.0,,,,,1420.0,1438.0,1442.0,1409.0,1418.0,1271.0,,,,1422.428571428571,1427.85,1379.0833333333333,13.314868166328692,24.201511479735224,75.23529005769969,1437.0
2011-07-01,1422.0,,,,,1413.0,1420.0,1438.0,1406.0,1412.0,1329.0,,,,1424.7142857142858,1424.5,1377.45,11.235572759725576,19.46521864380498,73.15931651696906,1411.0
2011-07-04,1419.0,,,,,1422.0,1413.0,1420.0,1414.0,1400.0,1349.0,,,,1425.428571428571,1421.25,1376.1333333333334,10.580755216588804,13.5292081694845,71.64826199104495,1383.0
2011-07-05,1428.0,,,,,1419.0,1422.0,1413.0,1424.0,1405.0,1369.0,,,,1426.0,1419.85,1375.5666666666666,10.598742063769738,10.946160105793746,71.08990885669128,1367.0
2011-07-06,1443.0,,,,,1428.0,1419.0,1422.0,1442.0,1424.0,1398.0,,,,1426.142857142857,1420.3,1375.7833333333333,10.854009572987865,11.71638528811528,71.27818304741507,1353.0
2011-07-07,1453.0,,,,,1443.0,1428.0,1419.0,1438.0,1423.0,1446.0,,,,1428.2857142857142,1421.55,1376.65,14.465064646902842,13.73997242043441,71.9033779646102,1340.0
2011-07-08,1449.0,,,,,1453.0,1443.0,1428.0,1420.0,1418.0,1467.0,,,,1432.428571428571,1423.1,1377.8666666666666,15.788784446140475,15.008418690454336,72.50726828954444,1330.0
2011-07-11,1437.0,,,,,1449.0,1453.0,1443.0,1413.0,1409.0,1474.0,,,,1435.857142857143,1424.35,1379.1666666666667,13.271882200495224,15.076209910723142,72.86164429279135,1328.0
2011-07-12,1411.0,,,,,1437.0,1449.0,1453.0,1422.0,1406.0,1480.0,,,,1434.2857142857142,1424.9,1380.3166666666666,15.62811873640152,14.32296646753319,72.80959418688867,1325.0
2011-07-13,1383.0,,,,,1411.0,1437.0,1449.0,1419.0,1414.0,1485.0,,,,1429.142857142857,1423.8,1381.3,24.7549898770027,16.59613144550253,72.43355809976988,1323.0
2011-07-14,1367.0,,,,,1383.0,1411.0,1437.0,1428.0,1424.0,1489.0,,,,1420.428571428571,1420.95,1382.2666666666669,34.1704411387979,20.89692750038636,71.8368836539909,1317.0
2011-07-15,1353.0,,,,,1367.0,1383.0,1411.0,1443.0,1442.0,1489.0,,,,1407.571428571429,1417.45,1383.2166666666667,40.59087394501481,25.818139278393318,71.04930054092232,1310.0
2011-07-18,1340.0,,,,,1353.0,1367.0,1383.0,1453.0,1438.0,1484.0,,,,1391.428571428571,1413.55,1384.15,41.9597312624869,31.08473140184484,70.08513587912994,1296.0
2011-07-19,1330.0,,,,,1340.0,1353.0,1367.0,1449.0,1420.0,1456.0,,,,1374.428571428571,1409.6,1385.1333333333334,38.72921869794814,36.278745408711565,68.8741093435172,1278.0
2011-07-20,1328.0,,,,,1330.0,1340.0,1353.0,1437.0,1413.0,1434.0,,,,1358.857142857143,1405.7,1386.2333333333331,30.39423504236741,40.619025876637664,67.38514815669728,1264.0
2011-07-21,1325.0,,,,,1328.0,1330.0,1340.0,1411.0,1422.0,1428.0,,,,1346.571428571429,1401.25,1387.4166666666667,22.036765815795825,44.36437048387057,65.62406846265749,1256.0
2011-07-22,1323.0,,,,,1325.0,1328.0,1330.0,1383.0,1419.0,1418.0,,,,1338.0,1396.2,1388.6333333333334,16.47219880084419,47.29036844197246,63.68113539863547,1253.0
2011-07-25,1317.0,,,,,1323.0,1325.0,1328.0,1367.0,1428.0,1412.0,,,,1330.857142857143,1389.95,1389.6,12.047524938512112,49.14262272640879,62.1005745218337,1260.0
2011-07-26,1310.0,,,,,1317.0,1323.0,1325.0,1353.0,1443.0,1400.0,,,,1324.7142857142858,1383.55,1390.2833333333333,9.586697132276074,50.86046443077739,60.9662567596736,1268.0
2011-07-27,1296.0,,,,,1310.0,1317.0,1323.0,1340.0,1453.0,1405.0,,,,1318.428571428571,1377.35,1390.35,12.011898862667708,53.66393967145676,60.8590550064721,1268.0
2011-07-28,1278.0,,,,,1296.0,1310.0,1317.0,1330.0,1449.0,1424.0,,,,1311.0,1370.6,1389.95,18.16590212461963,57.31023606567912,61.52481241241208,1264.0
2011-07-29,1264.0,,,,,1278.0,1296.0,1310.0,1328.0,1437.0,1423.0,,,,1301.857142857143,1362.7,1389.1166666666666,23.50481207066905,60.64486787856944,62.89434014765155,1257.0
2011-08-01,1256.0,,,,,1264.0,1278.0,1296.0,1325.0,1411.0,1418.0,,,,1292.0,1354.55,1387.7166666666667,26.46381176880296,63.56304371507824,64.90882566898858,1265.0
2011-08-02,1253.0,,,,,1256.0,1264.0,1278.0,1323.0,1383.0,1409.0,,,,1282.0,1345.8,1386.1333333333334,26.01922366254078,64.94985920335385,67.01845601278305,1277.0
2011-08-03,1260.0,,,,,1253.0,1256.0,1264.0,1317.0,1367.0,1406.0,,,,1273.857142857143,1336.65,1384.7333333333331,21.820697906900136,63.40784859279714,68.76806182882635,1287.0
2011-08-04,1268.0,,,,,1260.0,1253.0,1256.0,1310.0,1353.0,1414.0,,,,1267.857142857143,1327.4,1383.6333333333334,14.904457626636702,58.87310171268682,70.1081408428369,1306.0
2011-08-05,1268.0,,,,,1268.0,1260.0,1253.0,1296.0,1340.0,1424.0,,,,1263.857142857143,1318.35,1382.7666666666669,8.45435925884106,52.794811348014,71.22068035861598,1344.0
2011-08-08,1264.0,,,,,1268.0,1268.0,1260.0,1278.0,1330.0,1442.0,,,,1261.857142857143,1309.7,1382.0666666666666,5.785861256334795,46.076709495188425,72.18781217074246,1371.0
2011-08-09,1257.0,,,,,1264.0,1268.0,1268.0,1264.0,1328.0,1438.0,,,,1260.857142857143,1302.0,1381.5,5.956189258037246,40.82568850753815,73.04317274568145,1414.0
2011-08-10,1265.0,,,,,1257.0,1264.0,1268.0,1256.0,1325.0,1420.0,,,,1262.142857142857,1296.1,1381.35,5.6987885096356425,36.83519484075863,73.27654259669293,1462.0
2011-08-11,1277.0,,,,,1265.0,1257.0,1264.0,1253.0,1323.0,1413.0,,,,1265.571428571429,1291.6,1381.45,6.451282633740674,33.01737979353214,73.12733843870117,1515.0
2011-08-12,1287.0,,,,,1277.0,1265.0,1257.0,1260.0,1317.0,1422.0,,,,1269.428571428571,1288.3,1380.75,9.778499251950423,29.68802700378925,73.8355077411914,1565.0
2011-08-15,1306.0,,,,,1287.0,1277.0,1265.0,1268.0,1310.0,1419.0,,,,1274.857142857143,1286.6,1380.0333333333333,16.846647257269282,27.461743725232648,74.35575654300855,1602.0
2011-08-16,1344.0,,,,,1306.0,1287.0,1277.0,1268.0,1296.0,1428.0,,,,1285.7142857142858,1287.3,1379.6166666666666,30.58166272849476,28.77334292652134,74.48855939159854,1582.0
2011-08-17,1371.0,,,,,1344.0,1306.0,1287.0,1264.0,1278.0,1443.0,,,,1301.0,1289.45,1379.1666666666667,42.38317276154076,33.23516685378262,74.4571692754089,1541.0
2011-08-18,1414.0,,,,,1371.0,1344.0,1306.0,1257.0,1264.0,1453.0,,,,1323.428571428571,1293.9,1378.6333333333334,54.908582033718666,42.82141618652773,74.08400332077314,1537.0
2011-08-19,1462.0,,,,,1414.0,1371.0,1344.0,1265.0,1256.0,1449.0,,,,1351.571428571429,1300.85,1378.55,68.71888906470252,56.793508709959376,73.98566627103556,1619.0
2011-08-22,1515.0,,,,,1462.0,1414.0,1371.0,1277.0,1253.0,1437.0,,,,1385.571428571429,1310.75,1379.2333333333331,83.05591920078201,74.31219705800804,75.06367165460004,1682.0
2011-08-23,1565.0,,,,,1515.0,1462.0,1414.0,1287.0,1260.0,1411.0,,,,1425.2857142857142,1323.5,1380.65,93.8326778290616,93.55971917786432,77.75163086202514,1740.0
2011-08-24,1602.0,,,,,1565.0,1515.0,1462.0,1306.0,1268.0,1383.0,,,,1467.571428571429,1338.8,1382.6,97.73238484565906,112.02424549603803,81.77608949790279,1750.0
2011-08-25,1582.0,,,,,1602.0,1565.0,1515.0,1344.0,1268.0,1367.0,,,,1501.571428571429,1354.0,1384.15,88.54538787699002,123.38813386609176,84.65760049779091,1767.0
2011-08-26,1541.0,,,,,1582.0,1602.0,1565.0,1371.0,1264.0,1353.0,,,,1525.857142857143,1367.85,1385.0166666666669,67.6003662993802,128.20636120193402,86.00462968755389,1744.0
2011-08-30,1537.0,,,,,1541.0,1582.0,1602.0,1414.0,1257.0,1340.0,,,,1543.428571428571,1381.9,1385.9,46.31363061727298,130.67714333227084,87.3009018145676,1782.0
2011-08-31,1619.0,,,,,1537.0,1541.0,1582.0,1462.0,1265.0,1330.0,,,,1565.857142857143,1400.2,1388.6166666666666,37.48078872983208,137.14325971122196,91.93256402218552,1838.0
2011-09-01,1682.0,,,,,1619.0,1537.0,1541.0,1515.0,1277.0,1328.0,,,,1589.7142857142858,1421.3,1392.75,50.5757329349314,146.57640364421653,99.28842167128896,1876.0
2011-09-02,1740.0,,,,,1682.0,1619.0,1537.0,1565.0,1287.0,1325.0,,,,1614.7142857142858,1444.9,1397.95,74.10288857553931,158.1368161801295,108.87334034233388,1901.0
2011-09-05,1750.0,,,,,1740.0,1682.0,1619.0,1602.0,1306.0,1323.0,,,,1635.857142857143,1469.0,1403.4833333333331,89.40437828844581,166.27719405609116,117.96659849970835,1927.0
2011-09-06,1767.0,,,,,1750.0,1740.0,1682.0,1582.0,1344.0,1317.0,,,,1662.2857142857142,1494.15,1409.4,97.78158362001876,171.59354514914364,126.96071726649538,1907.0
2011-09-07,1744.0,,,,,1767.0,1750.0,1740.0,1541.0,1371.0,1310.0,,,,1691.2857142857142,1518.5,1415.1333333333334,85.09546459852416,170.7212255172576,134.09577486322064,1814.0
2011-09-08,1782.0,,,,,1744.0,1767.0,1750.0,1537.0,1414.0,1296.0,,,,1726.2857142857142,1544.35,1421.4166666666667,56.71188671908765,169.4533859207571,142.20053775518014,1764.0
2011-09-09,1838.0,,,,,1782.0,1744.0,1767.0,1619.0,1462.0,1278.0,,,,1757.571428571429,1572.4,1428.3166666666666,47.285858149692814,169.30085335690853,152.03238857279877,1795.0
2011-09-12,1876.0,,,,,1838.0,1782.0,1744.0,1682.0,1515.0,1264.0,,,,1785.2857142857142,1601.85,1435.8666666666666,52.20700555071012,168.2677299644154,162.64179906244593,1811.0
2011-09-13,1901.0,,,,,1876.0,1838.0,1782.0,1740.0,1565.0,1256.0,,,,1808.2857142857144,1631.6,1443.9166666666667,63.23162258900616,165.7881971546782,173.34352018091025,1884.0
2011-09-14,1927.0,,,,,1901.0,1876.0,1838.0,1750.0,1602.0,1253.0,,,,1833.571428571429,1660.75,1452.55,70.95739835248165,163.80054462992965,184.1383438098267,1920.0
2011-09-15,1907.0,,,,,1927.0,1901.0,1876.0,1767.0,1582.0,1260.0,,,,1853.571428571429,1687.55,1460.9,68.76253132546876,157.63063922049403,193.1313507540314,1928.0
2011-09-16,1814.0,,,,,1907.0,1927.0,1901.0,1744.0,1541.0,1268.0,,,,1863.571428571429,1707.55,1467.5666666666666,53.587489655883225,146.04630664354175,198.31906894535751,1927.0
2011-09-19,1764.0,,,,,1814.0,1907.0,1927.0,1782.0,1537.0,1268.0,,,,1861.0,1722.65,1473.2333333333331,58.37236789212584,134.4760886591424,201.8786652428502,1920.0
2011-09-20,1795.0,,,,,1764.0,1814.0,1907.0,1838.0,1619.0,1264.0,,,,1854.857142857143,1736.65,1479.1166666666666,63.25458763712888,126.03018644255717,206.0535631916214,1913.0
2011-09-21,1811.0,,,,,1795.0,1764.0,1814.0,1876.0,1682.0,1257.0,,,,1845.571428571429,1748.95,1485.3333333333333,64.39424700716225,120.26876700040764,210.3734908436093,1899.0
2011-09-22,1884.0,,,,,1811.0,1795.0,1764.0,1901.0,1740.0,1265.0,,,,1843.142857142857,1763.05,1493.0666666666666,62.239935120547045,118.65362016793348,216.37388127309572,1886.0
2011-09-23,1920.0,,,,,1884.0,1811.0,1795.0,1927.0,1750.0,1277.0,,,,1842.142857142857,1779.95,1501.5166666666669,60.70537749774101,115.53922778824338,222.99270275108665,1885.0
2011-09-26,1928.0,,,,,1920.0,1884.0,1811.0,1907.0,1767.0,1287.0,,,,1845.142857142857,1799.3,1509.95,64.82393737766348,105.37407051476634,229.4103292193941,1908.0
2011-09-27,1927.0,,,,,1928.0,1920.0,1884.0,1814.0,1744.0,1306.0,,,,1861.2857142857144,1818.8,1518.4166666666667,69.66518567576239,89.10998526367877,235.2955077954292,1967.0
2011-09-28,1920.0,,,,,1927.0,1928.0,1920.0,1764.0,1782.0,1344.0,,,,1883.571428571429,1833.85,1526.6166666666666,57.19224056594307,78.35900848361436,240.6042599103638,2000.0
2011-09-29,1913.0,,,,,1920.0,1927.0,1928.0,1795.0,1838.0,1371.0,,,,1900.4285714285716,1845.4,1534.45,42.14600472507466,71.52504162149222,245.4381364286477,2032.0
2011-09-30,1899.0,,,,,1913.0,1920.0,1927.0,1811.0,1876.0,1414.0,,,,1913.0,1853.35,1541.8833333333334,16.1038297722504,67.93981469699084,249.6472149272089,2106.0
2011-10-03,1886.0,,,,,1899.0,1913.0,1920.0,1884.0,1901.0,1462.0,,,,1913.2857142857144,1860.15,1549.1666666666667,15.51036519788345,63.72661593836742,253.24023341328893,2127.0
2011-10-04,1885.0,,,,,1886.0,1899.0,1913.0,1920.0,1927.0,1515.0,,,,1908.2857142857144,1866.05,1556.6333333333334,18.364043542705627,60.00217101342752,256.4610497843778,2155.0
2011-10-05,1908.0,,,,,1885.0,1886.0,1899.0,1928.0,1907.0,1565.0,,,,1905.4285714285716,1874.25,1564.9166666666667,16.21580651564016,53.27374686721371,259.6835291479656,2173.0
2011-10-06,1967.0,,,,,1908.0,1885.0,1886.0,1927.0,1814.0,1602.0,,,,1911.142857142857,1883.5,1574.65,27.913130550748843,52.46803538203905,263.66355198258924,2160.0
2011-10-07,2000.0,,,,,1967.0,1908.0,1885.0,1920.0,1764.0,1582.0,,,,1922.571428571429,1891.6,1585.2,43.9274293308785,57.35154749445554,267.84499691591964,2136.0
2011-10-10,2032.0,,,,,2000.0,1967.0,1908.0,1913.0,1795.0,1541.0,,,,1939.571428571429,1899.4,1596.5166666666669,59.774178212273526,65.19073230878872,272.1771912676285,2140.0
2011-10-11,2106.0,,,,,2032.0,2000.0,1967.0,1899.0,1811.0,1537.0,,,,1969.142857142857,1909.65,1609.2833333333333,83.03498975618498,79.90999871571523,277.84699433302205,2161.0
2011-10-12,2127.0,,,,,2106.0,2032.0,2000.0,1886.0,1884.0,1619.0,,,,2003.571428571429,1919.65,1622.5666666666666,92.26566198186936,93.54609052568864,283.2673389410465,2153.0
2011-10-13,2155.0,,,,,2127.0,2106.0,2032.0,1885.0,1920.0,1682.0,,,,2042.142857142857,1932.05,1636.35,90.86148537091876,107.218652638862,288.7582899243018,2153.0
2011-10-14,2173.0,,,,,2155.0,2127.0,2106.0,1908.0,1928.0,1740.0,,,,2080.0,1950.0,1650.4833333333331,80.24130274781679,116.09841560190162,293.96670465604547,2161.0
2011-10-17,2160.0,,,,,2173.0,2155.0,2127.0,1967.0,1927.0,1750.0,,,,2107.5714285714284,1969.8,1664.4333333333334,67.0095941958001,116.474799623683,297.9948450621632,2145.0
2011-10-18,2136.0,,,,,2160.0,2173.0,2155.0,2000.0,1920.0,1767.0,,,,2127.0,1986.85,1678.0833333333333,47.49736834815248,114.48156597189386,300.55712628084325,2091.0
2011-10-19,2140.0,,,,,2136.0,2160.0,2173.0,2032.0,1913.0,1744.0,,,,2142.428571428572,2003.3,1691.9166666666667,22.41173162175948,111.48145939788522,302.42356040330617,2018.0
2011-10-20,2161.0,,,,,2140.0,2136.0,2160.0,2106.0,1899.0,1782.0,,,,2150.285714285714,2017.15,1706.3333333333333,16.327015298929407,113.07532421964156,303.84427694589664,1965.0
2011-10-21,2153.0,,,,,2161.0,2140.0,2136.0,2127.0,1886.0,1838.0,,,,2154.0,2028.8,1720.9166666666667,12.701705922173272,114.53273492076264,303.9357811110009,1912.0
2011-10-24,2153.0,,,,,2153.0,2161.0,2140.0,2155.0,1885.0,1876.0,,,,2153.714285714286,2040.05,1735.7333333333331,12.697956341007558,115.15914617335892,302.9513507214663,1859.0
2011-10-25,2161.0,,,,,2153.0,2153.0,2161.0,2173.0,1908.0,1901.0,,,,2152.0,2051.75,1750.8166666666666,10.230672835483944,114.9557695262706,301.18548210824224,1817.0
2011-10-26,2145.0,,,,,2161.0,2153.0,2153.0,2160.0,1967.0,1927.0,,,,2149.8571428571427,2063.0,1765.6833333333334,9.839183086495106,112.3640699268896,298.19647098974906,1784.0
2011-10-27,2091.0,,,,,2145.0,2161.0,2153.0,2136.0,2000.0,1907.0,,,,2143.428571428572,2071.9,1779.5333333333333,24.371138277734257,106.7677755446158,293.5739139260482,1766.0
2011-10-28,2018.0,,,,,2091.0,2145.0,2161.0,2140.0,2032.0,1814.0,,,,2126.0,2077.85,1792.0333333333333,53.47585124770602,99.70761202007326,287.3248304482157,1759.0
2011-10-31,1965.0,,,,,2018.0,2091.0,2145.0,2161.0,2106.0,1764.0,,,,2098.0,2081.8,1803.65,77.852424496609,93.04984515956563,279.76950712800976,1802.0
2011-11-01,1912.0,,,,,1965.0,2018.0,2091.0,2153.0,2127.0,1795.0,,,,2063.5714285714284,2083.15,1814.45,99.6993098318774,90.1964376703962,270.95270867623447,1840.0
2011-11-02,1859.0,,,,,1912.0,1965.0,2018.0,2153.0,2155.0,1811.0,,,,2021.571428571429,2080.7,1824.4833333333331,116.2925293428292,95.70189460814014,260.92082646584777,1835.0
2011-11-03,1817.0,,,,,1859.0,1912.0,1965.0,2161.0,2173.0,1884.0,,,,1972.4285714285716,2073.2,1833.6833333333332,120.17190068516946,109.90503077422024,250.37791718207603,1818.0
2011-11-04,1784.0,,,,,1817.0,1859.0,1912.0,2145.0,2160.0,1920.0,,,,1920.857142857143,2062.4,1842.1333333333332,110.87143992244717,126.7921631315893,239.5951717537077,1846.0
2011-11-07,1766.0,,,,,1784.0,1817.0,1859.0,2091.0,2136.0,1928.0,,,,1874.4285714285716,2049.1,1850.1166666666663,94.60242622480554,143.0568160962194,228.50821234115327,1884.0
2011-11-08,1759.0,,,,,1766.0,1784.0,1817.0,2018.0,2140.0,1927.0,,,,1837.4285714285716,2031.75,1857.6666666666667,78.3429578687189,156.2285353677953,217.4413356822519,1898.0
2011-11-09,1802.0,,,,,1759.0,1766.0,1784.0,1965.0,2161.0,1920.0,,,,1814.142857142857,2015.5,1865.3,54.78877187718663,162.57322236945262,206.8862210843949,1895.0
2011-11-10,1840.0,,,,,1802.0,1759.0,1766.0,1912.0,2153.0,1913.0,,,,1803.857142857143,1999.75,1873.1166666666663,37.3337585009924,163.60249483366076,196.49272998728952,1874.0
2011-11-11,1835.0,,,,,1840.0,1802.0,1759.0,1859.0,2153.0,1899.0,,,,1800.428571428571,1982.85,1880.1333333333332,32.170675792611014,162.21567027947398,187.11298740734665,1854.0
2011-11-14,1818.0,,,,,1835.0,1840.0,1802.0,1817.0,2161.0,1886.0,,,,1800.571428571429,1965.75,1886.0666666666664,32.25862749126123,160.5762239069626,179.10217391357818,1830.0
2011-11-15,1846.0,,,,,1818.0,1835.0,1840.0,1784.0,2145.0,1885.0,,,,1809.4285714285716,1951.25,1891.5833333333333,35.31693240198807,157.45671919947102,172.45321563231428,1814.0
2011-11-16,1884.0,,,,,1846.0,1818.0,1835.0,1766.0,2091.0,1908.0,,,,1826.2857142857144,1938.45,1896.9,39.09268595580159,151.60178967145265,167.04670005721312,1807.0
2011-11-17,1898.0,,,,,1884.0,1846.0,1818.0,1759.0,2018.0,1967.0,,,,1846.142857142857,1925.3,1901.8333333333333,34.2170940293049,142.40938023513675,162.49883093887678,1809.0
2011-11-18,1895.0,,,,,1898.0,1884.0,1846.0,1802.0,1965.0,2000.0,,,,1859.4285714285716,1912.4,1907.05,32.21726836578652,132.00295052526965,156.98790032184664,1828.0
2011-11-21,1874.0,,,,,1895.0,1898.0,1884.0,1840.0,1912.0,2032.0,,,,1864.2857142857144,1898.45,1912.6,31.35131196466068,119.37665953658448,149.53704829761654,1846.0
2011-11-22,1854.0,,,,,1874.0,1895.0,1898.0,1835.0,1859.0,2106.0,,,,1867.0,1883.1,1917.8833333333332,29.137604568679038,102.36565007754206,141.42148707199357,1862.0
2011-11-23,1830.0,,,,,1854.0,1874.0,1895.0,1818.0,1817.0,2127.0,,,,1868.7142857142856,1867.35,1921.4,25.95325468167968,82.19442611405475,136.39749985284183,1866.0
2011-11-24,1814.0,,,,,1830.0,1854.0,1874.0,1846.0,1784.0,2155.0,,,,1864.142857142857,1853.5,1923.6,32.590533244234685,63.80603832180805,133.5045482625365,1856.0
2011-11-25,1807.0,,,,,1814.0,1830.0,1854.0,1884.0,1766.0,2173.0,,,,1853.142857142857,1842.95,1924.7166666666667,37.409573513699975,51.41623233354079,132.21683418892664,1848.0
2011-11-28,1809.0,,,,,1807.0,1814.0,1830.0,1898.0,1759.0,2160.0,,,,1840.4285714285716,1835.15,1925.7,34.64513983643985,43.08409768919871,131.1101619870689,1849.0
2011-11-29,1828.0,,,,,1809.0,1807.0,1814.0,1895.0,1802.0,2136.0,,,,1830.857142857143,1830.95,1926.7166666666667,24.956152023304803,39.109125331803625,130.09124459742938,1882.0
2011-11-30,1846.0,,,,,1828.0,1809.0,1807.0,1874.0,1840.0,2140.0,,,,1826.857142857143,1830.3,1928.4166666666667,18.224786888840235,38.72453322756011,128.31744160172954,1922.0
2011-12-01,1862.0,,,,,1846.0,1828.0,1809.0,1854.0,1835.0,2161.0,,,,1828.0,1832.55,1929.75,20.33879708014833,39.21529642489538,127.18085681024198,1930.0
2011-12-02,1866.0,,,,,1862.0,1846.0,1828.0,1830.0,1818.0,2153.0,,,,1833.142857142857,1836.65,1930.2166666666667,24.956152023304732,38.1441517902507,126.88952777865958,1922.0
2011-12-05,1856.0,,,,,1866.0,1862.0,1846.0,1814.0,1846.0,2153.0,,,,1839.142857142857,1841.15,1929.8833333333332,24.63350409118209,34.50594914393768,127.06052096817793,1912.0
2011-12-06,1848.0,,,,,1856.0,1866.0,1862.0,1807.0,1884.0,2161.0,,,,1845.0,1845.6,1929.0,20.19075696122897,28.584869019296583,127.44836109486438,1889.0
2011-12-07,1849.0,,,,,1848.0,1856.0,1866.0,1809.0,1898.0,2145.0,,,,1850.7142857142856,1847.95,1927.7,12.499523800482768,26.68031996982896,127.86623041819983,1888.0
2011-12-08,1882.0,,,,,1849.0,1848.0,1856.0,1828.0,1895.0,2091.0,,,,1858.4285714285716,1850.05,1927.2833333333333,12.804389128463209,27.65668283202827,127.9755129738037,1885.0
2011-12-09,1922.0,,,,,1882.0,1849.0,1848.0,1846.0,1874.0,2018.0,,,,1869.2857142857144,1854.4,1929.0833333333333,25.966095109561635,31.70986896034021,127.11176073644152,1878.0
2011-12-12,1930.0,,,,,1922.0,1882.0,1849.0,1862.0,1854.0,1965.0,,,,1879.0,1860.0,1931.85,34.20038986133572,34.69263534781845,125.25064024331428,1856.0
2011-12-13,1922.0,,,,,1930.0,1922.0,1882.0,1866.0,1830.0,1912.0,,,,1887.0,1863.8,1933.9666666666667,37.08099243548743,37.15345135215186,123.96527215542729,1787.0
2011-12-14,1912.0,,,,,1922.0,1930.0,1922.0,1856.0,1814.0,1859.0,,,,1895.0,1865.2,1935.65,35.275109260411895,38.45927442739895,122.94877326537988,1738.0
2011-12-15,1889.0,,,,,1912.0,1922.0,1930.0,1848.0,1807.0,1817.0,,,,1900.857142857143,1864.75,1935.7333333333331,29.019697743834467,38.10632631560611,122.91486190384109,1624.0
2011-12-16,1888.0,,,,,1889.0,1912.0,1922.0,1849.0,1809.0,1784.0,,,,1906.4285714285716,1864.4,1935.2,19.62869619425496,37.84511370820866,123.05363306369163,1552.0
2011-12-19,1885.0,,,,,1888.0,1889.0,1912.0,1882.0,1828.0,1766.0,,,,1906.857142857143,1864.95,1934.4833333333331,19.030051422513303,38.07122825784492,123.22137879481213,1426.0
2011-12-20,1878.0,,,,,1885.0,1888.0,1889.0,1922.0,1846.0,1759.0,,,,1900.571428571429,1866.15,1933.6666666666667,20.41124806619385,38.0861557940178,123.43400990919832,1347.0
2011-12-21,1856.0,,,,,1878.0,1885.0,1888.0,1930.0,1862.0,1802.0,,,,1890.0,1867.45,1932.6,21.748563170947072,37.22120929068448,123.83000923219244,1308.0
2011-12-22,1787.0,,,,,1856.0,1878.0,1885.0,1922.0,1866.0,1840.0,,,,1870.7142857142856,1866.1,1930.5,40.45456004670105,39.67088286611129,125.22853684636812,1258.0
2011-12-23,1738.0,,,,,1787.0,1856.0,1878.0,1912.0,1856.0,1835.0,,,,1845.857142857143,1862.65,1927.8166666666664,59.72556284492939,47.34006314904596,127.61707707664424,1193.0
2012-01-03,1624.0,,,,,1738.0,1787.0,1856.0,1889.0,1848.0,1818.0,,,,1808.0,1853.4,1923.45,98.93600625320462,70.69013182085861,133.42253830900472,1105.0
2012-01-04,1552.0,,,,,1624.0,1738.0,1787.0,1888.0,1849.0,1846.0,,,,1760.0,1839.6,1917.9,130.21648641141496,97.69253594290396,141.7171568384619,1053.0
2012-01-05,1426.0,,,,,1552.0,1624.0,1738.0,1885.0,1882.0,1884.0,,,,1694.428571428571,1818.6,1909.8666666666663,167.11857780516215,134.46517843120006,155.2983423647765,1013.0
2012-01-06,1347.0,,,,,1426.0,1552.0,1624.0,1878.0,1922.0,1898.0,,,,1618.571428571429,1792.85,1899.5333333333333,188.98840982351305,170.26273041517078,171.2409806276879,974.0
2012-01-09,1308.0,,,,,1347.0,1426.0,1552.0,1856.0,1930.0,1895.0,,,,1540.2857142857142,1764.95,1888.0,187.741590389306,200.65143251028397,186.9433885123493,926.0
2012-01-10,1258.0,,,,,1308.0,1347.0,1426.0,1787.0,1922.0,1874.0,,,,1464.7142857142858,1735.05,1875.1,178.10176331311095,228.93195380656687,202.86513011593163,893.0
2012-01-11,1193.0,,,,,1258.0,1308.0,1347.0,1738.0,1912.0,1854.0,,,,1386.857142857143,1702.3,1859.8833333333332,156.54225049639993,257.047630237149,218.86278432293324,862.0
2012-01-12,1105.0,,,,,1193.0,1258.0,1308.0,1624.0,1889.0,1830.0,,,,1312.7142857142858,1665.1,1842.85,148.1887470825849,286.8124088925451,236.7593231926656,841.0
2012-01-13,1053.0,,,,,1105.0,1193.0,1258.0,1552.0,1888.0,1814.0,,,,1241.428571428571,1623.65,1824.4833333333331,133.15511899392902,312.5636398357555,254.23294347512837,807.0
2012-01-16,1013.0,,,,,1053.0,1105.0,1193.0,1426.0,1885.0,1807.0,,,,1182.428571428571,1578.2,1805.15,129.1818577856588,332.35928561851466,270.84436865828263,784.0
2012-01-17,974.0,,,,,1013.0,1053.0,1105.0,1347.0,1878.0,1809.0,,,,1129.142857142857,1530.4,1785.3833333333334,126.89290572688222,347.50151836094915,287.28690506045456,753.0
2012-01-18,926.0,,,,,974.0,1013.0,1053.0,1308.0,1856.0,1828.0,,,,1074.571428571429,1480.6,1765.2166666666667,119.05300940178311,359.5857850946173,304.22722839545594,726.0
2012-01-19,893.0,,,,,926.0,974.0,1013.0,1258.0,1787.0,1846.0,,,,1022.4285714285714,1429.65,1744.4333333333334,104.34854597751315,367.3508684164537,320.356812016938,702.0
2012-01-20,862.0,,,,,893.0,926.0,974.0,1193.0,1738.0,1862.0,,,,975.1428571428572,1378.3,1722.7833333333333,87.86624033426278,371.5171030985566,335.2741904298149,680.0
2012-01-23,841.0,,,,,862.0,893.0,926.0,1105.0,1624.0,1866.0,,,,937.4285714285714,1325.95,1700.9166666666667,79.05453211310133,369.6770247548331,349.2336545641505,662.0
2012-01-24,807.0,,,,,841.0,862.0,893.0,1053.0,1552.0,1856.0,,,,902.2857142857144,1272.05,1678.4833333333331,73.60641793965497,362.3918314113752,362.6736167132835,651.0
2012-01-25,784.0,,,,,807.0,841.0,862.0,1013.0,1426.0,1848.0,,,,869.5714285714286,1217.35,1655.5333333333333,66.77039549297415,348.4102655747977,374.9818737615518,647.0
2012-01-26,753.0,,,,,784.0,807.0,841.0,974.0,1347.0,1849.0,,,,838.0,1162.2,1632.3333333333333,61.17733785209355,328.7393144151022,387.0524716614224,648.0
2012-01-27,726.0,,,,,753.0,784.0,807.0,926.0,1308.0,1882.0,,,,809.4285714285714,1109.15,1609.5833333333333,59.91899293453036,307.5309612141016,399.5501407480152,660.0
2012-01-30,702.0,,,,,726.0,753.0,784.0,893.0,1258.0,1922.0,,,,782.1428571428571,1057.35,1587.65,59.001210641354575,282.2451854980845,412.65608551827006,676.0
2012-01-31,680.0,,,,,702.0,726.0,753.0,862.0,1193.0,1930.0,,,,756.1428571428571,1010.15,1566.2333333333331,58.03857502109153,260.5993648253471,425.87363315006615,695.0
2012-02-01,662.0,,,,,680.0,702.0,726.0,841.0,1105.0,1922.0,,,,730.5714285714286,965.65,1545.4,53.690027450372696,238.23148296077505,439.0431506533284,715.0
2012-02-02,651.0,,,,,662.0,680.0,702.0,807.0,1053.0,1912.0,,,,708.2857142857143,926.9,1525.2666666666669,48.83548670697908,221.87974457493263,451.9273177901286,729.0
2012-02-03,647.0,,,,,651.0,662.0,680.0,784.0,1013.0,1889.0,,,,688.7142857142857,891.9,1505.7666666666669,40.10699974535911,206.8233164092773,464.2013139651955,734.0
2012-02-06,648.0,,,,,647.0,651.0,662.0,753.0,974.0,1888.0,,,,673.7142857142857,858.9,1486.8333333333333,30.554401132639896,188.80647290422,475.6855950212735,731.0
2012-02-07,660.0,,,,,648.0,647.0,651.0,726.0,926.0,1885.0,,,,664.2857142857143,829.0,1468.4,20.138804050248,168.54017169117225,486.001715837114,723.0
2012-02-08,676.0,,,,,660.0,648.0,647.0,702.0,893.0,1878.0,,,,660.5714285714286,803.15,1450.35,13.23955113621977,148.1923625420522,495.0528759637792,717.0
2012-02-09,695.0,,,,,676.0,660.0,648.0,680.0,862.0,1856.0,,,,662.7142857142857,782.65,1431.9,17.4519749190253,131.67674733786222,502.30039293810216,715.0
2012-02-10,715.0,,,,,695.0,676.0,660.0,662.0,841.0,1787.0,,,,670.2857142857143,765.75,1413.15,26.329415018965733,115.89735703814192,507.77583553429525,706.0
2012-02-13,729.0,,,,,715.0,695.0,676.0,651.0,807.0,1738.0,,,,681.4285714285714,751.55,1394.7166666666667,32.57226398264633,100.36694517726438,512.2575190460542,704.0
2012-02-14,734.0,,,,,729.0,715.0,695.0,647.0,784.0,1624.0,,,,693.8571428571429,739.55,1376.65,33.82025316008612,85.63722444434873,516.1764848957494,706.0
2012-02-15,731.0,,,,,734.0,729.0,715.0,648.0,753.0,1552.0,,,,705.7142857142857,729.8,1358.0666666666666,29.312763350473453,73.53810326344005,519.0556244208782,718.0
2012-02-16,723.0,,,,,731.0,734.0,729.0,660.0,726.0,1426.0,,,,714.7142857142857,721.3,1338.7166666666667,21.592547215204576,62.70910283964184,520.7547355836319,730.0
2012-02-17,717.0,,,,,723.0,731.0,734.0,676.0,702.0,1347.0,,,,720.5714285714286,714.05,1319.0333333333333,13.314868166393715,53.25556556044906,521.575708031969,738.0
2012-02-20,715.0,,,,,717.0,723.0,731.0,695.0,680.0,1308.0,,,,723.4285714285714,707.75,1299.3666666666666,7.997023255881246,44.11572699646276,521.7367336205589,750.0
2012-02-21,706.0,,,,,715.0,717.0,723.0,715.0,662.0,1258.0,,,,722.1428571428571,702.7,1279.9,10.04039460440928,37.430778216597446,521.7228207534399,763.0
2012-02-22,704.0,,,,,706.0,715.0,717.0,729.0,651.0,1193.0,,,,718.5714285714286,698.7,1260.7333333333331,11.530497862413204,32.193657433611506,521.3983111499954,771.0
2012-02-23,706.0,,,,,704.0,706.0,715.0,734.0,647.0,1105.0,,,,714.5714285714286,696.35,1242.0,10.04750620577682,29.635105427340168,520.7902079321166,782.0
2012-02-24,718.0,,,,,706.0,704.0,706.0,731.0,648.0,1053.0,,,,712.7142857142857,695.95,1223.7333333333331,7.341986237218686,29.265526693311607,519.6070179542959,787.0
2012-02-27,730.0,,,,,718.0,706.0,704.0,723.0,660.0,1013.0,,,,713.7142857142857,697.35,1205.7833333333333,9.214377998948525,30.22420605382887,517.7155848882373,798.0
2012-02-28,738.0,,,,,730.0,718.0,706.0,717.0,676.0,974.0,,,,716.7142857142857,700.25,1187.9333333333334,13.07305480396608,31.2374185200192,515.0213050280348,812.0
2012-02-29,750.0,,,,,738.0,730.0,718.0,715.0,695.0,926.0,,,,721.7142857142857,704.65,1169.9666666666667,18.0528325175716,31.75941634100293,511.1021977033429,824.0
2012-03-01,763.0,,,,,750.0,738.0,730.0,706.0,715.0,893.0,,,,729.8571428571429,710.25,1151.9166666666667,22.16926228991172,31.675783544583098,505.920114671665,837.0
2012-03-02,771.0,,,,,763.0,750.0,738.0,704.0,729.0,862.0,,,,739.4285714285714,716.45,1133.7333333333331,23.564501146606197,30.76648039335785,499.53191196705205,844.0
2012-03-05,782.0,,,,,771.0,763.0,750.0,706.0,734.0,841.0,,,,750.2857142857143,723.15,1115.6666666666667,23.099165105563763,29.645759437683356,492.1470314499359,855.0
2012-03-06,787.0,,,,,782.0,771.0,763.0,718.0,731.0,807.0,,,,760.1428571428571,729.5,1097.85,21.70582541958497,29.001814825340155,484.176667049608,866.0
2012-03-07,798.0,,,,,787.0,782.0,771.0,730.0,723.0,784.0,,,,769.8571428571429,735.6,1080.35,21.177256443619203,29.9708630437027,475.50162005820647,874.0
2012-03-08,812.0,,,,,798.0,787.0,782.0,738.0,717.0,753.0,,,,780.4285714285714,741.45,1063.0666666666666,21.093894399919986,32.90412708085137,465.8375313880694,879.0
2012-03-09,824.0,,,,,812.0,798.0,787.0,750.0,715.0,726.0,,,,791.0,746.9,1045.4333333333334,21.832697191809253,37.057423434237904,454.1917151647606,884.0
2012-03-12,837.0,,,,,824.0,812.0,798.0,763.0,706.0,702.0,,,,801.5714285714286,752.3,1027.35,23.838743974636287,41.86834000461816,440.08034031551193,896.0
2012-03-13,844.0,,,,,837.0,824.0,812.0,771.0,704.0,680.0,,,,812.0,757.8,1009.25,24.20055095796757,46.325620966158816,424.3790129238051,902.0
2012-03-14,855.0,,,,,844.0,837.0,824.0,782.0,706.0,662.0,,,,822.4285714285714,764.0,991.4666666666668,24.83852614296742,50.64634865006988,407.50295690586034,908.0
2012-03-15,866.0,,,,,855.0,844.0,837.0,787.0,718.0,651.0,,,,833.7142857142857,771.15,974.0333333333332,23.991069767184204,54.500869138460594,389.4277838958984,912.0
2012-03-16,874.0,,,,,866.0,855.0,844.0,798.0,730.0,647.0,,,,844.5714285714286,779.0,957.1166666666668,22.269988346535577,57.51430028130068,370.5986495382332,917.0
2012-03-19,879.0,,,,,874.0,866.0,855.0,812.0,738.0,648.0,,,,854.1428571428571,787.2,940.3,20.243752710699507,59.56385339771498,349.96001224355035,922.0
2012-03-20,884.0,,,,,879.0,874.0,866.0,824.0,750.0,660.0,,,,862.7142857142857,796.1,923.6166666666668,17.923116225715546,60.088443586409625,327.2862268623595,930.0
2012-03-21,896.0,,,,,884.0,879.0,874.0,837.0,763.0,676.0,,,,871.1428571428571,805.7,907.25,17.686422018371022,59.93689664099184,302.35525322467464,934.0
2012-03-22,902.0,,,,,896.0,884.0,879.0,844.0,771.0,695.0,,,,879.4285714285714,815.5,891.35,16.389601813998617,58.789991987585154,275.50987093580835,934.0
2012-03-23,908.0,,,,,902.0,896.0,884.0,855.0,782.0,715.0,,,,887.0,825.0,876.7,15.438048235955817,57.54357616537527,249.19009828795532,931.0
2012-03-26,912.0,,,,,908.0,902.0,896.0,866.0,787.0,729.0,,,,893.5714285714286,834.1,862.9333333333333,14.785771796609088,56.102256263900486,222.14988577856093,926.0
2012-03-27,917.0,,,,,912.0,908.0,902.0,874.0,798.0,734.0,,,,899.7142857142857,843.05,851.15,14.221044098111667,54.21057869190204,198.5990616497242,928.0
2012-03-28,922.0,,,,,917.0,912.0,908.0,879.0,812.0,731.0,,,,905.8571428571428,851.65,840.65,13.018302135014372,52.280896178898985,176.3215307425764,928.0
2012-03-29,930.0,,,,,922.0,917.0,912.0,884.0,824.0,723.0,,,,912.4285714285714,860.0,832.3833333333333,11.68841510305673,50.68893785687667,159.20971051075853,944.0
2012-03-30,934.0,,,,,930.0,922.0,917.0,896.0,837.0,717.0,,,,917.8571428571428,868.15,825.5,11.610750355245363,48.69051026102903,144.8651623208732,960.0
2012-04-02,934.0,,,,,934.0,930.0,922.0,902.0,844.0,715.0,,,,922.4285714285714,875.75,819.2666666666667,10.5807552166506,46.341836276515714,131.1490117265543,972.0
2012-04-03,931.0,,,,,934.0,934.0,930.0,908.0,855.0,706.0,,,,925.7142857142856,882.95,813.8166666666667,8.7695360143541,42.88475989888092,118.8232545389362,975.0
2012-04-04,926.0,,,,,931.0,934.0,934.0,912.0,866.0,704.0,,,,927.7142857142856,889.35,809.3666666666667,6.3956830680584495,38.90646678767513,108.97332384923524,989.0
2012-04-05,928.0,,,,,926.0,931.0,934.0,917.0,874.0,706.0,,,,929.2857142857144,895.15,806.4166666666666,4.3479606607059305,35.242431065040954,103.0705356091174,1006.0
2012-04-10,928.0,,,,,928.0,926.0,931.0,922.0,879.0,718.0,,,,930.1428571428572,900.35,804.3333333333334,3.0783421639696287,31.684754760235705,99.19227462181044,1028.0
2012-04-11,944.0,,,,,928.0,928.0,926.0,930.0,884.0,730.0,,,,932.1428571428572,905.7,803.1833333333333,6.067085281401814,29.37435329645081,97.11019281228158,1067.0
2012-04-12,960.0,,,,,944.0,928.0,928.0,934.0,896.0,738.0,,,,935.8571428571428,911.5,802.95,12.226045578127914,27.968967766088763,96.70879317819042,1090.0
2012-04-13,972.0,,,,,960.0,944.0,928.0,934.0,902.0,750.0,,,,941.2857142857144,917.35,803.7166666666667,18.227399574277012,27.764564693820912,97.8761049537621,1116.0
2012-04-16,975.0,,,,,972.0,960.0,944.0,931.0,908.0,763.0,,,,947.5714285714286,922.8,805.0833333333334,21.399821984180736,27.85224171277516,99.69942822662748,1137.0
2012-04-17,989.0,,,,,975.0,972.0,960.0,926.0,912.0,771.0,,,,956.5714285714286,928.55,807.2,23.915525939326603,29.09055733948049,102.24394225982005,1148.0
2012-04-18,1006.0,,,,,989.0,975.0,972.0,928.0,917.0,782.0,,,,967.7142857142856,934.9,809.95,26.424195261924098,31.469116021326723,105.3405172584937,1156.0
2012-04-19,1028.0,,,,,1006.0,989.0,975.0,928.0,922.0,787.0,,,,982.0,942.1,813.6333333333333,28.33725463064768,35.434000918023294,109.03458737003425,1155.0
2012-04-20,1067.0,,,,,1028.0,1006.0,989.0,944.0,930.0,798.0,,,,999.5714285714286,950.65,818.35,37.50047618748109,43.44903245250113,113.75007170799957,1152.0
2012-04-23,1090.0,,,,,1067.0,1028.0,1006.0,960.0,934.0,812.0,,,,1018.1428571428572,960.05,823.9666666666667,45.889100272413295,51.88699766147274,118.68173744209992,1149.0
2012-04-24,1116.0,,,,,1090.0,1067.0,1028.0,972.0,934.0,824.0,,,,1038.7142857142858,970.45,830.4666666666667,53.4157101912923,60.95768592794615,123.79500094875634,1157.0
2012-04-25,1137.0,,,,,1116.0,1090.0,1067.0,975.0,931.0,837.0,,,,1061.857142857143,981.7,837.7166666666667,56.229969978753374,69.73340209990472,128.78126135758902,1157.0
2012-04-26,1148.0,,,,,1137.0,1116.0,1090.0,989.0,926.0,844.0,,,,1084.571428571429,993.25,845.5166666666667,53.96250903131091,77.18526925184402,133.1650551793501,1157.0
2012-04-27,1156.0,,,,,1148.0,1137.0,1116.0,1006.0,928.0,855.0,,,,1106.0,1004.95,853.75,46.8792775826222,83.30885780923713,136.84689267175054,1165.0
2012-04-30,1155.0,,,,,1156.0,1148.0,1137.0,1028.0,928.0,866.0,,,,1124.142857142857,1016.2,862.15,34.638266755300464,87.72960851692177,139.63072667047064,1156.0
2012-05-01,1152.0,,,,,1155.0,1156.0,1148.0,1067.0,944.0,874.0,,,,1136.2857142857142,1027.1,870.5666666666667,24.756913416388574,90.478784951622,141.64773286573916,1146.0
2012-05-02,1149.0,,,,,1152.0,1155.0,1156.0,1090.0,960.0,879.0,,,,1144.7142857142858,1037.85,878.9166666666666,14.13876804769562,91.6005487228209,143.06491257137284,1138.0
2012-05-03,1157.0,,,,,1149.0,1152.0,1155.0,1116.0,972.0,884.0,,,,1150.571428571429,1049.15,887.2,6.900655593551103,91.6654529425564,144.55516805076323,1132.0
2012-05-04,1157.0,,,,,1157.0,1149.0,1152.0,1137.0,975.0,896.0,,,,1153.428571428571,1060.7,895.2166666666667,3.779644730324046,89.86721198234557,145.97458470071388,1130.0
2012-05-07,1157.0,,,,,1157.0,1157.0,1149.0,1148.0,989.0,902.0,,,,1154.7142857142858,1072.15,902.9166666666666,3.093772547097927,86.5990610135423,147.41228838999928,1137.0
2012-05-08,1165.0,,,,,1157.0,1157.0,1157.0,1156.0,1006.0,908.0,,,,1156.0,1084.0,910.4166666666666,5.000000000174478,81.92486930433583,149.12698395879738,1137.0
2012-05-09,1156.0,,,,,1165.0,1157.0,1157.0,1155.0,1028.0,912.0,,,,1156.142857142857,1094.6,917.5333333333332,4.980915961072644,76.3850357348659,150.50496547550492,1141.0
2012-05-10,1146.0,,,,,1156.0,1165.0,1157.0,1152.0,1067.0,917.0,,,,1155.2857142857142,1103.9,924.4,6.183695920712936,70.20788679647954,151.38548841189964,1141.0
2012-05-11,1138.0,,,,,1146.0,1156.0,1165.0,1149.0,1090.0,922.0,,,,1153.7142857142858,1112.2,931.1833333333332,8.86405260437795,63.262693754367454,151.69086446321126,1127.0
2012-05-14,1132.0,,,,,1138.0,1146.0,1156.0,1157.0,1116.0,930.0,,,,1150.142857142857,1120.05,938.0,11.852265204506354,54.47208362769972,151.3664315830423,1100.0
2012-05-15,1130.0,,,,,1132.0,1138.0,1146.0,1157.0,1137.0,934.0,,,,1146.2857142857142,1127.1,944.8833333333332,13.524228699136064,44.90211576313847,150.53442555392573,1058.0
2012-05-16,1137.0,,,,,1130.0,1132.0,1138.0,1157.0,1148.0,934.0,,,,1143.428571428571,1133.65,951.9166666666666,12.98533971911517,34.7036703656603,149.46631519692068,1034.0
2012-05-17,1137.0,,,,,1137.0,1130.0,1132.0,1165.0,1156.0,931.0,,,,1139.428571428571,1139.1,959.1,8.904252595670716,24.211567483463675,147.79483030343405,1012.0
2012-05-18,1141.0,,,,,1137.0,1137.0,1130.0,1156.0,1155.0,926.0,,,,1137.2857142857142,1142.8,966.3833333333332,5.3452248384169225,17.2736489305168,145.76415728167402,986.0
2012-05-21,1141.0,,,,,1141.0,1137.0,1137.0,1146.0,1152.0,928.0,,,,1136.571428571429,1145.35,973.6333333333332,4.19750492803171,12.04061110557939,143.39242902112682,950.0
2012-05-22,1127.0,,,,,1141.0,1141.0,1137.0,1138.0,1149.0,928.0,,,,1135.0,1145.9,980.45,5.446711546288676,10.818599968086756,140.73095198808068,923.0
2012-05-23,1100.0,,,,,1127.0,1141.0,1141.0,1132.0,1157.0,944.0,,,,1130.428571428571,1144.05,986.6166666666668,14.420554113979208,14.837629971266326,137.64312633038557,904.0
2012-05-24,1058.0,,,,,1100.0,1127.0,1141.0,1130.0,1157.0,960.0,,,,1120.142857142857,1139.55,991.95,30.964649583216225,24.243230200050395,133.99790347466984,878.0
2012-05-25,1034.0,,,,,1058.0,1100.0,1127.0,1137.0,1157.0,972.0,,,,1105.428571428571,1133.45,996.6833333333332,43.53870746382963,33.476582545918234,130.27057782301168,872.0
2012-05-28,1012.0,,,,,1034.0,1058.0,1100.0,1137.0,1165.0,975.0,,,,1087.571428571429,1126.3,1000.8333333333334,53.03098824543668,42.64677441996461,126.6148793927058,877.0
2012-05-29,986.0,,,,,1012.0,1034.0,1058.0,1141.0,1156.0,989.0,,,,1065.428571428571,1118.0,1004.4166666666666,59.02501487466448,52.41634939803424,122.99060066981102,884.0
2012-05-30,950.0,,,,,986.0,1012.0,1034.0,1141.0,1146.0,1006.0,,,,1038.142857142857,1108.05,1007.2166666666668,62.32289191898037,63.86043582034304,119.70983161513624,893.0
2012-05-31,923.0,,,,,950.0,986.0,1012.0,1127.0,1138.0,1028.0,,,,1009.0,1096.35,1009.4833333333332,61.53860576907903,74.90153185142775,116.71963970900023,902.0
2012-06-01,904.0,,,,,923.0,950.0,986.0,1100.0,1132.0,1067.0,,,,981.0,1083.7,1011.25,57.70326391694725,84.82620002412298,114.24025011254224,912.0
2012-06-06,878.0,,,,,904.0,923.0,950.0,1058.0,1130.0,1090.0,,,,955.2857142857144,1069.75,1012.35,57.7774877892797,94.52422412997949,112.59509351991872,924.0
2012-06-07,872.0,,,,,878.0,904.0,923.0,1034.0,1137.0,1116.0,,,,932.1428571428572,1055.1,1013.15,53.261707856694365,101.43750993128118,111.39832713353046,938.0
2012-06-08,877.0,,,,,872.0,878.0,904.0,1012.0,1137.0,1137.0,,,,912.8571428571428,1041.15,1013.8166666666668,42.974521798525146,105.91668771656435,110.44186931227036,954.0
2012-06-11,884.0,,,,,877.0,872.0,878.0,986.0,1141.0,1148.0,,,,898.2857142857143,1028.05,1014.4833333333332,29.090171798057906,108.43842540939646,109.51626946189144,972.0
2012-06-12,893.0,,,,,884.0,877.0,872.0,950.0,1141.0,1156.0,,,,890.1428571428571,1015.8,1015.1166666666668,18.10551086857189,109.19976865218293,108.68506698403506,978.0
2012-06-13,902.0,,,,,893.0,884.0,877.0,923.0,1127.0,1155.0,,,,887.1428571428571,1004.3,1015.7166666666668,12.681069505841515,108.42659413536656,107.94475857570968,978.0
2012-06-14,912.0,,,,,902.0,893.0,884.0,904.0,1100.0,1152.0,,,,888.2857142857143,993.4,1016.35,14.659630346881828,106.056787172105,107.2081493551168,978.0
2012-06-15,924.0,,,,,912.0,902.0,893.0,878.0,1058.0,1149.0,,,,894.8571428571429,982.75,1017.1,18.959857343309025,101.4732917933306,106.38524493084782,981.0
2012-06-18,938.0,,,,,924.0,912.0,902.0,872.0,1034.0,1157.0,,,,904.2857142857144,972.8,1018.0,21.883892750312388,95.1091339905218,105.4645896072723,988.0
2012-06-19,954.0,,,,,938.0,924.0,912.0,877.0,1012.0,1157.0,,,,915.2857142857144,963.45,1018.9666666666668,25.01142596042479,86.50614520310504,104.58958801390013,994.0
2012-06-20,972.0,,,,,954.0,938.0,924.0,884.0,986.0,1157.0,,,,927.8571428571428,955.0,1020.1333333333332,28.53318869571373,75.84749241253196,103.64892939623228,1004.0
2012-06-21,978.0,,,,,972.0,954.0,938.0,893.0,950.0,1165.0,,,,940.0,947.55,1021.3,29.3030146344874,64.53842184887048,102.75547739953625,1013.0
2012-06-22,978.0,,,,,978.0,972.0,954.0,902.0,923.0,1156.0,,,,950.8571428571428,941.45,1022.4,26.85410317149216,54.32889606254052,101.91541857043148,1063.0
2012-06-25,978.0,,,,,978.0,978.0,972.0,912.0,904.0,1146.0,,,,960.2857142857144,937.45,1023.4166666666666,22.103651928441437,47.85556668940195,101.14753307096043,1103.0
2012-06-26,981.0,,,,,978.0,978.0,978.0,924.0,878.0,1138.0,,,,968.4285714285714,934.8,1024.4,16.226081297958466,43.49664233872241,100.42911320764692,1138.0
2012-06-27,988.0,,,,,981.0,978.0,978.0,938.0,872.0,1132.0,,,,975.5714285714286,933.6,1025.3666666666666,10.643576198249262,41.54186220904606,99.78212989479138,1157.0
2012-06-28,994.0,,,,,988.0,981.0,978.0,954.0,877.0,1130.0,,,,981.2857142857144,934.0,1026.3666666666666,7.364651739240895,42.10763151240928,99.14959877814148,1162.0
2012-06-29,1004.0,,,,,994.0,988.0,981.0,972.0,884.0,1137.0,,,,985.8571428571428,936.7,1027.5333333333333,10.073539123782988,44.83079298881405,98.453717366538,1160.0
2012-07-02,1013.0,,,,,1004.0,994.0,988.0,978.0,893.0,1137.0,,,,990.8571428571428,941.2,1028.9,13.594466661539409,47.80178371485414,97.65690547244456,1146.0
2012-07-03,1063.0,,,,,1013.0,1004.0,994.0,978.0,902.0,1141.0,,,,1003.0,949.15,1031.1833333333334,29.200456617471183,54.096672725833294,96.80812608892616,1121.0
2012-07-04,1103.0,1369.0,1051.0,1284.0,716.0,1063.0,1013.0,1004.0,978.0,912.0,1141.0,,,,1020.8571428571428,960.4,1034.1,45.20113778595577,61.42123754092362,96.28149055629568,1110.0
2012-07-05,1138.0,1455.0,1090.0,1293.0,715.0,1103.0,1063.0,1013.0,981.0,924.0,1127.0,1051.0,1284.0,716.0,1043.2857142857142,973.7,1037.6,58.97941529528307,69.53537532118875,96.17607440600176,1102.0
2012-07-06,1157.0,1493.0,1129.0,1296.0,713.0,1138.0,1103.0,1063.0,988.0,938.0,1100.0,1090.0,1293.0,715.0,1067.428571428571,987.7,1041.15,66.66547617986157,76.84440876147538,96.5927717758176,1093.0
2012-07-09,1162.0,1501.0,1145.0,1299.0,709.0,1157.0,1138.0,1103.0,994.0,954.0,1058.0,1129.0,1296.0,713.0,1091.428571428571,1001.6,1044.5166666666669,66.06274074156794,82.06505763244503,97.23455681783685,1074.0
2012-07-10,1160.0,1484.0,1160.0,1300.0,704.0,1162.0,1157.0,1138.0,1004.0,972.0,1034.0,1145.0,1299.0,709.0,1113.7142857142858,1014.95,1047.65,57.39835736824941,85.1286796871018,97.88506317734804,1053.0
2012-07-11,1146.0,1428.0,1175.0,1299.0,701.0,1160.0,1162.0,1157.0,1013.0,978.0,1012.0,1160.0,1300.0,704.0,1132.7142857142858,1027.15,1050.5,36.83166339677341,85.57254540050698,98.22276652802964,1037.0
2012-07-12,1121.0,1352.0,1187.0,1294.0,696.0,1146.0,1160.0,1162.0,1063.0,978.0,986.0,1175.0,1299.0,701.0,1141.0,1037.6,1052.7,22.120880030755995,83.50694897026142,98.30018018163462,1022.0
2012-07-13,1110.0,1320.0,1202.0,1287.0,692.0,1121.0,1146.0,1160.0,1103.0,978.0,950.0,1187.0,1294.0,696.0,1142.0,1046.9,1054.4333333333334,20.190756961254067,80.49249719861616,98.37964628048265,1003.0
2012-07-16,1102.0,1310.0,1209.0,1277.0,687.0,1110.0,1121.0,1146.0,1138.0,981.0,923.0,1202.0,1287.0,692.0,1136.857142857143,1055.1,1055.6666666666667,25.31421584429001,77.09659013557216,98.5064166656506,982.0
2012-07-17,1093.0,1301.0,1214.0,1261.0,680.0,1102.0,1110.0,1121.0,1157.0,988.0,904.0,1209.0,1277.0,687.0,1127.7142857142858,1062.05,1056.1,28.217691174862352,73.6931582913466,98.6142458853608,958.0
2012-07-18,1074.0,1286.0,1206.0,1239.0,672.0,1093.0,1102.0,1110.0,1162.0,994.0,878.0,1214.0,1261.0,680.0,1115.142857142857,1067.15,1055.8333333333333,29.946778187500797,70.59765539573202,98.54262893553783,933.0
2012-07-19,1053.0,1276.0,1183.0,1212.0,666.0,1074.0,1093.0,1102.0,1160.0,1004.0,872.0,1206.0,1239.0,672.0,1099.857142857143,1070.9,1054.7833333333333,30.53647311786497,67.53860494488211,98.22580206902556,915.0
2012-07-20,1037.0,1276.0,1156.0,1192.0,657.0,1053.0,1074.0,1093.0,1146.0,1013.0,877.0,1183.0,1212.0,666.0,1084.2857142857142,1073.85,1053.1166666666666,30.874554170709043,64.48686116693864,97.65384935474034,897.0
2012-07-23,1022.0,1275.0,1134.0,1173.0,647.0,1037.0,1053.0,1074.0,1121.0,1063.0,884.0,1156.0,1192.0,657.0,1070.142857142857,1076.05,1051.0166666666669,33.79067214205013,61.736686184624126,96.93095422525604,878.0
2012-07-24,1003.0,1261.0,1109.0,1156.0,640.0,1022.0,1037.0,1053.0,1110.0,1103.0,893.0,1134.0,1173.0,647.0,1054.857142857143,1077.15,1048.4666666666667,36.82131887659065,60.12904981442063,96.13152477990891,861.0
2012-07-25,982.0,1239.0,1088.0,1133.0,631.0,1003.0,1022.0,1037.0,1102.0,1138.0,902.0,1109.0,1156.0,640.0,1037.7142857142858,1076.85,1045.5833333333333,39.07989374653158,60.61029528671652,95.4742474226273,852.0
2012-07-26,958.0,1224.0,1058.0,1099.0,617.0,982.0,1003.0,1022.0,1093.0,1157.0,912.0,1088.0,1133.0,631.0,1018.4285714285714,1075.05,1042.35,40.533348997517415,63.65819499074577,95.0934999294205,843.0
2012-07-27,933.0,1209.0,1031.0,1069.0,602.0,958.0,982.0,1003.0,1074.0,1162.0,924.0,1058.0,1099.0,617.0,998.2857142857144,1071.5,1038.75,43.257809644506125,69.5371918662071,95.07617374280744,836.0
2012-07-30,915.0,1200.0,1010.0,1047.0,593.0,933.0,958.0,982.0,1053.0,1160.0,938.0,1031.0,1069.0,602.0,978.5714285714286,1066.6,1034.7166666666667,45.55164520579557,76.93565322299028,95.10780531997148,812.0
2012-07-31,897.0,1194.0,982.0,1032.0,580.0,915.0,933.0,958.0,1037.0,1146.0,954.0,1010.0,1047.0,593.0,958.5714285714286,1058.3,1030.3833333333334,46.34960317292998,85.78927671921531,95.36461548718653,790.0
2012-08-01,878.0,1181.0,954.0,1023.0,570.0,897.0,915.0,933.0,1022.0,1121.0,972.0,982.0,1032.0,580.0,938.0,1047.05,1025.7333333333331,45.453272709480856,93.98066710488791,95.88673874253942,774.0
2012-08-02,861.0,1178.0,931.0,1010.0,558.0,878.0,897.0,915.0,1003.0,1110.0,978.0,954.0,1023.0,570.0,917.7142857142856,1033.2,1020.6666666666666,43.24239542286328,100.0844906224933,96.43328538988418,764.0
2012-08-03,852.0,1200.0,910.0,995.0,552.0,861.0,878.0,897.0,982.0,1102.0,978.0,931.0,1010.0,558.0,899.1428571428571,1017.95,1015.6,38.71015616706757,103.40949513568158,97.1855119286153,750.0
2012-08-06,843.0,1214.0,890.0,982.0,544.0,852.0,861.0,878.0,958.0,1093.0,978.0,910.0,995.0,552.0,882.7142857142857,1002.0,1010.55,33.63883809786025,104.61609013815932,98.1621669329008,728.0
2012-08-07,836.0,1237.0,868.0,966.0,539.0,843.0,852.0,861.0,933.0,1074.0,981.0,890.0,982.0,544.0,868.8571428571429,985.8,1005.5166666666668,29.151492651529843,103.94563356316642,99.2528856545141,720.0
2012-08-08,812.0,1204.0,840.0,946.0,538.0,836.0,843.0,852.0,915.0,1053.0,988.0,868.0,966.0,539.0,854.1428571428571,969.1,1000.1833333333332,27.94893302338363,103.6831712478256,100.92462226109504,714.0
2012-08-09,790.0,1192.0,823.0,906.0,535.0,812.0,836.0,843.0,897.0,1037.0,994.0,840.0,946.0,538.0,838.8571428571429,952.55,994.5166666666668,29.80172574106472,104.57406088764178,103.03520735562178,711.0
2012-08-10,774.0,1169.0,814.0,886.0,531.0,790.0,812.0,836.0,878.0,1022.0,1004.0,823.0,906.0,535.0,824.0,935.75,988.4666666666668,32.80751946332071,104.93701118192442,105.16241944388037,709.0
2012-08-13,764.0,1158.0,804.0,877.0,523.0,774.0,790.0,812.0,861.0,1003.0,1013.0,814.0,886.0,531.0,810.1428571428571,918.85,982.25,34.98775295936764,103.96622680368512,107.2375195220134,712.0
2012-08-14,750.0,1147.0,803.0,865.0,512.0,764.0,774.0,790.0,852.0,982.0,1063.0,804.0,877.0,523.0,795.5714285714286,901.7,975.7333333333332,35.87876411317208,101.99850360102292,109.28765753921812,715.0
2012-08-15,728.0,1120.0,801.0,856.0,506.0,750.0,764.0,774.0,843.0,958.0,1103.0,803.0,865.0,512.0,779.1428571428571,884.4,968.85,36.85751199523886,100.56911736923416,111.6820282039274,717.0
2012-08-16,720.0,1105.0,801.0,847.0,502.0,728.0,750.0,764.0,836.0,933.0,1138.0,801.0,856.0,506.0,762.5714285714286,867.75,962.0666666666668,32.89811110517982,98.735625202944,114.24429172656504,717.0
2012-08-17,714.0,1095.0,806.0,841.0,496.0,720.0,728.0,750.0,812.0,915.0,1157.0,801.0,847.0,502.0,748.5714285714286,851.6,955.6333333333332,28.97618069418635,95.97225476259374,117.1759457393077,724.0
2012-08-20,711.0,1087.0,819.0,838.0,490.0,714.0,720.0,728.0,790.0,897.0,1162.0,806.0,841.0,496.0,737.2857142857143,836.05,949.85,25.30292661415322,92.02372405787176,120.5525168631835,718.0
2012-08-21,709.0,1082.0,833.0,833.0,485.0,711.0,714.0,720.0,774.0,878.0,1160.0,819.0,838.0,490.0,728.0,821.35,944.4333333333332,21.17388328428425,87.31267165529044,123.96067811015084,707.0
2012-08-22,712.0,1091.0,843.0,833.0,481.0,709.0,711.0,714.0,764.0,861.0,1146.0,833.0,833.0,485.0,720.5714285714286,807.85,939.4333333333332,14.512720200645775,81.86977785679753,127.1972133085497,703.0
2012-08-23,715.0,1103.0,840.0,845.0,477.0,712.0,709.0,711.0,750.0,852.0,1121.0,843.0,833.0,481.0,715.5714285714286,795.7,934.9166666666666,6.502746672669595,76.25242015144786,130.28954608572195,698.0
2012-08-24,717.0,1124.0,828.0,853.0,474.0,715.0,712.0,709.0,728.0,843.0,1110.0,840.0,845.0,477.0,714.0,784.9,931.0333333333332,3.741657387202435,70.89050118245943,133.27058834389751,693.0
2012-08-27,717.0,,,,,717.0,715.0,712.0,720.0,836.0,1102.0,828.0,853.0,474.0,713.5714285714286,775.0,927.6,3.0472470016266024,65.37664157146206,136.10442152750417,684.0
2012-08-28,724.0,1182.0,812.0,857.0,472.0,717.0,717.0,715.0,714.0,812.0,1093.0,,,,715.0,766.35,924.6,5.000000000320313,59.57240176992271,138.59442109744742,675.0
2012-08-29,718.0,1177.0,788.0,858.0,466.0,724.0,717.0,717.0,711.0,790.0,1074.0,812.0,857.0,472.0,716.0,758.35,921.9333333333332,4.760952286031273,54.2996316746762,141.02420355639362,669.0
2012-08-30,707.0,1169.0,758.0,855.0,463.0,718.0,724.0,717.0,709.0,774.0,1053.0,788.0,858.0,466.0,715.7142857142857,750.65,919.1833333333332,5.282495802929002,49.70150373670496,143.5996661706022,666.0
2012-08-31,703.0,1172.0,735.0,857.0,459.0,707.0,718.0,724.0,712.0,764.0,1037.0,758.0,855.0,463.0,714.4285714285714,743.2,916.2833333333332,7.114706432612127,44.61720225257943,146.19943328823118,662.0
2012-09-03,698.0,1180.0,714.0,852.0,458.0,703.0,707.0,718.0,715.0,750.0,1022.0,735.0,857.0,459.0,712.0,735.95,913.1833333333332,9.416297928054275,38.970265317968135,148.8436207781253,661.0
2012-09-04,693.0,1186.0,686.0,849.0,456.0,698.0,703.0,707.0,717.0,728.0,1003.0,714.0,852.0,458.0,708.5714285714286,728.8,909.85,11.443442705567422,32.17321540472968,151.51873241022437,663.0
2012-09-05,684.0,1188.0,647.0,845.0,455.0,693.0,698.0,703.0,717.0,720.0,982.0,686.0,849.0,456.0,703.8571428571429,722.4,906.2166666666668,13.921548901352953,27.079609730631937,154.29842224520445,662.0
2012-09-06,675.0,1186.0,617.0,837.0,457.0,684.0,693.0,698.0,724.0,714.0,958.0,647.0,845.0,455.0,696.8571428571429,716.65,902.2666666666668,14.415600015704598,24.00498851675716,157.15498845246705,663.0
2012-09-07,669.0,1186.0,599.0,832.0,458.0,675.0,684.0,693.0,718.0,711.0,933.0,617.0,837.0,457.0,689.8571428571429,711.4,898.0166666666667,14.334440710382465,22.217584311463824,159.9799237051807,697.0
2012-09-10,666.0,1188.0,582.0,827.0,461.0,669.0,675.0,684.0,707.0,709.0,915.0,599.0,832.0,458.0,684.0,706.5,893.4833333333333,14.537308325017747,20.765609221046383,162.65909986341532,722.0
2012-09-11,662.0,1187.0,566.0,821.0,466.0,666.0,669.0,675.0,703.0,712.0,897.0,582.0,827.0,461.0,678.1428571428571,702.1,888.6166666666667,13.849531537667204,20.382913381068654,165.16669460174077,755.0
2012-09-12,661.0,1186.0,545.0,825.0,471.0,662.0,666.0,669.0,698.0,715.0,878.0,566.0,821.0,466.0,672.8571428571429,698.75,883.4333333333333,11.936339073582037,21.383404780469508,167.37083222664887,774.0
2012-09-13,663.0,1198.0,527.0,828.0,475.0,661.0,662.0,666.0,693.0,717.0,861.0,545.0,825.0,471.0,668.5714285714286,695.9,878.1833333333333,8.343802947241212,22.18558090304156,169.2836844448518,772.0
2012-09-14,662.0,1204.0,502.0,834.0,477.0,663.0,661.0,662.0,684.0,717.0,852.0,527.0,828.0,475.0,665.4285714285714,693.3,872.9166666666666,5.061526214730129,22.98535002550261,171.03218962236565,763.0
2012-09-17,663.0,1219.0,483.0,839.0,479.0,662.0,663.0,661.0,675.0,724.0,843.0,502.0,834.0,477.0,663.7142857142857,690.9,867.6666666666666,2.811540842335344,23.53921699733237,172.57949940776413,752.0
2012-09-18,697.0,1326.0,474.0,843.0,480.0,663.0,662.0,663.0,669.0,718.0,836.0,483.0,839.0,479.0,667.7142857142857,690.3,862.9333333333333,13.00915428617252,23.204128489403853,173.31150231930224,744.0
2012-09-19,722.0,1421.0,468.0,845.0,480.0,697.0,663.0,662.0,666.0,707.0,812.0,474.0,843.0,480.0,675.7142857142857,690.8,858.5,24.19169475752817,23.796505714409463,173.4601502617501,766.0
2012-09-20,755.0,1531.0,468.0,850.0,482.0,722.0,697.0,663.0,662.0,703.0,790.0,468.0,845.0,480.0,689.0,692.8,854.5166666666667,37.35862238720728,27.35266753093801,173.0394773873254,777.0
2012-09-21,774.0,1584.0,467.0,847.0,484.0,755.0,722.0,697.0,661.0,698.0,774.0,468.0,850.0,482.0,705.1428571428571,695.65,850.6833333333333,46.53109559365742,32.49335964559582,172.21749076185395,778.0
2012-09-24,772.0,1578.0,461.0,847.0,486.0,774.0,755.0,722.0,663.0,693.0,764.0,467.0,847.0,484.0,720.7142857142857,698.4,846.6666666666666,48.28289650840425,36.478400242005314,171.17487011301515,798.0
2012-09-25,763.0,1568.0,441.0,847.0,483.0,772.0,774.0,755.0,662.0,684.0,750.0,461.0,847.0,486.0,735.1428571428571,700.35,841.6666666666666,42.56535591079509,38.88210926709149,169.11781738837476,845.0
2012-09-26,752.0,1549.0,426.0,844.0,479.0,763.0,772.0,774.0,663.0,675.0,728.0,441.0,847.0,483.0,747.8571428571429,702.05,835.8166666666667,28.33977517811234,40.40775720218429,165.96614844417576,875.0
2012-09-27,744.0,1548.0,418.0,836.0,476.0,752.0,763.0,772.0,697.0,669.0,720.0,426.0,844.0,479.0,754.5714285714286,703.9,829.25,17.94303154306585,41.47910063488721,161.54283946701747,883.0
2012-09-28,766.0,1621.0,425.0,830.0,472.0,744.0,752.0,763.0,722.0,666.0,714.0,418.0,836.0,476.0,760.8571428571429,707.05,822.7333333333333,10.991338581473094,43.73782537377086,155.88466691290355,875.0
2012-10-01,777.0,1660.0,439.0,825.0,467.0,766.0,744.0,752.0,755.0,662.0,711.0,425.0,830.0,472.0,764.0,711.0,816.3166666666667,12.124355653107717,46.36582225831477,149.47484246885608,875.0
2012-10-02,778.0,1676.0,463.0,818.0,454.0,777.0,766.0,744.0,774.0,661.0,709.0,439.0,825.0,467.0,764.5714285714286,715.25,809.95,12.752217360996118,48.476662860707485,142.56362540336707,903.0
2012-10-03,798.0,1738.0,496.0,810.0,448.0,778.0,777.0,766.0,772.0,663.0,712.0,463.0,818.0,454.0,768.2857142857143,720.95,804.15,17.988091298813796,51.232673579569365,135.56746084770492,926.0
2012-10-04,845.0,1873.0,544.0,802.0,445.0,798.0,778.0,777.0,763.0,662.0,715.0,496.0,810.0,448.0,780.0,729.45,799.55,33.758949430775566,56.98704839010336,129.1654339289347,941.0
2012-10-05,875.0,1932.0,598.0,795.0,444.0,845.0,798.0,778.0,752.0,663.0,717.0,544.0,802.0,445.0,797.5714285714286,739.75,795.6333333333333,46.39991789815281,63.706460880355046,123.00833190288483,981.0
2012-10-08,883.0,1921.0,647.0,791.0,444.0,875.0,845.0,798.0,744.0,697.0,717.0,598.0,795.0,444.0,817.4285714285714,750.6,791.9833333333333,49.30468923900908,68.76305617657151,116.85896057505758,999.0
2012-10-09,875.0,1829.0,712.0,789.0,442.0,883.0,875.0,845.0,766.0,722.0,724.0,647.0,791.0,444.0,833.0,761.25,788.35,47.535951307084346,70.78349123619466,110.5604865512852,989.0
2012-10-10,875.0,1775.0,784.0,787.0,442.0,875.0,883.0,875.0,777.0,755.0,718.0,712.0,789.0,442.0,847.0,771.95,785.0333333333333,42.45389656246074,71.00591154044658,104.6743079006475,1010.0
2012-10-11,903.0,1833.0,843.0,783.0,444.0,875.0,875.0,883.0,778.0,774.0,707.0,784.0,787.0,442.0,864.8571428571429,783.95,782.5333333333333,34.05108207500778,71.89866772797784,99.84572280072008,1037.0
2012-10-12,926.0,1914.0,871.0,776.0,444.0,903.0,875.0,875.0,798.0,772.0,703.0,843.0,783.0,444.0,883.1428571428571,797.15,780.6833333333333,25.44555345200527,72.56233255118461,96.00538326487502,1109.0
2012-10-15,941.0,1960.0,885.0,768.0,444.0,926.0,903.0,875.0,845.0,763.0,698.0,871.0,776.0,444.0,896.8571428571429,811.05,779.3333333333334,27.26675980894712,72.13764255705742,93.07945697494596,1088.0
2012-10-16,981.0,2103.0,904.0,754.0,443.0,941.0,926.0,903.0,875.0,752.0,693.0,885.0,768.0,444.0,912.0,825.25,778.9666666666667,39.7030645333066,76.33573695752008,92.22282644514036,1051.0
2012-10-17,999.0,2162.0,904.0,746.0,443.0,981.0,941.0,926.0,883.0,744.0,684.0,904.0,754.0,443.0,928.5714285714286,839.1,779.25,48.757417018216174,81.56618236296688,92.8809380017458,1049.0
2012-10-18,989.0,2135.0,895.0,740.0,444.0,999.0,981.0,941.0,875.0,766.0,675.0,904.0,746.0,443.0,944.8571428571428,850.8,779.7666666666667,46.88435620913789,85.55306140516015,93.97193354295555,1048.0
2012-10-19,1010.0,2217.0,879.0,732.0,445.0,989.0,999.0,981.0,875.0,777.0,669.0,895.0,740.0,444.0,964.1428571428572,862.6,781.05,40.7203003076508,90.53315763621964,96.58936759405624,1043.0
2012-10-22,1037.0,2332.0,861.0,721.0,445.0,1010.0,989.0,999.0,903.0,778.0,666.0,879.0,732.0,445.0,983.2857142857144,875.85,783.0833333333334,38.62949773476799,95.81356622989188,100.65552796916208,1026.0
2012-10-23,1109.0,2587.0,843.0,716.0,442.0,1037.0,1010.0,989.0,926.0,798.0,662.0,861.0,721.0,445.0,1009.4285714285714,893.15,786.6166666666667,52.74421656404285,105.14715252547842,108.1631052838676,1000.0
2012-10-24,1088.0,2530.0,825.0,712.0,440.0,1109.0,1037.0,1010.0,941.0,845.0,661.0,843.0,716.0,442.0,1030.428571428571,909.95,790.1166666666667,50.159270139771664,108.20568863344155,114.38873532117483,986.0
2012-10-25,1051.0,2432.0,811.0,706.0,437.0,1088.0,1109.0,1037.0,981.0,875.0,663.0,825.0,712.0,440.0,1040.428571428571,925.3,793.2833333333333,45.41606596372287,105.15757599659396,118.92428750347116,971.0
2012-10-26,1049.0,2451.0,804.0,699.0,434.0,1051.0,1088.0,1109.0,999.0,883.0,662.0,811.0,706.0,437.0,1047.571428571429,939.45,796.5666666666667,41.58468124547635,101.57313932130243,123.21489656076253,947.0
2012-10-29,1048.0,2460.0,799.0,693.0,432.0,1049.0,1051.0,1088.0,989.0,875.0,663.0,804.0,699.0,434.0,1056.0,953.0,799.9833333333333,32.78210894175053,96.72152103634816,127.2988598437952,916.0
2012-10-30,1043.0,2458.0,792.0,689.0,430.0,1048.0,1049.0,1051.0,1010.0,875.0,697.0,799.0,693.0,432.0,1060.7142857142858,966.25,803.4333333333333,26.911672100414226,89.35728109234489,131.04150806585767,916.0
2012-10-31,1026.0,2419.0,782.0,678.0,429.0,1043.0,1048.0,1049.0,1037.0,903.0,722.0,792.0,689.0,430.0,1059.142857142857,977.65,807.0,28.783262332096985,80.90688279878515,134.15397174742617,940.0
2012-11-01,1000.0,2355.0,770.0,671.0,426.0,1026.0,1043.0,1048.0,1109.0,926.0,755.0,782.0,678.0,429.0,1043.571428571429,985.4,810.5,26.726124191283034,74.71870054097676,136.42313288609316,965.0
2012-11-02,986.0,2304.0,766.0,669.0,422.0,1000.0,1026.0,1043.0,1088.0,941.0,774.0,770.0,671.0,426.0,1029.0,990.95,814.0333333333333,26.26785107316948,70.06423744269901,138.19563223335783,985.0
2012-11-05,971.0,2261.0,757.0,662.0,419.0,986.0,1000.0,1026.0,1051.0,981.0,772.0,766.0,669.0,422.0,1017.5714285714286,995.35,817.4833333333333,31.900141811930684,65.54570522688783,139.50305162413204,1011.0
2012-11-06,947.0,2186.0,747.0,654.0,416.0,971.0,986.0,1000.0,1049.0,999.0,763.0,757.0,662.0,419.0,1003.0,998.95,820.7666666666667,37.885793291623344,60.359863799553125,140.2043746346115,1024.0
2012-11-07,916.0,2098.0,737.0,647.0,412.0,947.0,971.0,986.0,1048.0,989.0,752.0,747.0,654.0,416.0,984.1428571428572,1001.0,823.9,44.0962151491318,56.50151371987701,140.19679872556696,1036.0
2012-11-08,916.0,2119.0,726.0,644.0,409.0,916.0,947.0,971.0,1043.0,1010.0,744.0,737.0,647.0,412.0,966.0,1001.65,827.1666666666666,41.91658383029779,55.37838738605122,140.0181788036681,1054.0
2012-11-09,940.0,2203.0,722.0,649.0,407.0,916.0,916.0,947.0,1026.0,1037.0,766.0,726.0,644.0,409.0,953.7142857142856,1002.35,830.9333333333333,33.069191531905446,54.45256264817334,139.96208526150986,1066.0
2012-11-12,965.0,2283.0,720.0,652.0,405.0,940.0,916.0,916.0,1000.0,1109.0,777.0,722.0,649.0,407.0,948.7142857142856,1003.55,835.1666666666666,26.992062325318205,53.28125472686463,140.1142592662615,1073.0
2012-11-13,985.0,2327.0,732.0,653.0,405.0,965.0,940.0,916.0,986.0,1088.0,778.0,720.0,652.0,405.0,948.5714285714286,1003.75,839.7666666666667,26.763514610158143,53.19959932581193,140.43218601898954,1084.0
2012-11-14,1011.0,2375.0,774.0,655.0,402.0,985.0,965.0,940.0,971.0,1051.0,798.0,732.0,653.0,405.0,954.2857142857144,1004.35,844.75,35.269034037058326,53.21087641100201,141.1248545660427,1090.0
2012-11-15,1024.0,2350.0,846.0,664.0,403.0,1011.0,985.0,965.0,947.0,1049.0,845.0,774.0,655.0,402.0,965.2857142857144,1006.1,849.9,43.63375713718848,53.25499729460125,141.94540607254677,1094.0
2012-11-16,1036.0,2347.0,886.0,674.0,405.0,1024.0,1011.0,985.0,916.0,1048.0,875.0,846.0,664.0,403.0,982.4285714285714,1007.4,855.2166666666667,44.60514597690922,53.67092714923523,142.85444668566845,1097.0
2012-11-19,1054.0,2369.0,902.0,687.0,407.0,1036.0,1024.0,1011.0,916.0,1043.0,883.0,886.0,674.0,405.0,1002.1428571428572,1008.25,860.8333333333334,40.67525280165405,54.295366672591406,143.94880995347256,1104.0
2012-11-20,1066.0,2367.0,933.0,695.0,409.0,1054.0,1036.0,1024.0,940.0,1026.0,875.0,902.0,687.0,407.0,1020.1428571428572,1006.1,866.5333333333333,36.22811326136673,50.83709793371049,145.20441075935,1097.0
2012-11-21,1073.0,2335.0,963.0,706.0,416.0,1066.0,1054.0,1036.0,965.0,1000.0,875.0,933.0,695.0,409.0,1035.571428571429,1005.35,872.45,31.52172342403295,49.6623070028768,146.27816837241312,1086.0
2012-11-22,1084.0,2318.0,991.0,716.0,424.0,1073.0,1066.0,1054.0,985.0,986.0,903.0,963.0,706.0,416.0,1049.7142857142858,1007.0,878.7333333333333,26.92405545059849,51.762616056943216,147.14524896781543,1077.0
2012-11-23,1090.0,2288.0,1013.0,724.0,431.0,1084.0,1073.0,1066.0,1011.0,971.0,926.0,991.0,716.0,424.0,1061.0,1009.05,885.1833333333333,24.433583445784382,54.264920334901966,147.79205405891364,1054.0
2012-11-26,1094.0,2277.0,1021.0,732.0,434.0,1090.0,1084.0,1073.0,1024.0,947.0,941.0,1013.0,724.0,431.0,1071.0,1011.35,891.7833333333333,20.82466486329972,56.91292980468727,148.13302446742935,1022.0
2012-11-27,1097.0,2275.0,1023.0,742.0,438.0,1094.0,1090.0,1084.0,1036.0,916.0,981.0,1021.0,732.0,434.0,1079.7142857142858,1014.05,898.5166666666667,15.9239262926418,59.70583591334403,148.12609054646586,990.0
2012-11-28,1104.0,2275.0,1009.0,751.0,442.0,1097.0,1094.0,1090.0,1054.0,916.0,999.0,1023.0,742.0,438.0,1086.857142857143,1017.95,905.5166666666668,13.49603116271216,62.98493972041932,147.74032322747695,966.0
2012-11-29,1097.0,2241.0,994.0,760.0,446.0,1104.0,1097.0,1094.0,1066.0,940.0,989.0,1009.0,751.0,442.0,1091.2857142857142,1022.8,912.55,10.193368525997228,65.22479347776002,146.62097163110244,937.0
2012-11-30,1086.0,2199.0,980.0,766.0,448.0,1097.0,1104.0,1097.0,1073.0,965.0,1010.0,994.0,760.0,446.0,1093.142857142857,1027.8,919.5,6.986381310202594,66.08256398751358,144.75197958313004,900.0
2012-12-03,1077.0,2166.0,973.0,772.0,448.0,1086.0,1097.0,1104.0,1084.0,985.0,1037.0,980.0,766.0,448.0,1092.142857142857,1033.1,926.35,8.783100656652179,65.53576765485553,142.25565730020293,826.0
2012-12-04,1054.0,2095.0,962.0,771.0,447.0,1077.0,1086.0,1097.0,1090.0,1011.0,1109.0,973.0,772.0,448.0,1087.0,1038.45,932.8833333333332,16.970562748537265,62.43099348380081,138.87051543258406,799.0
2012-12-05,1022.0,2000.0,949.0,768.0,446.0,1054.0,1077.0,1086.0,1094.0,1024.0,1088.0,962.0,771.0,447.0,1076.7142857142858,1043.75,938.9,29.33549775567984,55.61604747595856,134.64739891253978,784.0
2012-12-06,990.0,1897.0,940.0,765.0,446.0,1022.0,1054.0,1077.0,1097.0,1036.0,1051.0,949.0,768.0,446.0,1061.428571428571,1047.45,944.35,42.1024826776422,48.701534613297255,129.8221501823951,766.0
2012-12-07,966.0,1832.0,936.0,760.0,447.0,990.0,1022.0,1054.0,1104.0,1054.0,1049.0,940.0,765.0,446.0,1041.7142857142858,1048.75,949.4166666666666,50.3478377083558,45.95177678261928,124.43639606915995,743.0
2012-12-10,937.0,1762.0,928.0,751.0,447.0,966.0,990.0,1022.0,1097.0,1066.0,1048.0,936.0,760.0,447.0,1018.8571428571428,1047.35,953.9833333333332,56.95152491793723,48.96537444708069,118.63981834607328,720.0
2012-12-11,900.0,1652.0,914.0,751.0,447.0,937.0,966.0,990.0,1086.0,1073.0,1043.0,928.0,751.0,447.0,992.2857142857144,1043.1,957.3666666666668,63.42637276328411,57.59102634782128,113.99047933290372,708.0
2012-12-12,826.0,1446.0,894.0,748.0,444.0,900.0,937.0,966.0,1077.0,1084.0,1026.0,914.0,751.0,447.0,956.4285714285714,1033.85,959.1,77.04080551427357,75.18697745589539,111.10503505050244,700.0
2012-12-13,799.0,1407.0,871.0,746.0,443.0,826.0,900.0,937.0,1054.0,1090.0,1000.0,894.0,748.0,444.0,920.0,1022.6,959.8333333333334,83.252627586176,91.74759426076254,109.87345057500008,699.0
2012-12-14,784.0,1440.0,839.0,745.0,443.0,799.0,826.0,900.0,1022.0,1094.0,986.0,871.0,746.0,443.0,886.0,1010.0,960.0,83.25262758617662,106.00645461979444,109.59401196069597,698.0
2012-12-17,766.0,1403.0,815.0,742.0,444.0,784.0,799.0,826.0,990.0,1097.0,971.0,839.0,745.0,443.0,854.0,995.6,959.9,79.58433681742515,118.5355376425838,109.77105604746984,700.0
2012-12-18,743.0,1315.0,793.0,738.0,444.0,766.0,784.0,799.0,966.0,1104.0,947.0,815.0,742.0,444.0,822.1428571428571,979.45,959.5666666666668,71.50158173410567,129.89812810127927,110.40762173811716,706.0
2012-12-19,720.0,1233.0,765.0,738.0,444.0,743.0,766.0,784.0,937.0,1097.0,916.0,793.0,738.0,444.0,791.1428571428571,961.8,959.0333333333332,59.42622477054294,140.0994383699833,111.49917787446115,712.0
2012-12-20,708.0,1226.0,734.0,735.0,445.0,720.0,743.0,766.0,900.0,1086.0,916.0,765.0,738.0,444.0,763.7142857142857,943.0,958.4333333333332,42.78907292648145,147.85163260229376,112.76559859284556,734.0
2012-12-21,700.0,1228.0,710.0,732.0,446.0,708.0,720.0,743.0,826.0,1077.0,940.0,734.0,735.0,445.0,745.7142857142857,923.5,957.3333333333334,38.50850246254459,153.06981551259005,114.9748191542918,743.0
2012-12-24,699.0,1235.0,699.0,,447.0,700.0,708.0,720.0,799.0,1054.0,965.0,710.0,732.0,446.0,731.4285714285714,903.75,956.0333333333332,33.6940011617617,155.37827356082482,117.46243058477955,751.0
2013-01-02,698.0,1237.0,685.0,737.0,446.0,699.0,700.0,708.0,784.0,1022.0,985.0,699.0,,447.0,719.1428571428571,883.8,954.7,26.16886554309613,154.87400651737036,119.94536892034574,760.0
2013-01-03,700.0,1254.0,675.0,739.0,447.0,698.0,699.0,700.0,766.0,990.0,1011.0,685.0,737.0,446.0,709.7142857142857,863.6,953.0666666666668,16.620412005760922,150.93860724778247,122.74983056594796,762.0
2013-01-04,706.0,1285.0,670.0,739.0,446.0,700.0,698.0,699.0,743.0,966.0,1024.0,675.0,739.0,447.0,704.4285714285714,844.05,950.75,7.828519290956364,144.29227465918382,126.09017824898822,765.0
2013-01-07,712.0,1319.0,670.0,739.0,443.0,706.0,700.0,698.0,720.0,937.0,1036.0,670.0,739.0,446.0,703.2857142857143,825.35,948.0333333333332,5.376314900368739,135.23635255594957,129.46080706138807,781.0
2013-01-08,734.0,1386.0,682.0,740.0,442.0,712.0,706.0,700.0,708.0,900.0,1054.0,670.0,739.0,443.0,707.0,808.2,945.55,12.897028081557686,122.82276490517889,132.1309603309547,820.0
2013-01-09,743.0,1384.0,717.0,741.0,443.0,734.0,712.0,706.0,700.0,826.0,1066.0,682.0,740.0,442.0,713.1428571428571,792.65,943.35,18.169833712667643,108.97139895164752,134.40488098991256,837.0
2013-01-10,751.0,1367.0,754.0,743.0,443.0,743.0,734.0,712.0,699.0,799.0,1073.0,717.0,741.0,443.0,720.5714285714286,779.1,941.2833333333332,21.70911592600746,94.89101782130544,136.41202438016418,838.0
2013-01-11,760.0,1367.0,772.0,745.0,448.0,751.0,743.0,734.0,698.0,784.0,1084.0,754.0,743.0,443.0,729.4285714285714,767.6,938.9,23.53619300047215,80.89069948494254,138.3279939069435,825.0
2013-01-14,762.0,1370.0,774.0,743.0,451.0,760.0,751.0,743.0,700.0,766.0,1090.0,772.0,745.0,448.0,738.2857142857143,757.4,936.1666666666666,22.246455041373046,66.05850676328403,140.19492080394133,817.0
2013-01-15,765.0,1365.0,768.0,740.0,454.0,762.0,760.0,751.0,706.0,743.0,1094.0,774.0,743.0,451.0,746.7142857142857,748.8,933.2333333333332,18.90074324573361,50.904037685010096,141.92267728484407,808.0
2013-01-16,781.0,1431.0,754.0,738.0,457.0,765.0,762.0,760.0,712.0,720.0,1097.0,768.0,740.0,454.0,756.5714285714286,742.85,929.9,15.458084647051376,37.487225894543,143.1253687731672,798.0
2013-01-17,820.0,1573.0,743.0,735.0,464.0,781.0,765.0,762.0,734.0,708.0,1104.0,754.0,738.0,457.0,768.8571428571429,742.55,926.9166666666666,25.465195669367706,36.804569224415744,143.5256182963832,792.0
2013-01-18,837.0,1605.0,740.0,730.0,470.0,820.0,781.0,765.0,743.0,700.0,1097.0,743.0,735.0,464.0,782.2857142857143,744.45,924.3833333333332,33.174861394953695,40.65189190916968,143.7525052594774,779.0
2013-01-21,838.0,1604.0,736.0,728.0,474.0,837.0,820.0,781.0,751.0,699.0,1086.0,740.0,730.0,470.0,794.7142857142857,747.15,921.5166666666668,35.701140438007826,44.97984928954976,143.73121002231147,767.0
2013-01-22,825.0,1577.0,729.0,721.0,477.0,838.0,837.0,820.0,760.0,698.0,1077.0,736.0,728.0,474.0,804.0,750.1,917.9833333333332,33.555923471168335,48.10722672492406,143.44968900925068,760.0
2013-01-23,817.0,1564.0,727.0,713.0,478.0,825.0,838.0,837.0,762.0,700.0,1054.0,729.0,721.0,477.0,811.8571428571429,753.8,913.1166666666668,28.07388211747255,50.3269311602184,141.8031688664947,750.0
2013-01-24,808.0,1541.0,723.0,712.0,478.0,817.0,825.0,838.0,765.0,706.0,1022.0,727.0,713.0,478.0,818.0,758.2,908.45,19.510680835622857,51.05786191335538,140.55211048834008,745.0
2013-01-25,798.0,1520.0,718.0,711.0,475.0,808.0,817.0,825.0,781.0,712.0,990.0,723.0,712.0,478.0,820.4285714285714,762.7,904.2333333333332,14.570027943987734,50.36195305778813,139.99701772454355,739.0
2013-01-28,792.0,1507.0,713.0,710.0,472.0,798.0,808.0,817.0,820.0,734.0,966.0,718.0,711.0,475.0,816.4285714285714,767.3,899.95,18.11865652548754,48.50078675439055,139.42307580817248,740.0
2013-01-29,779.0,1491.0,703.0,695.0,467.0,792.0,798.0,808.0,837.0,743.0,937.0,713.0,710.0,472.0,808.1428571428571,771.3,895.4666666666667,20.2766579382736,45.79485146889366,138.90570715503682,749.0
2013-01-30,767.0,1477.0,690.0,688.0,461.0,779.0,792.0,798.0,838.0,751.0,900.0,703.0,695.0,467.0,798.0,774.75,890.8666666666667,20.607442021502514,42.45973324661649,138.5066193935659,748.0
2013-01-31,760.0,1468.0,677.0,684.0,455.0,767.0,779.0,792.0,825.0,760.0,826.0,690.0,688.0,461.0,788.7142857142857,777.75,886.4333333333333,21.053220543209957,38.868029075526096,138.364951801461,746.0
2013-02-01,750.0,1454.0,664.0,682.0,449.0,760.0,767.0,779.0,817.0,762.0,799.0,677.0,684.0,455.0,779.1428571428571,779.95,882.2666666666667,21.27932150733401,35.710053132728085,138.65099053074331,747.0
2013-02-04,745.0,1461.0,653.0,681.0,444.0,750.0,760.0,767.0,808.0,765.0,784.0,664.0,682.0,449.0,770.1428571428571,781.6,878.25,20.34230871392205,33.06994182996099,139.0851007629946,751.0
2013-02-05,739.0,1466.0,651.0,677.0,438.0,745.0,750.0,760.0,798.0,781.0,766.0,653.0,681.0,444.0,761.7142857142857,781.85,874.3833333333333,19.058806238615777,32.70807883471692,139.68646388288852,748.0
2013-02-06,740.0,1484.0,657.0,674.0,431.0,739.0,745.0,750.0,792.0,820.0,743.0,651.0,677.0,438.0,754.2857142857143,781.7,870.9333333333333,14.985707476607487,32.90192763518102,140.4169175508366,753.0
2013-02-07,749.0,1481.0,695.0,671.0,425.0,740.0,739.0,745.0,779.0,837.0,720.0,657.0,674.0,431.0,750.0,781.6,868.15,10.295630141134172,33.00303016399289,141.16162452063003,747.0
2013-02-08,748.0,1461.0,723.0,669.0,421.0,749.0,740.0,739.0,767.0,838.0,708.0,695.0,671.0,425.0,747.2857142857143,781.0,865.35,7.0643302518921205,33.521399292567416,141.86085627257478,738.0
2013-02-11,746.0,1453.0,737.0,666.0,418.0,748.0,749.0,740.0,760.0,825.0,700.0,723.0,669.0,421.0,745.2857142857143,780.2,862.1166666666667,4.30945803720947,34.18309831673743,142.3406146009881,735.0
2013-02-12,747.0,1448.0,749.0,668.0,417.0,746.0,748.0,749.0,750.0,817.0,699.0,737.0,666.0,418.0,744.8571428571429,779.3,858.4833333333333,3.891382420926893,34.83510026584874,142.45219140530452,737.0
2013-02-13,751.0,1448.0,782.0,664.0,414.0,747.0,746.0,748.0,745.0,808.0,698.0,749.0,668.0,417.0,745.7142857142857,777.8,854.5833333333334,4.535573676445847,35.39937555210685,142.1325821336198,740.0
2013-02-14,748.0,1429.0,808.0,667.0,412.0,751.0,747.0,746.0,739.0,798.0,700.0,782.0,664.0,414.0,747.0,774.2,850.2,3.464101615576146,34.532364682015654,141.27984010592033,743.0
2013-02-15,753.0,1434.0,832.0,672.0,412.0,748.0,751.0,747.0,740.0,792.0,706.0,808.0,667.0,412.0,748.8571428571429,770.0,845.6833333333333,2.410295378694702,31.46426544519029,139.95501597724402,741.0
2013-02-18,747.0,1408.0,845.0,679.0,411.0,753.0,748.0,751.0,749.0,779.0,712.0,832.0,672.0,412.0,748.5714285714286,765.45,840.8666666666667,2.5071326827170743,27.435042900508687,138.25688037767583,745.0
2013-02-19,738.0,1377.0,859.0,687.0,411.0,747.0,753.0,748.0,748.0,767.0,734.0,845.0,679.0,411.0,747.1428571428571,761.1,835.6,4.7409060820930815,24.20287064324793,136.0006480543459,757.0
2013-02-20,735.0,1355.0,875.0,695.0,410.0,738.0,747.0,753.0,746.0,760.0,743.0,859.0,687.0,411.0,745.5714285714286,757.0,830.0833333333334,6.629659188481785,20.96362764923777,133.18042962903328,776.0
2013-02-21,737.0,1344.0,892.0,705.0,411.0,735.0,738.0,747.0,747.0,750.0,751.0,875.0,695.0,410.0,744.1428571428571,753.45,824.4833333333333,7.312741652706832,17.617201522348378,129.81466471534335,789.0
2013-02-22,740.0,1335.0,909.0,717.0,412.0,737.0,735.0,738.0,751.0,745.0,760.0,892.0,705.0,411.0,742.5714285714286,750.55,818.75,6.754187413900641,14.372762984019996,125.68963995984788,806.0
2013-02-25,743.0,1323.0,922.0,724.0,414.0,740.0,737.0,735.0,748.0,739.0,762.0,909.0,717.0,412.0,741.8571428571429,748.1,812.9666666666667,6.335839103536705,10.6222209990521,120.88865400310564,820.0
2013-02-26,741.0,1291.0,939.0,734.0,419.0,743.0,740.0,737.0,753.0,740.0,765.0,922.0,724.0,414.0,740.1428571428571,746.2,807.0833333333334,4.017817460501165,7.83782999003538,115.44700033791112,834.0
2013-02-27,745.0,1264.0,961.0,745.0,426.0,741.0,743.0,740.0,747.0,749.0,781.0,939.0,734.0,419.0,739.8571428571429,745.1,801.2166666666667,3.484660262623673,6.120715472889042,109.24162174244776,843.0
2013-02-28,757.0,1249.0,990.0,764.0,436.0,745.0,741.0,743.0,738.0,748.0,820.0,961.0,745.0,426.0,742.5714285714286,744.95,795.4333333333333,7.207800008007077,5.7626291518861565,101.877355090531,847.0
2013-03-01,776.0,1243.0,1036.0,781.0,447.0,757.0,745.0,741.0,735.0,746.0,837.0,990.0,764.0,436.0,748.4285714285714,746.25,790.0833333333334,13.733864992130984,8.990492054039693,93.88765223901429,865.0
2013-03-04,789.0,1239.0,1058.0,801.0,454.0,776.0,757.0,745.0,737.0,747.0,838.0,1036.0,781.0,447.0,755.8571428571429,748.45,785.1333333333333,19.411582207860885,13.108755611786592,85.47404535527043,875.0
2013-03-05,806.0,1246.0,1080.0,818.0,466.0,789.0,776.0,757.0,740.0,751.0,825.0,1058.0,801.0,454.0,765.2857142857143,751.8,780.6166666666667,25.499766572286333,18.15604872400664,76.4762268737973,880.0
2013-03-06,820.0,1251.0,1090.0,837.0,472.0,806.0,789.0,776.0,743.0,748.0,817.0,1080.0,818.0,466.0,776.2857142857143,755.8,776.7166666666667,30.41772666129188,23.457913040504742,67.7693225099878,892.0
2013-03-07,834.0,1260.0,1112.0,852.0,478.0,820.0,806.0,789.0,741.0,753.0,808.0,1090.0,837.0,472.0,789.5714285714286,760.05,773.5833333333334,32.664237033111974,29.16644611454636,60.154685255668525,899.0
2013-03-08,843.0,1262.0,1124.0,864.0,483.0,834.0,820.0,806.0,745.0,747.0,798.0,1112.0,852.0,478.0,803.5714285714286,764.8,771.1333333333333,31.35207139815956,34.3719591957274,53.85462750749735,912.0
2013-03-11,847.0,1260.0,1128.0,876.0,485.0,843.0,834.0,820.0,757.0,738.0,792.0,1124.0,864.0,483.0,816.4285714285714,769.85,769.15,27.25715284022283,38.621339887971736,48.4795343856952,923.0
2013-03-12,865.0,1314.0,1131.0,889.0,486.0,847.0,843.0,834.0,776.0,735.0,779.0,1128.0,876.0,485.0,829.1428571428571,775.75,767.95,25.983511255134776,43.634697685565264,45.02218850348848,930.0
2013-03-13,875.0,1314.0,1138.0,903.0,490.0,865.0,847.0,843.0,789.0,737.0,767.0,1131.0,889.0,486.0,841.4285714285714,781.95,767.5333333333333,24.10295378071348,48.47405708759837,43.88060328492882,933.0
2013-03-14,880.0,1302.0,1147.0,913.0,494.0,875.0,865.0,847.0,806.0,740.0,760.0,1138.0,903.0,490.0,852.0,788.55,768.4333333333333,22.120880030779464,52.43288943728249,45.619415531798005,935.0
2013-03-15,892.0,1299.0,1162.0,925.0,506.0,880.0,875.0,865.0,820.0,743.0,750.0,1147.0,913.0,494.0,862.2857142857143,795.5,769.9833333333333,21.49196970748708,56.52526216801972,48.18343891138572,931.0
2013-03-18,899.0,1295.0,1172.0,937.0,513.0,892.0,880.0,875.0,834.0,741.0,745.0,1162.0,925.0,506.0,871.5714285714286,803.1,771.9,21.274845419457375,59.78549375194105,50.95784233002545,922.0
2013-03-19,912.0,1290.0,1184.0,950.0,522.0,899.0,892.0,880.0,843.0,745.0,739.0,1172.0,937.0,513.0,881.4285714285714,811.8,774.3333333333334,21.808692019967253,62.41592239506328,54.062633690917856,910.0
2013-03-20,923.0,1294.0,1190.0,959.0,532.0,912.0,899.0,892.0,847.0,757.0,740.0,1184.0,950.0,522.0,892.2857142857143,821.2,777.3333333333334,20.701966780336058,64.36703962028405,57.19774401950097,896.0
2013-03-21,930.0,1290.0,1202.0,968.0,539.0,923.0,912.0,899.0,865.0,776.0,749.0,1190.0,959.0,532.0,901.5714285714286,830.85,780.8333333333334,20.99886618260772,65.53606881553874,59.98705133360009,877.0
2013-03-22,933.0,1284.0,1208.0,978.0,542.0,930.0,923.0,912.0,875.0,789.0,748.0,1202.0,968.0,539.0,909.8571428571428,840.5,784.5833333333334,20.194294338059617,65.66381684086636,62.34330640191976,866.0
2013-03-25,935.0,1284.0,1210.0,981.0,543.0,933.0,930.0,923.0,880.0,806.0,746.0,1208.0,978.0,542.0,917.7142857142856,850.1,788.5,17.104719482472362,64.6870197668852,64.29078537988173,861.0
2013-03-26,931.0,1275.0,1204.0,977.0,545.0,935.0,933.0,930.0,892.0,820.0,747.0,1210.0,981.0,543.0,923.2857142857144,859.6,792.3666666666667,13.250336923039136,61.70421805939544,65.77619132063641,858.0
2013-03-27,922.0,1258.0,1191.0,965.0,547.0,931.0,935.0,933.0,899.0,834.0,751.0,1204.0,977.0,545.0,926.5714285714286,868.45,796.1,8.059303999415675,56.90941555624188,66.68003538286564,856.0
2013-03-28,910.0,1249.0,1176.0,944.0,547.0,922.0,931.0,935.0,912.0,843.0,748.0,1191.0,965.0,547.0,926.2857142857144,876.1,799.6,8.673989580389916,51.1292479898314,67.06061007584789,859.0
2013-04-02,896.0,1229.0,1155.0,933.0,543.0,910.0,922.0,931.0,923.0,847.0,753.0,1176.0,944.0,547.0,922.4285714285714,882.1,802.7666666666667,14.455185261870914,45.494823303032135,67.05180558929354,865.0
2013-04-03,877.0,1209.0,1129.0,924.0,537.0,896.0,910.0,922.0,930.0,865.0,747.0,1155.0,933.0,543.0,914.8571428571428,886.5,805.5166666666667,21.828334578681027,39.932179346663865,66.64845584619859,875.0
2013-04-04,866.0,1209.0,1106.0,915.0,529.0,877.0,896.0,910.0,933.0,875.0,738.0,1129.0,924.0,537.0,905.2857142857144,889.5,807.7166666666667,26.694033576327666,35.58311249374564,66.42597298513313,876.0
2013-04-05,861.0,1215.0,1094.0,912.0,525.0,866.0,877.0,896.0,935.0,880.0,735.0,1106.0,915.0,529.0,894.7142857142857,891.55,809.6833333333333,27.6026223737433,32.40772325112503,66.22393741708211,880.0
2013-04-08,858.0,1223.0,1084.0,907.0,523.0,861.0,866.0,877.0,931.0,892.0,737.0,1094.0,912.0,525.0,884.2857142857143,892.75,811.4666666666667,25.30292661414564,30.556031362683573,66.057362506074,885.0
2013-04-09,856.0,1236.0,1077.0,902.0,518.0,858.0,861.0,866.0,922.0,899.0,740.0,1084.0,907.0,523.0,874.8571428571429,893.4,813.0666666666667,20.8040746925283,29.56420310559517,65.95218264391359,885.0
2013-04-10,859.0,1250.0,1080.0,900.0,518.0,856.0,858.0,861.0,910.0,912.0,743.0,1077.0,902.0,518.0,867.5714285714286,894.0,814.6833333333333,14.38583959854882,28.681554681591003,65.86799630980889,888.0
2013-04-11,865.0,1257.0,1095.0,901.0,521.0,859.0,856.0,858.0,896.0,923.0,741.0,1080.0,900.0,518.0,863.1428571428571,894.0,816.35,7.104659772219736,28.681554681591003,65.85470010135643,889.0
2013-04-12,875.0,1265.0,1112.0,902.0,526.0,865.0,859.0,856.0,877.0,930.0,745.0,1095.0,901.0,521.0,862.8571428571429,894.0,817.9166666666666,6.466028441967421,28.681554681591003,66.11707430112239,885.0
2013-04-15,876.0,1257.0,1125.0,902.0,528.0,875.0,865.0,859.0,866.0,933.0,757.0,1112.0,902.0,526.0,864.2857142857143,893.8,818.85,8.159131606625328,28.79802624825528,66.54088204304689,879.0
2013-04-16,880.0,1251.0,1143.0,900.0,531.0,876.0,875.0,865.0,861.0,935.0,776.0,1125.0,902.0,528.0,867.0,893.2,819.5666666666667,9.865765724774205,28.96204412685204,66.96985577061314,872.0
2013-04-17,885.0,1245.0,1167.0,899.0,537.0,880.0,876.0,875.0,858.0,931.0,789.0,1143.0,900.0,531.0,870.8571428571429,892.5,820.35,10.976164652508416,28.98366145925443,67.4621865209341,871.0
2013-04-18,885.0,1238.0,1180.0,898.0,538.0,885.0,880.0,876.0,856.0,922.0,806.0,1167.0,899.0,537.0,875.0,891.15,821.35,9.848857801936846,28.654521090974264,67.97502657082181,868.0
2013-04-19,888.0,1234.0,1196.0,902.0,539.0,885.0,885.0,880.0,859.0,910.0,820.0,1180.0,898.0,538.0,879.1428571428571,889.4,822.5333333333333,7.904188160649442,27.65844308145213,68.51387751722389,863.0
2013-04-22,889.0,1230.0,1202.0,902.0,540.0,888.0,885.0,885.0,865.0,896.0,834.0,1196.0,902.0,539.0,882.5714285714286,887.35,823.8833333333333,5.623081683720993,25.95801265617889,69.01881140456837,862.0
2013-04-23,885.0,1220.0,1193.0,903.0,540.0,889.0,888.0,885.0,875.0,877.0,843.0,1202.0,902.0,540.0,884.0,884.95,825.3333333333334,4.546060565964103,23.62976490529246,69.37876065046328,873.0
2013-04-24,879.0,1214.0,1165.0,905.0,543.0,885.0,889.0,888.0,876.0,866.0,847.0,1193.0,903.0,540.0,884.4285714285714,882.15,826.7833333333333,3.7352886039939457,20.497175672077777,69.57914446620114,878.0
2013-04-25,872.0,1220.0,1121.0,904.0,544.0,879.0,885.0,889.0,880.0,861.0,865.0,1165.0,905.0,543.0,883.2857142857143,879.2,828.3333333333334,5.9080252121594,17.052858998000733,69.53249860027769,889.0
2013-04-26,871.0,1246.0,1082.0,900.0,545.0,872.0,879.0,885.0,885.0,858.0,875.0,1121.0,904.0,544.0,881.2857142857143,876.65,830.0666666666667,7.409774754168753,13.823226068941254,69.27343675294085,892.0
2013-04-29,868.0,1260.0,1058.0,895.0,545.0,871.0,872.0,879.0,885.0,856.0,880.0,1082.0,900.0,545.0,878.8571428571429,874.55,831.8666666666667,8.668497975175336,11.482137156901327,68.82364263337405,889.0
2013-04-30,863.0,1273.0,1028.0,888.0,544.0,868.0,871.0,872.0,888.0,859.0,892.0,1058.0,895.0,545.0,875.2857142857143,872.9,833.75,9.393513466263183,10.572556331091384,68.08758691230764,884.0
2013-05-01,862.0,1279.0,1018.0,884.0,545.0,863.0,868.0,871.0,889.0,865.0,899.0,1028.0,888.0,544.0,871.4285714285714,872.15,835.7,8.303757038543758,10.796076285557286,67.17200284431968,879.0
2013-05-02,873.0,1322.0,1010.0,880.0,546.0,862.0,863.0,868.0,885.0,875.0,912.0,1018.0,884.0,545.0,869.7142857142857,872.5,837.9333333333333,5.93616839728156,10.699237553031749,66.12183584230559,872.0
2013-05-03,878.0,1344.0,1006.0,876.0,546.0,873.0,862.0,863.0,879.0,876.0,923.0,1010.0,880.0,546.0,869.5714285714286,873.35,840.2333333333333,5.682051943488701,10.408877790030289,65.04896895107142,861.0
2013-05-07,889.0,1393.0,999.0,874.0,546.0,878.0,873.0,862.0,872.0,880.0,930.0,1006.0,876.0,546.0,872.0,874.9,842.5666666666667,9.345230512732993,10.310444372750323,64.22665550105857,850.0
2013-05-08,892.0,1408.0,995.0,872.0,548.0,889.0,878.0,873.0,871.0,885.0,933.0,999.0,874.0,546.0,875.0,876.7,844.9666666666667,11.972189997494484,9.974177185713303,63.31705708203431,841.0
2013-05-09,889.0,1398.0,995.0,869.0,551.0,892.0,889.0,878.0,868.0,885.0,935.0,995.0,872.0,548.0,878.0,878.2,847.35,12.543258481594735,9.412198132737196,62.21036618629071,836.0
2013-05-10,884.0,1382.0,994.0,866.0,551.0,889.0,892.0,889.0,863.0,888.0,931.0,995.0,869.0,551.0,881.0,879.15,849.6333333333333,10.739335795852996,8.957648892979874,60.96650001688786,830.0
2013-05-13,879.0,1370.0,993.0,861.0,553.0,884.0,889.0,892.0,862.0,889.0,922.0,994.0,866.0,551.0,883.4285714285714,879.35,851.7666666666667,6.996597812875206,8.904611460858433,59.68259737472812,829.0
2013-05-14,872.0,1360.0,988.0,857.0,555.0,879.0,884.0,889.0,873.0,885.0,910.0,993.0,861.0,553.0,883.2857142857143,879.15,853.8333333333334,7.250615737589323,9.027880791450473,58.155888305898245,828.0
2013-05-15,861.0,1338.0,974.0,854.0,555.0,872.0,879.0,884.0,878.0,879.0,896.0,988.0,857.0,555.0,880.8571428571429,878.2,855.6333333333333,11.126972805407608,9.892048907311272,56.63351306669229,826.0
2013-05-16,850.0,1334.0,951.0,853.0,554.0,861.0,872.0,879.0,889.0,872.0,877.0,974.0,854.0,555.0,875.2857142857143,876.45,857.35,15.337473561211722,11.577996372675493,54.816744008962345,822.0
2013-05-17,841.0,1326.0,930.0,851.0,553.0,850.0,861.0,872.0,892.0,871.0,866.0,951.0,853.0,554.0,868.0,874.25,859.0666666666667,17.962924780487768,13.829316686144754,52.58306315809986,818.0
2013-05-20,836.0,1317.0,917.0,852.0,555.0,841.0,850.0,861.0,889.0,868.0,861.0,930.0,851.0,553.0,860.4285714285714,871.65,860.75,18.78702693230619,15.84887510553789,50.10214143413869,811.0
2013-05-21,830.0,1321.0,899.0,851.0,554.0,836.0,841.0,850.0,884.0,863.0,858.0,917.0,852.0,555.0,852.7142857142857,868.7,862.3,18.58058382400659,17.818086612540203,47.58410929756222,809.0
2013-05-22,829.0,1333.0,880.0,853.0,552.0,830.0,836.0,841.0,879.0,862.0,856.0,899.0,851.0,554.0,845.5714285714286,865.9,863.7833333333333,16.256866681146658,19.44736486019796,45.02545105774135,806.0
2013-05-23,828.0,1339.0,863.0,855.0,551.0,829.0,830.0,836.0,872.0,873.0,859.0,880.0,853.0,552.0,839.2857142857143,863.35,865.2,12.378937565113446,20.92662620242888,42.42273135488107,805.0
2013-05-24,826.0,1350.0,854.0,857.0,546.0,828.0,829.0,830.0,861.0,878.0,865.0,863.0,855.0,551.0,834.2857142857143,861.05,866.6166666666667,8.654753717331236,22.40177389605255,39.52518684959498,801.0
2013-05-28,822.0,1346.0,838.0,858.0,545.0,826.0,828.0,829.0,850.0,889.0,875.0,854.0,857.0,546.0,830.2857142857143,858.6,867.9,6.343350474394778,23.886574075372888,36.65538090332298,806.0
2013-05-29,818.0,1348.0,821.0,859.0,543.0,822.0,826.0,828.0,841.0,892.0,876.0,838.0,858.0,545.0,827.0,856.1,868.9166666666666,5.802298395427939,25.41839367166508,34.297448473123346,812.0
2013-05-30,811.0,1339.0,806.0,865.0,537.0,818.0,822.0,826.0,836.0,889.0,880.0,821.0,859.0,543.0,823.4285714285714,853.5,869.5,6.92476576898529,27.267678958706863,32.961970897366854,815.0
2013-05-31,809.0,1336.0,795.0,871.0,533.0,811.0,818.0,822.0,830.0,884.0,885.0,806.0,865.0,537.0,820.4285714285714,850.85,869.8333333333334,8.059303999435647,28.92326508476384,32.22703711046178,825.0
2013-06-03,806.0,1333.0,786.0,873.0,529.0,809.0,811.0,818.0,829.0,879.0,885.0,795.0,871.0,533.0,817.1428571428571,847.5,869.8333333333334,8.649249898833533,30.07971864379429,32.22703711046178,847.0
2013-06-04,805.0,1338.0,776.0,877.0,526.0,806.0,809.0,811.0,828.0,872.0,888.0,786.0,873.0,529.0,813.8571428571429,843.85,869.5833333333334,8.19407451429473,30.6083493941961,32.6752338013048,873.0
2013-06-05,801.0,1335.0,768.0,880.0,521.0,805.0,806.0,809.0,826.0,861.0,889.0,776.0,877.0,526.0,810.2857142857143,839.45,869.0333333333333,7.43223352977168,30.097167203738707,33.550350053549394,900.0
2013-06-06,806.0,1344.0,764.0,885.0,521.0,801.0,805.0,806.0,822.0,850.0,885.0,768.0,880.0,521.0,808.0,835.15,868.4166666666666,5.416025603365156,28.282922130078944,34.36705737742914,925.0
2013-06-07,812.0,1352.0,764.0,889.0,524.0,806.0,801.0,805.0,818.0,841.0,879.0,764.0,885.0,521.0,807.1428571428571,831.3,867.8333333333334,3.804758925236461,25.688621277979628,35.02743073606678,962.0
2013-06-10,815.0,1359.0,766.0,890.0,525.0,812.0,806.0,801.0,811.0,836.0,872.0,764.0,889.0,524.0,807.7142857142857,827.85,867.0,4.680252333767505,22.697727686066447,35.68458813722865,995.0
2013-06-11,825.0,1379.0,777.0,892.0,525.0,815.0,812.0,806.0,809.0,830.0,871.0,766.0,890.0,525.0,810.0,825.15,866.1666666666666,8.082903768838294,19.241607876936055,36.07626886412202,1012.0
2013-06-12,847.0,1427.0,808.0,895.0,525.0,825.0,815.0,812.0,806.0,829.0,868.0,777.0,892.0,525.0,815.8571428571429,823.9,865.6166666666667,15.83696700168542,16.679328523821162,36.11332993349188,1027.0
2013-06-13,873.0,1484.0,833.0,895.0,528.0,847.0,825.0,815.0,805.0,828.0,863.0,808.0,895.0,525.0,825.5714285714286,824.5,865.3,25.793133083994185,18.22808706091488,35.96104295184833,1062.0
2013-06-14,900.0,1537.0,859.0,900.0,533.0,873.0,847.0,825.0,801.0,826.0,862.0,833.0,895.0,528.0,839.7142857142857,827.0,865.3166666666667,35.419929821702205,24.320231993467655,35.977154553031326,1090.0
2013-06-17,925.0,1588.0,878.0,900.0,539.0,900.0,873.0,847.0,806.0,822.0,873.0,859.0,900.0,533.0,856.7142857142857,831.2,865.5333333333333,44.048133845157714,32.68123556263301,36.30075250987984,1125.0
2013-06-18,962.0,1674.0,892.0,903.0,544.0,925.0,900.0,873.0,812.0,818.0,878.0,878.0,900.0,539.0,878.1428571428571,837.5,866.1833333333333,54.02600784633541,43.88081945218278,37.67051252822916,1151.0
2013-06-19,995.0,1757.0,909.0,909.0,547.0,962.0,925.0,900.0,815.0,811.0,889.0,892.0,903.0,544.0,903.8571428571428,845.75,867.2666666666667,61.30913083556331,56.18285466136753,40.374461917856,1171.0
2013-06-20,1012.0,1792.0,920.0,916.0,548.0,995.0,962.0,925.0,825.0,809.0,892.0,909.0,909.0,547.0,930.5714285714286,854.9,868.5833333333334,61.95928002289083,67.14391456538358,43.70521113369815,1179.0
2013-06-21,1027.0,1822.0,927.0,923.0,552.0,1012.0,995.0,962.0,847.0,806.0,889.0,920.0,916.0,548.0,956.2857142857144,864.85,870.1166666666667,58.764258654735336,76.9731839840164,47.52201690175411,1170.0
2013-06-24,1062.0,1912.0,937.0,930.0,552.0,1027.0,1012.0,995.0,873.0,805.0,884.0,927.0,923.0,552.0,983.2857142857144,876.65,872.3,57.52597756875196,88.00315484778706,53.053953989437936,1133.0
2013-06-25,1090.0,1959.0,959.0,937.0,552.0,1062.0,1027.0,1012.0,900.0,801.0,879.0,937.0,930.0,552.0,1010.4285714285714,890.05,875.1,56.49441607470088,98.9648927650898,59.7340717015754,1103.0
2013-06-26,1125.0,2061.0,976.0,944.0,554.0,1090.0,1062.0,1027.0,925.0,806.0,872.0,959.0,937.0,552.0,1039.0,905.4,878.6833333333333,56.66274496235553,110.35464361968108,67.77117322961848,1099.0
2013-06-27,1151.0,2120.0,994.0,950.0,558.0,1125.0,1090.0,1062.0,962.0,812.0,861.0,976.0,944.0,554.0,1066.0,922.4,882.9333333333333,58.84442766030496,120.746101604306,76.33065152084622,1115.0
2013-06-28,1171.0,2165.0,1007.0,954.0,564.0,1151.0,1125.0,1090.0,995.0,815.0,850.0,994.0,950.0,558.0,1091.142857142857,940.5,887.8333333333334,61.01209872212485,129.65602265429928,84.89897619056995,1120.0
2013-07-01,1179.0,2176.0,1014.0,954.0,566.0,1171.0,1151.0,1125.0,1012.0,825.0,841.0,1007.0,954.0,564.0,1115.0,959.15,893.05,57.4543296889107,135.96411097672103,92.78468331379872,1130.0
2013-07-02,1170.0,2134.0,1016.0,952.0,569.0,1179.0,1171.0,1151.0,1027.0,847.0,836.0,1014.0,954.0,566.0,1135.428571428571,977.4,898.2,45.02909112586024,138.65382869049185,99.32088042375744,1139.0
2013-07-03,1133.0,2020.0,1017.0,943.0,569.0,1170.0,1179.0,1171.0,1062.0,873.0,830.0,1016.0,952.0,569.0,1145.571428571429,994.0,902.7833333333332,31.779747968703653,136.27680808214808,103.68369299029168,1149.0
2013-07-04,1103.0,1936.0,1012.0,932.0,568.0,1133.0,1170.0,1179.0,1090.0,900.0,829.0,1017.0,943.0,569.0,1147.428571428571,1008.85,906.9,28.165328229716252,130.78357976767623,106.65558381696027,1151.0
2013-07-05,1099.0,1929.0,1008.0,924.0,568.0,1103.0,1133.0,1170.0,1125.0,925.0,828.0,1012.0,932.0,568.0,1143.7142857142858,1023.2,910.9,32.927770881735135,123.59552027312722,109.29647132493504,1152.0
2013-07-08,1115.0,1977.0,1002.0,920.0,568.0,1099.0,1103.0,1133.0,1151.0,962.0,826.0,1008.0,924.0,568.0,1138.571428571429,1038.2,915.0666666666668,34.37953433300613,114.89610867857871,112.24260447754008,1151.0
2013-07-09,1120.0,2012.0,1006.0,911.0,566.0,1115.0,1099.0,1103.0,1171.0,995.0,822.0,1002.0,920.0,568.0,1131.2857142857142,1052.95,919.15,31.658144216616456,104.5559407056731,115.17839148217524,1146.0
2013-07-10,1130.0,2037.0,1024.0,904.0,564.0,1120.0,1115.0,1099.0,1179.0,1012.0,818.0,1006.0,911.0,566.0,1124.2857142857142,1067.1,923.3833333333332,23.788752844711667,93.81499150767485,118.19390727752638,1138.0
2013-07-11,1139.0,2047.0,1062.0,901.0,561.0,1130.0,1120.0,1115.0,1170.0,1027.0,811.0,1024.0,904.0,564.0,1119.857142857143,1080.4,927.7,15.192416654750984,83.09183252032136,121.27211313299992,1135.0
2013-07-12,1149.0,2058.0,1097.0,897.0,561.0,1139.0,1130.0,1120.0,1133.0,1062.0,809.0,1062.0,901.0,561.0,1122.142857142857,1092.85,932.1,18.37052504634025,72.63555385771312,124.44435145953292,1127.0
2013-07-15,1151.0,2052.0,1118.0,894.0,560.0,1149.0,1139.0,1130.0,1103.0,1090.0,806.0,1097.0,897.0,561.0,1129.0,1104.15,936.5333333333332,18.982448033257885,61.94078241612739,127.44004461614728,1117.0
2013-07-16,1152.0,2044.0,1136.0,895.0,559.0,1151.0,1149.0,1139.0,1099.0,1125.0,805.0,1118.0,894.0,560.0,1136.571428571429,1113.65,940.9333333333332,15.219035699446469,52.90236787065453,130.26216936768603,1092.0
2013-07-17,1151.0,2034.0,1153.0,894.0,556.0,1152.0,1151.0,1149.0,1115.0,1151.0,801.0,1136.0,895.0,559.0,1141.7142857142858,1121.45,945.3,12.566016150981309,45.46540037858723,132.85729568587203,1082.0
2013-07-18,1146.0,2006.0,1165.0,897.0,550.0,1151.0,1152.0,1151.0,1120.0,1171.0,806.0,1153.0,894.0,556.0,1145.428571428571,1128.15,949.65,8.14160391370538,37.697235693796976,135.103328315952,1075.0
2013-07-19,1138.0,1987.0,1172.0,898.0,544.0,1146.0,1151.0,1152.0,1130.0,1179.0,812.0,1165.0,897.0,550.0,1146.571428571429,1133.7,953.9666666666668,5.85540043785723,29.24506256134284,136.93298703331885,1067.0
2013-07-22,1135.0,1978.0,1170.0,902.0,541.0,1138.0,1146.0,1151.0,1139.0,1170.0,815.0,1172.0,898.0,544.0,1146.0,1137.35,958.35,6.831300510782209,23.890705085451675,138.46554059482557,1062.0
2013-07-23,1127.0,1956.0,1159.0,907.0,539.0,1135.0,1138.0,1146.0,1149.0,1133.0,825.0,1170.0,902.0,541.0,1142.857142857143,1139.2,962.6166666666668,9.6855316741768,21.32604042025497,139.66729130294198,1066.0
2013-07-24,1117.0,1936.0,1145.0,914.0,539.0,1127.0,1135.0,1138.0,1151.0,1103.0,847.0,1159.0,907.0,539.0,1138.0,1138.8,966.7666666666668,12.909944487434592,21.67851228159325,140.50506555402717,1065.0
2013-07-25,1092.0,1890.0,1123.0,917.0,535.0,1117.0,1127.0,1135.0,1152.0,1099.0,873.0,1145.0,914.0,539.0,1129.428571428571,1135.85,970.5833333333334,20.02379536837086,23.83777409261497,140.74863899357896,1058.0
2013-07-26,1082.0,1873.0,1104.0,917.0,534.0,1092.0,1117.0,1127.0,1151.0,1115.0,900.0,1123.0,917.0,535.0,1119.571428571429,1131.4,974.25,24.18578882224909,25.19899747391804,140.73759992948578,1046.0
2013-07-29,1075.0,1864.0,1090.0,919.0,534.0,1082.0,1092.0,1117.0,1146.0,1120.0,925.0,1104.0,917.0,534.0,1109.428571428571,1126.2,977.6166666666668,26.069504169069564,25.587003279954462,140.69055979643005,1024.0
2013-07-30,1067.0,1856.0,1075.0,916.0,532.0,1075.0,1082.0,1092.0,1138.0,1130.0,962.0,1090.0,919.0,534.0,1099.2857142857142,1121.05,980.7666666666668,26.899283049433837,26.65071342988894,140.53811433890277,1012.0
2013-07-31,1062.0,1881.0,1057.0,912.0,531.0,1067.0,1075.0,1082.0,1135.0,1139.0,995.0,1075.0,916.0,532.0,1088.857142857143,1117.5,983.65,24.815509743136342,29.546573405494208,140.39808113522864,1001.0
2013-08-01,1066.0,1935.0,1041.0,909.0,530.0,1062.0,1067.0,1075.0,1127.0,1149.0,1012.0,1057.0,912.0,531.0,1080.142857142857,1115.65,986.55,19.28236302458096,31.5899301078172,140.26988816362996,996.0
2013-08-02,1065.0,1950.0,1021.0,908.0,529.0,1066.0,1062.0,1067.0,1117.0,1151.0,1027.0,1041.0,909.0,530.0,1072.7142857142858,1113.95,989.4833333333332,10.91961973881534,33.39630455456081,140.0354061363229,1007.0
2013-08-05,1058.0,1939.0,1009.0,908.0,527.0,1065.0,1066.0,1062.0,1092.0,1152.0,1062.0,1021.0,908.0,529.0,1067.857142857143,1111.1,992.3833333333332,8.112306935254132,35.65758205348432,139.61497803032788,1060.0
2013-08-06,1046.0,1907.0,992.0,907.0,526.0,1058.0,1065.0,1066.0,1082.0,1151.0,1090.0,1009.0,908.0,527.0,1062.7142857142858,1107.4,995.1666666666666,9.013217807218624,38.417923448717,138.97947253218425,1091.0
2013-08-07,1024.0,1853.0,977.0,911.0,525.0,1046.0,1058.0,1065.0,1075.0,1146.0,1125.0,992.0,907.0,526.0,1055.428571428571,1102.1,997.7,15.61897502894082,42.25598680730136,138.0787419665469,1102.0
2013-08-08,1012.0,1829.0,962.0,913.0,522.0,1024.0,1046.0,1058.0,1067.0,1138.0,1151.0,977.0,911.0,525.0,1047.571428571429,1095.75,1000.2166666666668,21.53955387083745,45.811829086129,136.91616780228355,1115.0
2013-08-09,1001.0,1813.0,948.0,911.0,521.0,1012.0,1024.0,1046.0,1062.0,1135.0,1171.0,962.0,913.0,522.0,1038.857142857143,1088.35,1002.7333333333332,26.49797835958845,48.624528140108886,135.48855310546418,1145.0
2013-08-12,996.0,1805.0,940.0,910.0,518.0,1001.0,1012.0,1024.0,1066.0,1127.0,1179.0,948.0,911.0,521.0,1028.857142857143,1080.6,1005.3166666666668,27.72741466152088,50.43223697519167,133.8199513471155,1156.0
2013-08-13,1007.0,1846.0,933.0,909.0,516.0,996.0,1001.0,1012.0,1065.0,1117.0,1170.0,940.0,910.0,518.0,1020.5714285714286,1073.35,1008.1666666666666,23.46527322707916,50.04868682230981,131.96085278096652,1158.0
2013-08-14,1060.0,2021.0,928.0,910.0,518.0,1007.0,996.0,1001.0,1058.0,1092.0,1133.0,933.0,909.0,516.0,1020.8571428571428,1068.8,1012.0,24.00297600601405,46.63813664244886,130.02398735675197,1165.0
2013-08-15,1091.0,2099.0,926.0,913.0,517.0,1060.0,1007.0,996.0,1046.0,1082.0,1103.0,928.0,910.0,518.0,1027.2857142857142,1066.05,1016.3666666666668,35.25012664620986,43.3522596995666,128.16011789641183,1169.0
2013-08-16,1102.0,2112.0,923.0,916.0,517.0,1091.0,1060.0,1007.0,1024.0,1075.0,1099.0,926.0,913.0,517.0,1038.428571428571,1064.25,1020.9333333333332,45.014283447457885,40.88478677307381,126.2010592057208,1146.0
2013-08-19,1115.0,2140.0,917.0,917.0,519.0,1102.0,1091.0,1060.0,1012.0,1067.0,1115.0,923.0,916.0,517.0,1053.142857142857,1063.25,1025.75,51.32714866889164,39.27618134516967,124.13314680457528,1136.0
2013-08-20,1145.0,2218.0,912.0,919.0,520.0,1115.0,1102.0,1091.0,1001.0,1062.0,1120.0,917.0,917.0,519.0,1073.7142857142858,1064.15,1031.1333333333334,55.62287984190504,40.98301959034824,122.13502762010728,1132.0
2013-08-21,1156.0,2268.0,905.0,920.0,522.0,1145.0,1115.0,1102.0,996.0,1066.0,1130.0,912.0,919.0,520.0,1096.571428571429,1066.1,1036.7666666666669,51.05179442769746,44.41419877288807,119.91259057556864,1139.0
2013-08-22,1158.0,2284.0,904.0,925.0,525.0,1156.0,1145.0,1115.0,1007.0,1065.0,1139.0,905.0,920.0,522.0,1118.142857142857,1069.4,1042.55,36.81226503687253,48.68632143367261,117.17601203583853,1168.0
2013-08-23,1165.0,2312.0,903.0,927.0,528.0,1158.0,1156.0,1145.0,1060.0,1058.0,1149.0,904.0,925.0,525.0,1133.142857142857,1073.55,1048.4833333333331,29.918938101892824,53.14971406573344,114.12296247900542,1215.0
2013-08-27,1169.0,2335.0,904.0,929.0,531.0,1165.0,1158.0,1156.0,1091.0,1046.0,1151.0,903.0,927.0,528.0,1144.2857142857142,1078.25,1054.5333333333333,25.85674822117863,57.28035853318566,110.6183646547114,1279.0
2013-08-28,1146.0,2284.0,901.0,934.0,531.0,1169.0,1165.0,1158.0,1102.0,1024.0,1152.0,904.0,929.0,531.0,1150.571428571429,1082.2,1060.2166666666667,18.026435614240395,59.15688330288679,106.25442629536526,1352.0
2013-08-29,1136.0,2256.0,904.0,937.0,530.0,1146.0,1169.0,1165.0,1115.0,1012.0,1151.0,901.0,934.0,531.0,1153.571428571429,1085.9,1065.8,11.787806452192193,60.13309798846498,101.07805341105671,1478.0
2013-08-30,1132.0,2243.0,907.0,939.0,531.0,1136.0,1146.0,1169.0,1145.0,1001.0,1146.0,904.0,937.0,530.0,1151.7142857142858,1089.2,1071.2333333333331,14.150551057823348,60.79092730096653,95.48313661869048,1541.0
2013-09-02,1139.0,2263.0,912.0,939.0,534.0,1132.0,1136.0,1146.0,1156.0,996.0,1138.0,907.0,939.0,531.0,1149.2857142857142,1092.9,1076.6833333333334,14.738999126130455,61.48846704019802,89.58595752305771,1628.0
2013-09-03,1168.0,2344.0,921.0,939.0,534.0,1139.0,1132.0,1136.0,1158.0,1007.0,1135.0,912.0,939.0,534.0,1150.7142857142858,1098.4,1082.5666666666666,16.14222501929034,63.10092167152273,83.49329957223284,1621.0
2013-09-04,1215.0,2445.0,933.0,943.0,535.0,1168.0,1139.0,1132.0,1165.0,1060.0,1127.0,921.0,939.0,534.0,1157.857142857143,1106.85,1089.0666666666666,29.254222324503417,66.91493028273324,78.10897790517255,1636.0
2013-09-05,1279.0,2660.0,961.0,952.0,534.0,1215.0,1168.0,1139.0,1169.0,1091.0,1117.0,933.0,943.0,535.0,1173.571428571429,1119.6,1096.2666666666669,54.70788225616378,74.19561627003627,75.27663483063344,1651.0
2013-09-06,1352.0,2799.0,1020.0,959.0,537.0,1279.0,1215.0,1168.0,1146.0,1102.0,1092.0,961.0,952.0,534.0,1203.0,1136.6,1104.25,84.6286003665534,86.2208913504696,76.58552879200471,1740.0
2013-09-09,1478.0,3113.0,1105.0,965.0,540.0,1352.0,1279.0,1215.0,1136.0,1115.0,1082.0,1020.0,959.0,537.0,1251.857142857143,1160.45,1113.8833333333334,127.40935152940894,109.55338761009872,86.20611714246402,1822.0
2013-09-10,1541.0,3255.0,1186.0,958.0,542.0,1478.0,1352.0,1279.0,1132.0,1145.0,1075.0,1105.0,965.0,540.0,1310.2857142857142,1187.7,1124.15,154.23976388047998,131.98089973455777,99.05362783084932,1860.0
2013-09-11,1628.0,3431.0,1241.0,954.0,543.0,1541.0,1478.0,1352.0,1139.0,1156.0,1067.0,1186.0,958.0,542.0,1380.142857142857,1218.75,1135.25,173.2930356086979,157.762271188434,116.37645300304912,1904.0
2013-09-12,1621.0,3397.0,1278.0,946.0,545.0,1628.0,1541.0,1478.0,1168.0,1158.0,1062.0,1241.0,954.0,543.0,1444.857142857143,1246.8,1145.6833333333334,165.26486677596432,176.7777671184225,130.76158815900234,1947.0
2013-09-13,1636.0,3446.0,1306.0,940.0,544.0,1621.0,1628.0,1541.0,1215.0,1165.0,1066.0,1278.0,946.0,545.0,1505.0,1274.05,1156.0833333333333,142.74452704044677,192.77870460031457,144.08487278331148,2021.0
2013-09-16,1651.0,3480.0,1321.0,936.0,547.0,1636.0,1621.0,1628.0,1279.0,1169.0,1065.0,1306.0,940.0,544.0,1558.142857142857,1301.5,1166.4833333333331,110.09606195111397,205.6477570993835,156.58738738166878,2127.0
2013-09-17,1740.0,3691.0,1349.0,934.0,548.0,1651.0,1636.0,1621.0,1352.0,1146.0,1058.0,1321.0,936.0,547.0,1613.571428571429,1332.75,1177.7833333333333,83.46427807323444,222.6039378759997,172.56785368168892,2113.0
2013-09-18,1822.0,3838.0,1385.0,942.0,549.0,1740.0,1651.0,1636.0,1478.0,1136.0,1046.0,1349.0,934.0,548.0,1662.7142857142858,1366.6,1189.9833333333331,91.24639588446814,243.08291849318664,191.1330614392813,2046.0
2013-09-19,1860.0,3924.0,1415.0,951.0,554.0,1822.0,1740.0,1651.0,1541.0,1132.0,1024.0,1385.0,942.0,549.0,1708.2857142857142,1401.8,1202.2333333333331,99.60373869441317,261.2729163960795,209.56268967534623,2003.0
2013-09-20,1904.0,4018.0,1453.0,964.0,558.0,1860.0,1822.0,1740.0,1628.0,1139.0,1012.0,1415.0,951.0,554.0,1747.7142857142858,1439.1,1214.7833333333333,115.83136346389448,277.3889346254447,228.164235500642,1994.0
2013-09-23,1947.0,4111.0,1509.0,971.0,561.0,1904.0,1860.0,1822.0,1621.0,1168.0,1001.0,1453.0,964.0,558.0,1794.2857142857142,1478.2,1227.7166666666667,121.77672777904388,291.47566477821533,246.86729377232945,2008.0
2013-09-24,2021.0,4253.0,1602.0,986.0,567.0,1947.0,1904.0,1860.0,1636.0,1215.0,996.0,1509.0,971.0,561.0,1849.2857142857144,1520.8,1241.75,125.26467217550947,305.8151488451249,267.1498421028981,2047.0
2013-09-25,2127.0,4329.0,1745.0,1012.0,576.0,2021.0,1947.0,1904.0,1651.0,1279.0,1007.0,1602.0,986.0,567.0,1917.2857142857144,1569.85,1257.7,128.83285590991267,320.83940481839005,290.35421383464603,2084.0
2013-09-26,2113.0,4193.0,1794.0,1046.0,585.0,2127.0,2021.0,1947.0,1740.0,1352.0,1060.0,1745.0,1012.0,576.0,1970.571428571429,1618.7,1274.0333333333333,120.12889902497142,325.6475492243077,310.1123343032575,2115.0
2013-09-27,2046.0,3967.0,1800.0,1069.0,594.0,2113.0,2127.0,2021.0,1822.0,1478.0,1091.0,1794.0,1046.0,585.0,2002.571428571429,1664.4,1289.75,102.49692213729324,317.78996705041425,324.8433586009234,2146.0
2013-09-30,2003.0,3853.0,1795.0,1079.0,597.0,2046.0,2113.0,2127.0,1860.0,1541.0,1102.0,1800.0,1069.0,594.0,2023.0,1707.6,1304.8166666666666,81.43095234613952,300.88455558483304,336.59785852199235,2125.0
2013-10-01,1994.0,3816.0,1786.0,1087.0,597.0,2003.0,2046.0,2113.0,1904.0,1628.0,1115.0,1795.0,1079.0,597.0,2035.857142857143,1748.9,1319.4666666666667,64.94723132776379,278.7983425156661,347.15929361209965,2011.0
2013-10-02,2008.0,3810.0,1813.0,1093.0,599.0,1994.0,2003.0,2046.0,1947.0,1621.0,1145.0,1786.0,1087.0,597.0,2044.571428571429,1788.55,1334.2666666666669,54.24898506840067,254.17388888216436,357.29216391559595,1985.0
2013-10-03,2047.0,3878.0,1862.0,1101.0,602.0,2008.0,1994.0,2003.0,2021.0,1636.0,1156.0,1813.0,1093.0,599.0,2048.285714285714,1826.95,1349.55,53.24695385876323,230.0053717908364,367.8626505382485,1961.0
2013-10-04,2084.0,3943.0,1914.0,1113.0,609.0,2047.0,2008.0,1994.0,2127.0,1651.0,1158.0,1862.0,1101.0,602.0,2042.142857142857,1863.55,1365.3,44.39755463020511,207.59943083789983,378.7637025546268,1963.0
2013-10-07,2115.0,4020.0,1947.0,1127.0,618.0,2084.0,2047.0,2008.0,2113.0,1740.0,1165.0,1914.0,1113.0,609.0,2042.4285714285716,1895.4,1381.4,44.93275398806055,193.73650037862487,389.7840862558569,1965.0
2013-10-08,2146.0,4085.0,1989.0,1145.0,622.0,2115.0,2084.0,2047.0,2046.0,1822.0,1169.0,1947.0,1127.0,618.0,2056.714285714286,1925.65,1397.9833333333331,59.72077886774886,182.3880406398148,400.8253134732285,1960.0
2013-10-09,2125.0,3959.0,2016.0,1162.0,629.0,2146.0,2115.0,2084.0,2003.0,1860.0,1146.0,1989.0,1145.0,622.0,2074.1428571428573,1950.5,1414.2,59.23239139588444,173.33220310025698,410.276087283451,1901.0
2013-10-10,2011.0,3621.0,2027.0,1175.0,630.0,2125.0,2146.0,2115.0,1994.0,1904.0,1136.0,2016.0,1162.0,629.0,2076.5714285714284,1970.0,1428.5333333333333,55.63828760501254,155.31326577702777,415.9088665930819,1878.0
2013-10-11,1985.0,3527.0,2024.0,1182.0,632.0,2011.0,2125.0,2146.0,2008.0,1947.0,1132.0,2027.0,1175.0,630.0,2073.285714285714,1987.45,1442.5166666666669,60.80217727930329,133.9483305725302,420.3293499499956,1847.0
2013-10-14,1961.0,3455.0,2020.0,1185.0,634.0,1985.0,2011.0,2125.0,2047.0,2021.0,1139.0,2024.0,1182.0,632.0,2061.0,2002.95,1456.2333333333331,74.20916385460173,108.48161377084044,423.6390919473743,1786.0
2013-10-15,1963.0,3469.0,2021.0,1186.0,637.0,1961.0,1985.0,2011.0,2084.0,2127.0,1168.0,2020.0,1185.0,634.0,2043.7142857142856,2014.1,1470.0333333333333,81.67560689645335,89.90164216057428,426.474112182192,1708.0
2013-10-16,1965.0,3478.0,2030.0,1199.0,634.0,1963.0,1961.0,1985.0,2115.0,2113.0,1215.0,2021.0,1186.0,637.0,2022.2857142857144,2021.25,1484.0,79.50411789274868,78.82350370829876,428.7653935567458,1671.0
2013-10-17,1960.0,3451.0,2059.0,1206.0,632.0,1965.0,1963.0,1961.0,2146.0,2046.0,1279.0,2030.0,1199.0,634.0,1995.7142857142856,2026.25,1498.05,59.9408438537881,70.82214565938806,430.34453776764406,1619.0
2013-10-18,1901.0,3264.0,2060.0,1213.0,634.0,1960.0,1965.0,1963.0,2125.0,2003.0,1352.0,2059.0,1206.0,632.0,1963.7142857142856,2026.1,1511.5333333333333,33.280195741176684,71.09733876142955,430.0802631699901,1551.0
2013-10-21,1878.0,3200.0,2054.0,1221.0,635.0,1901.0,1960.0,1965.0,2011.0,1994.0,1478.0,2060.0,1213.0,634.0,1944.7142857142856,2022.65,1524.8,39.22037857081181,76.59893842887864,428.88131185798136,1484.0
2013-10-22,1847.0,3110.0,2038.0,1228.0,636.0,1878.0,1901.0,1960.0,1985.0,2008.0,1541.0,2054.0,1221.0,635.0,1925.0,2013.95,1537.6666666666667,49.04759593156899,86.08959531245735,426.7331824917696,1504.0
2013-10-23,1786.0,2943.0,2010.0,1243.0,639.0,1847.0,1878.0,1901.0,1961.0,2047.0,1628.0,2038.0,1228.0,636.0,1900.0,1996.9,1549.65,68.41539787698804,95.74741991856804,423.37421140329474,1525.0
2013-10-24,1708.0,2775.0,1959.0,1252.0,644.0,1786.0,1847.0,1878.0,1963.0,2084.0,1621.0,2010.0,1243.0,639.0,1863.571428571429,1976.65,1560.4166666666667,92.81676777906274,111.44187769987111,418.9537934825891,1552.0
2013-10-25,1671.0,2681.0,1904.0,1258.0,649.0,1708.0,1786.0,1847.0,1965.0,2115.0,1636.0,1959.0,1252.0,644.0,1821.571428571429,1957.9,1570.5,104.99024898033456,129.27893140520982,414.105018203958,1600.0
2013-10-28,1619.0,2526.0,1855.0,1260.0,653.0,1671.0,1708.0,1786.0,1960.0,2146.0,1651.0,1904.0,1258.0,649.0,1772.857142857143,1938.7,1579.7333333333331,109.08624809667808,149.20741480096976,408.78492404233685,1602.0
2013-10-29,1551.0,2340.0,1790.0,1266.0,656.0,1619.0,1671.0,1708.0,1901.0,2125.0,1740.0,1855.0,1260.0,653.0,1722.857142857143,1916.55,1587.95,120.20736052259956,171.74567335394238,403.0344824798516,1593.0
2013-10-30,1484.0,2164.0,1716.0,1268.0,660.0,1551.0,1619.0,1671.0,1878.0,2011.0,1822.0,1790.0,1266.0,656.0,1666.571428571429,1890.35,1595.25,127.4792233305229,195.4000686850308,396.9730650897927,1581.0
2013-10-31,1504.0,2245.0,1667.0,1269.0,665.0,1484.0,1551.0,1619.0,1847.0,1985.0,1860.0,1716.0,1268.0,660.0,1617.571428571429,1863.2,1603.25,111.48521148992612,209.6898963507501,390.0419197375423,1564.0
2013-11-01,1525.0,2316.0,1631.0,1273.0,669.0,1504.0,1484.0,1551.0,1786.0,1961.0,1904.0,1667.0,1269.0,665.0,1580.2857142857142,1835.25,1611.8,86.64431946319066,215.87395810862165,382.4096126726049,1543.0
2013-11-04,1552.0,2400.0,1612.0,1280.0,673.0,1525.0,1504.0,1484.0,1708.0,1963.0,1947.0,1631.0,1273.0,669.0,1558.0,1807.1,1620.9833333333331,65.8989124847149,214.17550599550404,374.0168804160622,1531.0
2013-11-05,1600.0,2553.0,1617.0,1285.0,678.0,1552.0,1525.0,1504.0,1671.0,1965.0,2021.0,1612.0,1280.0,673.0,1547.857142857143,1779.8,1631.05,48.87203894332304,203.22183885961343,364.9282457912457,1517.0
2013-11-06,1602.0,2554.0,1614.0,1291.0,681.0,1600.0,1552.0,1525.0,1619.0,1960.0,2127.0,1617.0,1285.0,678.0,1545.428571428571,1753.65,1640.9666666666667,45.01798582367444,189.6612700801878,355.6490827437935,1507.0
2013-11-07,1593.0,2533.0,1594.0,1305.0,685.0,1602.0,1600.0,1552.0,1551.0,1901.0,2113.0,1614.0,1291.0,681.0,1551.428571428571,1732.75,1649.85,48.545020832424434,182.7134296334833,347.4540245162613,1500.0
2013-11-08,1581.0,2514.0,1565.0,1315.0,690.0,1593.0,1602.0,1600.0,1484.0,1878.0,2046.0,1594.0,1305.0,685.0,1565.2857142857142,1712.55,1658.0166666666669,38.99450510742293,175.54980549842554,339.7695875131768,1495.0
2013-11-11,1564.0,2506.0,1542.0,1320.0,692.0,1581.0,1593.0,1602.0,1504.0,1847.0,2003.0,1565.0,1315.0,690.0,1573.857142857143,1692.7,1665.7166666666667,28.445436490660803,168.27236693436288,332.10387856542144,1527.0
2013-11-12,1543.0,2473.0,1510.0,1321.0,693.0,1564.0,1581.0,1593.0,1525.0,1786.0,1994.0,1542.0,1320.0,692.0,1576.428571428571,1671.7,1672.85,23.71256448145291,158.69935163867206,324.5858808817793,1499.0
2013-11-13,1531.0,2455.0,1474.0,1325.0,696.0,1543.0,1564.0,1581.0,1552.0,1708.0,2008.0,1510.0,1321.0,693.0,1573.428571428571,1650.0,1679.2833333333333,28.21853494225165,145.61629463479144,317.6987215643458,1483.0
2013-11-14,1517.0,2397.0,1438.0,1339.0,699.0,1531.0,1543.0,1564.0,1600.0,1671.0,2047.0,1474.0,1325.0,696.0,1561.571428571429,1627.85,1685.3,32.33087865009451,128.68863892932467,310.9677240868136,1492.0
2013-11-15,1507.0,2377.0,1409.0,1354.0,703.0,1517.0,1531.0,1543.0,1602.0,1619.0,2084.0,1438.0,1339.0,699.0,1548.0,1608.15,1691.1166666666666,32.47049943155821,113.99135470454226,304.1261497664335,1512.0
2013-11-18,1500.0,2366.0,1382.0,1360.0,705.0,1507.0,1517.0,1531.0,1593.0,1551.0,2115.0,1409.0,1354.0,703.0,1534.7142857142858,1589.25,1696.7,29.91495883176695,96.95895767639264,297.3021803496934,1573.0
2013-11-19,1495.0,2366.0,1353.0,1363.0,708.0,1500.0,1507.0,1517.0,1581.0,1484.0,2146.0,1382.0,1360.0,705.0,1522.428571428571,1571.65,1702.1333333333334,24.992379791061364,77.75553796494988,290.3933899109248,1719.0
2013-11-20,1527.0,2511.0,1346.0,1371.0,715.0,1495.0,1500.0,1507.0,1564.0,1504.0,2125.0,1353.0,1363.0,708.0,1517.142857142857,1558.7,1708.4833333333331,17.534999015620706,59.63317691924421,282.0728053431025,1821.0
2013-11-21,1499.0,2447.0,1345.0,1378.0,721.0,1527.0,1495.0,1500.0,1543.0,1525.0,2011.0,1346.0,1371.0,715.0,1510.857142857143,1548.25,1714.5333333333333,14.311167800399192,49.55366575221103,273.34366936500345,1865.0
2013-11-22,1483.0,2390.0,1362.0,1393.0,728.0,1499.0,1527.0,1495.0,1531.0,1552.0,1985.0,1345.0,1378.0,721.0,1504.0,1538.85,1720.3833333333334,14.548768561921628,42.351008190419535,264.2706042296236,1922.0
2013-11-25,1492.0,2391.0,1387.0,1404.0,732.0,1483.0,1499.0,1527.0,1517.0,1600.0,1961.0,1362.0,1393.0,728.0,1500.428571428571,1532.5,1726.2666666666669,13.878726440879127,39.09704525122765,254.87031376007965,1994.0
2013-11-26,1512.0,2399.0,1427.0,1418.0,737.0,1492.0,1483.0,1499.0,1507.0,1602.0,1963.0,1387.0,1404.0,732.0,1501.142857142857,1530.55,1732.0,14.392458342637775,39.09835775266634,245.80721397200924,2145.0
2013-11-27,1573.0,2496.0,1510.0,1441.0,745.0,1512.0,1492.0,1483.0,1500.0,1593.0,1965.0,1427.0,1418.0,737.0,1511.571428571429,1535.0,1737.9666666666667,30.66951332546219,38.58278863632719,237.2407035321563,2176.0
2013-11-28,1719.0,2848.0,1613.0,1458.0,757.0,1573.0,1512.0,1492.0,1495.0,1581.0,1960.0,1510.0,1441.0,745.0,1543.571428571429,1545.75,1745.3,82.89321874729688,55.66239872290012,229.4868483362936,2183.0
2013-11-29,1821.0,3089.0,1665.0,1475.0,764.0,1719.0,1573.0,1512.0,1527.0,1564.0,1901.0,1613.0,1458.0,757.0,1585.571428571429,1560.55,1753.1166666666666,132.64722279145917,82.65939944009807,223.7798624455764,2237.0
2013-12-02,1865.0,3194.0,1695.0,1488.0,771.0,1821.0,1719.0,1573.0,1499.0,1543.0,1878.0,1665.0,1475.0,764.0,1637.857142857143,1576.2,1759.5666666666666,161.77188524939643,107.00152482931136,221.279052802208,2299.0
2013-12-03,1922.0,3316.0,1741.0,1507.0,776.0,1865.0,1821.0,1719.0,1483.0,1531.0,1847.0,1695.0,1488.0,771.0,1700.571428571429,1592.3,1765.9166666666667,176.18442718059143,132.0614290875269,220.36543545040283,2337.0
2013-12-04,1994.0,3481.0,1795.0,1522.0,782.0,1922.0,1865.0,1821.0,1492.0,1517.0,1786.0,1741.0,1507.0,776.0,1772.2857142857142,1611.9,1772.0166666666669,179.2779167342477,159.76130221120167,221.54553357341763,2330.0
2013-12-05,2145.0,3843.0,1867.0,1531.0,786.0,1994.0,1922.0,1865.0,1512.0,1507.0,1708.0,1795.0,1522.0,782.0,1862.7142857142856,1639.5,1780.75,185.63828115065985,199.14990386775187,225.7791500034352,2292.0
2013-12-06,2176.0,3842.0,1923.0,1552.0,789.0,2145.0,1994.0,1922.0,1573.0,1500.0,1671.0,1867.0,1531.0,786.0,1948.857142857143,1669.25,1789.75,167.84857120971398,231.7282607756634,230.6221228748977,2225.0
2013-12-09,2183.0,3831.0,1955.0,1557.0,792.0,2176.0,2145.0,1994.0,1719.0,1495.0,1619.0,1923.0,1552.0,789.0,2015.142857142857,1700.2,1798.6166666666666,152.90021645006078,256.90108684289635,235.37507692226137,2156.0
2013-12-10,2237.0,4011.0,1997.0,1554.0,796.0,2183.0,2176.0,2145.0,1821.0,1527.0,1551.0,1955.0,1557.0,792.0,2074.5714285714284,1734.9,1806.9,145.53219247856475,280.34995048483773,241.93119206691276,2134.0
2013-12-11,2299.0,4210.0,2050.0,1560.0,803.0,2237.0,2183.0,2176.0,1865.0,1499.0,1484.0,1997.0,1554.0,796.0,2136.5714285714284,1773.3,1814.85,133.30273458417008,302.66084892779446,250.1339861293367,2208.0
2013-12-12,2337.0,4291.0,2085.0,1562.0,810.0,2299.0,2237.0,2183.0,1922.0,1483.0,1504.0,2050.0,1560.0,803.0,2195.8571428571427,1814.3,1822.8,112.65349317179596,321.09321486382754,259.0158558067903,2247.0
2013-12-13,2330.0,4246.0,2096.0,1553.0,814.0,2337.0,2299.0,2237.0,1994.0,1492.0,1525.0,2085.0,1562.0,810.0,2243.8571428571427,1855.45,1829.9,78.80868939277988,332.1828087379929,266.9951246936381,2277.0
2013-12-16,2292.0,4065.0,2082.0,1546.0,817.0,2330.0,2337.0,2299.0,2145.0,1512.0,1552.0,2096.0,1553.0,814.0,2264.8571428571427,1895.05,1835.65,66.73686780039617,334.77651225542127,273.2025277819414,2113.0
2013-12-17,2225.0,3818.0,2025.0,1541.0,821.0,2292.0,2330.0,2337.0,2176.0,1573.0,1600.0,2082.0,1546.0,817.0,2271.8571428571427,1931.55,1839.05,57.84009154966982,328.60253947189454,276.79408151064894,2036.0
2013-12-18,2156.0,3638.0,1946.0,1517.0,820.0,2225.0,2292.0,2330.0,2183.0,1719.0,1602.0,2025.0,1541.0,821.0,2268.0,1963.0,1839.5333333333333,65.1869107515562,317.7675416500646,277.3302178225731,1951.0
2013-12-19,2134.0,3596.0,1883.0,1499.0,818.0,2156.0,2225.0,2292.0,2237.0,1821.0,1593.0,1946.0,1517.0,820.0,2253.285714285714,1994.75,1839.8833333333332,82.6392043477924,300.20446979387293,277.6942039437563,1876.0
2013-12-20,2208.0,3875.0,1858.0,1482.0,811.0,2134.0,2156.0,2225.0,2299.0,1865.0,1581.0,1883.0,1499.0,818.0,2240.285714285714,2031.0,1842.5833333333333,81.3976131626081,278.11754425253827,280.5055539899535,1826.0
2013-12-23,2247.0,3996.0,1835.0,1468.0,805.0,2208.0,2134.0,2156.0,2337.0,1922.0,1564.0,1858.0,1482.0,811.0,2227.428571428572,2068.75,1846.65,69.86619865345432,251.0264978674344,284.609326347661,1706.0
2013-12-24,2277.0,4078.0,1825.0,1453.0,801.0,2247.0,2208.0,2134.0,2330.0,1994.0,1543.0,1835.0,1468.0,805.0,2219.8571428571427,2107.0,1851.3666666666663,58.91074766521351,217.81305359367173,289.39738479759137,1512.0
2014-01-02,2113.0,3733.0,1780.0,1330.0,773.0,2277.0,2247.0,2208.0,2292.0,2145.0,1531.0,1825.0,1453.0,801.0,2194.285714285714,2134.0,1853.1166666666663,61.18200793727283,177.95741655034644,290.6752566047916,1395.0
2014-01-03,2036.0,3531.0,1750.0,1276.0,763.0,2113.0,2277.0,2247.0,2225.0,2176.0,1517.0,1780.0,1330.0,773.0,2167.285714285714,2149.85,1852.9333333333332,83.13385649202544,151.14693965949647,290.5543425741596,1370.0
2014-01-06,1951.0,3287.0,1724.0,1239.0,750.0,2036.0,2113.0,2277.0,2156.0,2183.0,1507.0,1750.0,1276.0,763.0,2138.0,2156.35,1850.7166666666667,116.98717878468037,138.52921979442655,289.2661135758531,1374.0
2014-01-07,1876.0,3017.0,1692.0,1204.0,744.0,1951.0,2036.0,2113.0,2134.0,2237.0,1500.0,1724.0,1239.0,750.0,2101.1428571428573,2156.9,1846.7333333333331,153.42471397119124,137.32822763464762,287.2033394514973,1398.0
2014-01-08,1826.0,2818.0,1672.0,1191.0,741.0,1876.0,1951.0,2036.0,2208.0,2299.0,1495.0,1692.0,1204.0,744.0,2046.571428571429,2152.1,1841.4,175.4393125298651,147.2873668074185,284.510355475654,1421.0
2014-01-09,1706.0,2500.0,1645.0,1188.0,735.0,1826.0,1876.0,1951.0,2247.0,2337.0,1527.0,1672.0,1191.0,741.0,1969.2857142857144,2137.7,1834.4166666666667,190.9098515754783,175.0248403423138,282.5669437206297,1428.0
2014-01-10,1512.0,2101.0,1621.0,1190.0,730.0,1706.0,1826.0,1876.0,2277.0,2330.0,1499.0,1645.0,1188.0,735.0,1860.0,2106.05,1826.1,203.91910160649573,224.01279921142117,284.61753700867274,1369.0
2014-01-13,1395.0,1857.0,1598.0,1191.0,726.0,1512.0,1706.0,1826.0,2113.0,2292.0,1483.0,1621.0,1190.0,730.0,1757.428571428571,2067.0,1816.2666666666669,233.83317211412336,273.731908799005,289.18991863401806,1322.0
2014-01-14,1370.0,1832.0,1580.0,1189.0,725.0,1395.0,1512.0,1706.0,2036.0,2225.0,1492.0,1598.0,1191.0,726.0,1662.2857142857142,2026.35,1806.4166666666667,237.06589399413707,313.13008478906926,294.1982089649666,1271.0
2014-01-15,1374.0,1862.0,1572.0,1182.0,724.0,1370.0,1395.0,1512.0,1951.0,2156.0,1512.0,1580.0,1189.0,725.0,1579.857142857143,1983.2,1796.6,219.618175152114,340.8122804805092,298.67749173280333,1246.0
2014-01-16,1398.0,1929.0,1570.0,1175.0,722.0,1374.0,1370.0,1395.0,1876.0,2134.0,1573.0,1572.0,1182.0,724.0,1511.571428571429,1938.15,1787.15,183.5409646762484,356.07853583755895,302.2080226980302,1217.0
2014-01-17,1421.0,2026.0,1564.0,1165.0,719.0,1398.0,1374.0,1370.0,1826.0,2208.0,1719.0,1570.0,1175.0,722.0,1453.7142857142858,1892.35,1778.1666666666667,121.12626234047632,360.9531643331503,304.9811979015243,1177.0
2014-01-20,1428.0,2082.0,1552.0,1154.0,719.0,1421.0,1398.0,1374.0,1706.0,2247.0,1821.0,1564.0,1165.0,719.0,1414.0,1847.25,1770.2833333333333,48.30803935857208,359.74111671122654,307.8519945768977,1148.0
2014-01-21,1369.0,1973.0,1530.0,1141.0,715.0,1428.0,1421.0,1398.0,1512.0,2277.0,1865.0,1552.0,1154.0,719.0,1393.571428571429,1801.1,1761.8,24.15820870060221,358.88598101406734,311.8209394910601,1127.0
2014-01-22,1322.0,1880.0,1496.0,1130.0,715.0,1369.0,1428.0,1421.0,1395.0,2113.0,1922.0,1530.0,1141.0,715.0,1383.142857142857,1755.95,1753.05,36.19589558424722,359.5508126011029,316.71718791162374,1110.0
2014-01-23,1271.0,1775.0,1468.0,1121.0,715.0,1322.0,1369.0,1428.0,1370.0,2036.0,1994.0,1496.0,1130.0,715.0,1369.0,1711.7,1744.4666666666667,56.07138307553113,362.174296510174,322.7304834870023,1093.0
2014-01-24,1246.0,1723.0,1437.0,1112.0,712.0,1271.0,1322.0,1369.0,1374.0,1951.0,2145.0,1468.0,1121.0,715.0,1350.7142857142858,1667.3,1736.7666666666669,72.60329259228656,362.10976817884097,329.06453782882795,1084.0
2014-01-27,1217.0,1673.0,1413.0,1098.0,708.0,1246.0,1271.0,1322.0,1398.0,1876.0,2176.0,1437.0,1112.0,712.0,1324.857142857143,1617.75,1729.2,84.25245510060486,351.886326591575,335.7541877270844,1086.0
2014-01-28,1177.0,1577.0,1387.0,1079.0,705.0,1217.0,1246.0,1271.0,1421.0,1826.0,2183.0,1413.0,1098.0,708.0,1290.0,1564.25,1721.8333333333333,88.22698000047083,331.95717463172974,342.9840717093592,1092.0
2014-01-29,1148.0,1531.0,1369.0,1056.0,700.0,1177.0,1217.0,1246.0,1428.0,1706.0,2237.0,1387.0,1079.0,705.0,1250.0,1507.8,1715.1166666666666,78.12809993852247,298.7020342467801,350.25511727188865,1091.0
2014-01-30,1127.0,1527.0,1347.0,1018.0,691.0,1148.0,1177.0,1217.0,1369.0,1512.0,2299.0,1369.0,1056.0,700.0,1215.428571428571,1458.5,1709.1666666666667,69.79220859778243,273.8965421276438,357.2110028610192,1096.0
2014-01-31,1110.0,1524.0,1337.0,996.0,684.0,1127.0,1148.0,1177.0,1322.0,1395.0,2337.0,1347.0,1018.0,691.0,1185.142857142857,1412.2,1702.6,61.32272164932341,248.19762923505323,364.5917707821136,1091.0
2014-02-03,1093.0,1516.0,1326.0,975.0,682.0,1110.0,1127.0,1148.0,1271.0,1370.0,2330.0,1337.0,996.0,684.0,1159.7142857142858,1369.3,1695.4,56.50284442907106,223.04285639643263,372.3417056451176,1085.0
2014-02-04,1084.0,1513.0,1313.0,961.0,681.0,1093.0,1110.0,1127.0,1246.0,1374.0,2292.0,1326.0,975.0,682.0,1136.571428571429,1329.7,1687.6,47.77327405872708,197.15105082679892,380.21533595440206,1097.0
2014-02-05,1086.0,1544.0,1307.0,948.0,677.0,1084.0,1093.0,1110.0,1217.0,1398.0,2225.0,1313.0,961.0,681.0,1117.857142857143,1292.7,1679.0333333333333,34.95439205327676,166.10050857048589,387.9346426985522,1106.0
2014-02-06,1092.0,1575.0,1307.0,937.0,676.0,1086.0,1084.0,1093.0,1177.0,1421.0,2156.0,1307.0,948.0,677.0,1105.7142857142858,1262.0,1670.5333333333333,24.04658177876486,140.45265169595956,395.1709120336641,1130.0
2014-02-07,1091.0,1588.0,1304.0,929.0,674.0,1092.0,1086.0,1084.0,1148.0,1428.0,2134.0,1307.0,937.0,676.0,1097.571428571429,1240.95,1662.1666666666667,15.45808464710829,132.3255455307303,402.09389099456,1146.0
2014-02-10,1096.0,1611.0,1305.0,929.0,669.0,1091.0,1092.0,1086.0,1127.0,1369.0,2208.0,1304.0,929.0,674.0,1093.142857142857,1226.0,1654.0833333333333,8.493695140966054,130.8876577350734,408.5760013388702,1160.0
2014-02-11,1091.0,1581.0,1322.0,928.0,667.0,1096.0,1091.0,1092.0,1110.0,1322.0,2247.0,1305.0,929.0,669.0,1090.428571428571,1212.05,1646.2,4.11732691891367,129.59388996320277,414.8584729065768,1164.0
2014-02-12,1085.0,1548.0,1324.0,938.0,665.0,1091.0,1096.0,1091.0,1093.0,1271.0,2277.0,1322.0,928.0,667.0,1089.2857142857142,1197.6,1638.5666666666666,4.386125310901706,126.6646629573948,420.95824369865625,1175.0
2014-02-13,1097.0,1557.0,1313.0,965.0,668.0,1085.0,1091.0,1096.0,1084.0,1246.0,2113.0,1324.0,938.0,665.0,1091.142857142857,1182.55,1631.3333333333333,4.525062483658805,119.26638693545075,426.5297361488567,1174.0
2014-02-14,1106.0,1554.0,1311.0,998.0,671.0,1097.0,1085.0,1091.0,1086.0,1217.0,2036.0,1313.0,965.0,668.0,1094.0,1166.8,1624.4833333333331,6.582805886409009,106.20367720863798,431.6664002136959,1197.0
2014-02-17,1130.0,1625.0,1308.0,1026.0,676.0,1106.0,1097.0,1085.0,1092.0,1177.0,1951.0,1311.0,998.0,671.0,1099.428571428571,1151.9,1618.2,14.976171549848395,86.75246090854786,436.1262373616825,1222.0
2014-02-18,1146.0,1667.0,1298.0,1049.0,677.0,1130.0,1106.0,1097.0,1091.0,1148.0,1876.0,1308.0,1026.0,676.0,1107.2857142857142,1140.75,1612.3,22.40323105959244,70.11635067217777,440.128498185767,1250.0
2014-02-19,1160.0,1690.0,1282.0,1068.0,678.0,1146.0,1130.0,1106.0,1096.0,1127.0,1826.0,1298.0,1049.0,677.0,1116.428571428571,1132.65,1606.7166666666667,29.090990259707283,56.015293964234026,443.75169005805833,1258.0
2014-02-20,1164.0,1680.0,1261.0,1087.0,676.0,1160.0,1146.0,1130.0,1091.0,1110.0,1706.0,1282.0,1068.0,678.0,1126.857142857143,1127.3,1600.6666666666667,31.44534184603708,46.3886329089647,447.3171500941655,1276.0
2014-02-21,1175.0,1701.0,1244.0,1098.0,677.0,1164.0,1160.0,1146.0,1085.0,1093.0,1512.0,1261.0,1087.0,676.0,1139.7142857142858,1123.75,1595.2666666666669,29.83685799883471,38.94648825469622,450.5095370109914,1325.0
2014-02-24,1174.0,1707.0,1222.0,1096.0,679.0,1175.0,1164.0,1160.0,1097.0,1084.0,1395.0,1244.0,1098.0,677.0,1150.7142857142858,1121.6,1590.1166666666666,25.31609689326593,34.455768747841894,453.5704341120239,1391.0
2014-02-25,1197.0,1775.0,1187.0,1096.0,679.0,1174.0,1175.0,1164.0,1106.0,1086.0,1370.0,1222.0,1096.0,679.0,1163.7142857142858,1122.6,1585.2,21.62340002348884,36.38449640921435,456.24305149109193,1480.0
2014-02-26,1222.0,1912.0,1154.0,1097.0,674.0,1197.0,1174.0,1175.0,1130.0,1092.0,1374.0,1187.0,1096.0,679.0,1176.857142857143,1126.3,1580.3666666666666,25.353688564266847,42.3731543613536,458.5618626978359,1543.0
2014-02-27,1250.0,2049.0,1123.0,1100.0,673.0,1222.0,1197.0,1174.0,1146.0,1091.0,1398.0,1154.0,1097.0,674.0,1191.7142857142858,1132.45,1574.9833333333331,33.44006721348387,50.60629771506574,460.5414827620176,1562.0
2014-02-28,1258.0,2084.0,1099.0,1103.0,669.0,1250.0,1222.0,1197.0,1160.0,1096.0,1421.0,1123.0,1100.0,673.0,1205.7142857142858,1139.85,1567.3,38.13447384247271,57.50173910417713,461.94145567872704,1580.0
2014-03-03,1276.0,2180.0,1080.0,1107.0,666.0,1258.0,1250.0,1222.0,1164.0,1091.0,1428.0,1099.0,1103.0,669.0,1221.7142857142858,1149.0,1558.2166666666667,41.09628647346139,63.86251680474611,462.2264868451917,1453.0
2014-03-04,1325.0,2326.0,1062.0,1115.0,662.0,1276.0,1258.0,1250.0,1175.0,1085.0,1369.0,1080.0,1107.0,666.0,1243.142857142857,1161.05,1549.2166666666667,50.67026929551597,73.0309775657939,461.4083118301989,1468.0
2014-03-05,1391.0,2596.0,1053.0,1116.0,661.0,1325.0,1276.0,1258.0,1174.0,1097.0,1322.0,1062.0,1115.0,662.0,1274.142857142857,1176.3,1540.3666666666666,65.52207915769003,87.0360481881822,459.2242156354498,1477.0
2014-03-06,1480.0,2830.0,1056.0,1122.0,663.0,1391.0,1325.0,1276.0,1197.0,1106.0,1271.0,1053.0,1116.0,661.0,1314.571428571429,1195.7,1531.8,91.96350207712412,107.97909154336998,455.3967091579274,1481.0
2014-03-07,1543.0,2980.0,1075.0,1131.0,663.0,1480.0,1391.0,1325.0,1222.0,1130.0,1246.0,1056.0,1122.0,663.0,1360.428571428571,1218.3,1521.7666666666669,115.2054066191728,129.97372204048753,448.2329663137252,1518.0
2014-03-10,1562.0,3023.0,1088.0,1137.0,663.0,1543.0,1480.0,1391.0,1250.0,1146.0,1217.0,1075.0,1131.0,663.0,1405.0,1241.6,1511.5333333333333,125.27569596694704,147.48502154101206,439.9762885239188,1570.0
2014-03-11,1580.0,3045.0,1104.0,1149.0,666.0,1562.0,1543.0,1480.0,1258.0,1160.0,1177.0,1088.0,1137.0,663.0,1451.0,1266.05,1501.4833333333331,121.35897165023547,161.10848747613414,431.1775163027145,1621.0
2014-03-12,1453.0,2600.0,1102.0,1159.0,668.0,1580.0,1562.0,1543.0,1276.0,1164.0,1148.0,1104.0,1149.0,666.0,1476.2857142857142,1284.45,1488.4166666666667,94.22617167525128,160.35535374190002,420.25114733473873,1599.0
2014-03-13,1468.0,2654.0,1106.0,1173.0,668.0,1453.0,1580.0,1562.0,1325.0,1175.0,1127.0,1102.0,1159.0,668.0,1496.7142857142858,1303.0,1474.5666666666666,67.73899488901341,158.9826206986673,406.5546168686089,1602.0
2014-03-14,1477.0,2677.0,1113.0,1183.0,671.0,1468.0,1453.0,1580.0,1391.0,1174.0,1110.0,1106.0,1173.0,668.0,1509.0,1321.55,1460.2333333333331,51.13381138414128,156.4102147021217,390.47560598590906,1578.0
2014-03-17,1481.0,2691.0,1116.0,1191.0,671.0,1477.0,1468.0,1453.0,1480.0,1197.0,1093.0,1113.0,1183.0,671.0,1509.142857142857,1339.1,1446.0833333333333,51.040600086060174,153.45011189996336,373.4340089487762,1496.0
2014-03-18,1518.0,2818.0,1118.0,1198.0,668.0,1481.0,1477.0,1468.0,1543.0,1222.0,1084.0,1116.0,1191.0,671.0,1505.571428571429,1357.7,1433.1833333333334,49.11502534141673,151.34314443815146,356.7113675193445,1412.0
2014-03-19,1570.0,2982.0,1120.0,1200.0,667.0,1518.0,1481.0,1477.0,1562.0,1250.0,1086.0,1118.0,1198.0,668.0,1506.7142857142858,1378.2,1422.2666666666669,50.71395036779376,150.92193869333116,341.7782940151319,1373.0
2014-03-20,1621.0,3129.0,1120.0,1205.0,671.0,1570.0,1518.0,1481.0,1580.0,1258.0,1092.0,1120.0,1200.0,667.0,1512.571428571429,1401.05,1413.35,61.75450629404542,151.3794378722972,329.05338421147417,1362.0
2014-03-21,1599.0,3036.0,1112.0,1209.0,674.0,1621.0,1570.0,1518.0,1453.0,1276.0,1091.0,1120.0,1205.0,671.0,1533.428571428571,1422.25,1404.4333333333334,62.92550395206353,147.70093361072625,316.1916050015458,1316.0
2014-03-24,1602.0,3055.0,1107.0,1207.0,676.0,1599.0,1621.0,1570.0,1468.0,1325.0,1096.0,1112.0,1209.0,674.0,1552.571428571429,1443.65,1394.3333333333333,60.019044596592096,140.67853425454288,299.3168304184694,1273.0
2014-03-25,1578.0,2993.0,1088.0,1201.0,676.0,1602.0,1599.0,1621.0,1477.0,1391.0,1091.0,1107.0,1207.0,676.0,1567.0,1462.7,1383.1833333333334,50.15309894049661,130.9829639384907,278.77081843164115,1235.0
2014-03-26,1496.0,2761.0,1062.0,1180.0,672.0,1578.0,1602.0,1599.0,1481.0,1480.0,1085.0,1088.0,1201.0,676.0,1569.142857142857,1476.4,1370.1666666666667,46.01604275117632,118.1864717523538,253.40830365556215,1205.0
2014-03-27,1412.0,2579.0,1018.0,1139.0,659.0,1496.0,1578.0,1602.0,1518.0,1543.0,1097.0,1062.0,1180.0,672.0,1554.0,1484.5,1358.4833333333331,74.36172850780602,106.8621837498948,233.99583450347916,1186.0
2014-03-28,1373.0,2557.0,978.0,1115.0,649.0,1412.0,1496.0,1578.0,1570.0,1562.0,1106.0,1018.0,1139.0,659.0,1525.857142857143,1490.25,1347.4333333333334,100.11564741410308,96.6381612538916,216.45623244660743,1098.0
2014-03-31,1362.0,2573.0,942.0,1090.0,642.0,1373.0,1412.0,1496.0,1621.0,1580.0,1130.0,978.0,1115.0,649.0,1488.857142857143,1494.55,1337.6166666666666,106.73398173564604,88.14311030786072,201.45581099913417,1061.0
2014-04-01,1316.0,2505.0,897.0,1068.0,632.0,1362.0,1373.0,1412.0,1599.0,1453.0,1146.0,942.0,1090.0,642.0,1448.428571428571,1494.1,1328.2833333333333,111.54947653076782,89.07235379472787,188.65564465420923,1029.0
2014-04-02,1273.0,2418.0,867.0,1047.0,621.0,1316.0,1362.0,1373.0,1602.0,1468.0,1160.0,897.0,1068.0,632.0,1401.428571428571,1488.2,1319.0666666666666,105.18849294301133,99.55247227893908,177.08102776833158,1002.0
2014-04-03,1235.0,2343.0,836.0,1025.0,610.0,1273.0,1316.0,1362.0,1578.0,1477.0,1164.0,867.0,1047.0,621.0,1352.428571428571,1475.95,1311.2166666666667,87.65625503991286,114.55748958954804,169.9329969321326,989.0
2014-04-04,1205.0,2306.0,822.0,1003.0,598.0,1235.0,1273.0,1316.0,1496.0,1481.0,1175.0,836.0,1025.0,610.0,1310.857142857143,1459.05,1306.1,76.51454888110923,128.2577483039785,168.39991746850234,970.0
2014-04-07,1186.0,2293.0,812.0,982.0,588.0,1205.0,1235.0,1273.0,1412.0,1518.0,1174.0,822.0,1003.0,598.0,1278.571428571429,1440.25,1302.6166666666666,74.37485494186002,139.4424518158931,168.69118225846907,936.0
2014-04-08,1098.0,2029.0,801.0,965.0,580.0,1186.0,1205.0,1235.0,1373.0,1570.0,1197.0,812.0,982.0,588.0,1239.2857142857142,1416.15,1298.0833333333333,87.63126208860643,154.82223252561965,170.49482239436338,930.0
2014-04-09,1061.0,1946.0,794.0,949.0,571.0,1098.0,1186.0,1205.0,1362.0,1621.0,1222.0,801.0,965.0,580.0,1196.2857142857142,1396.55,1292.8666666666666,91.15867902678816,173.5873737222725,172.90405556084357,939.0
2014-04-10,1029.0,1865.0,787.0,936.0,562.0,1061.0,1098.0,1186.0,1316.0,1599.0,1250.0,794.0,949.0,571.0,1155.2857142857142,1374.6,1286.7166666666667,92.86677605711633,190.96304409631892,175.64197904336174,956.0
2014-04-11,1002.0,1789.0,782.0,927.0,556.0,1029.0,1061.0,1098.0,1273.0,1602.0,1258.0,787.0,936.0,562.0,1116.571428571429,1350.85,1279.7333333333331,92.0993252651206,206.46581850401424,178.518466657828,962.0
2014-04-14,989.0,1765.0,778.0,921.0,549.0,1002.0,1029.0,1061.0,1235.0,1578.0,1276.0,782.0,927.0,556.0,1081.428571428571,1326.25,1272.4166666666667,86.11785943862476,219.06833228591583,181.3131284959277,967.0
2014-04-15,970.0,1724.0,777.0,916.0,543.0,989.0,1002.0,1029.0,1205.0,1496.0,1325.0,778.0,921.0,549.0,1047.857142857143,1298.85,1265.7666666666669,75.00539663127435,227.91486753196085,184.9904593661693,961.0
2014-04-16,936.0,1613.0,792.0,909.0,536.0,970.0,989.0,1002.0,1186.0,1412.0,1391.0,777.0,916.0,543.0,1012.1428571428572,1267.15,1259.3333333333333,55.158645654889874,232.2655637525051,189.65478600108295,949.0
2014-04-17,930.0,1591.0,812.0,908.0,533.0,936.0,970.0,989.0,1098.0,1373.0,1480.0,792.0,909.0,536.0,988.1428571428572,1232.6,1253.65,47.60752241486499,228.2179014151201,194.3504457487072,943.0
2014-04-22,939.0,1616.0,828.0,909.0,528.0,930.0,936.0,970.0,1061.0,1362.0,1543.0,812.0,908.0,533.0,970.7142857142856,1199.6,1248.5333333333333,37.81408152937959,220.01875518142649,198.55106218248923,993.0
2014-04-23,956.0,1674.0,840.0,911.0,524.0,939.0,930.0,936.0,1029.0,1316.0,1562.0,828.0,909.0,528.0,960.2857142857144,1167.3,1244.1833333333334,27.80116475816508,204.7214024756189,202.08133046945045,1017.0
2014-04-24,962.0,1692.0,852.0,909.0,520.0,956.0,939.0,930.0,1002.0,1273.0,1580.0,840.0,911.0,524.0,954.5714285714286,1136.5,1240.6,21.10179410125198,185.0756602041588,205.17534460531027,1017.0
2014-04-25,967.0,1696.0,864.0,912.0,517.0,962.0,956.0,939.0,989.0,1235.0,1453.0,852.0,909.0,520.0,951.4285714285714,1110.05,1237.5833333333333,16.18494303228534,168.00766743156282,207.87278473330247,1022.0
2014-04-28,961.0,1668.0,868.0,916.0,517.0,967.0,962.0,956.0,970.0,1205.0,1468.0,864.0,912.0,517.0,950.1428571428572,1087.5,1234.8166666666666,14.758371313104773,155.11913927180652,210.45813559035395,1022.0
2014-04-29,949.0,1613.0,872.0,922.0,515.0,961.0,967.0,962.0,936.0,1186.0,1477.0,868.0,916.0,517.0,952.0,1066.3,1232.1333333333334,13.44123010265815,142.50765445740916,213.08647617268736,1008.0
2014-04-30,943.0,1600.0,871.0,919.0,513.0,949.0,961.0,967.0,930.0,1098.0,1481.0,872.0,922.0,515.0,953.8571428571428,1045.35,1229.6333333333334,10.463087043607835,126.66710410822049,215.6114652675315,997.0
2014-05-01,993.0,1716.0,871.0,915.0,514.0,943.0,949.0,961.0,939.0,1061.0,1518.0,871.0,919.0,513.0,961.5714285714286,1029.2,1228.1166666666666,16.0816369696905,109.81304687131984,216.969035646537,987.0
2014-05-02,1017.0,1829.0,865.0,915.0,510.0,993.0,943.0,949.0,956.0,1029.0,1570.0,871.0,915.0,514.0,970.2857142857144,1016.4,1226.9666666666667,26.01739344958617,93.62658192046746,217.91585739446435,982.0
2014-05-05,1017.0,,,,,1017.0,993.0,943.0,962.0,1002.0,1621.0,865.0,915.0,510.0,978.1428571428572,1005.5,1225.7166666666667,30.937725468246843,78.2677590407944,218.9159804518274,1002.0
2014-05-06,1022.0,1691.0,866.0,917.0,510.0,1017.0,1017.0,993.0,967.0,989.0,1599.0,,,,986.0,996.35,1224.5666666666666,34.42382895619975,62.90701157476656,219.8150506611977,1021.0
2014-05-07,1022.0,1681.0,869.0,920.0,509.0,1022.0,1017.0,1017.0,961.0,970.0,1602.0,866.0,917.0,510.0,994.7142857142856,988.15,1223.3333333333333,34.75971943563022,45.03481109687191,220.7542284499684,1027.0
2014-05-08,1008.0,1613.0,879.0,918.0,508.0,1022.0,1022.0,1017.0,949.0,936.0,1578.0,869.0,920.0,509.0,1003.1428571428572,983.65,1221.95,28.398524441980477,37.31554635811463,221.85484833292097,1022.0
2014-05-09,997.0,1541.0,898.0,909.0,506.0,1008.0,1022.0,1022.0,943.0,930.0,1496.0,879.0,918.0,508.0,1010.8571428571428,980.45,1220.4833333333331,11.852265204664691,32.80480548886829,223.0631507198116,1010.0
2014-05-12,987.0,1483.0,910.0,905.0,504.0,997.0,1008.0,1022.0,993.0,939.0,1412.0,898.0,909.0,506.0,1010.0,978.35,1218.65,13.466006584687795,30.81741647022533,224.54238397995084,988.0
2014-05-13,982.0,1453.0,933.0,904.0,502.0,987.0,997.0,1008.0,1017.0,956.0,1373.0,910.0,905.0,504.0,1005.0,977.35,1216.5833333333333,16.573070526375812,30.33024372165678,226.16158103106983,966.0
2014-05-14,1002.0,1496.0,969.0,904.0,497.0,982.0,987.0,997.0,1017.0,962.0,1362.0,933.0,904.0,502.0,1002.8571428571428,978.0,1214.45,15.710172622065624,30.72972159779944,227.5913245643583,964.0
2014-05-15,1021.0,1546.0,1016.0,901.0,490.0,1002.0,982.0,987.0,1022.0,967.0,1316.0,969.0,904.0,497.0,1002.7142857142856,980.55,1212.3666666666666,15.510365198054044,32.11570365190867,228.7974432910192,973.0
2014-05-16,1027.0,1530.0,1041.0,899.0,485.0,1021.0,1002.0,982.0,1022.0,961.0,1273.0,1016.0,901.0,490.0,1003.4285714285714,985.1,1210.15,16.621844491249654,31.91749231681716,229.9547357818155,954.0
2014-05-19,1022.0,1494.0,1054.0,896.0,483.0,1027.0,1021.0,1002.0,1008.0,949.0,1235.0,1041.0,899.0,485.0,1005.4285714285714,989.7,1207.7833333333333,18.044917501185875,30.138452445241825,231.16529354092745,940.0
2014-05-20,1010.0,1431.0,1061.0,891.0,482.0,1022.0,1027.0,1021.0,997.0,943.0,1205.0,1054.0,896.0,483.0,1007.2857142857144,993.25,1205.0333333333333,17.698533703209357,27.9546154743798,232.5392597920679,934.0
2014-05-21,988.0,1354.0,1056.0,884.0,480.0,1010.0,1022.0,1027.0,987.0,993.0,1186.0,1061.0,891.0,482.0,1007.4285714285714,994.85,1201.9333333333334,17.51054104317137,26.592984828896416,234.19388365466136,934.0
2014-05-22,966.0,1302.0,1028.0,872.0,480.0,988.0,1010.0,1022.0,982.0,1017.0,1098.0,1056.0,884.0,480.0,1005.1428571428572,995.05,1198.0833333333333,21.881716656036907,26.346826434364864,236.1667962473296,948.0
2014-05-23,964.0,1358.0,1001.0,866.0,480.0,966.0,988.0,1010.0,1002.0,1017.0,1061.0,1028.0,872.0,480.0,999.7142857142856,994.9,1193.7833333333333,26.92405545066277,26.522879894524813,238.06508807089364,959.0
2014-05-27,973.0,1457.0,971.0,855.0,481.0,964.0,966.0,988.0,1021.0,1022.0,1029.0,1001.0,866.0,480.0,992.8571428571428,995.5,1189.1666666666667,26.710975094178917,25.842641220815885,239.63709615399213,977.0
2014-05-28,954.0,1405.0,940.0,846.0,481.0,973.0,964.0,966.0,1027.0,1022.0,1002.0,971.0,855.0,481.0,982.4285714285714,995.75,1184.1,25.376216836993628,25.389336758908986,241.3646021819502,989.0
2014-05-29,940.0,1379.0,904.0,839.0,484.0,954.0,973.0,964.0,1022.0,1008.0,989.0,940.0,846.0,481.0,970.7142857142856,995.6,1178.5,22.86711092181507,25.72404159136212,243.0879383324528,999.0
2014-05-30,934.0,1395.0,872.0,830.0,485.0,940.0,954.0,973.0,1010.0,997.0,970.0,904.0,839.0,484.0,959.8571428571428,992.65,1171.9833333333331,18.78322453189132,29.18773174152398,244.33177580224245,1004.0
2014-06-02,934.0,1429.0,846.0,829.0,485.0,934.0,940.0,954.0,988.0,987.0,936.0,872.0,830.0,485.0,952.1428571428572,988.5,1164.3666666666666,16.2114010441882,31.36290131591764,244.5116174611281,973.0
2014-06-03,948.0,1545.0,816.0,829.0,485.0,934.0,934.0,940.0,966.0,982.0,930.0,846.0,829.0,485.0,949.5714285714286,985.05,1155.5,15.031712509171545,31.85406691384904,242.50958394483217,939.0
2014-06-04,959.0,1604.0,786.0,821.0,484.0,948.0,934.0,934.0,964.0,1002.0,939.0,816.0,829.0,485.0,948.8571428571428,981.9,1145.7666666666669,14.334440710477669,31.11422081374839,238.37780628884997,906.0
2014-06-05,977.0,1689.0,758.0,811.0,482.0,959.0,948.0,934.0,973.0,1021.0,956.0,786.0,821.0,484.0,949.4285714285714,979.65,1136.0166666666669,15.49039641062764,29.654634855712352,232.9669716655492,880.0
2014-06-06,989.0,1793.0,727.0,802.0,481.0,977.0,959.0,948.0,954.0,1027.0,962.0,758.0,811.0,482.0,954.4285714285714,978.7,1126.1666666666667,21.639910219122456,28.995643956043214,226.27470680096883,858.0
2014-06-09,999.0,1846.0,713.0,797.0,478.0,989.0,977.0,959.0,940.0,1022.0,967.0,727.0,802.0,481.0,962.8571428571428,978.8,1118.6,26.11148260469758,29.06544339941459,222.72314652952312,867.0
2014-06-10,1004.0,1903.0,699.0,787.0,475.0,999.0,989.0,977.0,934.0,1010.0,961.0,713.0,797.0,478.0,972.8571428571428,979.65,1110.8666666666666,26.61721605431366,29.562200260046676,218.3992197995476,902.0
2014-06-11,973.0,1864.0,678.0,774.0,469.0,1004.0,999.0,989.0,934.0,988.0,949.0,699.0,787.0,475.0,978.4285714285714,979.2,1102.4666666666667,20.508999186328584,29.593029051207782,213.7206688502471,904.0
2014-06-12,939.0,1792.0,635.0,760.0,465.0,973.0,1004.0,999.0,948.0,966.0,943.0,678.0,774.0,469.0,977.1428571428572,976.05,1093.4333333333334,22.879602061268,30.38087175223272,208.84885189501264,886.0
2014-06-13,906.0,1730.0,582.0,748.0,459.0,939.0,973.0,1004.0,959.0,964.0,993.0,635.0,760.0,465.0,969.5714285714286,970.3,1083.2333333333331,35.28860601230319,32.2508261828781,202.61363136726803,867.0
2014-06-16,880.0,1695.0,542.0,740.0,450.0,906.0,939.0,973.0,977.0,973.0,1017.0,582.0,748.0,459.0,955.7142857142856,962.95,1071.7333333333331,48.46893948957463,35.259153346915994,193.91207746121145,846.0
2014-06-17,858.0,1676.0,514.0,724.0,446.0,880.0,906.0,939.0,989.0,954.0,1017.0,542.0,740.0,450.0,937.0,954.75,1059.0166666666669,57.85614343645304,39.605787721709135,181.92925535717063,824.0
2014-06-18,867.0,1767.0,492.0,715.0,443.0,858.0,880.0,906.0,999.0,940.0,1022.0,514.0,724.0,446.0,918.1428571428572,947.6,1046.8166666666666,55.753710105090136,41.94532782468399,169.20326675403908,831.0
2014-06-19,902.0,1919.0,474.0,708.0,442.0,867.0,858.0,880.0,1004.0,934.0,1022.0,492.0,715.0,443.0,903.5714285714286,943.3,1035.15,40.93432603116116,41.99385920025348,153.69635759833656,850.0
2014-06-20,904.0,1950.0,461.0,704.0,441.0,902.0,867.0,858.0,973.0,934.0,1008.0,474.0,708.0,442.0,893.7142857142857,940.2,1023.9166666666666,27.548226111878563,42.51513662343855,137.08061362855514,894.0
2014-06-23,886.0,1896.0,452.0,701.0,440.0,904.0,902.0,867.0,939.0,948.0,997.0,461.0,704.0,441.0,886.1428571428571,936.3,1013.75,18.9774302040435,43.77586453508186,123.41409212730218,890.0
2014-06-24,867.0,1848.0,446.0,694.0,438.0,886.0,904.0,902.0,906.0,959.0,987.0,452.0,701.0,440.0,880.5714285714286,931.0,1004.6666666666666,17.868567773949973,45.48221167612352,113.24290177434094,890.0
2014-06-25,846.0,1799.0,433.0,687.0,433.0,867.0,886.0,904.0,880.0,977.0,982.0,446.0,694.0,438.0,875.7142857142857,925.6,995.8833333333332,22.15637068455322,48.89128649096028,104.27231162568845,893.0
2014-06-26,824.0,1748.0,423.0,679.0,427.0,846.0,867.0,886.0,858.0,989.0,1002.0,433.0,687.0,433.0,870.8571428571429,919.8,986.9166666666666,29.2713088845738,53.73384702209361,94.97266184112426,888.0
2014-06-27,831.0,1773.0,419.0,678.0,420.0,824.0,846.0,867.0,867.0,999.0,1021.0,423.0,679.0,427.0,865.7142857142857,914.65,978.8333333333334,32.98845396869548,57.129838272630295,86.77482386332277,881.0
2014-06-30,850.0,1871.0,423.0,675.0,413.0,831.0,824.0,846.0,902.0,1004.0,1027.0,419.0,678.0,420.0,858.2857142857143,910.45,971.7833333333332,29.078710916719334,58.69858332374614,79.33453982379405,863.0
2014-07-01,894.0,2045.0,446.0,676.0,409.0,850.0,831.0,824.0,904.0,973.0,1022.0,423.0,675.0,413.0,856.8571428571429,907.75,966.1,26.598424586484548,58.1195455845243,72.03734906998346,836.0
2014-07-02,890.0,1999.0,485.0,677.0,408.0,894.0,850.0,831.0,886.0,939.0,1010.0,446.0,676.0,409.0,857.4285714285714,904.3,960.85,27.36090363320916,56.95344359076385,65.51460569472894,814.0
2014-07-03,890.0,1935.0,557.0,680.0,404.0,890.0,894.0,850.0,867.0,906.0,988.0,485.0,677.0,408.0,860.7142857142857,899.95,955.9166666666666,29.959496467365963,54.37247271807564,59.104128642699045,798.0
2014-07-04,893.0,1864.0,640.0,682.0,403.0,890.0,890.0,894.0,846.0,880.0,966.0,557.0,680.0,404.0,867.4285714285714,895.15,952.5,31.346754977599826,50.17262306544608,56.62469366113417,782.0
2014-07-07,888.0,1808.0,680.0,686.0,402.0,893.0,890.0,890.0,824.0,858.0,964.0,640.0,682.0,403.0,876.5714285714286,889.6,949.6166666666668,25.323619691747734,43.81708390695815,55.3975131507794,755.0
2014-07-08,881.0,1755.0,704.0,687.0,400.0,888.0,893.0,890.0,831.0,867.0,973.0,680.0,686.0,402.0,883.7142857142857,883.45,947.15,15.4565443069033,34.5717788773005,55.09708688365316,738.0
2014-07-09,863.0,1648.0,710.0,684.0,397.0,881.0,888.0,893.0,850.0,902.0,954.0,704.0,687.0,400.0,885.5714285714286,877.95,944.8333333333334,10.814452411420076,27.628122590918665,55.67099682078327,732.0
2014-07-10,836.0,1523.0,702.0,681.0,393.0,863.0,881.0,888.0,894.0,904.0,940.0,710.0,684.0,397.0,877.2857142857143,872.8,942.2833333333332,20.84637686932629,25.136679008632324,57.09940534199572,724.0
2014-07-11,814.0,1465.0,679.0,679.0,390.0,836.0,863.0,881.0,890.0,886.0,934.0,702.0,681.0,393.0,866.4285714285714,868.2,939.6833333333332,30.620565762664924,27.083885284598868,59.32430023931293,723.0
2014-07-14,798.0,1422.0,666.0,675.0,385.0,814.0,836.0,863.0,890.0,867.0,934.0,679.0,679.0,390.0,853.2857142857143,864.1,937.3833333333332,37.73466260497776,31.11083750930444,62.08061780748284,727.0
2014-07-15,782.0,1377.0,644.0,671.0,380.0,798.0,814.0,836.0,893.0,846.0,948.0,666.0,675.0,385.0,837.4285714285714,860.3,934.9166666666666,41.40795874739445,36.13148503079172,65.23888090651973,732.0
2014-07-16,755.0,1289.0,621.0,666.0,377.0,782.0,798.0,814.0,888.0,824.0,959.0,644.0,671.0,380.0,818.4285714285714,854.7,931.85,44.71710017013706,43.05455535534062,69.24528375310555,739.0
2014-07-17,738.0,1248.0,603.0,660.0,373.0,755.0,782.0,798.0,881.0,831.0,977.0,621.0,666.0,377.0,798.0,846.5,928.2166666666668,44.02650716716602,48.80519817012321,73.5425834597559,743.0
2014-07-18,732.0,1235.0,586.0,659.0,372.0,738.0,755.0,782.0,863.0,850.0,989.0,603.0,660.0,373.0,779.2857142857143,837.9,924.3833333333332,39.38999147726188,53.10456418092526,77.63235645255074,747.0
2014-07-21,724.0,1194.0,576.0,659.0,369.0,732.0,738.0,755.0,836.0,894.0,999.0,586.0,659.0,372.0,763.2857142857143,829.8,920.3333333333334,35.01768260815605,57.55052699931257,81.60813075707648,754.0
2014-07-22,723.0,1191.0,576.0,661.0,364.0,724.0,732.0,738.0,814.0,890.0,1004.0,576.0,659.0,369.0,750.2857142857143,822.6,916.3666666666668,29.51109557289128,61.52226811235135,85.29867101456266,755.0
2014-07-23,727.0,1198.0,584.0,661.0,361.0,723.0,724.0,732.0,798.0,890.0,973.0,576.0,661.0,364.0,740.1428571428571,816.65,912.6666666666666,21.48975392639861,64.80681819233476,88.60972641777931,751.0
2014-07-24,732.0,1201.0,596.0,666.0,358.0,727.0,723.0,724.0,782.0,893.0,939.0,584.0,661.0,361.0,733.0,812.05,909.15,11.015141094921582,67.46810162473736,91.52453130457984,753.0
2014-07-25,739.0,1193.0,606.0,679.0,357.0,732.0,727.0,723.0,755.0,888.0,906.0,596.0,666.0,358.0,730.7142857142857,807.45,904.9166666666666,6.369570517636462,69.22159307161445,93.43470332443584,755.0
2014-07-28,743.0,1187.0,616.0,684.0,358.0,739.0,732.0,727.0,738.0,881.0,880.0,606.0,679.0,357.0,731.4285714285714,802.1,900.35,7.502380575085709,69.89157015657254,94.55297591430931,759.0
2014-07-29,747.0,1195.0,624.0,688.0,357.0,743.0,739.0,732.0,732.0,863.0,858.0,616.0,684.0,358.0,733.5714285714286,794.75,895.85,9.554355775948778,67.40363491684774,95.32901544889371,765.0
2014-07-30,754.0,1200.0,625.0,704.0,356.0,747.0,743.0,739.0,724.0,836.0,867.0,624.0,688.0,357.0,737.8571428571429,787.95,891.3833333333333,11.141941354652426,64.06614591681976,95.5962717638928,777.0
2014-07-31,755.0,1195.0,619.0,716.0,355.0,754.0,747.0,743.0,723.0,814.0,902.0,625.0,704.0,356.0,742.4285714285714,781.2,886.9333333333333,10.580755216902102,59.71211637606634,95.627431470956,792.0
2014-08-01,751.0,1176.0,611.0,728.0,357.0,755.0,754.0,747.0,727.0,798.0,904.0,619.0,716.0,355.0,745.8571428571429,774.1,882.65,8.414839500377683,53.87597843784528,95.86816954661396,836.0
2014-08-04,753.0,1178.0,610.0,740.0,356.0,751.0,755.0,754.0,732.0,782.0,886.0,611.0,728.0,357.0,748.8571428571429,767.35,878.5833333333334,6.067085281837756,46.85394439390045,96.11015778466668,871.0
2014-08-05,755.0,1163.0,609.0,753.0,357.0,753.0,751.0,755.0,739.0,755.0,867.0,610.0,740.0,356.0,751.1428571428571,761.05,874.7166666666667,4.561745698422271,38.49330085261384,96.34104176153932,942.0
2014-08-06,759.0,1153.0,609.0,767.0,358.0,755.0,753.0,751.0,743.0,738.0,846.0,609.0,753.0,357.0,753.4285714285714,755.85,871.0,3.735288604634599,30.107308082980435,96.4335197368045,1015.0
2014-08-07,765.0,1150.0,616.0,785.0,360.0,759.0,755.0,753.0,747.0,732.0,824.0,609.0,767.0,358.0,756.0,752.3,867.05,4.654746682063195,23.653418580192515,95.8286650792059,1042.0
2014-08-08,777.0,1166.0,624.0,804.0,363.0,765.0,759.0,755.0,754.0,724.0,831.0,616.0,785.0,360.0,759.2857142857143,750.45,862.9833333333333,9.050124966664663,19.68829467912069,94.35067866733642,1040.0
2014-08-11,792.0,1197.0,634.0,819.0,366.0,777.0,765.0,759.0,755.0,723.0,850.0,624.0,804.0,363.0,764.5714285714286,750.15,859.0666666666667,14.987296208005288,18.95777857304284,92.28160047011544,1061.0
2014-08-12,836.0,1350.0,651.0,829.0,370.0,792.0,777.0,765.0,751.0,727.0,894.0,634.0,819.0,366.0,776.7142857142857,752.85,855.9666666666667,29.53367730651631,26.196172882459265,89.80637678221846,1096.0
2014-08-13,871.0,1546.0,674.0,845.0,373.0,836.0,792.0,777.0,753.0,732.0,890.0,651.0,829.0,370.0,793.5714285714286,758.65,853.65,43.91604544612649,37.21951242650382,87.52952528504613,1088.0
2014-08-14,942.0,1882.0,739.0,861.0,376.0,871.0,836.0,792.0,755.0,739.0,890.0,674.0,845.0,373.0,820.2857142857143,768.85,852.8833333333333,67.23023696159146,54.97872794380894,86.52854759001777,1070.0
2014-08-15,1015.0,2151.0,803.0,877.0,382.0,942.0,871.0,836.0,759.0,743.0,893.0,739.0,861.0,376.0,856.8571428571429,783.0,853.7,93.01868731863968,77.00239230735805,87.83561302381624,1063.0
2014-08-18,1042.0,2254.0,836.0,889.0,387.0,1015.0,942.0,871.0,765.0,747.0,888.0,803.0,877.0,382.0,896.4285714285714,798.9,855.0,105.50964749392377,94.92429116214304,90.0451863968068,1119.0
2014-08-19,1040.0,2256.0,837.0,902.0,394.0,1042.0,1015.0,942.0,777.0,754.0,881.0,836.0,889.0,387.0,934.0,814.75,856.1166666666667,102.68235810825878,107.24927922713816,91.92906101936606,1147.0
2014-08-20,1061.0,2380.0,828.0,912.0,399.0,1040.0,1042.0,1015.0,792.0,755.0,863.0,837.0,902.0,394.0,972.4285714285714,831.45,857.9,90.26785537660362,118.30089869304815,94.85148069400816,1151.0
2014-08-21,1096.0,2578.0,818.0,925.0,406.0,1061.0,1040.0,1042.0,836.0,751.0,836.0,828.0,912.0,399.0,1009.5714285714286,849.65,860.5,77.34092737758223,129.65106003587107,99.17942993408036,1149.0
2014-08-22,1088.0,2535.0,812.0,937.0,413.0,1096.0,1061.0,1040.0,871.0,753.0,814.0,818.0,925.0,406.0,1040.571428571429,867.1,863.0666666666667,51.819742514710136,137.23890042359625,103.03165001090694,1142.0
2014-08-26,1070.0,2430.0,808.0,944.0,420.0,1088.0,1096.0,1061.0,942.0,755.0,798.0,812.0,937.0,413.0,1058.857142857143,883.45,865.3333333333334,28.638136411921963,141.1003655484241,106.06979900000844,1147.0
2014-08-27,1063.0,2366.0,811.0,952.0,427.0,1070.0,1088.0,1096.0,1015.0,759.0,782.0,808.0,944.0,420.0,1065.7142857142858,899.25,867.25,21.155884017841643,142.70022867242417,108.59778457028708,1155.0
2014-08-28,1119.0,2551.0,842.0,963.0,437.0,1063.0,1070.0,1088.0,1042.0,765.0,755.0,811.0,952.0,427.0,1076.7142857142858,917.5,869.9166666666666,26.18978354071704,146.43752035740496,112.77310228456597,1166.0
2014-08-29,1147.0,2627.0,871.0,970.0,442.0,1119.0,1063.0,1070.0,1040.0,777.0,738.0,842.0,963.0,437.0,1092.0,937.1,872.75,31.81194744124805,149.73938763909365,117.54373509903463,1197.0
2014-09-01,1151.0,2606.0,888.0,977.0,450.0,1147.0,1119.0,1063.0,1061.0,792.0,732.0,871.0,970.0,442.0,1104.857142857143,957.1,875.45,35.201461008706495,150.28670845037044,122.03409151356216,1197.0
2014-09-02,1149.0,2568.0,903.0,983.0,456.0,1151.0,1147.0,1119.0,1096.0,836.0,724.0,888.0,977.0,450.0,1112.428571428571,976.9,877.95,38.52210249917501,148.05116469797088,126.07751516635896,1186.0
2014-09-03,1142.0,2489.0,919.0,988.0,462.0,1149.0,1151.0,1147.0,1088.0,871.0,723.0,903.0,983.0,456.0,1120.142857142857,996.25,880.25,38.22053798436156,142.71682488504254,129.62483349128007,1181.0
2014-09-04,1147.0,2464.0,927.0,993.0,466.0,1142.0,1149.0,1151.0,1070.0,942.0,727.0,919.0,988.0,462.0,1131.142857142857,1015.65,883.15,31.950109918651822,134.92776820055903,133.61985351830097,1173.0
2014-09-05,1155.0,2483.0,931.0,997.0,469.0,1147.0,1142.0,1149.0,1063.0,1015.0,732.0,927.0,993.0,466.0,1144.2857142857142,1035.15,886.75,11.842216652400676,124.58194301872454,137.98840838082197,1150.0
2014-09-08,1166.0,2519.0,940.0,995.0,472.0,1155.0,1147.0,1142.0,1119.0,1042.0,739.0,931.0,997.0,469.0,1151.0,1054.6,891.0833333333334,7.724420151112465,111.87558879588563,142.6083045656467,1124.0
2014-09-09,1197.0,2596.0,940.0,1001.0,472.0,1166.0,1155.0,1147.0,1147.0,1040.0,743.0,940.0,995.0,472.0,1158.142857142857,1074.85,896.3666666666667,18.712104562209092,97.58250220632408,147.96231387653526,1089.0
2014-09-10,1197.0,2602.0,916.0,1003.0,474.0,1197.0,1166.0,1155.0,1151.0,1061.0,747.0,940.0,1001.0,472.0,1164.7142857142858,1092.9,902.0166666666668,23.300316777007524,83.43916788204048,152.86368045508564,1075.0
2014-09-11,1186.0,2570.0,895.0,1000.0,476.0,1197.0,1197.0,1166.0,1149.0,1096.0,754.0,916.0,1003.0,474.0,1170.0,1108.65,907.3333333333334,23.33809475237344,67.5692821831204,157.1135470501549,1077.0
2014-09-12,1181.0,2546.0,875.0,1006.0,477.0,1186.0,1197.0,1197.0,1142.0,1088.0,755.0,895.0,1000.0,476.0,1175.571428571429,1120.6,911.9833333333332,19.94874384407276,56.82512416922179,161.03284133590597,1073.0
2014-09-15,1173.0,2523.0,860.0,1016.0,479.0,1181.0,1186.0,1197.0,1147.0,1070.0,751.0,875.0,1006.0,477.0,1179.2857142857142,1128.5,916.4666666666668,15.713203426061268,52.16320542303175,164.51381546921954,1056.0
2014-09-16,1150.0,2442.0,843.0,1028.0,484.0,1173.0,1181.0,1186.0,1155.0,1063.0,753.0,860.0,1016.0,479.0,1178.571428571429,1133.9,920.8666666666668,17.057326313241703,48.1750099009103,167.1937338322903,1038.0
2014-09-17,1124.0,2342.0,829.0,1031.0,488.0,1150.0,1173.0,1181.0,1166.0,1119.0,755.0,843.0,1028.0,484.0,1172.571428571429,1138.1,925.15,26.81328739555175,42.93434400037224,169.0718255754167,1049.0
2014-09-18,1089.0,2192.0,819.0,1030.0,494.0,1124.0,1150.0,1173.0,1197.0,1147.0,759.0,829.0,1031.0,488.0,1157.142857142857,1139.5,929.2,38.80476161263869,40.6855722520791,170.0513182761953,1062.0
2014-09-19,1075.0,2112.0,814.0,1029.0,498.0,1089.0,1124.0,1150.0,1197.0,1151.0,765.0,819.0,1030.0,494.0,1139.7142857142858,1138.45,933.3833333333332,44.84682926631963,42.11322457632502,170.50623445702726,1063.0
2014-09-22,1077.0,2118.0,809.0,1032.0,505.0,1075.0,1089.0,1124.0,1186.0,1149.0,777.0,814.0,1029.0,498.0,1124.142857142857,1137.9,937.4833333333332,45.020101330560905,42.871779455600695,170.95965344887298,1055.0
2014-09-23,1073.0,2077.0,800.0,1041.0,513.0,1077.0,1075.0,1089.0,1181.0,1142.0,792.0,809.0,1032.0,505.0,1108.7142857142858,1138.05,941.2,40.57385975283428,42.6262521039149,171.44884101317172,1041.0
2014-09-24,1056.0,1967.0,798.0,1045.0,521.0,1073.0,1077.0,1075.0,1173.0,1147.0,836.0,800.0,1041.0,513.0,1092.0,1137.7,943.9,33.085747183211275,43.29835295281458,171.96774431491443,1037.0
2014-09-25,1038.0,1837.0,799.0,1046.0,525.0,1056.0,1073.0,1077.0,1150.0,1155.0,871.0,798.0,1045.0,521.0,1076.0,1133.65,946.3666666666668,26.857649438068243,48.6028751586739,172.24273044777357,1029.0
2014-09-26,1049.0,1852.0,807.0,1053.0,526.0,1038.0,1056.0,1073.0,1124.0,1166.0,942.0,799.0,1046.0,525.0,1065.2857142857142,1128.75,949.0166666666668,18.025114754410936,52.006958036554366,172.58360702118648,1015.0
2014-09-29,1062.0,1922.0,812.0,1054.0,528.0,1049.0,1038.0,1056.0,1089.0,1197.0,1015.0,807.0,1053.0,526.0,1061.428571428571,1124.3,951.8333333333334,14.68397247423193,53.780352507164224,173.03239303541383,991.0
2014-09-30,1063.0,1915.0,826.0,1051.0,529.0,1062.0,1049.0,1038.0,1075.0,1197.0,1042.0,812.0,1054.0,528.0,1059.7142857142858,1120.0,954.75,13.487207342876047,55.122829352227726,173.41266790475365,974.0
2014-10-01,1055.0,1853.0,854.0,1045.0,531.0,1063.0,1062.0,1049.0,1077.0,1186.0,1040.0,826.0,1051.0,529.0,1056.571428571429,1115.65,957.65,11.148350294582032,56.70540213757649,173.6132293053854,963.0
2014-10-02,1041.0,1788.0,878.0,1033.0,531.0,1055.0,1063.0,1062.0,1073.0,1181.0,1061.0,854.0,1045.0,531.0,1052.0,1110.35,960.6166666666668,9.763879010842116,58.54487707378188,173.48922612639285,954.0
2014-10-03,1037.0,1758.0,887.0,1028.0,530.0,1041.0,1055.0,1063.0,1056.0,1173.0,1096.0,878.0,1033.0,531.0,1049.2857142857142,1104.45,963.9666666666668,11.025943432490482,59.74196708833911,172.98201794142412,948.0
2014-10-06,1029.0,1735.0,889.0,1017.0,530.0,1037.0,1041.0,1055.0,1038.0,1150.0,1088.0,887.0,1028.0,530.0,1048.0,1097.6,967.55,12.922847983515933,60.16591096385451,172.04713829826943,935.0
2014-10-07,1015.0,1698.0,884.0,1007.0,528.0,1029.0,1037.0,1041.0,1049.0,1124.0,1070.0,889.0,1017.0,530.0,1043.142857142857,1088.5,971.1666666666666,17.911156406402807,58.06756500205868,170.69808481118267,930.0
2014-10-08,991.0,1632.0,869.0,993.0,523.0,1015.0,1029.0,1037.0,1062.0,1089.0,1063.0,884.0,1007.0,528.0,1033.0,1078.2,974.65,24.38578821100205,56.04377987933173,168.8953968726186,944.0
2014-10-09,974.0,1580.0,864.0,980.0,520.0,991.0,1015.0,1029.0,1063.0,1075.0,1119.0,869.0,993.0,523.0,1020.2857142857144,1067.6,978.3,28.917781644576024,54.61193237653992,166.4162944271413,973.0
2014-10-10,963.0,1544.0,865.0,970.0,516.0,974.0,991.0,1015.0,1055.0,1077.0,1147.0,864.0,980.0,520.0,1007.1428571428572,1056.7,982.05,31.31787866083707,52.50172929487498,163.4176748111765,1090.0
2014-10-13,954.0,1521.0,868.0,959.0,513.0,963.0,974.0,991.0,1041.0,1073.0,1151.0,865.0,970.0,516.0,994.7142857142856,1045.75,985.75,32.86697575444973,49.733897155970894,160.14057648610347,1136.0
2014-10-14,948.0,1485.0,885.0,952.0,510.0,954.0,963.0,974.0,1037.0,1056.0,1149.0,868.0,959.0,513.0,982.0,1035.65,989.4833333333332,30.94080369574986,47.92678077854087,156.50477781920702,1155.0
2014-10-15,935.0,1376.0,909.0,944.0,506.0,948.0,954.0,963.0,1029.0,1038.0,1142.0,885.0,952.0,510.0,968.5714285714286,1026.2,993.0166666666668,27.330429578733074,48.22163742340423,152.73423152731448,1192.0
2014-10-16,930.0,1315.0,940.0,933.0,503.0,935.0,948.0,954.0,1015.0,1049.0,1147.0,909.0,944.0,506.0,956.4285714285714,1018.25,996.4,21.531814777785392,50.3815703564675,148.94296485458548,1285.0
2014-10-17,944.0,1362.0,966.0,923.0,501.0,930.0,935.0,948.0,991.0,1062.0,1155.0,940.0,933.0,503.0,949.7142857142856,1011.7,999.9333333333332,15.413352282267988,51.12533618475968,145.0275095665876,1395.0
2014-10-20,973.0,1512.0,995.0,916.0,498.0,944.0,930.0,935.0,974.0,1063.0,1166.0,966.0,923.0,501.0,949.5714285714286,1006.5,1003.8333333333334,15.153186055246485,49.393692331206914,140.9815670926528,1428.0
2014-10-21,1090.0,2003.0,1032.0,911.0,498.0,973.0,944.0,930.0,963.0,1055.0,1197.0,995.0,916.0,498.0,967.7142857142856,1007.35,1009.6166666666668,55.69773869057712,50.726589103841135,137.166000094535,1424.0
2014-10-22,1136.0,2186.0,1066.0,907.0,496.0,1090.0,973.0,944.0,954.0,1041.0,1197.0,1032.0,911.0,498.0,993.7142857142856,1011.35,1016.1,83.6793767618019,57.47061033812216,133.6919935993003,1428.0
2014-10-23,1155.0,2258.0,1099.0,906.0,491.0,1136.0,1090.0,973.0,948.0,1037.0,1186.0,1066.0,907.0,496.0,1023.2857142857144,1017.2,1022.7833333333332,99.84607200708167,65.69274573428935,130.34869684187282,1456.0
2014-10-24,1192.0,2422.0,1121.0,900.0,489.0,1155.0,1136.0,1090.0,935.0,1029.0,1181.0,1099.0,906.0,491.0,1060.0,1024.35,1030.0666666666666,108.81942228605882,76.2670343354228,127.3058330998848,1484.0
2014-10-27,1285.0,2852.0,1137.0,899.0,485.0,1192.0,1155.0,1136.0,930.0,1015.0,1173.0,1121.0,900.0,489.0,1110.7142857142858,1035.5,1038.9666666666667,120.25765988871257,95.84829021347716,126.12610943115088,1464.0
2014-10-28,1395.0,3436.0,1172.0,898.0,481.0,1285.0,1192.0,1155.0,944.0,991.0,1150.0,1137.0,899.0,485.0,1175.142857142857,1052.1,1049.6666666666667,135.8546141670579,125.13651492840124,128.6615144895589,1436.0
2014-10-29,1428.0,3560.0,1202.0,896.0,476.0,1395.0,1285.0,1192.0,973.0,974.0,1124.0,1172.0,898.0,481.0,1240.142857142857,1070.75,1060.8833333333334,131.80721853201473,150.76292822282542,131.83401115488937,1437.0
2014-10-30,1424.0,3534.0,1222.0,891.0,472.0,1428.0,1395.0,1285.0,1090.0,963.0,1089.0,1202.0,896.0,476.0,1287.857142857143,1089.9,1071.9666666666667,128.81696132036552,169.8956026196052,133.96065279471932,1418.0
2014-10-31,1428.0,3552.0,1233.0,892.0,467.0,1424.0,1428.0,1395.0,1136.0,954.0,1075.0,1222.0,891.0,472.0,1329.571428571429,1109.45,1083.0166666666669,118.29462814355396,185.28711006948092,135.5457883317491,1370.0
2014-11-03,1456.0,3640.0,1241.0,889.0,463.0,1428.0,1424.0,1428.0,1155.0,948.0,1077.0,1233.0,892.0,467.0,1372.571428571429,1130.8,1094.3333333333333,97.0633077650252,199.57892516101583,137.8880246600286,1327.0
2014-11-04,1484.0,3781.0,1238.0,888.0,458.0,1456.0,1428.0,1424.0,1192.0,935.0,1073.0,1241.0,889.0,463.0,1414.2857142857142,1154.25,1105.8666666666666,63.45264450942934,212.3980560422617,141.07498506978874,1264.0
2014-11-05,1464.0,3702.0,1224.0,888.0,457.0,1484.0,1456.0,1428.0,1285.0,930.0,1056.0,1238.0,888.0,458.0,1439.857142857143,1177.9,1116.3333333333333,29.824087420705435,219.47950389862032,143.98006767263738,1256.0
2014-11-06,1436.0,3612.0,1205.0,886.0,455.0,1464.0,1484.0,1456.0,1395.0,944.0,1038.0,1224.0,888.0,457.0,1445.7142857142858,1201.0,1125.75,22.72820777300897,221.19555529941417,146.12296017921645,1264.0
2014-11-07,1437.0,3661.0,1183.0,881.0,454.0,1436.0,1464.0,1484.0,1428.0,973.0,1049.0,1205.0,886.0,455.0,1447.0,1224.7,1134.0,21.794494717740648,219.74149884761243,149.50721313592985,1296.0
2014-11-10,1418.0,3613.0,1168.0,879.0,451.0,1437.0,1436.0,1464.0,1424.0,1090.0,1062.0,1183.0,881.0,454.0,1446.142857142857,1247.9,1140.7166666666667,22.93780410467597,214.0784165231482,153.08024833200977,1306.0
2014-11-11,1370.0,3419.0,1150.0,876.0,451.0,1418.0,1437.0,1436.0,1428.0,1136.0,1063.0,1168.0,879.0,451.0,1437.857142857143,1269.0,1146.1833333333334,36.84394374219316,203.4991271156909,155.33522979617464,1332.0
2014-11-12,1327.0,3229.0,1133.0,873.0,451.0,1370.0,1418.0,1437.0,1456.0,1155.0,1055.0,1150.0,876.0,451.0,1419.428571428571,1288.6,1150.9666666666667,54.35640760408019,187.9180672527421,156.42510166015438,1324.0
2014-11-13,1264.0,2972.0,1112.0,873.0,451.0,1327.0,1370.0,1418.0,1484.0,1192.0,1041.0,1133.0,873.0,451.0,1388.0,1305.3,1154.35,71.64961037346113,168.1766302057887,156.64142632359113,1317.0
2014-11-14,1256.0,2931.0,1089.0,875.0,450.0,1264.0,1327.0,1370.0,1464.0,1285.0,1037.0,1112.0,873.0,451.0,1358.2857142857142,1320.9,1157.0166666666669,77.74898560050244,145.89285902948004,156.99276585589692,1313.0
2014-11-17,1264.0,2971.0,1069.0,875.0,451.0,1256.0,1264.0,1327.0,1436.0,1395.0,1029.0,1089.0,875.0,450.0,1333.7142857142858,1335.45,1159.95,76.259893971694,121.91000779265966,157.32525145625445,1239.0
2014-11-18,1296.0,3106.0,1061.0,881.0,453.0,1264.0,1256.0,1264.0,1437.0,1428.0,1015.0,1069.0,875.0,451.0,1313.571428571429,1345.75,1163.7166666666667,61.6545676676795,107.9882425374271,157.83976982327374,1187.0
2014-11-19,1306.0,3127.0,1055.0,904.0,455.0,1296.0,1264.0,1256.0,1418.0,1424.0,991.0,1061.0,881.0,453.0,1297.571428571429,1354.25,1167.7666666666669,41.16575090560045,96.71111349628153,158.32848996461172,1153.0
2014-11-20,1332.0,3130.0,1053.0,926.0,457.0,1306.0,1296.0,1264.0,1370.0,1428.0,974.0,1055.0,904.0,455.0,1292.142857142857,1363.1,1171.3166666666666,31.36042395247767,84.89491956782533,159.5993385640032,1137.0
2014-11-21,1324.0,3038.0,1055.0,942.0,462.0,1332.0,1306.0,1296.0,1327.0,1456.0,963.0,1053.0,926.0,457.0,1291.7142857142858,1369.7,1174.2666666666669,30.820525010254283,75.5046878991189,160.7737505629177,1119.0
2014-11-24,1317.0,2975.0,1059.0,956.0,469.0,1324.0,1332.0,1306.0,1264.0,1484.0,954.0,1055.0,942.0,462.0,1299.2857142857142,1371.3,1177.0333333333333,29.352537004053197,73.9381676239374,161.79165999194333,1079.0
2014-11-25,1313.0,2963.0,1064.0,970.0,476.0,1317.0,1324.0,1332.0,1256.0,1464.0,948.0,1059.0,956.0,469.0,1307.428571428571,1367.2,1179.7666666666669,22.43403027296992,74.82301925565966,162.69284428619352,1019.0
2014-11-26,1239.0,2612.0,1073.0,980.0,482.0,1313.0,1317.0,1324.0,1264.0,1436.0,935.0,1064.0,970.0,476.0,1303.857142857143,1357.75,1181.3833333333334,30.89459807926036,78.58074961803798,162.79310896869774,982.0
2014-11-27,1187.0,2347.0,1099.0,984.0,487.0,1239.0,1313.0,1317.0,1296.0,1437.0,930.0,1073.0,980.0,482.0,1288.2857142857142,1345.9,1182.05,54.19629226470276,85.61904608577456,162.73180858527445,952.0
2014-11-28,1153.0,2151.0,1120.0,986.0,491.0,1187.0,1239.0,1313.0,1306.0,1418.0,944.0,1099.0,984.0,487.0,1266.428571428571,1332.15,1182.0166666666669,73.33452379988269,93.46278460044674,162.73764804250476,933.0
2014-12-01,1137.0,2025.0,1124.0,989.0,492.0,1153.0,1187.0,1239.0,1332.0,1370.0,973.0,1120.0,986.0,491.0,1238.571428571429,1316.2,1181.5333333333333,80.91941905967813,98.30864394187564,162.82906360601888,911.0
2014-12-02,1119.0,1898.0,1119.0,987.0,495.0,1137.0,1153.0,1187.0,1324.0,1327.0,1090.0,1124.0,989.0,492.0,1209.2857142857142,1297.95,1180.2333333333331,81.9384205480459,99.39208641592872,163.0147509876291,887.0
2014-12-03,1079.0,1677.0,1108.0,984.0,498.0,1119.0,1137.0,1153.0,1317.0,1264.0,1136.0,1119.0,987.0,495.0,1175.2857142857142,1278.7,1178.2666666666669,79.12377284088129,102.76498482104324,163.52005699472696,863.0
2014-12-04,1019.0,1452.0,1097.0,980.0,498.0,1079.0,1119.0,1137.0,1313.0,1256.0,1155.0,1108.0,984.0,498.0,1133.2857142857142,1257.85,1175.4833333333331,71.50224771694758,111.13257848176652,164.80244893554223,845.0
2014-12-05,982.0,1282.0,1088.0,971.0,499.0,1019.0,1079.0,1119.0,1239.0,1264.0,1192.0,1097.0,980.0,498.0,1096.571428571429,1235.1,1172.1666666666667,74.1077079726326,118.8333198002258,166.6812818450978,838.0
2014-12-08,952.0,1165.0,1081.0,969.0,497.0,982.0,1019.0,1079.0,1187.0,1296.0,1285.0,1088.0,971.0,499.0,1063.0,1211.8,1168.4833333333331,79.35783935233842,126.52047889157372,169.08702920785657,827.0
2014-12-09,933.0,1075.0,1066.0,966.0,497.0,952.0,982.0,1019.0,1153.0,1306.0,1395.0,1081.0,969.0,497.0,1031.571428571429,1189.95,1164.8666666666666,81.31391259161941,135.1986744718788,171.78824831721732,814.0
2014-12-10,911.0,979.0,1047.0,960.0,494.0,933.0,952.0,982.0,1137.0,1332.0,1428.0,1066.0,966.0,497.0,999.2857142857144,1169.15,1161.3166666666666,77.24142732526049,144.67250675415804,174.82111842205632,803.0
2014-12-11,887.0,879.0,1026.0,953.0,492.0,911.0,933.0,952.0,1119.0,1324.0,1424.0,1047.0,960.0,494.0,966.1428571428572,1150.3,1157.95,66.31346914829491,155.79645965846197,178.15070986033095,794.0
2014-12-12,863.0,763.0,1001.0,950.0,493.0,887.0,911.0,933.0,1079.0,1317.0,1428.0,1026.0,953.0,492.0,935.2857142857144,1130.65,1154.4166666666667,54.19321693635359,166.1997134078381,181.88693560738173,788.0
2014-12-15,845.0,659.0,980.0,947.0,493.0,863.0,887.0,911.0,1019.0,1313.0,1456.0,1001.0,950.0,493.0,910.4285714285714,1109.7,1150.55,49.05730371336328,174.69675982897382,185.9805370717663,782.0
2014-12-16,838.0,617.0,961.0,942.0,495.0,845.0,863.0,887.0,982.0,1239.0,1484.0,980.0,947.0,493.0,889.8571428571429,1086.8,1146.6333333333334,43.97131099344747,178.95680160896504,190.0709026195489,771.0
2014-12-17,827.0,571.0,945.0,932.0,496.0,838.0,845.0,863.0,952.0,1187.0,1464.0,961.0,942.0,495.0,872.0,1062.85,1142.8166666666666,39.703064533355096,180.1257674661464,194.1765308714062,761.0
2014-12-18,814.0,517.0,929.0,925.0,496.0,827.0,838.0,845.0,933.0,1153.0,1436.0,945.0,932.0,496.0,855.0,1036.95,1139.0833333333333,34.34627587778955,176.594830644986,198.33478729945136,758.0
2014-12-19,803.0,488.0,907.0,917.0,497.0,814.0,827.0,838.0,911.0,1137.0,1437.0,929.0,925.0,496.0,839.5714285714286,1010.9,1134.9833333333331,28.808894129401512,170.3389500224235,202.7226954313433,744.0
2014-12-22,794.0,480.0,891.0,906.0,495.0,803.0,814.0,827.0,887.0,1119.0,1418.0,907.0,917.0,497.0,826.2857142857143,984.75,1130.5166666666669,24.39750182385245,160.74886428347097,207.2597233855736,724.0
2014-12-23,788.0,472.0,872.0,897.0,495.0,794.0,803.0,814.0,863.0,1079.0,1370.0,891.0,906.0,495.0,815.5714285714286,958.5,1125.9333333333334,21.93062655190804,146.56505650897242,211.76969155169124,709.0
2014-12-24,782.0,474.0,856.0,887.0,495.0,788.0,794.0,803.0,845.0,1019.0,1327.0,872.0,897.0,495.0,806.5714285714286,935.65,1121.3833333333334,20.73529312450936,135.75801808250108,216.2058883522916,723.0
2015-01-02,771.0,456.0,827.0,884.0,488.0,782.0,788.0,794.0,838.0,982.0,1264.0,856.0,887.0,495.0,797.0,914.85,1116.8833333333334,19.218047074048755,126.79335654190356,220.6710176317009,762.0
2015-01-05,761.0,442.0,811.0,873.0,482.0,771.0,782.0,788.0,827.0,952.0,1256.0,827.0,884.0,488.0,787.5714285714286,895.25,1112.2833333333333,18.210410418937386,118.03785075360616,225.19476253558372,757.0
2015-01-06,758.0,432.0,794.0,861.0,479.0,761.0,771.0,782.0,814.0,933.0,1264.0,811.0,873.0,482.0,779.5714285714286,876.3,1107.7666666666669,16.919979736774895,107.10010074202344,229.5686719508013,749.0
2015-01-07,744.0,397.0,780.0,843.0,466.0,758.0,761.0,771.0,803.0,911.0,1296.0,794.0,861.0,479.0,771.1428571428571,857.55,1103.25,17.966900784964253,94.4532605104596,234.0469766695296,741.0
2015-01-08,724.0,335.0,776.0,820.0,455.0,744.0,758.0,761.0,794.0,887.0,1306.0,780.0,843.0,466.0,761.1428571428571,839.8,1098.8,22.124108806537137,83.35125421342741,238.7092267074443,739.0
2015-01-09,709.0,311.0,764.0,800.0,446.0,724.0,744.0,758.0,788.0,863.0,1332.0,776.0,820.0,455.0,749.8571428571429,824.3,1094.3833333333334,25.95784127805924,76.84303892730236,243.46169375837232,753.0
2015-01-12,723.0,373.0,762.0,778.0,441.0,709.0,724.0,744.0,782.0,845.0,1324.0,764.0,800.0,446.0,741.4285714285714,811.35,1090.3833333333334,23.21534796120529,70.4237362796298,247.59337164719844,770.0
2015-01-13,762.0,537.0,766.0,763.0,435.0,723.0,709.0,724.0,771.0,838.0,1317.0,762.0,778.0,441.0,740.1428571428571,801.85,1087.1833333333334,21.489753926394584,62.8609786082177,250.6083101999112,751.0
2015-01-14,757.0,557.0,766.0,752.0,429.0,762.0,723.0,709.0,761.0,827.0,1313.0,766.0,763.0,435.0,739.5714285714286,793.05,1084.0,20.8874535138486,55.412781159163,253.6014489612909,720.0
2015-01-15,749.0,585.0,766.0,735.0,425.0,757.0,762.0,723.0,758.0,814.0,1239.0,766.0,752.0,429.0,738.2857142857143,784.95,1080.9,19.8134153688583,48.69721163533297,256.5730939564492,703.0
2015-01-16,741.0,620.0,759.0,716.0,418.0,749.0,757.0,762.0,744.0,803.0,1187.0,766.0,735.0,425.0,737.8571428571429,777.65,1077.75,19.70134150636302,43.23044127273421,259.59947148103447,688.0
2015-01-19,739.0,662.0,751.0,699.0,415.0,741.0,749.0,757.0,724.0,794.0,1153.0,759.0,716.0,418.0,740.0,771.45,1074.3333333333333,18.73499399539451,39.033689902085015,262.7199105748202,666.0
2015-01-20,753.0,752.0,741.0,684.0,410.0,739.0,741.0,749.0,709.0,788.0,1137.0,751.0,699.0,415.0,746.2857142857143,766.85,1070.6666666666667,13.149325530694744,35.13623860292369,265.67672892784094,632.0
2015-01-21,770.0,971.0,725.0,673.0,402.0,753.0,739.0,741.0,723.0,782.0,1119.0,741.0,684.0,410.0,753.0,763.45,1065.3333333333333,11.12055154540603,30.926866194867724,268.4791862441853,608.0
2015-01-22,751.0,965.0,704.0,659.0,392.0,770.0,753.0,739.0,762.0,771.0,1079.0,725.0,673.0,402.0,751.4285714285714,759.65,1058.9166666666667,10.390013520672593,27.145368898492308,271.34706599851245,590.0
2015-01-23,720.0,887.0,685.0,650.0,380.0,751.0,770.0,753.0,757.0,761.0,1019.0,704.0,659.0,392.0,746.1428571428571,754.95,1051.6666666666667,15.323495809277466,25.315846919800844,274.52897514124595,577.0
2015-01-26,703.0,857.0,669.0,642.0,373.0,720.0,751.0,770.0,749.0,758.0,982.0,685.0,650.0,380.0,739.5714285714286,749.95,1043.5166666666669,22.210036341554837,25.201242659491133,277.53433085345034,569.0
2015-01-27,688.0,831.0,648.0,632.0,364.0,703.0,720.0,751.0,741.0,744.0,952.0,669.0,642.0,373.0,732.0,744.65,1033.5666666666666,29.48445918345572,26.55931792092252,279.4252798256851,564.0
2015-01-28,666.0,785.0,620.0,618.0,356.0,688.0,703.0,720.0,739.0,724.0,933.0,648.0,632.0,364.0,721.5714285714286,738.55,1021.4166666666666,38.21368490859433,29.881300260643137,279.2922223769199,559.0
2015-01-29,632.0,725.0,550.0,599.0,348.0,666.0,688.0,703.0,753.0,709.0,911.0,620.0,618.0,356.0,704.2857142857143,731.05,1008.15,47.79370351046098,36.49437591859501,278.55619431246464,554.0
2015-01-30,608.0,679.0,508.0,585.0,340.0,632.0,666.0,688.0,770.0,723.0,887.0,550.0,599.0,348.0,681.1428571428571,722.9,994.55,49.84786378389214,44.4390771613323,277.82785945894386,556.0
2015-02-02,590.0,665.0,480.0,567.0,332.0,608.0,632.0,666.0,751.0,762.0,863.0,508.0,585.0,340.0,658.1428571428571,714.35,980.5833333333334,49.384304427800274,52.45075384540058,276.72995413243166,553.0
2015-02-03,577.0,663.0,454.0,556.0,326.0,590.0,608.0,632.0,720.0,757.0,845.0,480.0,567.0,332.0,637.7142857142857,705.3,965.9333333333332,49.10775324304425,59.64464947109429,274.39207792753814,540.0
2015-02-04,569.0,669.0,437.0,545.0,321.0,577.0,590.0,608.0,703.0,749.0,838.0,454.0,556.0,326.0,618.5714285714286,696.55,950.6833333333332,45.39404198380549,66.15012829683371,270.51047109449433,530.0
2015-02-05,564.0,680.0,428.0,538.0,309.0,569.0,577.0,590.0,688.0,741.0,827.0,437.0,545.0,321.0,600.8571428571429,688.55,935.6833333333332,37.24884146500102,72.06610634836488,266.4871600981728,522.0
2015-02-06,559.0,689.0,430.0,530.0,301.0,564.0,569.0,577.0,666.0,739.0,814.0,428.0,538.0,309.0,585.5714285714286,681.05,921.0666666666668,26.45031280774877,77.43144676016131,262.60312690427213,516.0
2015-02-09,554.0,687.0,434.0,523.0,295.0,559.0,564.0,569.0,632.0,753.0,803.0,430.0,530.0,301.0,574.4285714285714,672.6,906.35,19.01628374914109,81.71542404172557,257.89958793616086,509.0
2015-02-10,556.0,711.0,446.0,516.0,289.0,554.0,559.0,564.0,608.0,770.0,794.0,434.0,523.0,295.0,567.0,662.3,891.9833333333333,12.884098727068938,82.82899314410588,252.87482611685655,
2015-02-11,553.0,700.0,469.0,508.0,281.0,556.0,554.0,559.0,590.0,751.0,788.0,446.0,516.0,289.0,561.7142857142857,652.1,878.3666666666667,8.826367424578647,83.11368245078212,248.6601360830702,
2015-02-12,540.0,652.0,489.0,496.0,273.0,553.0,556.0,554.0,577.0,720.0,782.0,469.0,508.0,281.0,556.4285714285714,641.65,865.25,9.216961590531008,83.4274188173732,245.3284636660833,512.0
2015-02-13,530.0,630.0,499.0,486.0,268.0,540.0,553.0,556.0,569.0,703.0,771.0,489.0,496.0,273.0,550.8571428571429,631.1,853.0166666666667,11.781745363846202,83.54381138693434,243.40065955839455,516.0
2015-02-16,522.0,614.0,505.0,480.0,263.0,530.0,540.0,553.0,564.0,688.0,761.0,499.0,486.0,268.0,544.8571428571429,620.25,840.7833333333333,14.38087354156763,82.88157372517048,241.23925051433048,524.0
2015-02-17,516.0,589.0,508.0,480.0,261.0,522.0,530.0,540.0,559.0,666.0,758.0,505.0,480.0,263.0,538.7142857142857,608.4,828.3166666666667,16.37797592033827,79.78748088056217,238.30734262300464,533.0
2015-02-18,509.0,564.0,514.0,478.0,260.0,516.0,522.0,530.0,554.0,632.0,744.0,508.0,480.0,261.0,532.2857142857143,595.35,815.2,18.11734238919248,73.02290556287771,233.74423223196465,540.0
2015-02-19,,539.0,516.0,483.0,267.0,509.0,516.0,522.0,556.0,608.0,724.0,514.0,478.0,260.0,,,,,,,548.0
2015-02-20,,542.0,514.0,490.0,270.0,,509.0,516.0,553.0,590.0,709.0,516.0,483.0,267.0,,,,,,,553.0
2015-02-23,512.0,543.0,512.0,492.0,266.0,,,509.0,540.0,577.0,723.0,514.0,490.0,270.0,,,,,,,559.0
2015-02-24,516.0,534.0,514.0,490.0,274.0,512.0,,,530.0,569.0,762.0,512.0,492.0,266.0,,,,,,,561.0
2015-02-25,524.0,529.0,519.0,496.0,289.0,516.0,512.0,,522.0,564.0,757.0,514.0,490.0,274.0,,,,,,,565.0
2015-02-26,533.0,525.0,531.0,506.0,300.0,524.0,516.0,512.0,516.0,559.0,749.0,519.0,496.0,289.0,,,,,,,568.0
2015-02-27,540.0,521.0,540.0,515.0,308.0,533.0,524.0,516.0,509.0,554.0,741.0,531.0,506.0,300.0,,,,,,,568.0
2015-03-02,548.0,516.0,551.0,528.0,318.0,540.0,533.0,524.0,,556.0,739.0,540.0,515.0,308.0,,,,,,,565.0
2015-03-03,553.0,490.0,564.0,541.0,327.0,548.0,540.0,533.0,,553.0,753.0,551.0,528.0,318.0,532.2857142857143,,,15.713203426223988,,,560.0
2015-03-04,559.0,478.0,576.0,550.0,338.0,553.0,548.0,540.0,512.0,540.0,770.0,564.0,541.0,327.0,539.0,,,15.641824275823748,,,562.0
2015-03-05,561.0,464.0,583.0,560.0,348.0,559.0,553.0,548.0,516.0,530.0,751.0,576.0,550.0,338.0,545.4285714285714,,,13.745995088076087,,,564.0
2015-03-06,565.0,470.0,587.0,566.0,352.0,561.0,559.0,553.0,524.0,522.0,720.0,583.0,560.0,348.0,551.2857142857143,,,11.672107575201636,,,568.0
2015-03-09,568.0,468.0,590.0,573.0,356.0,565.0,561.0,559.0,533.0,516.0,703.0,587.0,566.0,352.0,556.2857142857143,,,9.894683517612163,,,571.0
2015-03-10,568.0,457.0,591.0,580.0,357.0,568.0,565.0,561.0,540.0,509.0,688.0,590.0,573.0,356.0,560.2857142857143,,,7.609517850276278,,,584.0
2015-03-11,565.0,431.0,588.0,589.0,361.0,568.0,568.0,565.0,548.0,,666.0,591.0,580.0,357.0,562.7142857142857,,,5.437961803867365,,,591.0
2015-03-12,560.0,394.0,586.0,596.0,364.0,565.0,568.0,568.0,553.0,,632.0,588.0,589.0,361.0,563.7142857142857,,,3.72890894413442,,,594.0
2015-03-13,562.0,378.0,585.0,606.0,368.0,560.0,565.0,568.0,559.0,512.0,608.0,586.0,596.0,364.0,564.1428571428571,,,3.236694376222561,,,597.0
2015-03-16,564.0,372.0,588.0,611.0,370.0,562.0,560.0,565.0,561.0,516.0,590.0,585.0,606.0,368.0,564.5714285714286,,,2.935821457092447,,,598.0
2015-03-17,568.0,366.0,595.0,616.0,375.0,564.0,562.0,560.0,565.0,524.0,577.0,588.0,611.0,370.0,565.0,,,3.214550255044493,,,598.0
2015-03-18,571.0,357.0,604.0,623.0,378.0,568.0,564.0,562.0,568.0,533.0,569.0,595.0,616.0,375.0,565.4285714285714,,,3.8234863185210126,,,596.0
2015-03-19,584.0,407.0,613.0,627.0,383.0,571.0,568.0,564.0,568.0,540.0,564.0,604.0,623.0,378.0,567.7142857142857,,,8.056349167806287,,,599.0
2015-03-20,591.0,423.0,617.0,635.0,384.0,584.0,571.0,568.0,565.0,548.0,559.0,613.0,627.0,383.0,571.4285714285714,555.6,,11.745313148707538,21.01728611862424,,602.0
2015-03-23,594.0,435.0,617.0,640.0,386.0,591.0,584.0,571.0,560.0,553.0,554.0,617.0,635.0,384.0,576.2857142857143,559.7,,13.174650985138497,20.039697444993283,,596.0
2015-03-24,597.0,448.0,609.0,645.0,388.0,594.0,591.0,584.0,562.0,559.0,556.0,617.0,640.0,386.0,581.2857142857143,563.75,,13.48720734301596,18.89548818334389,,588.0
2015-03-25,598.0,455.0,602.0,648.0,390.0,597.0,594.0,591.0,564.0,561.0,553.0,609.0,645.0,388.0,586.1428571428571,567.45,,12.294017128325446,17.922273704514637,,583.0
2015-03-26,598.0,456.0,599.0,648.0,390.0,598.0,597.0,594.0,568.0,565.0,540.0,602.0,648.0,390.0,590.4285714285714,570.7,,9.913915184949984,17.226356794858333,,580.0
2015-03-27,596.0,456.0,597.0,647.0,390.0,598.0,598.0,597.0,571.0,568.0,530.0,599.0,648.0,390.0,594.0,573.5,,5.06622805204285,16.509965092971655,,580.0
2015-03-30,599.0,460.0,600.0,649.0,393.0,596.0,598.0,598.0,584.0,568.0,522.0,597.0,647.0,390.0,596.1428571428571,576.05,,2.79455252556578,16.301356094786968,,580.0
2015-03-31,602.0,475.0,598.0,650.0,392.0,599.0,596.0,598.0,591.0,565.0,516.0,600.0,649.0,393.0,597.7142857142857,578.5,,2.4976179144747253,16.336913320601543,,578.0
2015-04-01,596.0,463.0,596.0,646.0,389.0,602.0,599.0,596.0,594.0,560.0,509.0,598.0,650.0,392.0,598.0,580.35,,2.081666001533606,16.105817843990526,,581.0
2015-04-02,588.0,454.0,589.0,636.0,386.0,596.0,602.0,599.0,597.0,562.0,,596.0,646.0,389.0,596.7142857142857,581.7,,4.347960661434193,15.51942755328638,,586.0
2015-04-07,583.0,448.0,584.0,631.0,385.0,588.0,596.0,602.0,598.0,564.0,,589.0,636.0,386.0,594.5714285714286,582.6,,6.679749069215172,15.013677974385589,,593.0
2015-04-08,580.0,450.0,585.0,624.0,382.0,583.0,588.0,596.0,598.0,568.0,512.0,584.0,631.0,385.0,592.0,583.2,,8.38649708412191,14.634494219322915,,597.0
2015-04-09,580.0,461.0,591.0,617.0,379.0,580.0,583.0,588.0,596.0,571.0,516.0,585.0,624.0,382.0,589.7142857142857,583.8,,9.25048261336114,14.218594201094518,,598.0
2015-04-10,580.0,466.0,600.0,613.0,373.0,580.0,580.0,583.0,599.0,584.0,524.0,591.0,617.0,379.0,587.0,584.55,,8.850612032058601,13.554859295805564,,601.0
2015-04-13,578.0,460.0,609.0,609.0,369.0,580.0,580.0,580.0,602.0,591.0,533.0,600.0,613.0,373.0,583.5714285714286,585.45,,6.373307432390051,12.38621899755558,,600.0
2015-04-14,581.0,470.0,619.0,608.0,366.0,578.0,580.0,580.0,596.0,594.0,540.0,609.0,609.0,369.0,581.4285714285714,586.4,,3.2586880224674664,11.16102240188646,,599.0
2015-04-15,586.0,494.0,626.0,608.0,362.0,581.0,578.0,580.0,588.0,597.0,548.0,619.0,608.0,366.0,581.1428571428571,587.5,,2.609506431923696,9.843512424175142,,600.0
2015-04-16,593.0,521.0,636.0,612.0,360.0,586.0,581.0,578.0,583.0,598.0,553.0,626.0,608.0,362.0,582.5714285714286,588.75,,5.223572943343644,8.765212340337921,,600.0
2015-04-17,597.0,532.0,642.0,619.0,358.0,593.0,586.0,581.0,580.0,598.0,559.0,636.0,612.0,360.0,585.0,590.05,,7.348469228941552,7.877182237500747,,601.0
2015-04-20,598.0,537.0,646.0,618.0,357.0,597.0,593.0,586.0,580.0,596.0,561.0,642.0,619.0,358.0,587.5714285714286,590.75,,8.383657572587124,7.933108503551195,,595.0
2015-04-21,601.0,549.0,659.0,619.0,355.0,598.0,597.0,593.0,580.0,599.0,565.0,646.0,618.0,357.0,590.5714285714286,591.25,,8.960229589378656,8.25816979868151,,591.0
2015-04-22,600.0,544.0,669.0,620.0,355.0,601.0,598.0,597.0,578.0,602.0,568.0,659.0,619.0,355.0,593.7142857142857,591.55,,7.565586246070818,8.469605098770543,,587.0
2015-04-23,599.0,543.0,680.0,621.0,351.0,600.0,601.0,598.0,581.0,596.0,568.0,669.0,620.0,355.0,596.2857142857143,591.65,,5.219012861329018,8.548776459246847,,580.0
2015-04-24,600.0,545.0,685.0,624.0,348.0,599.0,600.0,601.0,586.0,588.0,565.0,680.0,621.0,351.0,598.2857142857143,591.75,,2.6903708381380533,8.638195474486363,,575.0
2015-04-27,600.0,546.0,687.0,626.0,347.0,600.0,599.0,600.0,593.0,583.0,560.0,685.0,624.0,348.0,599.2857142857143,591.85,,1.3801311218008694,8.725491993528006,,573.0
2015-04-28,601.0,551.0,685.0,628.0,346.0,600.0,600.0,599.0,597.0,580.0,562.0,687.0,626.0,347.0,599.8571428571429,592.1,,1.069044971670777,8.920113287141497,,574.0
2015-04-29,595.0,558.0,673.0,627.0,345.0,601.0,600.0,600.0,598.0,580.0,564.0,685.0,628.0,346.0,599.4285714285714,591.9,,2.070196680104257,8.801315691278358,,578.0
2015-04-30,591.0,565.0,658.0,625.0,343.0,595.0,601.0,600.0,601.0,580.0,568.0,673.0,627.0,345.0,598.0,591.35,,3.651483717880123,8.474574977863785,,589.0
2015-05-01,587.0,574.0,647.0,621.0,340.0,591.0,595.0,601.0,600.0,578.0,571.0,658.0,625.0,343.0,596.1428571428571,590.9,,5.367450402020231,8.453588462749908,,634.0
2015-05-05,580.0,571.0,633.0,618.0,335.0,587.0,591.0,595.0,599.0,581.0,584.0,647.0,621.0,340.0,593.4285714285714,590.5,,7.892129895937886,8.780960264156457,,637.0
2015-05-06,575.0,574.0,618.0,618.0,332.0,580.0,587.0,591.0,600.0,586.0,591.0,633.0,618.0,335.0,589.8571428571429,590.1,,9.839183086933122,9.30704317355288,,634.0
2015-05-07,573.0,594.0,603.0,618.0,331.0,575.0,580.0,587.0,600.0,593.0,594.0,618.0,618.0,332.0,586.0,589.75,,10.472185382018427,9.824111048717524,,630.0
2015-05-08,574.0,616.0,594.0,618.0,329.0,573.0,575.0,580.0,601.0,597.0,597.0,603.0,618.0,331.0,582.1428571428571,589.45,,8.877472828358531,10.221108190131568,,620.0
2015-05-11,578.0,660.0,586.0,617.0,328.0,574.0,573.0,575.0,595.0,598.0,598.0,594.0,618.0,329.0,579.7142857142857,589.35,,6.872997544509383,10.327658317284936,,606.0
2015-05-12,589.0,731.0,583.0,619.0,327.0,578.0,574.0,573.0,591.0,601.0,598.0,586.0,617.0,328.0,579.4285714285714,589.9,,6.347102826837853,9.97839771984606,,592.0
2015-05-13,634.0,942.0,584.0,624.0,326.0,589.0,578.0,574.0,587.0,600.0,596.0,583.0,619.0,327.0,586.1428571428571,592.55,,21.78247438848221,13.797310950924173,,586.0
2015-05-14,637.0,972.0,580.0,626.0,326.0,634.0,589.0,578.0,580.0,599.0,599.0,584.0,624.0,326.0,594.2857142857143,595.1,,28.66888142068679,16.889423660438073,,584.0
2015-05-15,634.0,954.0,579.0,628.0,327.0,637.0,634.0,589.0,575.0,600.0,602.0,580.0,626.0,326.0,602.7142857142857,597.15,,30.65786623223056,18.979975597640717,,587.0
2015-05-18,630.0,950.0,578.0,626.0,326.0,634.0,637.0,634.0,573.0,600.0,596.0,579.0,628.0,327.0,610.8571428571429,598.8,,28.97371551052292,20.35112825018468,,588.0
2015-05-19,620.0,923.0,574.0,625.0,325.0,630.0,634.0,637.0,574.0,601.0,588.0,578.0,626.0,326.0,617.4285714285714,599.9,,24.01289336226539,20.89296028514203,,589.0
2015-05-20,606.0,889.0,565.0,623.0,326.0,620.0,630.0,634.0,578.0,595.0,583.0,574.0,625.0,325.0,621.4285714285714,600.15,582.3333333333334,17.90583836706625,20.93668399830652,26.118807216531817,589.0
2015-05-21,592.0,844.0,556.0,624.0,327.0,606.0,620.0,630.0,589.0,591.0,580.0,565.0,623.0,326.0,621.8571428571429,599.75,583.6666666666666,17.01399983791706,21.015971370232123,24.45657976504823,591.0
2015-05-22,586.0,816.0,549.0,627.0,327.0,592.0,606.0,620.0,634.0,587.0,580.0,556.0,624.0,327.0,615.0,599.1,584.8333333333334,20.599352740846783,21.24022995223656,22.78653086187989,598.0
2015-05-26,584.0,806.0,540.0,631.0,327.0,586.0,592.0,606.0,637.0,580.0,580.0,549.0,627.0,327.0,607.4285714285714,598.3,585.8333333333334,20.903405965558143,21.50422235167316,21.34237979139319,603.0
2015-05-27,587.0,823.0,530.0,635.0,327.0,584.0,586.0,592.0,634.0,575.0,578.0,540.0,631.0,327.0,600.7142857142857,597.65,586.7333333333333,18.33679620998969,21.64613737276753,20.183788315211697,610.0
2015-05-28,588.0,817.0,525.0,642.0,328.0,587.0,584.0,586.0,630.0,573.0,581.0,530.0,635.0,327.0,594.7142857142857,597.0,587.5333333333333,13.350584078860836,21.735249081489837,19.228744961311524,610.0
2015-05-29,589.0,810.0,524.0,647.0,331.0,588.0,587.0,584.0,620.0,574.0,586.0,525.0,642.0,328.0,590.2857142857143,596.7,588.2166666666667,7.364651739679385,21.805600439546268,18.515308981636217,612.0
2015-06-01,589.0,804.0,522.0,652.0,332.0,589.0,588.0,587.0,606.0,578.0,593.0,524.0,647.0,331.0,587.8571428571429,596.6,588.8166666666667,2.5448360428275536,21.837678689117578,17.9287588945529,618.0
2015-06-02,591.0,821.0,528.0,653.0,332.0,589.0,589.0,588.0,592.0,589.0,597.0,522.0,652.0,332.0,587.7142857142857,596.8,589.35,2.28868854298262,21.76332018020189,17.497530092581933,629.0
2015-06-03,598.0,821.0,544.0,654.0,332.0,591.0,589.0,589.0,586.0,634.0,598.0,528.0,653.0,332.0,589.4285714285714,597.7,589.9666666666667,4.353433238382536,21.40118048890336,17.129582566099625,642.0
2015-06-04,603.0,818.0,570.0,654.0,333.0,598.0,591.0,589.0,584.0,637.0,601.0,544.0,654.0,332.0,592.1428571428571,599.1,590.6,6.011892975719992,20.74380059585823,16.8916788265134,656.0
2015-06-05,610.0,865.0,596.0,656.0,332.0,603.0,598.0,591.0,587.0,634.0,600.0,570.0,654.0,333.0,595.4285714285714,600.95,591.3,8.502100581288483,19.92743414445994,16.809299283183417,681.0
2015-06-08,610.0,856.0,608.0,655.0,331.0,610.0,603.0,598.0,588.0,630.0,599.0,596.0,656.0,332.0,598.5714285714286,602.75,592.0,9.324826055267245,18.967770448640525,16.696696111377502,725.0
2015-06-09,612.0,834.0,630.0,654.0,331.0,610.0,610.0,603.0,589.0,620.0,600.0,608.0,655.0,331.0,601.8571428571429,604.45,592.7833333333333,9.441549510088066,18.138284605328742,16.509978151100082,773.0
2015-06-10,618.0,816.0,662.0,661.0,333.0,612.0,610.0,610.0,589.0,606.0,600.0,630.0,654.0,331.0,606.0,605.9,593.75,9.219544457757,17.996783338396174,16.253943459505972,779.0
2015-06-11,629.0,810.0,696.0,669.0,336.0,618.0,612.0,610.0,591.0,592.0,601.0,662.0,661.0,333.0,611.4285714285714,605.65,594.8666666666667,10.064080399829528,17.616604009994738,16.336987946373185,779.0
2015-06-12,642.0,820.0,719.0,678.0,338.0,629.0,618.0,612.0,598.0,586.0,595.0,696.0,669.0,336.0,617.7142857142857,605.9,596.1666666666666,13.450084085731026,18.113385571034577,16.93173398792607,790.0
2015-06-15,656.0,840.0,742.0,685.0,341.0,642.0,629.0,618.0,603.0,584.0,591.0,719.0,678.0,338.0,625.2857142857143,607.0,597.6333333333333,17.950991483662175,20.42959669341257,18.213392974250592,829.0
2015-06-16,681.0,904.0,772.0,695.0,345.0,656.0,642.0,629.0,610.0,587.0,587.0,742.0,685.0,341.0,635.4285714285714,609.55,599.4666666666667,26.088676617018884,25.90158499524748,20.83467340367604,829.0
2015-06-17,725.0,1045.0,817.0,706.0,349.0,681.0,656.0,642.0,610.0,588.0,580.0,772.0,695.0,345.0,651.8571428571429,614.8,601.8166666666667,39.93923956650996,36.573789867418014,26.296543349060176,823.0
2015-06-18,773.0,1234.0,847.0,715.0,351.0,725.0,681.0,656.0,612.0,589.0,575.0,817.0,706.0,349.0,674.8571428571429,623.15,604.85,56.20625282965324,50.76807430289213,34.30512389486874,813.0
2015-06-19,779.0,1241.0,851.0,721.0,355.0,773.0,725.0,681.0,618.0,589.0,573.0,847.0,715.0,351.0,697.8571428571429,632.5,607.9333333333333,61.73175458236543,60.931799665932026,40.97823592137129,800.0
2015-06-22,779.0,1248.0,845.0,722.0,355.0,779.0,773.0,725.0,629.0,591.0,574.0,851.0,721.0,355.0,719.2857142857143,642.15,610.9666666666667,59.85180110277221,68.0474099433843,46.516979465025,794.0
2015-06-23,790.0,1300.0,834.0,721.0,358.0,779.0,779.0,773.0,642.0,598.0,578.0,845.0,722.0,355.0,740.4285714285714,652.45,614.1666666666666,53.83882472367501,74.1033950497396,51.90217874242401,794.0
2015-06-24,829.0,1428.0,829.0,723.0,359.0,790.0,779.0,779.0,656.0,603.0,589.0,834.0,721.0,358.0,765.1428571428571,664.55,618.0166666666667,48.01537452195449,82.17213959925145,58.79279664951732,805.0
2015-06-25,829.0,1432.0,827.0,723.0,361.0,829.0,790.0,779.0,681.0,610.0,634.0,829.0,723.0,359.0,786.2857142857143,676.6,621.9,35.82696510421492,87.83141746971847,64.71101339227832,815.0
2015-06-26,823.0,1393.0,833.0,723.0,362.0,829.0,829.0,790.0,725.0,610.0,637.0,827.0,723.0,361.0,800.2857142857143,688.3,625.6333333333333,25.56504309752925,91.07376998318745,69.64120314267645,830.0
2015-06-29,813.0,1346.0,838.0,722.0,361.0,823.0,829.0,829.0,773.0,612.0,634.0,833.0,723.0,362.0,806.0,699.5,629.15,22.766935088860546,91.9882715636421,73.64017533756319,840.0
2015-06-30,800.0,1292.0,845.0,715.0,361.0,813.0,823.0,829.0,779.0,618.0,630.0,838.0,722.0,361.0,809.0,709.95,632.55,19.807406022504978,90.87844686869605,76.72831775675068,853.0
2015-07-01,794.0,1251.0,858.0,713.0,360.0,800.0,813.0,823.0,779.0,629.0,620.0,845.0,715.0,361.0,811.1428571428571,719.75,635.9833333333333,16.567322972743874,88.71294630497032,79.26794116913396,874.0
2015-07-02,794.0,1226.0,883.0,712.0,360.0,794.0,800.0,813.0,790.0,642.0,606.0,858.0,713.0,360.0,811.7142857142857,729.3,639.5,15.766148184589683,85.71316916567939,81.52580957670239,900.0
2015-07-03,805.0,1249.0,908.0,716.0,361.0,794.0,794.0,800.0,829.0,656.0,592.0,883.0,712.0,360.0,808.2857142857143,739.05,643.25,13.877010794060318,82.45730952887196,83.88321684231389,915.0
2015-07-06,815.0,1266.0,927.0,723.0,362.0,805.0,794.0,794.0,829.0,681.0,586.0,908.0,716.0,361.0,806.2857142857143,749.3,647.1666666666666,11.131251587841104,78.20290747053781,86.33049752131556,951.0
2015-07-07,830.0,1285.0,945.0,742.0,367.0,815.0,805.0,794.0,823.0,725.0,584.0,927.0,723.0,362.0,807.2857142857143,760.2,651.3333333333334,13.034752084785024,73.08365790404181,89.0247854779581,1009.0
2015-07-08,840.0,1278.0,973.0,750.0,373.0,830.0,815.0,805.0,813.0,773.0,587.0,945.0,742.0,367.0,811.1428571428571,771.3,655.7,18.04095869080152,66.95096398821188,91.75063847753223,1048.0
2015-07-09,853.0,1279.0,1016.0,759.0,377.0,840.0,830.0,815.0,800.0,779.0,588.0,973.0,750.0,373.0,818.7142857142857,782.5,660.2333333333333,23.0196603344124,60.29881730535491,94.67041251451016,1067.0
2015-07-10,874.0,1318.0,1052.0,767.0,384.0,853.0,840.0,830.0,794.0,779.0,589.0,1016.0,759.0,377.0,830.1428571428571,794.1,665.0333333333333,28.02040073142647,53.81439838637767,98.0824569512798,1113.0
2015-07-13,900.0,1389.0,1076.0,774.0,391.0,874.0,853.0,840.0,794.0,790.0,589.0,1052.0,767.0,384.0,845.2857142857143,806.3,670.15,33.36522284122862,48.22654870508151,102.18292420956482,1118.0
2015-07-14,915.0,1394.0,1096.0,784.0,399.0,900.0,874.0,853.0,805.0,829.0,591.0,1076.0,774.0,391.0,861.0,818.0,675.45,36.941395028792485,44.46642731205621,106.4810677849718,1102.0
2015-07-15,951.0,1462.0,1122.0,801.0,409.0,915.0,900.0,874.0,815.0,829.0,598.0,1096.0,784.0,399.0,880.4285714285714,829.3,681.3333333333334,43.83627547620265,48.15228037452472,111.75088315992478,1086.0
2015-07-16,1009.0,1611.0,1149.0,823.0,417.0,951.0,915.0,900.0,830.0,823.0,603.0,1122.0,801.0,409.0,906.0,841.1,688.1333333333333,59.07622195102088,60.86732768038275,118.96053563920027,1090.0
2015-07-17,1048.0,1712.0,1162.0,846.0,427.0,1009.0,951.0,915.0,840.0,813.0,610.0,1149.0,823.0,417.0,935.7142857142856,854.55,695.6,71.37626656373587,74.59538224739748,127.11508198405852,1094.0
2015-07-20,1067.0,1763.0,1170.0,862.0,431.0,1048.0,1009.0,951.0,853.0,800.0,610.0,1162.0,846.0,427.0,966.2857142857144,868.95,703.4,75.74015730494122,86.14704381404245,135.1892834987247,1104.0
2015-07-21,1113.0,1935.0,1179.0,875.0,432.0,1067.0,1048.0,1009.0,874.0,794.0,612.0,1170.0,862.0,431.0,1000.4285714285714,885.1,711.95,80.89881981601827,99.76704444804707,144.4443972548682,1100.0
2015-07-22,1118.0,1952.0,1179.0,889.0,433.0,1113.0,1067.0,1048.0,900.0,794.0,618.0,1179.0,875.0,432.0,1031.571428571429,899.55,720.5833333333334,77.69139193602905,111.458028446887,152.87408041683784,1131.0
2015-07-23,1102.0,1924.0,1161.0,896.0,431.0,1118.0,1113.0,1067.0,915.0,805.0,629.0,1179.0,889.0,433.0,1058.2857142857142,913.2,728.9333333333333,61.36153595896363,118.83584431786902,159.75902050521344,1151.0
2015-07-24,1086.0,1896.0,1137.0,899.0,428.0,1102.0,1118.0,1113.0,951.0,815.0,642.0,1161.0,896.0,431.0,1077.571428571429,926.35,737.1166666666667,39.25496632220337,122.8140549988769,165.26271757182798,1200.0
2015-07-27,1090.0,1935.0,1115.0,903.0,427.0,1086.0,1102.0,1118.0,1009.0,830.0,656.0,1137.0,899.0,428.0,1089.142857142857,940.2,745.4333333333333,25.03616431912793,124.95877214844164,170.26503434622325,1222.0
2015-07-28,1094.0,1990.0,1095.0,903.0,425.0,1090.0,1086.0,1102.0,1048.0,840.0,681.0,1115.0,903.0,427.0,1095.7142857142858,954.9,753.8833333333333,17.269571368244634,124.89064690446048,174.78966455764683,1201.0
2015-07-29,1104.0,2103.0,1069.0,898.0,423.0,1094.0,1090.0,1086.0,1067.0,853.0,725.0,1095.0,903.0,425.0,1101.0,970.4,762.6166666666667,11.818065267691903,123.09448660107849,178.99456403706412,1200.0
2015-07-30,1100.0,2116.0,1044.0,892.0,422.0,1104.0,1094.0,1090.0,1113.0,874.0,773.0,1069.0,898.0,423.0,1099.142857142857,985.7,771.3666666666667,10.574002260936858,118.96266552779436,182.466060616358,1197.0
2015-07-31,1131.0,2209.0,1023.0,899.0,423.0,1100.0,1104.0,1094.0,1118.0,900.0,779.0,1044.0,892.0,422.0,1101.0,1002.0,780.6666666666666,14.75353065104846,115.1740102261929,186.3628378852632,1162.0
2015-08-03,1151.0,2308.0,1006.0,900.0,424.0,1131.0,1100.0,1104.0,1102.0,915.0,779.0,1023.0,899.0,423.0,1108.0,1018.8,790.2833333333333,24.020824299026536,110.88714034883004,190.3619292934115,1093.0
2015-08-04,1200.0,2512.0,1001.0,899.0,425.0,1151.0,1131.0,1100.0,1086.0,951.0,790.0,1006.0,900.0,424.0,1124.2857142857142,1037.3,800.65,39.96963132899782,108.571150573467,195.47324798545185,1046.0
2015-08-05,1222.0,2604.0,1005.0,901.0,427.0,1200.0,1151.0,1131.0,1090.0,1009.0,829.0,1001.0,899.0,425.0,1143.142857142857,1056.4,811.2,50.77541587370098,105.59525507683212,200.86421756579935,1055.0
2015-08-06,1201.0,2514.0,1013.0,904.0,432.0,1222.0,1200.0,1151.0,1094.0,1048.0,829.0,1005.0,901.0,427.0,1158.428571428571,1073.8,820.65,49.60798706817972,98.76585815374946,205.6665744123825,1063.0
2015-08-07,1200.0,2512.0,1021.0,904.0,438.0,1201.0,1222.0,1200.0,1104.0,1067.0,823.0,1013.0,904.0,432.0,1172.142857142857,1090.1,830.0333333333333,45.11994596421538,90.62118957509054,209.94438058178304,1046.0
2015-08-10,1197.0,2499.0,1028.0,901.0,443.0,1200.0,1201.0,1222.0,1100.0,1113.0,813.0,1021.0,904.0,438.0,1186.0,1104.95,839.4166666666666,32.36252977344956,81.72835300074921,213.584206524854,1031.0
2015-08-11,1162.0,2367.0,1043.0,900.0,446.0,1197.0,1200.0,1201.0,1131.0,1118.0,800.0,1028.0,901.0,443.0,1190.428571428571,1117.3,848.2833333333333,24.82510250310666,69.21902689445376,215.7746071099691,1014.0
2015-08-12,1093.0,2107.0,1053.0,899.0,447.0,1162.0,1197.0,1200.0,1151.0,1102.0,794.0,1043.0,900.0,446.0,1182.142857142857,1124.4,856.1666666666666,43.11777889858156,57.564974731116536,215.9333832197228,994.0
2015-08-13,1046.0,1875.0,1054.0,901.0,448.0,1093.0,1162.0,1197.0,1200.0,1086.0,794.0,1053.0,899.0,447.0,1160.142857142857,1126.25,863.5,65.80635372424523,54.15462754202215,214.7617126499832,968.0
2015-08-14,1055.0,1884.0,1057.0,905.0,449.0,1046.0,1093.0,1162.0,1222.0,1090.0,805.0,1054.0,901.0,448.0,1136.2857142857142,1126.6,871.2166666666667,69.79425546019235,53.642481201733226,213.15309145188368,942.0
2015-08-17,1063.0,1913.0,1057.0,908.0,449.0,1055.0,1046.0,1093.0,1201.0,1094.0,815.0,1057.0,905.0,449.0,1116.571428571429,1126.4,879.1666666666666,67.93344081494058,53.8833047086053,211.2216416963913,918.0
2015-08-18,1046.0,1838.0,1052.0,915.0,449.0,1063.0,1055.0,1046.0,1200.0,1104.0,830.0,1057.0,908.0,449.0,1094.571428571429,1123.05,886.8666666666667,60.99414491810301,56.76588578960333,208.6848622958241,905.0
2015-08-19,1031.0,1773.0,1049.0,920.0,453.0,1046.0,1063.0,1055.0,1197.0,1100.0,840.0,1052.0,915.0,449.0,1070.857142857143,1118.7,894.2666666666667,44.599807815145205,60.39091949870716,205.7224447983249,903.0
2015-08-20,1014.0,1679.0,1052.0,924.0,460.0,1031.0,1046.0,1063.0,1162.0,1131.0,853.0,1049.0,920.0,453.0,1049.7142857142858,1114.3,901.3666666666668,24.938018403833954,64.72215922496267,202.29588722639664,911.0
2015-08-21,994.0,1559.0,1054.0,930.0,464.0,1014.0,1031.0,1046.0,1093.0,1151.0,874.0,1052.0,924.0,460.0,1035.571428571429,1109.7,908.1166666666668,24.36429862779477,69.90150965920651,198.41610887198988,906.0
2015-08-24,968.0,1403.0,1052.0,933.0,469.0,994.0,1014.0,1031.0,1046.0,1200.0,900.0,1054.0,930.0,464.0,1024.428571428571,1103.6,914.4333333333332,34.51983556774935,76.70339318648382,194.0699128496238,891.0
2015-08-25,942.0,1248.0,1047.0,934.0,473.0,968.0,994.0,1014.0,1055.0,1222.0,915.0,1052.0,933.0,469.0,1008.2857142857144,1096.0,920.2833333333332,43.17682358909273,84.8069014073755,189.38894529217967,875.0
2015-08-26,918.0,1089.0,1031.0,933.0,477.0,942.0,968.0,994.0,1063.0,1201.0,951.0,1047.0,934.0,473.0,987.5714285714286,1086.7,925.6166666666668,47.151730766658254,93.62360251225604,184.60467075155745,876.0
2015-08-27,905.0,1051.0,1000.0,931.0,479.0,918.0,942.0,968.0,1046.0,1200.0,1009.0,1031.0,933.0,477.0,967.4285714285714,1076.95,930.65,48.1381939242801,101.94914883103678,179.7115226020475,873.0
2015-08-28,903.0,1071.0,974.0,925.0,480.0,905.0,918.0,942.0,1031.0,1197.0,1048.0,1000.0,931.0,479.0,949.1428571428572,1065.55,935.5333333333332,44.10755253334999,108.14633117851412,174.76351737609215,855.0
2015-09-01,911.0,1176.0,949.0,912.0,480.0,903.0,905.0,918.0,1014.0,1162.0,1067.0,974.0,925.0,480.0,934.4285714285714,1053.55,940.55,35.1324026262349,111.43110923466377,169.50150491811394,830.0
2015-09-02,906.0,1194.0,912.0,896.0,481.0,911.0,903.0,905.0,994.0,1093.0,1113.0,949.0,912.0,480.0,921.8571428571428,1038.85,945.45,24.354524367129976,110.48280409187836,164.0030410011989,818.0
2015-09-03,891.0,1195.0,870.0,882.0,483.0,906.0,911.0,903.0,968.0,1046.0,1118.0,912.0,896.0,481.0,910.8571428571428,1022.3,950.0,15.994046511620772,106.31636008186584,158.45771504613103,805.0
2015-09-04,875.0,1187.0,837.0,870.0,485.0,891.0,906.0,911.0,942.0,1055.0,1102.0,870.0,882.0,483.0,901.2857142857144,1006.0,954.1,14.197585307997818,102.39500398998749,153.1033438508734,802.0
2015-09-07,876.0,1243.0,812.0,857.0,482.0,875.0,891.0,906.0,918.0,1063.0,1086.0,837.0,870.0,485.0,895.2857142857143,989.8,958.0,14.817942791694373,95.48358911078874,147.9107610025471,814.0
2015-09-08,873.0,1286.0,793.0,848.0,477.0,876.0,875.0,891.0,905.0,1046.0,1090.0,812.0,857.0,482.0,890.7142857142857,973.6,961.6166666666668,16.193767172731402,85.43597171661425,142.97173973060373,883.0
2015-09-09,855.0,1256.0,776.0,838.0,472.0,873.0,876.0,875.0,903.0,1031.0,1094.0,793.0,848.0,477.0,883.8571428571429,958.25,964.5166666666668,19.869814388064132,76.96402098591244,138.88972478096082,960.0
2015-09-10,830.0,1202.0,751.0,824.0,468.0,855.0,873.0,876.0,911.0,1014.0,1104.0,776.0,838.0,472.0,872.2857142857143,945.1,966.2666666666668,24.479340171760978,75.17621404339867,136.46094203316375,978.0
2015-09-11,818.0,1198.0,735.0,810.0,460.0,830.0,855.0,873.0,906.0,994.0,1100.0,751.0,824.0,468.0,859.7142857142857,933.7,967.0166666666668,26.76885183526242,76.34830160454696,135.5010152775854,923.0
2015-09-14,805.0,1185.0,723.0,799.0,452.0,818.0,830.0,855.0,891.0,968.0,1131.0,735.0,810.0,460.0,847.4285714285714,921.2,967.45,29.60212347607218,75.90756151228247,134.92991589489455,917.0
2015-09-15,802.0,1196.0,720.0,789.0,445.0,805.0,818.0,830.0,875.0,942.0,1151.0,723.0,799.0,452.0,837.0,908.15,967.8333333333334,31.091263510408588,72.61018849781543,134.4171557184049,922.0
2015-09-16,814.0,1264.0,716.0,783.0,439.0,802.0,805.0,818.0,876.0,918.0,1200.0,720.0,789.0,445.0,828.1428571428571,896.55,968.2333333333332,26.64225072730524,67.80116052417615,133.9137550265999,943.0
2015-09-17,883.0,1637.0,727.0,772.0,431.0,814.0,802.0,805.0,873.0,905.0,1222.0,716.0,783.0,439.0,829.5714285714286,889.15,969.1333333333332,29.557047342826856,59.9800624769671,133.14137594569925,943.0
2015-09-18,960.0,1995.0,753.0,762.0,426.0,883.0,814.0,802.0,855.0,903.0,1201.0,727.0,772.0,431.0,844.5714285714286,886.45,971.3166666666668,57.78078441511487,55.07934468138073,131.87249770035805,926.0
2015-09-21,978.0,2096.0,769.0,757.0,421.0,960.0,883.0,814.0,830.0,911.0,1200.0,753.0,762.0,426.0,865.7142857142857,885.65,973.9,75.82153231049553,53.5294065764331,130.42806966272863,900.0
2015-09-22,923.0,1873.0,769.0,749.0,417.0,978.0,960.0,883.0,818.0,906.0,1197.0,769.0,757.0,421.0,880.7142857142857,883.4,975.7333333333332,75.192451495555,50.759909584795885,128.89213288993753,888.0
2015-09-23,917.0,1872.0,761.0,742.0,414.0,923.0,978.0,960.0,805.0,891.0,1162.0,769.0,749.0,417.0,896.7142857142857,882.15,977.6833333333332,67.9649769752377,49.533906516050806,127.06044093159306,889.0
2015-09-24,922.0,1911.0,751.0,738.0,411.0,917.0,923.0,978.0,802.0,875.0,1093.0,761.0,742.0,414.0,913.8571428571428,882.35,979.8166666666668,53.73834314356813,49.6940905096669,124.98169244469764,881.0
2015-09-25,943.0,2024.0,744.0,733.0,408.0,922.0,917.0,923.0,814.0,876.0,1046.0,751.0,738.0,411.0,932.2857142857144,884.25,982.3,31.164693087599883,51.305970720599085,122.686219579012,869.0
2015-09-28,943.0,2075.0,738.0,724.0,402.0,943.0,922.0,917.0,883.0,873.0,1055.0,744.0,733.0,408.0,940.8571428571428,886.25,984.6,22.35642019232182,52.83228179819633,120.5815287876174,841.0
2015-09-29,926.0,2031.0,725.0,713.0,400.0,943.0,943.0,922.0,960.0,855.0,1063.0,738.0,724.0,402.0,936.0,887.0,986.45,21.166010488662504,53.306462529157294,118.77330993348458,817.0
2015-09-30,900.0,1936.0,712.0,703.0,398.0,926.0,943.0,943.0,978.0,830.0,1046.0,725.0,713.0,400.0,924.8571428571428,886.7,987.6166666666668,15.00476114935256,53.21070331589736,117.5479839516044,809.0
2015-10-01,888.0,1911.0,704.0,695.0,396.0,900.0,926.0,943.0,923.0,818.0,1031.0,712.0,703.0,398.0,919.8571428571428,886.55,988.4166666666666,20.538001943125536,53.20217150300923,116.68649750754436,809.0
2015-10-02,889.0,1931.0,701.0,691.0,392.0,888.0,900.0,926.0,917.0,805.0,1014.0,704.0,695.0,396.0,915.8571428571428,887.25,989.0166666666668,23.67437835472197,53.134263898204416,116.06930887745482,804.0
2015-10-05,881.0,1901.0,699.0,688.0,390.0,889.0,888.0,900.0,922.0,802.0,994.0,701.0,691.0,392.0,910.0,887.5,989.1333333333332,26.770630673800955,53.090290518817575,115.9552027274378,787.0
2015-10-06,869.0,1860.0,700.0,681.0,386.0,881.0,889.0,888.0,943.0,814.0,968.0,699.0,688.0,390.0,899.4285714285714,887.3,988.6166666666668,26.17159492577504,53.155283938008886,116.4271928844419,766.0
2015-10-07,841.0,1742.0,709.0,676.0,384.0,869.0,881.0,889.0,943.0,883.0,942.0,700.0,681.0,386.0,884.8571428571429,886.6,987.3833333333332,26.264225170678795,53.69249678055905,117.6062219712073,754.0
2015-10-08,817.0,1598.0,736.0,672.0,382.0,841.0,869.0,881.0,926.0,960.0,918.0,709.0,676.0,384.0,869.2857142857143,885.95,985.15,29.87035478940309,54.48657487959112,119.5648643192232,747.0
2015-10-09,809.0,1549.0,761.0,669.0,380.0,817.0,841.0,869.0,900.0,978.0,905.0,736.0,672.0,382.0,856.2857142857143,885.5,981.8166666666668,33.81673296724944,55.11089299149321,121.65824481343928,762.0
2015-10-12,809.0,1551.0,768.0,666.0,380.0,809.0,817.0,841.0,888.0,923.0,903.0,761.0,669.0,380.0,845.0,885.7,977.8333333333334,34.6410161514774,54.80981471851287,123.35537289722002,780.0
2015-10-13,804.0,1531.0,770.0,664.0,379.0,809.0,809.0,817.0,889.0,917.0,911.0,768.0,666.0,380.0,832.8571428571429,885.8,973.45,31.3922950814879,54.650660900359945,124.79752075443676,786.0
2015-10-14,787.0,1457.0,761.0,662.0,379.0,804.0,809.0,809.0,881.0,922.0,906.0,770.0,664.0,379.0,819.4285714285714,884.45,968.0166666666668,27.18980901538009,56.80851956124948,125.7121397893177,774.0
2015-10-15,766.0,1368.0,742.0,661.0,378.0,787.0,804.0,809.0,869.0,943.0,891.0,761.0,662.0,379.0,804.7142857142857,878.6,962.15,23.513926977687383,62.6858499940592,126.80290658599914,759.0
2015-10-16,754.0,1318.0,722.0,658.0,376.0,766.0,787.0,804.0,841.0,943.0,875.0,742.0,661.0,378.0,792.2857142857143,868.3,956.35,24.122702209995428,65.46923745268124,128.2482794678132,739.0
2015-10-19,747.0,1312.0,710.0,656.0,371.0,754.0,766.0,787.0,817.0,926.0,876.0,722.0,658.0,376.0,782.2857142857143,856.75,950.7,26.556319309074723,65.47387988635143,129.89647768614805,736.0
2015-10-20,762.0,1399.0,701.0,654.0,368.0,747.0,754.0,766.0,809.0,900.0,873.0,710.0,656.0,371.0,775.5714285714286,848.7,945.2333333333332,24.54151002471546,66.78409832795239,130.83323149448935,728.0
2015-10-21,780.0,1483.0,693.0,652.0,366.0,762.0,747.0,754.0,809.0,888.0,855.0,701.0,654.0,368.0,771.4285714285714,841.85,940.0,19.98213487826672,66.43498998826412,131.06150710289302,721.0
2015-10-22,786.0,1512.0,685.0,649.0,365.0,780.0,762.0,747.0,804.0,889.0,830.0,693.0,652.0,366.0,768.8571428571429,835.05,934.7,15.815905195416647,64.73791291372424,130.74652667395063,706.0
2015-10-23,774.0,1461.0,683.0,648.0,362.0,786.0,780.0,762.0,787.0,881.0,818.0,685.0,649.0,365.0,767.0,826.6,929.2666666666668,13.988090172508622,60.81672207719183,130.5343472777302,680.0
2015-10-26,759.0,1403.0,681.0,646.0,360.0,774.0,786.0,780.0,766.0,869.0,805.0,683.0,648.0,362.0,766.0,817.4,923.0666666666668,14.317821063540846,56.00883388973607,129.62146540523077,657.0
2015-10-27,739.0,1307.0,686.0,645.0,356.0,759.0,774.0,786.0,754.0,841.0,802.0,681.0,646.0,360.0,763.8571428571429,808.05,916.2,17.2378321476469,52.41883450182886,128.24761536758433,640.0
2015-10-28,736.0,1275.0,687.0,643.0,354.0,739.0,759.0,774.0,747.0,817.0,814.0,686.0,645.0,356.0,762.2857142857143,799.85,908.4666666666668,19.39685787043097,50.05184154563193,124.78734000692153,631.0
2015-10-29,728.0,1254.0,682.0,633.0,351.0,736.0,739.0,759.0,762.0,809.0,883.0,687.0,643.0,354.0,757.4285714285714,791.85,900.2333333333333,23.33707453016964,47.96410390241491,119.953291286275,628.0
2015-10-30,721.0,1229.0,675.0,629.0,349.0,728.0,736.0,739.0,780.0,809.0,960.0,682.0,633.0,351.0,749.0,783.45,892.2333333333333,24.45403852143271,44.65125094025976,115.47710414595387,622.0
2015-11-02,706.0,1184.0,665.0,620.0,347.0,721.0,728.0,736.0,786.0,804.0,978.0,675.0,629.0,349.0,737.5714285714286,774.7,884.0,22.92638322166967,41.56934599340595,110.67267358287138,599.0
2015-11-03,680.0,1099.0,653.0,609.0,339.0,706.0,721.0,728.0,774.0,787.0,923.0,665.0,620.0,347.0,724.1428571428571,765.25,875.3833333333333,25.4258960605936,40.4720501347404,105.9141148172846,579.0
2015-11-04,657.0,1043.0,636.0,596.0,333.0,680.0,706.0,721.0,759.0,766.0,917.0,653.0,609.0,339.0,709.5714285714286,756.05,866.9666666666667,30.783421636119066,43.16976890570611,102.7702665347851,560.0
2015-11-05,640.0,1002.0,618.0,584.0,328.0,657.0,680.0,706.0,739.0,754.0,922.0,636.0,596.0,333.0,695.4285714285714,747.2,859.4166666666666,37.10281724650024,47.90077463392357,102.52280303063311,550.0
2015-11-06,631.0,1003.0,603.0,571.0,323.0,640.0,657.0,680.0,736.0,747.0,943.0,618.0,584.0,328.0,680.4285714285714,738.3,852.5,39.135904839767214,52.16078381719972,103.713670380254,537.0
2015-11-09,628.0,1021.0,589.0,562.0,319.0,631.0,640.0,657.0,728.0,762.0,943.0,603.0,571.0,323.0,666.1428571428571,729.25,845.3833333333333,37.073928716613935,54.87965302179886,104.23166695153394,519.0
2015-11-10,622.0,1018.0,575.0,554.0,316.0,628.0,631.0,640.0,721.0,780.0,926.0,589.0,562.0,319.0,652.0,720.15,838.0333333333333,31.05371690058738,56.88517982931988,104.17488012823864,504.0
2015-11-11,599.0,946.0,555.0,543.0,311.0,622.0,628.0,631.0,706.0,786.0,900.0,575.0,554.0,316.0,636.7142857142857,710.75,830.5833333333334,25.959675689680257,60.66463029166631,105.0301476763669,498.0
2015-11-12,579.0,881.0,534.0,533.0,307.0,599.0,622.0,628.0,680.0,774.0,888.0,555.0,543.0,311.0,622.2857142857143,701.4,823.05,25.959675689682417,65.88698457848545,106.60960382223656,516.0
2015-11-13,560.0,809.0,514.0,523.0,304.0,579.0,599.0,622.0,657.0,759.0,889.0,534.0,533.0,307.0,608.4285714285714,691.7,815.4833333333333,29.926895054914755,71.75477244354202,108.91366378103253,528.0
2015-11-16,550.0,770.0,500.0,516.0,302.0,560.0,579.0,599.0,640.0,739.0,881.0,514.0,523.0,304.0,595.5714285714286,681.85,808.0833333333334,33.25085032939729,77.08728818685616,111.6286658505056,546.0
2015-11-17,537.0,733.0,487.0,504.0,296.0,550.0,560.0,579.0,631.0,736.0,869.0,500.0,516.0,302.0,582.1428571428571,670.6,800.9,35.46561043910789,81.08890507535025,114.98072056527926,562.0
2015-11-18,519.0,671.0,477.0,491.0,292.0,537.0,550.0,560.0,628.0,728.0,841.0,487.0,504.0,296.0,566.5714285714286,657.55,793.85,35.90198296698297,83.52149108874639,119.07764522880169,581.0
2015-11-19,504.0,619.0,468.0,479.0,290.0,519.0,537.0,550.0,622.0,721.0,817.0,477.0,491.0,292.0,549.7142857142857,643.45,786.95,33.13464594520431,84.49321056500476,123.6680117033511,584.0
2015-11-20,498.0,606.0,463.0,472.0,288.0,504.0,519.0,537.0,599.0,706.0,809.0,468.0,479.0,290.0,535.2857142857143,629.65,780.1666666666666,29.93166821134688,84.58771529572486,128.16358279487383,598.0
2015-11-23,516.0,698.0,461.0,469.0,286.0,498.0,504.0,519.0,579.0,680.0,809.0,463.0,472.0,288.0,526.2857142857143,617.5,773.7166666666667,23.34319519505033,82.45541059776066,131.56993264100103,590.0
2015-11-24,528.0,731.0,460.0,467.0,285.0,516.0,498.0,504.0,560.0,657.0,804.0,461.0,469.0,286.0,521.7142857142857,606.95,767.3333333333334,18.20910290434216,79.53845478431704,134.06381817869118,574.0
2015-11-25,546.0,807.0,463.0,467.0,285.0,528.0,516.0,498.0,550.0,640.0,787.0,460.0,467.0,285.0,521.1428571428571,597.45,761.3333333333334,17.208801734936536,74.50077710652967,135.79728993915433,563.0
2015-11-26,562.0,898.0,459.0,467.0,284.0,546.0,528.0,516.0,537.0,631.0,766.0,463.0,467.0,285.0,524.7142857142857,589.15,755.85,22.75019623170095,68.1687341513144,137.1087438026299,551.0
2015-11-27,581.0,989.0,456.0,467.0,283.0,562.0,546.0,528.0,519.0,628.0,754.0,459.0,467.0,284.0,533.5714285714286,582.15,750.95,30.79965986222013,60.69533494605338,138.02878906295646,551.0
2015-11-30,584.0,1007.0,453.0,469.0,285.0,581.0,562.0,546.0,504.0,622.0,747.0,456.0,467.0,283.0,545.0,576.05,746.0833333333334,32.77702447359516,53.26939972790649,138.69113247070058,546.0
2015-12-01,598.0,1046.0,450.0,471.0,286.0,584.0,581.0,562.0,498.0,599.0,762.0,453.0,469.0,285.0,559.2857142857143,571.95,741.5,30.59800802744056,47.71348148890964,138.96951256928836,534.0
2015-12-02,590.0,1001.0,446.0,472.0,286.0,598.0,584.0,581.0,516.0,579.0,780.0,450.0,471.0,286.0,569.8571428571429,568.6,737.0833333333334,25.510968696203424,43.60275220674768,139.51116736385617,522.0
2015-12-03,574.0,931.0,438.0,470.0,286.0,590.0,598.0,584.0,528.0,560.0,786.0,446.0,472.0,286.0,576.4285714285714,565.3,732.8166666666667,17.643290914532237,40.28595158041908,140.5322198012854,508.0
2015-12-04,563.0,890.0,433.0,469.0,286.0,574.0,590.0,598.0,546.0,550.0,774.0,438.0,470.0,286.0,578.8571428571429,561.9,728.5666666666667,13.421730780787614,37.20059422279881,141.76291579183277,484.0
2015-12-07,551.0,852.0,426.0,465.0,286.0,563.0,574.0,590.0,562.0,537.0,759.0,433.0,469.0,286.0,577.2857142857143,558.05,724.3333333333334,16.100872499563195,33.83158754466715,143.22669795002167,471.0
2015-12-08,551.0,870.0,420.0,461.0,286.0,551.0,563.0,574.0,581.0,519.0,739.0,426.0,465.0,286.0,573.0,554.5,720.15,18.7260958738278,30.30980386820916,144.57897085529558,471.0
2015-12-09,546.0,857.0,412.0,460.0,286.0,551.0,551.0,563.0,584.0,504.0,736.0,420.0,461.0,286.0,567.5714285714286,551.85,715.6833333333333,20.435729681814816,28.475797664588093,145.76536656700256,477.0
2015-12-10,534.0,824.0,408.0,455.0,285.0,546.0,551.0,551.0,598.0,498.0,728.0,412.0,460.0,286.0,558.4285714285714,549.6,709.8666666666667,18.80476130208165,27.991352048028286,145.9387457604783,478.0
2015-12-11,522.0,779.0,410.0,451.0,282.0,534.0,546.0,551.0,590.0,516.0,721.0,408.0,455.0,285.0,548.7142857142857,547.7,702.5666666666667,17.279219559364186,28.53271437274502,144.15850112409262,474.0
2015-12-14,508.0,722.0,410.0,450.0,279.0,522.0,534.0,546.0,574.0,528.0,706.0,410.0,451.0,282.0,539.2857142857143,545.6,694.7333333333333,19.093753653506116,29.868836074142745,141.68655626419235,475.0
2015-12-15,484.0,623.0,411.0,449.0,276.0,508.0,522.0,534.0,563.0,546.0,680.0,410.0,450.0,279.0,528.0,542.95,687.4166666666666,25.13297966171324,32.87212064641438,141.03254723129913,478.0
2015-12-16,471.0,549.0,415.0,448.0,275.0,484.0,508.0,522.0,551.0,562.0,657.0,411.0,449.0,276.0,516.5714285714286,540.55,679.9833333333333,30.538812151564564,36.28755767626424,140.47938405563437,473.0
2015-12-17,471.0,524.0,421.0,448.0,274.0,471.0,484.0,508.0,551.0,581.0,640.0,415.0,448.0,275.0,505.1428571428572,538.9,672.4666666666667,30.476376487684664,38.70658858647885,139.3717704397056,468.0
2015-12-18,477.0,524.0,426.0,449.0,273.0,471.0,471.0,484.0,546.0,584.0,631.0,421.0,448.0,274.0,495.2857142857143,537.85,664.7,25.869636550360248,40.133035348933184,137.00455268948178,467.0
2015-12-21,478.0,512.0,433.0,449.0,273.0,477.0,471.0,471.0,534.0,598.0,628.0,426.0,449.0,273.0,487.2857142857143,535.95,656.95,19.86382210404436,42.074464064545296,134.11649691883807,445.0
2015-12-22,474.0,485.0,445.0,449.0,271.0,478.0,477.0,471.0,522.0,590.0,622.0,433.0,449.0,273.0,480.4285714285714,533.25,649.4166666666666,12.97249838294275,44.28600230324379,131.41502270329863,429.0
2015-12-23,475.0,469.0,457.0,450.0,270.0,474.0,478.0,477.0,508.0,574.0,599.0,445.0,449.0,271.0,475.7142857142857,529.7,642.3333333333334,4.535573677187641,46.02184835834704,129.11322933270148,415.0
2015-12-24,478.0,470.0,462.0,450.0,270.0,475.0,474.0,478.0,484.0,563.0,579.0,457.0,450.0,270.0,474.8571428571428,525.5,635.5,3.023715785690114,46.74623542402826,126.71835846829634,402.0
2016-01-04,473.0,472.0,464.0,449.0,267.0,478.0,475.0,474.0,471.0,551.0,560.0,462.0,450.0,270.0,475.1428571428572,520.1,628.5666666666667,2.6726124209525217,46.23270658200321,123.96382286195222,394.0
2016-01-05,468.0,462.0,466.0,445.0,266.0,473.0,478.0,475.0,471.0,551.0,550.0,464.0,449.0,267.0,474.7142857142857,514.3,621.6833333333333,3.545621043090183,45.055638119092656,121.1436311926862,383.0
2016-01-06,467.0,467.0,464.0,442.0,263.0,468.0,473.0,478.0,477.0,546.0,537.0,466.0,445.0,266.0,473.2857142857143,507.75,614.9833333333333,4.386125311465687,41.6399036856498,118.31722536988278,373.0
2016-01-07,445.0,399.0,450.0,436.0,259.0,467.0,468.0,473.0,478.0,534.0,519.0,464.0,442.0,263.0,468.57142857142856,500.5,608.3833333333333,11.08838946656352,39.11185040506344,116.52716154849804,369.0
2016-01-08,429.0,343.0,434.0,430.0,256.0,445.0,467.0,468.0,474.0,522.0,504.0,450.0,436.0,259.0,462.1428571428572,493.25,601.9166666666666,18.18816988647792,38.19875307971293,115.5153950657397,363.0
2016-01-11,415.0,314.0,420.0,422.0,251.0,429.0,445.0,467.0,475.0,508.0,498.0,434.0,430.0,256.0,453.57142857142856,485.85,595.35,24.247729398075546,38.31074467949539,114.74006363693852,358.0
2016-01-12,402.0,266.0,411.0,416.0,250.0,415.0,429.0,445.0,478.0,484.0,516.0,420.0,422.0,251.0,442.7142857142857,478.4,588.5666666666667,28.18223013262229,39.445365280448165,113.92301394961248,355.0
2016-01-13,394.0,245.0,399.0,412.0,250.0,402.0,415.0,429.0,473.0,471.0,528.0,411.0,416.0,250.0,431.4285714285714,470.55,581.7333333333333,29.804122437941,39.856948149502976,113.07502634065564,354.0
2016-01-14,383.0,225.0,388.0,402.0,247.0,394.0,402.0,415.0,468.0,471.0,546.0,399.0,412.0,250.0,419.2857142857143,462.4,575.0,29.7361412299619,40.279810797686274,112.67261709966158,354.0
2016-01-15,373.0,198.0,381.0,394.0,245.0,383.0,394.0,402.0,467.0,477.0,562.0,388.0,402.0,247.0,405.8571428571428,454.35,568.45,25.524031626810537,41.29263347075369,112.804078691822,345.0
2016-01-18,369.0,197.0,375.0,388.0,243.0,373.0,383.0,394.0,445.0,478.0,581.0,381.0,394.0,245.0,395.0,446.7,562.0333333333333,22.02271554577924,42.26121775716364,113.02031715764566,337.0
2016-01-19,363.0,185.0,369.0,381.0,240.0,369.0,373.0,383.0,429.0,474.0,584.0,375.0,388.0,243.0,385.57142857142856,439.45,555.6333333333333,18.954833533853147,43.60767074003163,113.24085126622658,325.0
2016-01-20,358.0,186.0,360.0,372.0,238.0,363.0,369.0,373.0,415.0,475.0,598.0,369.0,381.0,240.0,377.4285714285714,433.15,548.9,16.256866681379247,45.87543202151303,112.772261885922,317.0
2016-01-21,355.0,206.0,346.0,366.0,237.0,358.0,363.0,369.0,402.0,478.0,590.0,360.0,372.0,238.0,370.7142857142857,427.35,541.8166666666667,13.960829556843388,48.11638849818024,111.34896918190454,314.0
2016-01-22,354.0,229.0,334.0,358.0,233.0,355.0,358.0,363.0,394.0,473.0,574.0,346.0,366.0,237.0,365.0,421.5,534.6166666666667,10.630145813228944,49.61907527938703,109.238984111613,310.0
2016-01-25,354.0,254.0,325.0,350.0,231.0,354.0,355.0,358.0,383.0,468.0,563.0,334.0,358.0,233.0,360.8571428571428,415.35,527.6166666666667,7.690439334224939,49.99923683630617,107.07467561572116,303.0
2016-01-26,345.0,242.0,312.0,338.0,229.0,354.0,354.0,355.0,373.0,467.0,551.0,325.0,350.0,231.0,356.85714285714283,408.7,520.7166666666667,7.6032574479684865,50.07268401247344,105.23486109042234,298.0
2016-01-27,337.0,235.0,303.0,327.0,225.0,345.0,354.0,354.0,369.0,445.0,551.0,312.0,338.0,229.0,352.2857142857143,401.85,514.0166666666667,8.635475006160602,50.04027325435868,103.89034174245772,297.0
2016-01-28,325.0,216.0,293.0,316.0,222.0,337.0,345.0,354.0,363.0,429.0,546.0,303.0,327.0,225.0,346.85714285714283,394.35,507.1666666666667,12.047524938903017,49.739611451748,102.546751085601,293.0
2016-01-29,317.0,211.0,287.0,304.0,219.0,325.0,337.0,345.0,358.0,415.0,534.0,293.0,316.0,222.0,341.0,386.3,500.31666666666666,15.26433752282335,48.50187191181162,101.26446189536618,291.0
2016-02-01,314.0,217.0,282.0,299.0,216.0,317.0,325.0,337.0,355.0,402.0,522.0,287.0,304.0,219.0,335.1428571428572,378.35,493.53333333333336,16.78718332002829,46.53383036483713,99.85302193084031,290.0
2016-02-02,310.0,217.0,282.0,289.0,212.0,314.0,317.0,325.0,354.0,394.0,508.0,282.0,299.0,216.0,328.85714285714283,370.45,486.9333333333333,16.787183320029545,43.84719279260455,98.65156396868088,290.0
2016-02-03,303.0,209.0,284.0,280.0,203.0,310.0,314.0,317.0,354.0,383.0,484.0,282.0,289.0,212.0,321.57142857142856,362.25,480.65,15.03171250933121,40.007729516369245,98.15101215199556,291.0
2016-02-04,298.0,208.0,289.0,271.0,197.0,303.0,310.0,314.0,345.0,373.0,471.0,284.0,280.0,203.0,314.85714285714283,354.9,474.6666666666667,13.208943579523654,37.424872112458665,98.16082733259464,295.0
2016-02-05,297.0,212.0,295.0,262.0,194.0,298.0,303.0,310.0,337.0,369.0,471.0,289.0,271.0,197.0,309.1428571428572,348.3,468.95,10.383136511691008,35.24515644218173,98.35656768513394,301.0
2016-02-08,293.0,207.0,298.0,255.0,190.0,297.0,298.0,303.0,325.0,363.0,477.0,295.0,262.0,194.0,304.57142857142856,342.2,463.31666666666666,9.21696159063814,33.613280583442204,98.597021247555,307.0
2016-02-09,291.0,207.0,297.0,250.0,188.0,293.0,297.0,298.0,317.0,358.0,478.0,298.0,255.0,190.0,300.85714285714283,336.65,457.7,8.591246930479096,32.36026640971163,98.65541812513172,313.0
2016-02-10,290.0,208.0,301.0,247.0,186.0,291.0,293.0,297.0,314.0,355.0,474.0,297.0,250.0,188.0,297.42857142857144,331.45,452.1666666666667,7.138093650502687,30.98637221683308,98.59455870214458,315.0
2016-02-11,290.0,206.0,312.0,244.0,184.0,290.0,291.0,293.0,310.0,354.0,475.0,301.0,247.0,186.0,294.57142857142856,326.8,447.01666666666665,4.9280538041603705,29.798622363106944,98.86465524401616,316.0
2016-02-12,291.0,199.0,324.0,243.0,183.0,290.0,290.0,291.0,303.0,354.0,478.0,312.0,244.0,184.0,292.85714285714283,322.7,442.2166666666666,3.338091843232282,28.72940910235752,99.33833500860054,318.0
2016-02-15,295.0,204.0,334.0,247.0,183.0,291.0,290.0,290.0,298.0,345.0,473.0,324.0,243.0,183.0,292.42857142857144,319.0,437.8,2.6992062345648806,27.175840663936484,99.90229124815556,322.0
2016-02-16,301.0,223.0,346.0,252.0,184.0,295.0,291.0,290.0,297.0,337.0,468.0,334.0,247.0,183.0,293.0,315.9,433.65,3.958114030401666,25.368650359347296,100.33331315587436,325.0
2016-02-17,307.0,223.0,357.0,259.0,186.0,301.0,295.0,291.0,293.0,325.0,467.0,346.0,252.0,184.0,295.0,313.35,429.81666666666666,6.60807586803067,23.401023369481383,100.71077764809743,327.0
2016-02-18,313.0,220.0,358.0,270.0,193.0,307.0,301.0,295.0,291.0,317.0,445.0,357.0,259.0,186.0,298.1428571428572,311.25,426.3833333333333,9.136530549784869,21.252554026133996,101.1294005210098,329.0
2016-02-19,315.0,207.0,355.0,286.0,198.0,313.0,307.0,301.0,290.0,314.0,429.0,358.0,270.0,193.0,301.7142857142857,309.3,423.23333333333335,10.242302569036893,18.76755318718287,101.6131525363864,332.0
2016-02-22,316.0,197.0,350.0,298.0,200.0,315.0,313.0,307.0,290.0,310.0,415.0,355.0,286.0,198.0,305.42857142857144,307.4,420.2,9.997618764650616,15.672302084688509,102.0589394353354,335.0
2016-02-23,318.0,189.0,346.0,310.0,203.0,316.0,315.0,313.0,291.0,303.0,402.0,350.0,298.0,200.0,309.2857142857143,306.05,416.9,8.616153158398632,13.236611905581825,102.10989427325843,342.0
2016-02-24,322.0,186.0,346.0,321.0,206.0,318.0,316.0,315.0,295.0,298.0,394.0,346.0,310.0,203.0,313.1428571428572,305.3,413.4666666666666,7.057586260215718,11.729853949915848,101.7736715757577,349.0
2016-02-25,325.0,182.0,346.0,328.0,209.0,322.0,318.0,316.0,301.0,297.0,383.0,346.0,321.0,206.0,316.57142857142856,305.3,409.78333333333336,5.912053870121599,11.729853949915848,100.8911297216892,354.0
2016-02-26,327.0,177.0,352.0,333.0,212.0,325.0,322.0,318.0,307.0,293.0,373.0,346.0,328.0,209.0,319.42857142857144,305.8,405.8666666666667,5.318431563584682,12.446094293393502,99.43270727913306,366.0
2016-02-29,329.0,174.0,354.0,339.0,214.0,327.0,325.0,322.0,313.0,291.0,369.0,352.0,333.0,212.0,321.7142857142857,306.55,401.6666666666667,5.529143566795181,13.382923132899531,97.20704212951696,376.0
2016-03-01,332.0,174.0,357.0,345.0,217.0,329.0,327.0,325.0,315.0,290.0,363.0,354.0,339.0,214.0,324.1428571428572,307.65,397.4666666666666,5.814595757257015,14.535890246741394,94.60470240709948,384.0
2016-03-02,335.0,171.0,364.0,350.0,220.0,332.0,329.0,327.0,316.0,290.0,358.0,357.0,345.0,217.0,326.85714285714283,309.25,393.0833333333333,5.814595757255422,15.71079079392823,91.18695484818576,388.0
2016-03-03,342.0,166.0,374.0,363.0,227.0,335.0,332.0,329.0,318.0,291.0,355.0,364.0,350.0,220.0,330.2857142857143,311.45,388.95,6.7259270921442935,17.074064665822625,87.66237718031155,393.0
2016-03-04,349.0,164.0,386.0,371.0,232.0,342.0,335.0,332.0,322.0,295.0,354.0,374.0,363.0,227.0,334.1428571428572,314.05,385.2,8.649249899282754,18.644810199371737,84.3625750426012,396.0
2016-03-07,354.0,161.0,397.0,377.0,237.0,349.0,342.0,335.0,325.0,301.0,354.0,386.0,371.0,232.0,338.2857142857143,317.1,381.7166666666666,10.32334386631188,19.96286025287634,81.1504339968374,393.0
2016-03-08,366.0,180.0,422.0,386.0,240.0,354.0,349.0,342.0,327.0,307.0,345.0,397.0,377.0,237.0,343.85714285714283,320.85,378.6333333333333,13.309502513374024,21.76495251308708,78.06537170800515,392.0
2016-03-09,376.0,178.0,447.0,399.0,243.0,366.0,354.0,349.0,329.0,313.0,337.0,422.0,386.0,240.0,350.57142857142856,325.15,375.7166666666666,16.123038825326542,23.75372546962737,74.7134847419255,395.0
2016-03-10,384.0,178.0,466.0,412.0,246.0,376.0,366.0,354.0,332.0,315.0,325.0,447.0,399.0,243.0,358.0,329.85,373.01666666666665,18.009256879279846,25.656178080268305,71.30490549776141,398.0
2016-03-11,388.0,176.0,477.0,420.0,249.0,384.0,376.0,366.0,335.0,316.0,317.0,466.0,412.0,246.0,365.57142857142856,334.7,370.5833333333333,17.86856777406117,27.05569304819293,68.13901335699734,398.0
2016-03-14,393.0,179.0,481.0,427.0,252.0,388.0,384.0,376.0,342.0,318.0,314.0,477.0,420.0,249.0,372.8571428571428,339.6,368.4333333333333,17.03358027994439,28.331496328517293,65.25448660912922,401.0
2016-03-15,396.0,186.0,481.0,432.0,255.0,393.0,388.0,384.0,349.0,322.0,310.0,481.0,427.0,252.0,379.57142857142856,344.35,366.56666666666666,15.229982960029467,29.46054453354189,62.74818294818599,406.0
2016-03-16,393.0,172.0,474.0,439.0,257.0,396.0,393.0,388.0,354.0,325.0,303.0,481.0,432.0,255.0,385.1428571428572,348.65,365.05,10.807845475389277,29.99346420037431,60.9352045419114,409.0
2016-03-17,392.0,178.0,467.0,445.0,258.0,393.0,396.0,393.0,366.0,327.0,298.0,474.0,439.0,257.0,388.8571428571428,352.6,363.73333333333335,6.890296835879674,30.252272641940586,59.44228554452368,414.0
2016-03-18,395.0,197.0,463.0,449.0,260.0,392.0,393.0,396.0,376.0,329.0,297.0,467.0,445.0,258.0,391.57142857142856,356.6,362.4666666666666,4.197504929046783,30.307893708652077,57.90771930256366,429.0
2016-03-21,398.0,197.0,459.0,460.0,262.0,395.0,392.0,393.0,384.0,332.0,293.0,463.0,449.0,260.0,393.57142857142856,360.7,361.15,3.20713490455655,30.07201881802763,56.1302435172911,450.0
2016-03-22,398.0,186.0,455.0,464.0,264.0,398.0,395.0,392.0,388.0,335.0,291.0,459.0,460.0,262.0,395.0,364.7,359.81666666666666,2.4494897448858444,29.40658716042037,54.225358901946265,471.0
2016-03-23,401.0,196.0,458.0,468.0,266.0,398.0,398.0,395.0,393.0,342.0,290.0,455.0,464.0,264.0,396.1428571428572,368.65,358.6,3.13201593543471,28.66553955356672,52.40849976368269,487.0
2016-03-24,406.0,203.0,466.0,473.0,268.0,401.0,398.0,398.0,396.0,349.0,290.0,458.0,468.0,266.0,397.57142857142856,372.7,357.45,4.8599431714096175,27.88529135021876,50.53457450460329,500.0
2016-03-29,409.0,207.0,471.0,474.0,270.0,406.0,401.0,398.0,393.0,354.0,291.0,466.0,473.0,268.0,399.8571428571428,376.8,356.3,5.984105933202675,26.820259428123777,48.488439999464376,517.0
2016-03-30,414.0,210.0,484.0,475.0,271.0,409.0,406.0,401.0,392.0,366.0,295.0,471.0,474.0,270.0,403.0,381.05,355.31666666666666,6.879922480928066,25.55175346753254,46.64488696790183,539.0
2016-03-31,429.0,270.0,501.0,476.0,272.0,414.0,409.0,406.0,395.0,376.0,301.0,484.0,475.0,271.0,407.8571428571428,385.9,354.6666666666667,11.036735197500052,24.95026632074504,45.30037851726705,555.0
2016-04-01,450.0,345.0,535.0,476.0,272.0,429.0,414.0,409.0,398.0,384.0,307.0,501.0,476.0,272.0,415.2857142857143,391.65,354.3833333333333,18.36404354297433,25.838109349162576,44.63414048906402,560.0
2016-04-04,471.0,424.0,563.0,479.0,274.0,450.0,429.0,414.0,398.0,388.0,313.0,535.0,476.0,272.0,425.7142857142857,398.1,354.81666666666666,26.036604270043583,28.73087464553072,45.64360525404768,567.0
2016-04-05,487.0,466.0,596.0,479.0,275.0,471.0,450.0,429.0,401.0,393.0,315.0,563.0,479.0,274.0,438.0,405.0,355.78333333333336,32.031234756250115,32.6254663205611,47.80436533053348,597.0
2016-04-06,500.0,477.0,619.0,482.0,278.0,487.0,471.0,450.0,406.0,396.0,316.0,596.0,479.0,275.0,451.4285714285714,412.3,357.2,35.855530223787795,36.69375395009186,50.75724879371485,635.0
2016-04-07,517.0,562.0,627.0,485.0,280.0,500.0,487.0,471.0,409.0,393.0,318.0,619.0,482.0,278.0,466.8571428571428,419.85,359.1166666666667,37.74223351215447,41.83963746449574,54.51017372537273,659.0
2016-04-08,539.0,656.0,643.0,488.0,286.0,517.0,500.0,487.0,414.0,392.0,322.0,627.0,485.0,280.0,484.7142857142857,428.0,361.53333333333336,38.13447384254537,48.23516952338758,59.10360528947746,671.0
2016-04-11,555.0,733.0,654.0,492.0,288.0,539.0,517.0,500.0,429.0,395.0,325.0,643.0,488.0,286.0,502.7142857142857,436.55,364.4,37.17846278758244,54.74195446775689,64.12070185830686,669.0
2016-04-12,560.0,744.0,666.0,498.0,290.0,555.0,539.0,517.0,450.0,398.0,327.0,654.0,492.0,288.0,518.4285714285714,445.15,367.51666666666665,34.32131088641325,59.97391977046531,68.91151085055229,670.0
2016-04-13,567.0,744.0,678.0,506.0,296.0,560.0,555.0,539.0,471.0,398.0,329.0,666.0,498.0,290.0,532.1428571428571,453.85,370.81666666666666,31.253952131192577,64.46318818970722,73.56733147198644,688.0
2016-04-14,597.0,831.0,700.0,514.0,309.0,567.0,560.0,555.0,487.0,401.0,332.0,678.0,506.0,296.0,547.8571428571429,463.9,374.7166666666666,32.405907750780635,70.36738179764349,79.1375313620444,690.0
2016-04-15,635.0,949.0,727.0,525.0,321.0,597.0,567.0,560.0,500.0,406.0,335.0,700.0,514.0,309.0,567.1428571428571,476.0,379.3333333333333,38.73167769606651,77.93384509010866,85.93368879594598,704.0
2016-04-18,659.0,1030.0,740.0,529.0,328.0,635.0,597.0,567.0,517.0,409.0,342.0,727.0,525.0,321.0,587.4285714285714,489.35,384.4,44.8027422631104,85.30704604700566,93.1348939688997,715.0
2016-04-19,671.0,1065.0,746.0,534.0,334.0,659.0,635.0,597.0,539.0,414.0,349.0,740.0,529.0,328.0,606.2857142857143,503.15,389.6833333333333,48.63714042355173,91.35084189974556,100.11120793809305,710.0
2016-04-20,669.0,1022.0,747.0,543.0,342.0,671.0,659.0,635.0,555.0,429.0,354.0,746.0,534.0,334.0,622.5714285714286,516.7,394.9333333333333,47.678986087106246,94.96043497441023,106.27783649987992,703.0
2016-04-21,670.0,1004.0,743.0,551.0,348.0,669.0,671.0,659.0,560.0,450.0,366.0,747.0,543.0,342.0,638.2857142857143,530.3,400.35,41.32277130808248,96.53038790700371,111.8270191117134,682.0
2016-04-22,688.0,1085.0,736.0,558.0,354.0,670.0,669.0,671.0,567.0,471.0,376.0,743.0,551.0,348.0,655.5714285714286,544.65,406.2,30.396585021362583,97.62348455594628,117.4941469873831,652.0
2016-04-25,690.0,1087.0,727.0,562.0,356.0,688.0,670.0,669.0,597.0,487.0,384.0,736.0,558.0,354.0,668.8571428571429,558.85,412.28333333333336,18.54210138625013,97.04761446675154,122.55861159811523,642.0
2016-04-26,704.0,1135.0,718.0,564.0,358.0,690.0,688.0,670.0,635.0,500.0,388.0,727.0,562.0,356.0,678.7142857142857,573.6,418.73333333333335,15.6600796692253,95.47906907580338,127.54126838503822,631.0
2016-04-27,715.0,1160.0,704.0,573.0,362.0,704.0,690.0,688.0,659.0,517.0,393.0,718.0,564.0,358.0,686.7142857142857,588.65,425.4166666666667,18.034358742312666,92.67956965578816,132.37495431951908,616.0
2016-04-28,710.0,1137.0,685.0,578.0,365.0,715.0,704.0,690.0,671.0,539.0,396.0,704.0,573.0,362.0,692.2857142857143,602.7,432.0833333333333,18.391250507956,88.40403658325634,136.4727937954994,594.0
2016-04-29,703.0,1117.0,667.0,582.0,367.0,710.0,715.0,704.0,669.0,555.0,393.0,685.0,578.0,365.0,697.1428571428571,615.35,438.75,15.475018270892418,83.36115149726889,139.78986954404013,579.0
2016-05-03,682.0,1055.0,640.0,583.0,368.0,703.0,710.0,715.0,670.0,560.0,392.0,667.0,582.0,367.0,698.8571428571429,625.9,445.15,12.307566391632523,77.25957613957277,142.0094082584648,579.0
2016-05-04,652.0,954.0,621.0,583.0,365.0,682.0,703.0,710.0,688.0,567.0,395.0,640.0,583.0,368.0,693.7142857142857,634.15,451.06666666666666,21.607979126078604,70.12715894042726,143.12325690357804,600.0
2016-05-05,642.0,915.0,607.0,582.0,365.0,652.0,682.0,703.0,690.0,597.0,398.0,621.0,583.0,365.0,686.8571428571429,641.25,456.8833333333333,29.248524586456032,62.61652295817584,143.68115497101962,613.0
2016-05-06,631.0,892.0,591.0,578.0,359.0,642.0,652.0,682.0,704.0,635.0,398.0,607.0,582.0,365.0,676.4285714285714,646.95,462.55,34.63551714104254,55.49440464922372,143.7326172246858,643.0
2016-05-09,616.0,837.0,584.0,575.0,355.0,631.0,642.0,652.0,715.0,659.0,401.0,591.0,578.0,359.0,662.2857142857143,650.8,467.98333333333335,36.42670396718954,50.0111566500622,143.26028127890535,642.0
2016-05-10,594.0,752.0,581.0,567.0,352.0,616.0,631.0,642.0,710.0,671.0,406.0,584.0,575.0,355.0,645.7142857142857,652.75,473.05,37.47316500172767,46.73201877675255,142.23094433154952,634.0
2016-05-11,579.0,713.0,583.0,560.0,349.0,594.0,616.0,631.0,703.0,669.0,409.0,581.0,567.0,352.0,628.0,653.7,477.85,35.1140997322832,44.90469439769919,140.835861308578,625.0
2016-05-12,579.0,724.0,589.0,555.0,347.0,579.0,594.0,616.0,682.0,670.0,414.0,583.0,560.0,349.0,613.2857142857143,654.3,482.5833333333333,29.909386964300296,43.75060901835624,139.35095210700146,624.0
2016-05-13,600.0,798.0,597.0,553.0,347.0,579.0,579.0,594.0,652.0,688.0,429.0,589.0,555.0,347.0,605.8571428571429,654.45,487.56666666666666,24.69432169180599,43.54849081925767,138.0878333436169,618.0
2016-05-16,613.0,854.0,598.0,552.0,347.0,600.0,579.0,579.0,642.0,690.0,450.0,597.0,553.0,347.0,601.7142857142857,653.35,492.6666666666667,19.50824001749853,44.33636383261626,136.9520102348445,605.0
2016-05-17,643.0,988.0,604.0,552.0,345.0,613.0,600.0,579.0,631.0,704.0,471.0,598.0,552.0,347.0,603.4285714285714,652.55,498.1666666666667,22.76588927089399,44.37338581204319,136.23884394287222,601.0
2016-05-18,642.0,954.0,611.0,553.0,342.0,643.0,613.0,600.0,616.0,715.0,487.0,604.0,552.0,345.0,607.1428571428571,651.1,503.6166666666667,26.90370836554677,44.21228693239981,135.3248560564053,606.0
2016-05-19,634.0,906.0,617.0,558.0,342.0,642.0,643.0,613.0,594.0,710.0,500.0,611.0,553.0,342.0,612.8571428571429,649.35,508.9166666666667,27.877282097645143,44.15913209486563,134.07375805462502,612.0
2016-05-20,625.0,870.0,614.0,562.0,343.0,634.0,642.0,643.0,579.0,703.0,517.0,617.0,558.0,342.0,619.4285714285714,647.1,514.0333333333333,23.670355178883543,44.19799947846169,132.51325059004816,612.0
2016-05-23,624.0,870.0,611.0,565.0,344.0,625.0,634.0,642.0,579.0,682.0,539.0,614.0,562.0,343.0,625.8571428571429,643.9,519.0666666666667,15.593038740142896,43.39039428021857,130.8202112964038,606.0
2016-05-24,618.0,848.0,608.0,568.0,345.0,624.0,625.0,634.0,600.0,652.0,555.0,611.0,565.0,344.0,628.4285714285714,640.3,523.95,11.588171309332475,42.33836135360698,128.9078537009385,610.0
2016-05-25,605.0,799.0,596.0,571.0,346.0,618.0,624.0,625.0,613.0,642.0,560.0,608.0,568.0,345.0,627.2857142857143,635.35,528.5833333333334,13.585706775142697,40.23388857017185,126.68582407917094,607.0
2016-05-26,601.0,793.0,586.0,575.0,347.0,605.0,618.0,624.0,643.0,631.0,567.0,596.0,571.0,346.0,621.2857142857143,629.65,533.1166666666667,14.716366011356154,36.232109923063895,124.26640213905236,606.0
2016-05-27,606.0,830.0,582.0,579.0,347.0,601.0,605.0,618.0,642.0,616.0,597.0,586.0,575.0,347.0,616.1428571428571,624.45,537.6833333333333,12.375090187617282,31.208087683249488,121.75962589132236,610.0
2016-05-31,612.0,854.0,574.0,580.0,351.0,606.0,601.0,605.0,634.0,594.0,635.0,582.0,579.0,347.0,613.0,619.9,542.3,9.55684745834934,25.21048236460181,119.16820472327645,611.0
2016-06-01,612.0,861.0,568.0,578.0,355.0,612.0,606.0,601.0,625.0,579.0,659.0,574.0,580.0,351.0,611.1428571428571,616.4,546.8,7.967194643350172,20.566707896196363,116.54529926033275,610.0
2016-06-02,606.0,854.0,560.0,575.0,354.0,612.0,612.0,606.0,624.0,579.0,671.0,568.0,578.0,355.0,608.5714285714286,614.1,551.0833333333334,5.711308749131125,18.87883805532101,113.84382577323248,609.0
2016-06-03,610.0,913.0,550.0,574.0,349.0,606.0,612.0,612.0,618.0,600.0,669.0,560.0,575.0,354.0,607.4285714285714,612.5,555.35,4.076646615529638,17.709646494230483,111.09635838980954,608.0
2016-06-06,607.0,922.0,544.0,570.0,345.0,610.0,606.0,612.0,605.0,613.0,670.0,550.0,574.0,349.0,607.7142857142857,611.3,559.3666666666667,3.946064948817785,17.195776715384003,108.45978191848178,604.0
2016-06-07,606.0,920.0,542.0,567.0,344.0,607.0,610.0,606.0,601.0,643.0,688.0,544.0,570.0,345.0,608.4285714285714,610.8,563.2,2.819996624330579,17.19730701081679,105.90350580784444,598.0
2016-06-08,610.0,973.0,540.0,564.0,338.0,606.0,607.0,610.0,606.0,642.0,690.0,542.0,567.0,344.0,609.0,611.6,566.9666666666667,2.645751312737292,16.740747641075824,103.4116288033924,587.0
2016-06-09,611.0,995.0,543.0,560.0,332.0,610.0,606.0,607.0,612.0,634.0,704.0,540.0,564.0,338.0,608.8571428571429,613.2,570.6833333333333,2.478478797913989,14.887649420455936,100.84599631006954,582.0
2016-06-10,610.0,1006.0,543.0,557.0,327.0,611.0,610.0,606.0,612.0,625.0,715.0,543.0,560.0,332.0,608.5714285714286,614.75,574.3,2.149196972802069,12.573468306971124,98.22273201639658,580.0
2016-06-13,609.0,1014.0,542.0,554.0,322.0,610.0,611.0,610.0,606.0,624.0,710.0,543.0,557.0,327.0,609.0,615.2,577.85,1.825741860774536,12.172445155180716,95.48020027255303,585.0
2016-06-14,608.0,1018.0,543.0,552.0,317.0,609.0,610.0,611.0,610.0,618.0,703.0,542.0,554.0,322.0,608.7142857142857,614.95,581.4333333333333,1.7994708241447757,12.270954151683714,92.41035356683078,596.0
2016-06-15,604.0,1000.0,545.0,552.0,315.0,608.0,609.0,610.0,607.0,605.0,682.0,543.0,552.0,317.0,608.2857142857143,613.0,584.9666666666667,2.497617914523993,10.558109878845263,89.03588434212303,609.0
2016-06-16,598.0,976.0,545.0,554.0,314.0,604.0,608.0,609.0,606.0,601.0,652.0,545.0,552.0,315.0,607.1428571428571,610.8,588.35,4.634241090518941,8.59987760029632,85.48085820031848,616.0
2016-06-17,587.0,927.0,546.0,555.0,311.0,598.0,604.0,608.0,610.0,606.0,642.0,545.0,554.0,314.0,603.8571428571429,608.45,591.5,8.668497975528574,8.344396165789902,81.74837374644423,627.0
2016-06-20,582.0,897.0,546.0,559.0,312.0,587.0,598.0,604.0,611.0,612.0,631.0,546.0,555.0,311.0,599.7142857142857,606.3,594.5666666666667,11.2355727600781,9.336403004147384,77.71838921785285,640.0
2016-06-21,580.0,873.0,548.0,563.0,315.0,582.0,587.0,598.0,610.0,612.0,616.0,546.0,559.0,312.0,595.4285714285714,604.1,597.55,12.32689664762888,10.098983794789634,73.48225313259304,660.0
2016-06-22,585.0,878.0,556.0,570.0,318.0,580.0,582.0,587.0,609.0,606.0,594.0,548.0,563.0,315.0,592.0,602.45,600.5333333333333,11.21011448093344,10.39977226486725,69.07511673121614,677.0
2016-06-23,596.0,897.0,569.0,577.0,322.0,585.0,580.0,582.0,608.0,610.0,579.0,556.0,570.0,318.0,590.2857142857143,602.0,603.65,9.068522219583189,10.478047226817424,64.34331250740392,688.0
2016-06-24,609.0,913.0,585.0,583.0,329.0,596.0,585.0,580.0,604.0,607.0,579.0,569.0,577.0,322.0,591.0,602.4,606.9,10.424330514505003,10.589965459068308,59.33121623865128,692.0
2016-06-27,616.0,919.0,601.0,587.0,331.0,609.0,596.0,585.0,598.0,606.0,600.0,585.0,583.0,329.0,593.5714285714286,602.9,610.0166666666667,14.033972387080436,10.997128812034177,54.54635461952023,694.0
2016-06-28,627.0,936.0,618.0,593.0,336.0,616.0,609.0,596.0,587.0,610.0,613.0,601.0,587.0,331.0,599.2857142857143,603.65,612.9666666666667,18.382185993882118,12.106001121803454,50.37216297002157,699.0
2016-06-29,640.0,955.0,634.0,606.0,338.0,627.0,616.0,609.0,582.0,611.0,643.0,618.0,593.0,336.0,607.5714285714286,605.05,615.7833333333333,22.006492548667737,14.50399219101076,46.90491343103925,703.0
2016-06-30,660.0,996.0,662.0,619.0,342.0,640.0,627.0,616.0,580.0,610.0,642.0,634.0,606.0,338.0,619.0,607.75,618.6666666666666,25.755258362946112,19.01488336742855,44.08684290729566,704.0
2016-07-01,677.0,1030.0,691.0,627.0,344.0,660.0,640.0,627.0,585.0,609.0,634.0,662.0,619.0,342.0,632.1428571428571,611.1,621.6166666666667,28.80641462970014,24.53332856604571,41.87839201226,711.0
2016-07-04,688.0,1049.0,710.0,633.0,347.0,677.0,660.0,640.0,596.0,608.0,625.0,691.0,627.0,344.0,645.2857142857143,615.15,624.4666666666667,30.505268865886343,29.916154762815463,40.431765774378135,726.0
2016-07-05,692.0,1034.0,735.0,637.0,349.0,688.0,677.0,660.0,609.0,604.0,624.0,710.0,633.0,347.0,657.1428571428571,619.45,627.0166666666667,30.179621001895068,34.37942316045126,39.76945922468607,738.0
2016-07-06,694.0,1019.0,755.0,639.0,349.0,692.0,688.0,677.0,616.0,598.0,618.0,735.0,637.0,349.0,668.2857142857143,623.65,629.3333333333334,26.65029259213712,38.09444634206597,39.55115403283472,745.0
2016-07-07,699.0,1008.0,779.0,644.0,352.0,694.0,692.0,688.0,627.0,587.0,605.0,755.0,639.0,349.0,678.5714285714286,628.05,631.65,21.44650043621879,41.48744261508698,39.4920395327834,748.0
2016-07-08,703.0,1002.0,792.0,647.0,354.0,699.0,694.0,692.0,640.0,582.0,601.0,779.0,644.0,352.0,687.5714285714286,632.7,633.9166666666666,14.729303478463306,44.46299466680297,39.62121143400894,746.0
2016-07-11,704.0,991.0,799.0,651.0,356.0,703.0,699.0,694.0,660.0,580.0,606.0,792.0,647.0,354.0,693.8571428571429,637.45,635.7,9.441549510070042,46.81033961359567,40.33306251974399,736.0
2016-07-12,711.0,987.0,809.0,666.0,358.0,704.0,703.0,699.0,677.0,585.0,612.0,799.0,651.0,356.0,698.7142857142857,642.6,636.9666666666667,7.95223837962042,49.01385411024295,41.48757897320253,726.0
2016-07-13,726.0,1010.0,819.0,679.0,360.0,711.0,704.0,703.0,688.0,596.0,612.0,809.0,666.0,358.0,704.1428571428571,648.7,638.0833333333334,11.567606659015436,51.48643152892133,42.96600614013329,718.0
2016-07-14,738.0,1020.0,842.0,686.0,361.0,726.0,711.0,704.0,692.0,609.0,606.0,819.0,679.0,360.0,710.7142857142857,655.7,639.2,15.80837632120675,53.700044104688445,44.67274602379253,709.0
2016-07-15,745.0,1023.0,863.0,693.0,363.0,738.0,726.0,711.0,694.0,616.0,610.0,842.0,686.0,361.0,718.0,663.6,640.4666666666667,18.36663641882776,54.67453944169352,46.569236469249205,696.0
2016-07-18,748.0,1016.0,874.0,697.0,366.0,745.0,738.0,726.0,699.0,627.0,607.0,863.0,693.0,363.0,725.0,671.9,641.7666666666667,19.235384061879984,54.23331661978991,48.45804289199112,679.0
2016-07-19,746.0,986.0,879.0,700.0,371.0,748.0,745.0,738.0,703.0,640.0,606.0,874.0,697.0,366.0,731.1428571428571,680.2,642.7333333333333,17.855237993863486,52.08858850684131,49.95145666161249,665.0
2016-07-20,736.0,937.0,872.0,702.0,376.0,746.0,748.0,745.0,704.0,660.0,610.0,879.0,700.0,371.0,735.7142857142857,687.75,643.5,13.250336923240058,48.37449850144852,51.03056578253729,656.0
2016-07-21,726.0,906.0,850.0,701.0,379.0,736.0,746.0,748.0,711.0,677.0,611.0,872.0,702.0,376.0,737.8571428571429,694.25,643.8666666666667,9.172941575677475,43.9268231206992,51.54904416980322,650.0
2016-07-22,718.0,895.0,827.0,698.0,383.0,726.0,736.0,746.0,726.0,688.0,610.0,850.0,701.0,379.0,736.7142857142857,699.7,643.9166666666666,11.17607989917328,39.31264695399997,51.62061461398351,645.0
2016-07-25,709.0,877.0,806.0,697.0,386.0,718.0,726.0,736.0,738.0,692.0,609.0,827.0,698.0,383.0,732.5714285714286,704.35,643.9,15.251853907870352,34.03755665674958,51.59907370096603,641.0
2016-07-26,696.0,841.0,784.0,690.0,390.0,709.0,718.0,726.0,745.0,694.0,608.0,806.0,697.0,386.0,725.5714285714286,707.8,643.7833333333333,19.303342913264267,28.89290570371132,51.47093689307426,636.0
2016-07-27,679.0,803.0,752.0,684.0,392.0,696.0,709.0,718.0,748.0,699.0,604.0,784.0,690.0,390.0,715.7142857142857,709.75,643.7333333333333,23.17120544798768,25.14981427164618,51.43462747967431,636.0
2016-07-28,665.0,780.0,719.0,676.0,396.0,679.0,696.0,709.0,746.0,703.0,598.0,752.0,684.0,392.0,704.1428571428571,710.0,643.95,25.62179132075593,24.64911656372258,51.49738351113228,636.0
2016-07-29,656.0,768.0,692.0,671.0,399.0,665.0,679.0,696.0,736.0,704.0,587.0,719.0,676.0,396.0,692.7142857142857,708.95,644.1833333333333,26.855876363402288,26.506156186686745,51.52011016516258,631.0
2016-08-01,650.0,757.0,673.0,667.0,401.0,656.0,665.0,679.0,726.0,711.0,582.0,692.0,671.0,399.0,681.8571428571429,707.05,644.5,26.5168410100296,29.301472928728774,51.49609167349666,638.0
2016-08-02,645.0,757.0,658.0,663.0,400.0,650.0,656.0,665.0,718.0,726.0,580.0,673.0,667.0,401.0,671.4285714285714,704.7,644.9833333333333,24.18578882238046,32.30300621505466,51.35997639367925,653.0
2016-08-03,641.0,758.0,648.0,660.0,397.0,645.0,650.0,656.0,709.0,738.0,585.0,658.0,663.0,400.0,661.7142857142857,702.05,645.7666666666667,19.84703408354085,35.2651236687461,50.92579069793738,671.0
2016-08-04,636.0,759.0,641.0,654.0,395.0,641.0,645.0,650.0,696.0,745.0,596.0,648.0,660.0,397.0,653.1428571428571,698.9,646.7166666666667,14.91563577205884,38.24010019810905,50.18544986895199,681.0
2016-08-05,636.0,770.0,640.0,647.0,394.0,636.0,641.0,645.0,679.0,748.0,609.0,641.0,654.0,395.0,647.0,695.55,647.6666666666666,10.770329614667071,40.71657492579311,49.41545310596396,687.0
2016-08-08,636.0,777.0,638.0,645.0,392.0,636.0,636.0,641.0,665.0,746.0,616.0,640.0,647.0,394.0,642.8571428571429,692.15,648.2666666666667,7.883074092729413,42.76160968861435,49.04403647888589,685.0
2016-08-09,631.0,770.0,642.0,642.0,389.0,636.0,636.0,636.0,656.0,736.0,627.0,638.0,645.0,392.0,639.2857142857143,688.15,648.5666666666667,6.4733887503680965,44.60738079125606,48.8794319737299,682.0
2016-08-10,638.0,795.0,659.0,639.0,391.0,631.0,636.0,636.0,650.0,726.0,640.0,642.0,642.0,389.0,637.5714285714286,683.75,648.4833333333333,4.429339412112196,45.01564055681443,48.893343509786845,683.0
2016-08-11,653.0,833.0,687.0,640.0,394.0,638.0,631.0,636.0,645.0,718.0,660.0,659.0,639.0,391.0,638.7142857142857,679.5,648.6666666666666,6.969320524991159,43.61494191098043,48.88924413517135,687.0
2016-08-12,671.0,891.0,703.0,643.0,396.0,653.0,638.0,631.0,641.0,709.0,677.0,687.0,640.0,394.0,643.0,675.8,649.2833333333333,14.142135624035104,40.81485797577146,48.93443959573926,692.0
2016-08-15,681.0,920.0,713.0,646.0,399.0,671.0,653.0,638.0,636.0,696.0,688.0,703.0,643.0,396.0,649.4285714285714,672.45,650.2166666666667,19.60320673497755,37.16318920090664,48.997437382729146,706.0
2016-08-16,687.0,926.0,721.0,652.0,403.0,681.0,671.0,653.0,636.0,679.0,692.0,713.0,646.0,399.0,656.7142857142857,669.5,651.2666666666667,22.968923104489026,33.14164179783581,49.10102579866562,718.0
2016-08-17,685.0,885.0,726.0,666.0,405.0,687.0,681.0,671.0,636.0,665.0,694.0,721.0,652.0,403.0,663.7142857142857,666.95,652.3833333333333,23.070285981030768,29.51979710391061,49.09350872455533,720.0
2016-08-18,682.0,852.0,727.0,677.0,407.0,685.0,687.0,681.0,631.0,656.0,699.0,726.0,666.0,405.0,671.0,664.75,653.6666666666666,18.64582169482113,26.357611504344167,48.83964306258996,715.0
2016-08-19,683.0,843.0,727.0,686.0,412.0,682.0,685.0,687.0,638.0,650.0,703.0,727.0,677.0,407.0,677.4285714285714,663.0,655.0333333333333,11.914377069772828,23.659870534041683,48.48692525745315,711.0
2016-08-22,687.0,848.0,721.0,694.0,416.0,683.0,682.0,685.0,653.0,645.0,704.0,727.0,686.0,412.0,682.2857142857143,661.9,656.3833333333333,5.49891764317365,21.850930366877662,48.22549141913168,712.0
2016-08-23,692.0,861.0,714.0,702.0,420.0,687.0,683.0,682.0,671.0,641.0,711.0,721.0,694.0,416.0,685.2857142857143,661.7,657.7166666666667,3.7733400650331,21.538460092617893,48.083293432984455,720.0
2016-08-24,706.0,910.0,706.0,,425.0,692.0,687.0,683.0,681.0,636.0,726.0,714.0,702.0,420.0,688.8571428571429,663.05,659.2833333333333,8.234653837155863,23.441921512835297,48.09985787610444,724.0
2016-08-25,718.0,974.0,700.0,712.0,428.0,706.0,692.0,687.0,687.0,636.0,738.0,706.0,,425.0,693.2857142857143,665.7,661.15,13.634689652243308,26.473621429308857,48.170187348300246,745.0
2016-08-26,720.0,1001.0,687.0,715.0,431.0,718.0,706.0,692.0,685.0,636.0,745.0,700.0,712.0,428.0,698.2857142857143,668.9,662.9833333333333,16.255402032748577,28.98801930386621,48.28358729711021,773.0
2016-08-30,715.0,986.0,674.0,719.0,432.0,720.0,718.0,706.0,682.0,631.0,748.0,687.0,715.0,431.0,703.0,672.15,664.7833333333333,15.513435037889666,30.36839596830309,48.17415147228072,792.0
2016-08-31,711.0,978.0,660.0,721.0,432.0,715.0,720.0,718.0,683.0,638.0,746.0,674.0,719.0,432.0,707.0,675.45,666.5333333333333,12.884098727040492,30.84507126035018,47.90897678426142,804.0
2016-09-01,712.0,1002.0,652.0,723.0,433.0,711.0,715.0,720.0,687.0,653.0,736.0,660.0,721.0,432.0,710.5714285714286,679.0,668.2333333333333,9.413769044710396,30.757112998515687,47.67807536042323,804.0
2016-09-02,720.0,1054.0,644.0,721.0,432.0,712.0,711.0,715.0,692.0,671.0,726.0,652.0,723.0,433.0,714.5714285714286,683.2,670.05,5.223572943281709,30.308241019361205,47.536756519104834,796.0
2016-09-05,724.0,1079.0,640.0,718.0,429.0,720.0,712.0,711.0,706.0,681.0,718.0,644.0,721.0,432.0,717.1428571428571,687.6,671.95,4.705619741427133,29.47148488040816,47.37389147239209,756.0
2016-09-06,745.0,1182.0,641.0,714.0,425.0,724.0,720.0,712.0,718.0,687.0,709.0,640.0,718.0,429.0,721.0,693.05,674.2166666666667,11.5758369031368,29.505530257783693,47.564084038411714,764.0
2016-09-07,773.0,1371.0,648.0,702.0,422.0,745.0,724.0,720.0,720.0,685.0,696.0,641.0,714.0,425.0,728.5714285714286,700.15,676.9666666666667,22.751242771044776,30.84302360772529,48.43271294934231,800.0
2016-09-08,792.0,1478.0,655.0,694.0,420.0,773.0,745.0,724.0,715.0,682.0,679.0,648.0,702.0,422.0,739.5714285714286,707.85,680.1,31.87923641327699,33.60963990792539,49.69694598962285,836.0
2016-09-09,804.0,1566.0,658.0,688.0,419.0,792.0,773.0,745.0,711.0,683.0,665.0,655.0,694.0,420.0,752.8571428571429,715.4,683.5333333333333,36.96136979537762,37.38758589359527,51.02690106978707,865.0
2016-09-12,804.0,1581.0,659.0,681.0,417.0,804.0,792.0,773.0,712.0,687.0,656.0,658.0,688.0,419.0,766.0,722.05,687.15,36.36390151429072,40.751461065230366,51.75392394867484,903.0
2016-09-13,796.0,1607.0,656.0,671.0,415.0,804.0,804.0,792.0,720.0,692.0,650.0,659.0,681.0,417.0,776.8571428571429,727.8,690.7166666666667,31.33915852652206,42.72014192766016,51.758596000127135,937.0
2016-09-14,756.0,1444.0,649.0,665.0,415.0,796.0,804.0,804.0,724.0,706.0,645.0,656.0,671.0,415.0,781.4285714285714,731.25,693.65,23.761713903391684,42.0324123054361,50.34552645385321,941.0
2016-09-15,764.0,1487.0,645.0,661.0,415.0,756.0,796.0,804.0,745.0,718.0,641.0,649.0,665.0,415.0,784.1428571428571,735.2,696.6333333333333,19.633547577647835,41.160277222782334,49.08586964582925,934.0
2016-09-16,800.0,1680.0,646.0,660.0,415.0,764.0,756.0,796.0,773.0,720.0,636.0,645.0,661.0,415.0,788.0,741.1,700.0333333333333,19.73153144945612,41.588080276159815,49.06238390194192,930.0
2016-09-19,836.0,1853.0,650.0,661.0,416.0,800.0,764.0,756.0,792.0,715.0,636.0,646.0,660.0,415.0,794.2857142857143,748.75,703.8166666666667,26.917864487713857,44.320453873834055,50.6501766581066,912.0
2016-09-20,865.0,1964.0,657.0,660.0,417.0,836.0,800.0,764.0,804.0,711.0,636.0,650.0,661.0,416.0,803.0,757.65,707.9666666666667,38.126980822956654,48.90299205143464,53.45613334414973,888.0
2016-09-21,903.0,2118.0,673.0,662.0,418.0,865.0,836.0,800.0,804.0,712.0,631.0,657.0,660.0,417.0,817.1428571428571,768.2,712.5666666666667,53.72903799452271,56.20882118450034,58.04859643470851,875.0
2016-09-22,937.0,2389.0,700.0,688.0,420.0,903.0,865.0,836.0,796.0,720.0,638.0,673.0,662.0,418.0,837.2857142857143,779.75,717.5166666666667,68.79853265328629,65.68896005941951,64.10306628673558,864.0
2016-09-23,941.0,2383.0,722.0,671.0,421.0,937.0,903.0,865.0,756.0,724.0,653.0,700.0,688.0,420.0,863.7142857142857,790.9,722.2,67.89627944086325,73.15729268971103,69.83802082361218,860.0
2016-09-26,934.0,2325.0,739.0,673.0,422.0,941.0,937.0,903.0,764.0,745.0,671.0,722.0,671.0,421.0,888.0,801.6,726.4833333333333,55.56977595786098,77.74749953673363,74.72877322718107,869.0
2016-09-27,930.0,2298.0,750.0,674.0,422.0,934.0,941.0,937.0,800.0,773.0,681.0,739.0,673.0,422.0,906.5714285714286,812.35,730.5166666666667,41.096865828906274,79.97517706996543,79.02380925642174,915.0
2016-09-28,912.0,2196.0,751.0,676.0,422.0,930.0,934.0,941.0,836.0,792.0,687.0,750.0,674.0,422.0,917.4285714285714,822.4,734.1833333333333,26.9496885750538,79.19423158155782,82.24467252174351,921.0
2016-09-29,888.0,2067.0,741.0,676.0,422.0,912.0,930.0,934.0,865.0,804.0,685.0,751.0,676.0,422.0,920.7142857142856,831.2,737.4166666666666,19.99761890604507,75.99487517349799,84.42272400071151,922.0
2016-09-30,875.0,2008.0,726.0,679.0,421.0,888.0,912.0,930.0,903.0,804.0,682.0,741.0,676.0,422.0,916.7142857142856,838.95,740.35,26.0237986321131,71.84814029021129,86.10612785542003,922.0
2016-10-03,864.0,1971.0,713.0,681.0,419.0,875.0,888.0,912.0,937.0,796.0,683.0,726.0,679.0,421.0,906.2857142857144,845.95,743.0333333333333,30.739303211223064,66.69449200017874,87.42104751167886,906.0
2016-10-04,860.0,1970.0,705.0,681.0,417.0,864.0,875.0,888.0,941.0,756.0,687.0,713.0,681.0,419.0,894.7142857142857,851.7,745.6333333333333,30.73930321122434,62.34884880551083,88.55295584404364,885.0
2016-10-05,869.0,2012.0,699.0,680.0,415.0,860.0,864.0,875.0,934.0,764.0,692.0,705.0,681.0,417.0,885.4285714285714,856.5,748.2666666666667,26.40616811073886,59.60616358101022,89.84541652234151,892.0
2016-10-06,915.0,2218.0,704.0,678.0,413.0,869.0,860.0,864.0,930.0,800.0,706.0,699.0,680.0,415.0,883.2857142857143,862.65,751.4166666666666,22.507141723869136,58.94267955979161,92.33033760879653,894.0
2016-10-07,921.0,2245.0,717.0,677.0,411.0,915.0,869.0,860.0,912.0,836.0,718.0,704.0,678.0,413.0,884.5714285714286,868.5,754.4666666666667,24.58222354248307,58.620546065835285,94.86734121601056,890.0
2016-10-10,922.0,2235.0,729.0,677.0,410.0,921.0,915.0,869.0,888.0,865.0,720.0,717.0,677.0,411.0,889.4285714285714,874.4,757.4166666666666,28.430366059770986,57.71837251967432,97.28906634044206,872.0
2016-10-11,922.0,2235.0,745.0,676.0,409.0,922.0,921.0,915.0,875.0,903.0,715.0,729.0,677.0,410.0,896.1428571428571,880.7,760.3166666666667,29.963469822708184,55.54618751428896,99.57017654154048,849.0
2016-10-12,906.0,2154.0,763.0,674.0,408.0,922.0,922.0,921.0,864.0,937.0,711.0,745.0,676.0,409.0,902.1428571428572,888.2,762.9833333333333,26.453913204218097,47.34375966219335,101.3076354756444,842.0
2016-10-13,885.0,2018.0,790.0,673.0,410.0,906.0,922.0,922.0,860.0,941.0,712.0,763.0,674.0,408.0,905.7142857142856,894.25,765.4666666666667,20.926174086810978,37.30369672670344,102.4546971679078,831.0
2016-10-14,892.0,2018.0,819.0,674.0,411.0,885.0,906.0,922.0,869.0,934.0,720.0,790.0,673.0,410.0,909.0,898.85,768.2333333333333,15.231546211948933,30.03379675253562,103.60573354122404,813.0
2016-10-17,894.0,2003.0,838.0,676.0,413.0,892.0,885.0,906.0,915.0,930.0,724.0,819.0,674.0,411.0,906.0,901.75,771.1666666666666,15.905973720799206,26.201396105912863,104.64567604129896,802.0
2016-10-18,890.0,1950.0,860.0,678.0,417.0,894.0,892.0,885.0,921.0,912.0,745.0,838.0,676.0,413.0,901.5714285714286,903.0,774.1833333333333,15.339025858655347,24.920927582719724,105.42914588611652,798.0
2016-10-19,872.0,1826.0,885.0,682.0,421.0,890.0,894.0,892.0,922.0,888.0,773.0,860.0,678.0,417.0,894.4285714285714,901.45,777.1166666666667,15.873007936721043,25.867018219794005,105.66513971707292,834.0
2016-10-20,849.0,1637.0,905.0,691.0,424.0,872.0,890.0,894.0,922.0,875.0,792.0,885.0,682.0,421.0,884.0,897.05,779.95,18.50225211535689,26.962888725528725,105.26808794216376,857.0
2016-10-21,842.0,1575.0,915.0,700.0,427.0,849.0,872.0,890.0,906.0,864.0,804.0,905.0,691.0,424.0,874.8571428571429,892.1,782.9,21.40427193692444,27.550718779504297,104.4692315421104,838.0
2016-10-24,831.0,1471.0,923.0,705.0,428.0,842.0,849.0,872.0,885.0,860.0,804.0,915.0,700.0,427.0,867.1428571428571,886.95,785.8166666666667,26.30860804280343,28.899963576810883,103.30266402903752,834.0
2016-10-25,813.0,1348.0,925.0,710.0,430.0,831.0,842.0,849.0,892.0,869.0,796.0,923.0,705.0,428.0,855.8571428571429,881.1,788.5333333333333,30.481844713696976,31.45573330728229,101.80281150044172,849.0
2016-10-26,802.0,1275.0,925.0,714.0,430.0,813.0,831.0,842.0,894.0,915.0,756.0,925.0,710.0,430.0,842.7142857142857,875.6,791.15,31.12188022241903,35.16637149628374,100.05368474236406,855.0
2016-10-27,798.0,1248.0,921.0,719.0,432.0,802.0,813.0,831.0,890.0,921.0,764.0,925.0,714.0,430.0,829.5714285714286,871.1,793.7666666666667,26.97441468551827,39.04100408550085,98.09410332614542,870.0
2016-10-28,834.0,1417.0,913.0,722.0,433.0,798.0,802.0,813.0,872.0,922.0,800.0,921.0,719.0,432.0,824.1428571428571,869.05,797.0666666666667,19.91170988347013,39.89258604122723,96.00491983635094,911.0
2016-10-31,857.0,1534.0,905.0,722.0,435.0,834.0,798.0,802.0,849.0,922.0,836.0,913.0,722.0,433.0,825.2857142857143,868.7,800.75,21.723369027663423,39.969857063646046,93.9378851752699,954.0
2016-11-01,838.0,1443.0,895.0,721.0,436.0,857.0,834.0,798.0,842.0,906.0,865.0,905.0,722.0,435.0,824.7142857142857,867.6,804.1166666666667,21.25805169605273,40.52081985978744,91.52198803457566,974.0
2016-11-02,834.0,1451.0,885.0,718.0,434.0,838.0,857.0,834.0,831.0,885.0,903.0,895.0,721.0,436.0,825.1428571428571,865.85,807.5,21.43539573890522,41.2071467997057,88.72324137077997,1045.0
2016-11-03,849.0,1544.0,886.0,718.0,434.0,834.0,838.0,857.0,813.0,892.0,937.0,885.0,718.0,434.0,830.2857142857143,862.55,811.0166666666667,22.336176080789105,39.678278559909145,86.03182140232127,1065.0
2016-11-04,855.0,1593.0,885.0,716.0,433.0,849.0,834.0,838.0,802.0,894.0,941.0,886.0,718.0,434.0,837.8571428571429,859.25,814.3833333333333,20.01190122110833,37.23025792641259,83.66318504030903,1084.0
2016-11-07,870.0,1636.0,889.0,712.0,431.0,855.0,849.0,834.0,798.0,890.0,934.0,885.0,716.0,433.0,848.1428571428571,856.65,817.7,13.582201238508215,34.31935927514777,81.80657219473738,1145.0
2016-11-08,911.0,1786.0,903.0,708.0,431.0,870.0,855.0,849.0,834.0,872.0,930.0,889.0,712.0,431.0,859.1428571428571,856.1,821.5333333333333,25.85490650695277,33.289638027530984,80.67332465412528,1231.0
2016-11-09,954.0,1954.0,927.0,703.0,429.0,911.0,870.0,855.0,857.0,849.0,912.0,903.0,708.0,431.0,873.0,858.5,825.9833333333333,44.08325456837698,38.41258017620686,80.49033875431094,1257.0
2016-11-10,974.0,2010.0,956.0,703.0,430.0,954.0,911.0,870.0,838.0,842.0,888.0,927.0,703.0,429.0,892.4285714285714,862.95,830.8,54.762691505798585,46.04171449553408,80.55775904522281,1240.0
2016-11-11,1045.0,2303.0,1011.0,705.0,428.0,974.0,954.0,911.0,834.0,831.0,875.0,956.0,703.0,430.0,922.5714285714286,870.6,836.85,72.45425486212494,61.303730460920114,82.79315148137914,1232.0
2016-11-14,1065.0,2338.0,1058.0,707.0,433.0,1045.0,974.0,954.0,849.0,813.0,864.0,1011.0,705.0,428.0,953.4285714285714,879.15,843.2166666666667,81.348749514824,75.10923623912825,85.40811132580495,1224.0
2016-11-15,1084.0,2282.0,1162.0,713.0,436.0,1065.0,1045.0,974.0,855.0,802.0,860.0,1058.0,707.0,433.0,986.1428571428572,888.85,849.8333333333334,81.21458935324283,88.00435096901654,88.42542901897703,1201.0
2016-11-16,1145.0,2441.0,1263.0,722.0,443.0,1084.0,1065.0,1045.0,870.0,798.0,869.0,1162.0,713.0,436.0,1025.428571428571,902.5,857.3833333333333,82.1763492798171,104.8188914270906,93.8910460645121,1181.0
2016-11-17,1231.0,2731.0,1353.0,748.0,454.0,1145.0,1084.0,1065.0,911.0,834.0,915.0,1263.0,722.0,443.0,1071.142857142857,921.6,866.1333333333333,95.79044589005416,127.01156184422555,103.51409740512,1184.0
2016-11-18,1257.0,2752.0,1388.0,809.0,466.0,1231.0,1145.0,1084.0,954.0,857.0,921.0,1353.0,748.0,454.0,1114.428571428571,942.35,875.1166666666667,102.27390860311355,145.82840492926908,113.36054550349856,1202.0
2016-11-21,1240.0,2638.0,1387.0,835.0,477.0,1257.0,1231.0,1145.0,974.0,838.0,922.0,1388.0,809.0,466.0,1152.428571428571,962.8,883.7833333333333,90.09228073272708,157.59461652575305,120.92567988856482,1204.0
2016-11-22,1232.0,2598.0,1382.0,852.0,485.0,1240.0,1257.0,1231.0,1045.0,834.0,922.0,1387.0,835.0,477.0,1179.142857142857,983.75,892.4,80.09874857833206,164.33850655536153,126.96392120657715,1196.0
2016-11-23,1224.0,2507.0,1387.0,874.0,501.0,1232.0,1240.0,1257.0,1065.0,849.0,906.0,1382.0,852.0,485.0,1201.857142857143,1004.85,900.95,63.06987810210786,166.84669136982373,131.72498636899726,1198.0
2016-11-24,1201.0,2374.0,1385.0,897.0,512.0,1224.0,1232.0,1240.0,1084.0,855.0,885.0,1387.0,874.0,501.0,1218.571428571429,1025.0,909.1,36.56435943589767,164.8741146578661,134.92492576701468,1196.0
2016-11-25,1181.0,2263.0,1389.0,908.0,520.0,1201.0,1224.0,1232.0,1145.0,870.0,892.0,1385.0,897.0,512.0,1223.7142857142858,1042.35,916.7833333333332,25.283158332044035,161.94874920302956,137.08269082676978,1186.0
2016-11-28,1184.0,2260.0,1400.0,904.0,527.0,1181.0,1201.0,1224.0,1231.0,911.0,894.0,1389.0,908.0,520.0,1217.0,1058.7,924.45,28.994252304065576,158.72588088639696,138.96840574973874,1162.0
2016-11-29,1202.0,2304.0,1424.0,908.0,532.0,1184.0,1181.0,1201.0,1257.0,954.0,890.0,1400.0,904.0,527.0,1209.142857142857,1076.9,932.0666666666668,23.226626756405537,152.8476709875576,141.46759426102656,1122.0
2016-11-30,1204.0,2263.0,1465.0,912.0,537.0,1202.0,1184.0,1181.0,1240.0,974.0,872.0,1424.0,908.0,532.0,1204.0,1095.4,939.25,18.82374387146564,144.03851824025074,144.1704058821262,1090.0
2016-12-01,1196.0,2206.0,1486.0,917.0,541.0,1204.0,1202.0,1184.0,1232.0,1045.0,849.0,1465.0,912.0,537.0,1198.857142857143,1112.75,945.9833333333332,14.264508070081565,133.29463802539394,146.59057380233264,1069.0
2016-12-02,1198.0,2193.0,1508.0,921.0,543.0,1196.0,1204.0,1202.0,1224.0,1065.0,842.0,1486.0,917.0,541.0,1195.142857142857,1129.9,952.55,9.063269672039254,119.7655165202968,148.92865144206604,1052.0
2016-12-05,1196.0,2137.0,1541.0,929.0,548.0,1198.0,1196.0,1204.0,1201.0,1084.0,831.0,1508.0,921.0,543.0,1194.428571428571,1146.2,959.0833333333334,8.715066319749592,103.6286893826368,150.886902495366,1003.0
2016-12-06,1186.0,2067.0,1563.0,934.0,552.0,1196.0,1198.0,1196.0,1181.0,1145.0,813.0,1541.0,929.0,548.0,1195.142857142857,1159.95,965.5833333333334,7.559289460531771,87.81648029004292,152.1375706243972,966.0
2016-12-07,1162.0,1935.0,1565.0,941.0,557.0,1186.0,1196.0,1198.0,1184.0,1231.0,802.0,1563.0,934.0,552.0,1192.0,1170.35,972.35,14.422205102038465,73.25102837435087,151.68609703565923,946.0
2016-12-08,1122.0,1724.0,1547.0,957.0,562.0,1162.0,1186.0,1196.0,1202.0,1257.0,798.0,1565.0,941.0,557.0,1180.571428571429,1177.75,978.3166666666668,29.250966610086035,58.32655349076021,150.38712662033402,927.0
2016-12-09,1090.0,1575.0,1508.0,966.0,567.0,1122.0,1162.0,1186.0,1204.0,1240.0,834.0,1547.0,957.0,562.0,1164.2857142857142,1180.0,983.15,42.68377633141386,53.61362749000329,149.2146474611729,914.0
2016-12-12,1069.0,1464.0,1469.0,968.0,576.0,1090.0,1122.0,1162.0,1196.0,1232.0,857.0,1508.0,966.0,567.0,1146.142857142857,1180.2,987.0333333333332,52.75865986244995,53.16765934292442,148.34956046584156,926.0
2016-12-13,1052.0,1404.0,1419.0,972.0,584.0,1069.0,1090.0,1122.0,1198.0,1224.0,838.0,1469.0,968.0,576.0,1125.2857142857142,1178.6,990.15,57.48830108735492,56.586589447221606,147.7052521931315,928.0
2016-12-14,1003.0,1169.0,1332.0,975.0,590.0,1052.0,1069.0,1090.0,1196.0,1201.0,834.0,1419.0,972.0,584.0,1097.7142857142858,1171.5,991.8166666666668,63.850644177725606,68.64745941559495,147.2687491061483,961.0
2016-12-15,966.0,1058.0,1234.0,968.0,596.0,1003.0,1052.0,1069.0,1186.0,1181.0,849.0,1332.0,975.0,590.0,1066.2857142857142,1158.25,992.3,67.20792186871051,81.01843519909804,147.13331899788997,953.0
2016-12-16,946.0,1048.0,1126.0,960.0,600.0,966.0,1003.0,1052.0,1162.0,1184.0,855.0,1234.0,968.0,596.0,1035.428571428571,1142.7,992.3833333333332,65.50281709686355,90.37296987604014,147.10518451348776,969.0
2016-12-19,927.0,1039.0,1037.0,953.0,605.0,946.0,966.0,1003.0,1122.0,1202.0,870.0,1126.0,960.0,600.0,1007.5714285714286,1127.05,992.2666666666668,63.99702374036873,99.29725442753788,147.15503949824597,983.0
2016-12-20,914.0,1044.0,976.0,941.0,605.0,927.0,946.0,966.0,1090.0,1204.0,911.0,1037.0,953.0,605.0,982.4285714285714,1111.15,992.0,60.7038086198782,106.78521236085264,147.28422884955955,963.0
2016-12-21,926.0,1144.0,905.0,926.0,604.0,914.0,927.0,946.0,1069.0,1196.0,954.0,976.0,941.0,605.0,962.0,1096.25,992.2333333333332,49.79625153235136,110.92049072720002,147.16638418056337,949.0
2016-12-22,928.0,1219.0,866.0,914.0,601.0,926.0,914.0,927.0,1052.0,1198.0,974.0,905.0,926.0,604.0,944.2857142857144,1082.6,992.9,30.923099703049456,114.10355407539458,146.776285435061,926.0
2016-12-23,961.0,1385.0,852.0,903.0,597.0,928.0,926.0,914.0,1003.0,1196.0,1045.0,866.0,914.0,601.0,938.2857142857144,1071.6,994.3333333333334,19.652941134720088,114.72089700891983,146.02340962395337,894.0
2017-01-03,953.0,1538.0,811.0,843.0,559.0,961.0,928.0,926.0,966.0,1186.0,1065.0,852.0,903.0,597.0,936.4285714285714,1060.05,995.8166666666668,17.03777316119694,114.43705463567755,145.12630287209657,892.0
2017-01-04,969.0,1674.0,807.0,820.0,539.0,953.0,961.0,928.0,946.0,1162.0,1084.0,811.0,843.0,559.0,939.7142857142856,1048.4,997.6333333333332,20.95800790258376,111.03503477449456,144.0757765154983,910.0
2017-01-05,983.0,1759.0,837.0,795.0,521.0,969.0,953.0,961.0,927.0,1122.0,1145.0,807.0,820.0,539.0,947.7142857142856,1037.35,999.5333333333332,25.49322972695653,105.59868171029468,143.09904909928665,925.0
2017-01-06,963.0,1658.0,892.0,783.0,508.0,983.0,969.0,953.0,914.0,1090.0,1231.0,837.0,795.0,521.0,954.7142857142856,1025.7,1000.3333333333334,21.02945779721079,99.87207607210374,142.7522052033109,922.0
2017-01-09,949.0,1598.0,927.0,772.0,498.0,963.0,983.0,969.0,926.0,1069.0,1257.0,892.0,783.0,508.0,958.0,1013.25,1000.8,17.253019059666645,92.51166356055596,142.53406372529545,952.0
2017-01-10,926.0,1470.0,973.0,766.0,489.0,949.0,963.0,983.0,928.0,1052.0,1240.0,927.0,772.0,498.0,957.7142857142856,999.75,1000.8666666666668,17.839229110156374,83.72252102224577,142.49751311145937,942.0
2017-01-11,894.0,1326.0,1021.0,758.0,477.0,926.0,949.0,963.0,961.0,1003.0,1232.0,973.0,766.0,489.0,948.1428571428572,985.15,1000.4,29.768151725451023,74.48438550605798,142.80568758558726,925.0
2017-01-12,892.0,1294.0,1038.0,748.0,466.0,894.0,926.0,949.0,953.0,966.0,1224.0,1021.0,758.0,477.0,939.4285714285714,971.65,1000.1666666666666,36.31738400489565,64.54967487385404,142.97388248718372,914.0
2017-01-13,910.0,1383.0,1042.0,739.0,459.0,892.0,894.0,926.0,969.0,946.0,1201.0,1038.0,748.0,466.0,931.0,961.05,1000.5833333333334,35.13782387504081,55.30534855646239,142.66866814430276,886.0
2017-01-16,925.0,1468.0,1039.0,733.0,455.0,910.0,892.0,894.0,983.0,927.0,1181.0,1042.0,739.0,459.0,922.7142857142856,952.8,1001.1333333333332,26.64403801812957,46.69340086366507,142.30612343948613,862.0
2017-01-17,922.0,1509.0,1019.0,730.0,451.0,925.0,910.0,892.0,963.0,914.0,1184.0,1039.0,733.0,455.0,916.8571428571428,945.45,1001.6,19.986900472134224,38.24502031574473,141.99441383144165,840.0
2017-01-18,952.0,1673.0,998.0,725.0,448.0,922.0,925.0,910.0,949.0,926.0,1202.0,1019.0,730.0,451.0,917.2857142857144,940.45,1002.6333333333332,20.80636349561277,29.00176945607429,141.39282539598315,827.0
2017-01-19,942.0,1665.0,981.0,722.0,446.0,952.0,922.0,925.0,926.0,928.0,1204.0,998.0,725.0,448.0,919.5714285714286,937.4,1003.8,22.71458520332635,25.01031366212761,140.58314386510102,816.0
2017-01-20,925.0,1610.0,970.0,718.0,441.0,942.0,952.0,922.0,894.0,961.0,1196.0,981.0,722.0,446.0,924.0,935.35,1005.0666666666668,19.723082923487485,24.210208808075777,139.50297568869746,800.0
2017-01-23,914.0,1579.0,962.0,714.0,437.0,925.0,942.0,952.0,892.0,953.0,1198.0,970.0,718.0,441.0,927.1428571428572,933.75,1006.2666666666668,14.949120057145004,24.52469217584792,138.38167149468282,786.0
2017-01-24,886.0,1466.0,964.0,708.0,432.0,914.0,925.0,942.0,910.0,969.0,1196.0,962.0,714.0,437.0,923.7142857142856,931.7,1007.1833333333332,21.045302609169774,26.7327908245184,137.37953017370182,770.0
2017-01-25,862.0,1369.0,972.0,702.0,428.0,886.0,914.0,925.0,925.0,983.0,1186.0,964.0,708.0,432.0,914.7142857142856,929.1,1008.0,31.351311964758107,30.76891801467446,136.3473878352794,752.0
2017-01-26,840.0,1287.0,973.0,696.0,424.0,862.0,886.0,914.0,922.0,963.0,1162.0,972.0,702.0,428.0,903.0,924.8,1008.6333333333332,41.76521678789936,36.66864428484472,135.45966522905394,735.0
2017-01-27,827.0,1239.0,968.0,692.0,419.0,840.0,862.0,886.0,952.0,949.0,1122.0,973.0,696.0,424.0,885.1428571428571,919.75,1009.1166666666668,43.98646978124679,42.66870540638504,134.74521992930906,714.0
2017-01-30,816.0,1205.0,964.0,688.0,415.0,827.0,840.0,862.0,942.0,926.0,1090.0,968.0,692.0,419.0,867.1428571428571,912.5,1008.8166666666668,42.60058126148814,47.35254119790133,135.16110809421286,702.0
2017-01-31,800.0,1167.0,951.0,679.0,402.0,816.0,827.0,840.0,925.0,894.0,1069.0,964.0,688.0,415.0,849.2857142857143,904.85,1007.8666666666668,40.45043998827878,52.539984773543374,136.44052117762382,707.0
2017-02-01,786.0,1122.0,933.0,674.0,395.0,800.0,816.0,827.0,914.0,892.0,1052.0,951.0,679.0,402.0,831.0,895.7,1007.0,34.86641172638836,56.561191828468026,137.6971621878565,702.0
2017-02-02,770.0,1064.0,926.0,670.0,386.0,786.0,800.0,816.0,886.0,910.0,1003.0,933.0,674.0,395.0,814.4285714285714,885.05,1005.9333333333332,31.80071877007162,59.24745164409914,139.2985899970055,688.0
2017-02-03,752.0,981.0,922.0,667.0,382.0,770.0,786.0,800.0,862.0,925.0,966.0,926.0,670.0,386.0,798.7142857142857,874.5,1004.3166666666668,31.55267704298637,63.28506932921879,141.69309058989637,685.0
2017-02-06,735.0,911.0,922.0,665.0,377.0,752.0,770.0,786.0,840.0,922.0,946.0,922.0,667.0,382.0,783.7142857142857,863.8,1002.3166666666668,33.54953693538993,67.94548898704159,144.65241702586613,688.0
2017-02-07,714.0,803.0,931.0,663.0,375.0,735.0,752.0,770.0,827.0,952.0,927.0,922.0,665.0,377.0,767.5714285714286,853.2,999.7166666666668,36.32197288547913,73.9982930102106,148.4238196045412,710.0
2017-02-08,702.0,725.0,934.0,665.0,378.0,714.0,735.0,752.0,816.0,942.0,914.0,931.0,663.0,375.0,751.2857142857143,843.6,996.2333333333332,36.54547069855988,80.58757903511389,152.92541293361512,741.0
2017-02-09,707.0,728.0,940.0,668.0,377.0,702.0,714.0,735.0,800.0,925.0,926.0,934.0,665.0,378.0,738.0,834.35,992.1166666666668,32.57299494992681,85.22371488588848,157.342344195226,757.0
2017-02-10,702.0,687.0,943.0,672.0,377.0,707.0,702.0,714.0,786.0,914.0,928.0,940.0,668.0,377.0,726.0,823.95,987.5833333333334,26.92582403582176,88.147290014191,161.73039835301623,778.0
2017-02-13,688.0,609.0,944.0,676.0,376.0,702.0,707.0,702.0,770.0,886.0,961.0,943.0,672.0,377.0,714.2857142857143,812.1,981.6333333333332,21.97509412750888,89.76337314238181,166.09043551142418,806.0
2017-02-14,685.0,567.0,939.0,681.0,379.0,688.0,702.0,707.0,752.0,862.0,953.0,944.0,676.0,376.0,704.7142857142857,800.25,975.3,16.79001971151125,90.13432957771823,170.05535489606504,856.0
2017-02-15,688.0,556.0,933.0,689.0,382.0,685.0,688.0,702.0,735.0,840.0,969.0,939.0,681.0,379.0,698.0,787.05,968.7,11.09053650677985,85.9764196558901,173.4164479130882,875.0
2017-02-16,710.0,620.0,923.0,707.0,387.0,688.0,685.0,688.0,714.0,827.0,983.0,933.0,689.0,382.0,697.4285714285714,775.45,961.45,10.19570404438071,79.3668862409413,175.00667541751443,878.0
2017-02-17,741.0,739.0,917.0,729.0,391.0,710.0,688.0,685.0,702.0,816.0,963.0,923.0,707.0,387.0,703.0,766.25,953.2833333333332,19.510680835758915,71.3817572154218,173.64254064288903,859.0
2017-02-20,757.0,791.0,909.0,747.0,396.0,741.0,710.0,688.0,707.0,800.0,949.0,917.0,729.0,391.0,710.1428571428571,758.4,944.95,28.36328948631182,62.33812721975736,170.7941991830806,871.0
2017-02-21,778.0,856.0,906.0,764.0,402.0,757.0,741.0,710.0,702.0,786.0,926.0,909.0,747.0,396.0,721.0,753.0,937.25,37.72709017856264,54.942074760158455,167.6522455076056,904.0
2017-02-22,806.0,951.0,908.0,783.0,410.0,778.0,757.0,741.0,688.0,770.0,894.0,906.0,764.0,402.0,737.8571428571429,750.2,930.15,45.983433870081335,50.32797694286305,163.93744414633923,939.0
2017-02-23,856.0,1134.0,927.0,797.0,420.0,806.0,778.0,757.0,685.0,752.0,892.0,908.0,783.0,410.0,762.2857142857143,751.0,924.0166666666668,57.26172161149672,51.932141958757256,159.58351425699564,979.0
2017-02-24,875.0,1165.0,947.0,809.0,428.0,856.0,806.0,778.0,688.0,735.0,910.0,927.0,797.0,420.0,789.0,753.4,918.5833333333334,60.3655530912093,56.53447946540701,155.49039881712224,1033.0
2017-02-27,878.0,1151.0,966.0,817.0,436.0,875.0,856.0,806.0,710.0,714.0,925.0,947.0,809.0,428.0,813.0,756.5,913.5333333333332,57.02630971759834,61.61894787194596,151.69734215151308,1045.0
2017-02-28,859.0,1021.0,995.0,825.0,444.0,878.0,875.0,856.0,741.0,702.0,922.0,966.0,817.0,436.0,829.8571428571429,759.45,908.1166666666668,49.08302004920027,65.12374859897461,147.6237879488793,1064.0
2017-03-01,871.0,994.0,1041.0,833.0,451.0,859.0,878.0,875.0,757.0,707.0,952.0,995.0,825.0,444.0,846.1428571428571,763.7,902.6,38.692930325191,69.56942764721737,142.55289829945065,1086.0
2017-03-02,904.0,1097.0,1084.0,840.0,457.0,871.0,859.0,878.0,778.0,702.0,942.0,1041.0,833.0,451.0,864.1428571428571,770.4,897.6,30.05233530276745,76.33196198877752,136.953437590339,1099.0
2017-03-03,939.0,1227.0,1118.0,846.0,462.0,904.0,871.0,859.0,806.0,688.0,925.0,1084.0,840.0,457.0,883.1428571428571,779.75,893.3166666666667,29.19719490778465,84.92837539581222,131.36757741351008,1112.0
2017-03-06,979.0,1345.0,1154.0,852.0,468.0,939.0,904.0,871.0,856.0,685.0,914.0,1118.0,846.0,462.0,900.7142857142857,791.95,889.6666666666666,43.59936653108183,95.08028463524612,125.67777828564864,1147.0
2017-03-07,1033.0,1556.0,1194.0,861.0,477.0,979.0,939.0,904.0,875.0,688.0,886.0,1154.0,852.0,468.0,923.2857142857144,807.9,886.95,64.13193246668514,107.28854355871864,120.6030644409868,1172.0
2017-03-08,1045.0,1578.0,1220.0,868.0,485.0,1033.0,979.0,939.0,878.0,710.0,862.0,1194.0,861.0,477.0,947.1428571428572,825.05,884.6,74.67357536069504,116.48920211989642,115.96159504524852,1196.0
2017-03-09,1064.0,1678.0,1220.0,872.0,491.0,1045.0,1033.0,979.0,859.0,741.0,840.0,1220.0,868.0,485.0,976.4285714285714,842.9,882.9666666666667,74.54273303029208,124.52304796176507,112.63048427808108,1205.0
2017-03-10,1086.0,1789.0,1211.0,874.0,495.0,1064.0,1045.0,1033.0,871.0,757.0,827.0,1220.0,872.0,491.0,1007.1428571428572,862.1,882.3666666666667,67.85629072151187,131.0857092054609,111.42497158985424,1200.0
2017-03-13,1099.0,1843.0,1207.0,875.0,499.0,1086.0,1064.0,1045.0,904.0,778.0,816.0,1211.0,874.0,495.0,1035.0,882.65,882.5166666666667,57.726366015359865,134.52656751892937,111.71490525669208,1190.0
2017-03-14,1112.0,1929.0,1185.0,877.0,502.0,1099.0,1086.0,1064.0,939.0,806.0,800.0,1207.0,875.0,499.0,1059.7142857142858,904.0,883.2333333333333,45.51818056458928,135.38833036862556,113.06131030118196,1196.0
2017-03-15,1147.0,2136.0,1150.0,877.0,505.0,1112.0,1099.0,1086.0,979.0,856.0,786.0,1185.0,877.0,502.0,1083.7142857142858,926.95,884.8166666666667,39.7983009927608,135.74917853780337,116.08945873503336,1240.0
2017-03-16,1172.0,2265.0,1129.0,877.0,508.0,1147.0,1112.0,1099.0,1033.0,875.0,770.0,1150.0,877.0,505.0,1103.571428571429,950.05,887.6333333333333,44.6574261942087,136.19624965856045,120.9538315992739,1282.0
2017-03-17,1196.0,2413.0,1108.0,879.0,508.0,1172.0,1147.0,1112.0,1045.0,878.0,752.0,1129.0,877.0,508.0,1125.142857142857,972.8,891.4666666666667,47.99454334069154,137.43461603327935,126.9743690494054,1333.0
2017-03-20,1205.0,2466.0,1103.0,884.0,510.0,1196.0,1172.0,1147.0,1064.0,859.0,735.0,1108.0,879.0,508.0,1145.2857142857142,995.2,895.7833333333333,47.643517522428354,136.91895412982274,133.11382814325552,1338.0
2017-03-21,1200.0,2441.0,1101.0,886.0,512.0,1205.0,1196.0,1172.0,1086.0,871.0,714.0,1103.0,884.0,510.0,1161.571428571429,1016.3,900.3333333333334,43.28532138755696,134.174317096923,138.74555013992364,1324.0
2017-03-22,1190.0,2378.0,1119.0,888.0,516.0,1200.0,1205.0,1196.0,1099.0,904.0,702.0,1101.0,886.0,512.0,1174.571428571429,1035.5,904.9333333333332,34.03849361566983,129.9038105676838,143.69339612664754,1297.0
2017-03-23,1196.0,2345.0,1170.0,892.0,521.0,1190.0,1200.0,1205.0,1112.0,939.0,707.0,1119.0,888.0,516.0,1186.571428571429,1052.5,909.4333333333332,20.3621965323956,127.400115673766,148.51129805416022,1282.0
2017-03-24,1240.0,2482.0,1218.0,896.0,526.0,1196.0,1190.0,1200.0,1147.0,979.0,702.0,1170.0,892.0,521.0,1199.857142857143,1070.75,914.6333333333332,20.57853713170452,126.77658550214932,154.5133384256079,1255.0
2017-03-27,1282.0,2620.0,1253.0,895.0,530.0,1240.0,1196.0,1190.0,1172.0,1033.0,688.0,1218.0,896.0,526.0,1215.571428571429,1090.95,919.9833333333332,33.62467914528956,126.63394198698391,161.54335007921617,1223.0
2017-03-28,1333.0,2765.0,1306.0,893.0,535.0,1282.0,1240.0,1196.0,1196.0,1045.0,685.0,1253.0,895.0,530.0,1235.142857142857,1114.65,926.3166666666668,54.01983762607329,125.28715437999458,170.0829799142495,1215.0
2017-03-29,1338.0,2755.0,1346.0,885.0,538.0,1333.0,1282.0,1240.0,1205.0,1064.0,688.0,1306.0,893.0,535.0,1254.142857142857,1138.0,932.4666666666668,64.09999628559927,120.92973166266891,178.13330246290676,1223.0
2017-03-30,1324.0,2690.0,1366.0,882.0,539.0,1338.0,1333.0,1282.0,1200.0,1086.0,710.0,1346.0,885.0,538.0,1271.857142857143,1159.0,938.15,63.77676842299528,114.44971315870768,185.0773383925064,1231.0
2017-03-31,1297.0,2597.0,1374.0,881.0,540.0,1324.0,1338.0,1333.0,1190.0,1099.0,741.0,1366.0,882.0,539.0,1287.142857142857,1176.9,943.7166666666668,52.75865986243627,105.90755651189892,190.7727454210737,1262.0
2017-04-03,1282.0,2518.0,1379.0,882.0,541.0,1297.0,1324.0,1338.0,1196.0,1112.0,757.0,1374.0,881.0,540.0,1299.428571428571,1192.05,949.2666666666668,35.032637843726,97.44173697789104,195.709042659108,1282.0
2017-04-04,1255.0,2382.0,1377.0,881.0,542.0,1282.0,1297.0,1324.0,1240.0,1147.0,778.0,1379.0,882.0,541.0,1301.571428571429,1203.15,954.75,31.02073039581188,90.78736000593638,199.6160403357792,1296.0
2017-04-05,1223.0,2229.0,1371.0,880.0,543.0,1255.0,1282.0,1297.0,1282.0,1172.0,806.0,1377.0,881.0,542.0,1293.142857142857,1212.05,960.2333333333332,42.947365349695126,82.84511547399863,202.41804088778616,1294.0
2017-04-06,1215.0,2184.0,1387.0,882.0,545.0,1223.0,1255.0,1282.0,1333.0,1196.0,856.0,1371.0,880.0,543.0,1276.2857142857142,1219.6,965.6166666666668,47.60152058399925,75.16746216566395,204.8530760529966,1278.0
2017-04-07,1223.0,2173.0,1427.0,886.0,547.0,1215.0,1223.0,1255.0,1338.0,1205.0,875.0,1387.0,882.0,545.0,1259.857142857143,1226.45,970.8333333333334,42.3022007758517,68.27843537199433,207.38249003991248,1243.0
2017-04-10,1231.0,2165.0,1466.0,888.0,549.0,1223.0,1215.0,1223.0,1324.0,1200.0,878.0,1427.0,886.0,547.0,1246.571428571429,1233.05,975.9333333333332,32.19656887967149,61.33726865716574,209.98255510003867,1195.0
2017-04-11,1262.0,2227.0,1533.0,891.0,552.0,1231.0,1223.0,1215.0,1297.0,1190.0,859.0,1466.0,888.0,549.0,1241.571428571429,1240.55,981.6,24.96569074330081,54.552220274226045,213.0674437666002,1170.0
2017-04-12,1282.0,2252.0,1583.0,893.0,554.0,1262.0,1231.0,1223.0,1282.0,1196.0,871.0,1533.0,891.0,552.0,1241.571428571429,1247.3,987.1,24.96569074330081,50.57469723098307,216.52163159639608,1154.0
2017-04-13,1296.0,2249.0,1611.0,899.0,560.0,1282.0,1262.0,1231.0,1255.0,1240.0,904.0,1583.0,893.0,554.0,1247.428571428571,1253.5,993.0,32.35664353663337,48.4121559333077,220.06593773041155,1147.0
2017-04-18,1294.0,2220.0,1621.0,898.0,563.0,1296.0,1282.0,1262.0,1223.0,1282.0,939.0,1611.0,899.0,560.0,1257.571428571429,1258.4,999.15,34.48118879848373,47.23112265629605,223.2661879416112,1134.0
2017-04-19,1278.0,2130.0,1612.0,900.0,568.0,1294.0,1296.0,1282.0,1215.0,1333.0,979.0,1621.0,898.0,563.0,1266.571428571429,1262.05,1005.2166666666668,29.35902554507914,45.68251421790221,225.8437356622179,1109.0
2017-04-20,1243.0,1991.0,1553.0,899.0,572.0,1278.0,1294.0,1296.0,1223.0,1338.0,1033.0,1612.0,900.0,568.0,1269.428571428571,1264.2,1011.1666666666666,25.072276474689225,43.571598668536446,227.3473536442685,1073.0
2017-04-21,1195.0,1830.0,1494.0,895.0,575.0,1243.0,1278.0,1294.0,1231.0,1324.0,1045.0,1553.0,899.0,572.0,1264.2857142857142,1264.45,1016.7166666666668,35.70580851778893,43.1356184487143,227.7084883128646,1034.0
2017-04-24,1170.0,1780.0,1429.0,892.0,577.0,1195.0,1243.0,1278.0,1262.0,1297.0,1064.0,1494.0,895.0,575.0,1251.142857142857,1263.15,1022.2166666666668,50.53852844263679,45.62694840835093,227.3528648186676,1004.0
2017-04-25,1154.0,1767.0,1371.0,887.0,577.0,1170.0,1195.0,1243.0,1282.0,1282.0,1086.0,1429.0,892.0,577.0,1232.857142857143,1258.85,1027.6666666666667,59.81757983358528,51.58669249051468,226.51169511221968,994.0
2017-04-26,1147.0,1790.0,1320.0,881.0,576.0,1154.0,1170.0,1195.0,1296.0,1255.0,1099.0,1371.0,887.0,577.0,1211.571428571429,1252.1,1033.1833333333334,60.11338492901311,56.951410499656255,225.2966776005925,1001.0
2017-04-27,1134.0,1798.0,1260.0,870.0,569.0,1147.0,1154.0,1170.0,1294.0,1223.0,1112.0,1320.0,881.0,576.0,1188.7142857142858,1242.15,1038.75,53.61502987573778,59.40430163411687,223.55703970130784,1007.0
2017-04-28,1109.0,1779.0,1187.0,861.0,559.0,1134.0,1147.0,1154.0,1278.0,1215.0,1147.0,1260.0,870.0,569.0,1164.571428571429,1230.7,1044.1333333333334,43.87427926424992,61.97121572918236,221.24458945157048,1005.0
2017-05-02,1073.0,1668.0,1140.0,849.0,550.0,1109.0,1134.0,1147.0,1243.0,1223.0,1172.0,1187.0,861.0,559.0,1140.2857142857142,1218.15,1049.1833333333334,40.11530998563133,67.2710737867805,218.32004897700696,1012.0
2017-05-03,1034.0,1542.0,1096.0,835.0,540.0,1073.0,1109.0,1134.0,1195.0,1231.0,1196.0,1140.0,849.0,550.0,1117.2857142857142,1205.0,1053.8833333333334,48.74325350148612,76.16395058310978,214.8212573254378,1014.0
2017-05-04,1004.0,1458.0,1048.0,822.0,532.0,1034.0,1073.0,1109.0,1170.0,1262.0,1205.0,1096.0,835.0,540.0,1093.571428571429,1191.1,1058.3666666666666,58.27194048274528,86.09230052990553,210.8231620333244,994.0
2017-05-05,994.0,1480.0,1023.0,811.0,523.0,1004.0,1034.0,1073.0,1154.0,1282.0,1200.0,1048.0,822.0,532.0,1070.7142857142858,1178.05,1063.0333333333333,61.88622433070625,95.1964589124977,206.11770264740616,980.0
2017-05-08,1001.0,1571.0,1009.0,799.0,517.0,994.0,1004.0,1034.0,1147.0,1296.0,1190.0,1023.0,811.0,523.0,1049.857142857143,1166.95,1068.0166666666669,56.23589770317609,102.35309112656545,200.78654587810763,960.0
2017-05-09,1007.0,1635.0,1007.0,794.0,512.0,1001.0,994.0,1004.0,1134.0,1294.0,1196.0,1009.0,799.0,517.0,1031.7142857142858,1156.55,1073.0166666666669,43.64139581380803,107.64438284415864,195.3045853876912,957.0
2017-05-10,1005.0,1645.0,1011.0,790.0,510.0,1007.0,1001.0,994.0,1109.0,1278.0,1240.0,1007.0,794.0,512.0,1016.8571428571428,1145.65,1078.0666666666666,27.75745288174576,111.52874305003527,189.3759480967044,956.0
2017-05-11,1012.0,1695.0,1006.0,787.0,510.0,1005.0,1007.0,1001.0,1073.0,1243.0,1282.0,1011.0,790.0,510.0,1008.1428571428572,1134.7,1083.4666666666667,12.66791973776284,113.4423572615519,182.56157230815936,954.0
2017-05-12,1014.0,1725.0,992.0,784.0,509.0,1012.0,1005.0,1007.0,1034.0,1195.0,1333.0,1006.0,787.0,510.0,1005.2857142857144,1122.3,1088.95,6.7259270918088205,112.34397367485946,175.18227069573302,949.0
2017-05-15,994.0,1661.0,978.0,782.0,508.0,1014.0,1012.0,1005.0,1004.0,1170.0,1338.0,992.0,784.0,509.0,1003.8571428571428,1107.9,1094.05,7.988086367570592,109.2105161699645,167.6019725016743,934.0
2017-05-16,980.0,1632.0,956.0,778.0,507.0,994.0,1014.0,1012.0,994.0,1154.0,1324.0,978.0,782.0,508.0,1001.8571428571428,1092.1,1098.55,11.739230120232849,103.26149738460124,160.593858189368,918.0
2017-05-17,960.0,1590.0,925.0,771.0,505.0,980.0,994.0,1014.0,1001.0,1147.0,1297.0,956.0,778.0,507.0,996.0,1075.4,1102.2,19.73997635948353,95.6156780802265,154.71064297862205,912.0
2017-05-18,957.0,1638.0,894.0,764.0,504.0,960.0,980.0,994.0,1007.0,1134.0,1282.0,925.0,771.0,505.0,988.8571428571428,1059.35,1105.5333333333333,23.73765343252247,86.30562279666593,149.20358820911252,900.0
2017-05-19,956.0,1668.0,870.0,759.0,502.0,957.0,960.0,980.0,1005.0,1109.0,1255.0,894.0,764.0,504.0,981.8571428571428,1045.0,1108.5,25.35368856430818,77.58187525721185,144.26875814355057,878.0
2017-05-22,954.0,1704.0,854.0,753.0,496.0,956.0,957.0,960.0,1012.0,1073.0,1223.0,870.0,759.0,502.0,973.5714285714286,1032.95,1110.9666666666667,23.251216046166657,71.53834084273126,140.21738167682653,850.0
2017-05-23,949.0,1706.0,850.0,746.0,486.0,954.0,956.0,957.0,1014.0,1034.0,1215.0,854.0,753.0,496.0,964.2857142857144,1021.9,1112.5166666666669,16.3779759202606,66.11783738944477,137.8450974970305,830.0
2017-05-24,934.0,1654.0,849.0,737.0,478.0,949.0,954.0,956.0,994.0,1004.0,1223.0,850.0,746.0,486.0,955.7142857142856,1010.9,1113.5,13.719988893752827,61.09345731189366,136.32407798074104,821.0
2017-05-25,918.0,1595.0,848.0,728.0,473.0,934.0,949.0,954.0,980.0,994.0,1231.0,849.0,737.0,478.0,946.8571428571428,999.45,1114.1666666666667,15.345233477626335,55.441268117988166,135.2464375503751,818.0
2017-05-26,912.0,1591.0,845.0,721.0,469.0,918.0,934.0,949.0,960.0,1001.0,1262.0,848.0,728.0,473.0,940.0,988.35,1115.05,18.82374387150604,48.92558796681984,133.71604431961626,821.0
2017-05-30,900.0,1564.0,842.0,712.0,461.0,912.0,918.0,934.0,957.0,1007.0,1282.0,845.0,721.0,469.0,931.8571428571428,977.9,1115.5333333333333,22.25929447406144,43.85730449878314,132.86867055792425,824.0
2017-05-31,878.0,1511.0,829.0,698.0,455.0,900.0,912.0,918.0,956.0,1005.0,1296.0,842.0,712.0,461.0,920.7142857142856,968.15,1115.1,27.14598979428896,43.274247842336855,133.6105775778586,849.0
2017-06-01,850.0,1430.0,810.0,685.0,449.0,878.0,900.0,912.0,954.0,1012.0,1294.0,829.0,698.0,455.0,905.8571428571428,958.95,1113.6166666666666,33.58783793503018,47.854466876187935,136.0701578345464,870.0
2017-06-02,830.0,1374.0,792.0,674.0,446.0,850.0,878.0,900.0,949.0,1014.0,1278.0,810.0,685.0,449.0,888.8571428571429,950.25,1111.1333333333334,37.94482209494007,54.57768485576004,139.87506128103269,870.0
2017-06-05,821.0,1353.0,789.0,666.0,441.0,830.0,850.0,878.0,934.0,994.0,1243.0,792.0,674.0,446.0,872.7142857142857,941.6,1107.6,39.54202104823023,60.65033518373029,144.48390913873808,865.0
2017-06-06,818.0,1366.0,783.0,658.0,434.0,821.0,830.0,850.0,918.0,980.0,1195.0,789.0,666.0,441.0,858.4285714285714,932.45,1103.8166666666666,38.50479252802714,64.87435224301994,149.0507241230082,855.0
2017-06-07,821.0,1379.0,783.0,652.0,429.0,818.0,821.0,830.0,912.0,960.0,1170.0,783.0,658.0,434.0,845.4285714285714,923.15,1099.7666666666669,32.258627491362965,66.92436815268111,153.38920991231865,851.0
2017-06-08,824.0,1381.0,793.0,649.0,425.0,821.0,818.0,821.0,900.0,957.0,1154.0,783.0,652.0,429.0,834.5714285714286,914.1,1095.4,21.98376024007885,67.50898575670293,157.4629577102461,848.0
2017-06-09,849.0,1438.0,813.0,654.0,425.0,824.0,821.0,818.0,878.0,956.0,1147.0,793.0,649.0,425.0,830.4285714285714,905.95,1091.2333333333331,13.550610599771446,64.85487848390315,160.64165475663282,847.0
2017-06-12,870.0,1481.0,833.0,658.0,424.0,849.0,824.0,821.0,850.0,954.0,1134.0,813.0,654.0,425.0,833.2857142857143,898.75,1087.2,19.26753993756504,60.04285750067218,163.1301653510749,844.0
2017-06-13,870.0,1442.0,865.0,665.0,424.0,870.0,849.0,824.0,830.0,949.0,1109.0,833.0,658.0,424.0,839.0,892.55,1082.5833333333333,23.579652245262743,55.95249394755575,165.31411207071525,855.0
2017-06-14,865.0,1362.0,903.0,679.0,427.0,870.0,870.0,849.0,821.0,934.0,1073.0,865.0,665.0,424.0,845.2857142857143,886.8,1077.4666666666667,23.844735867249696,52.28122335784947,167.23944740512968,870.0
2017-06-15,855.0,1277.0,938.0,690.0,431.0,865.0,870.0,870.0,818.0,918.0,1034.0,903.0,679.0,427.0,850.5714285714286,881.55,1071.7833333333333,20.6789518019285,49.75463480133661,168.92863719123665,884.0
2017-06-16,851.0,1213.0,964.0,701.0,435.0,855.0,865.0,870.0,821.0,912.0,1004.0,938.0,690.0,431.0,854.8571428571429,876.25,1065.8833333333334,16.139274781835482,46.85574165798272,170.3727808756098,903.0
2017-06-19,848.0,1169.0,984.0,708.0,437.0,851.0,855.0,865.0,824.0,900.0,994.0,964.0,701.0,435.0,858.2857142857143,870.85,1060.0166666666669,9.793097666833248,43.26694982746331,171.73131276887898,929.0
2017-06-20,847.0,1110.0,1017.0,717.0,441.0,848.0,851.0,855.0,849.0,878.0,1001.0,984.0,708.0,437.0,858.0,865.5,1054.3,10.132456102744378,38.83229800597484,173.0350508237311,920.0
2017-06-21,844.0,1020.0,1070.0,724.0,445.0,847.0,848.0,851.0,870.0,850.0,1007.0,1017.0,717.0,441.0,854.2857142857143,860.25,1048.4333333333334,9.759000729864711,33.709088263889775,174.11318806999935,901.0
2017-06-22,855.0,993.0,1109.0,734.0,447.0,844.0,847.0,848.0,870.0,830.0,1005.0,1070.0,724.0,445.0,852.1428571428571,856.3,1042.0166666666669,6.986381310588902,28.89745936753756,174.0279046070858,882.0
2017-06-23,870.0,987.0,1138.0,744.0,451.0,855.0,844.0,847.0,865.0,821.0,1012.0,1109.0,734.0,447.0,852.8571428571429,853.9,1035.15,8.59124693027385,25.268869968350813,172.51998901629236,871.0
2017-06-26,884.0,1005.0,1145.0,750.0,454.0,870.0,855.0,844.0,855.0,818.0,1014.0,1138.0,744.0,451.0,857.0,852.5,1027.6666666666667,14.651507317475865,22.50497021136126,169.08514219394533,847.0
2017-06-27,903.0,1066.0,1151.0,757.0,458.0,884.0,870.0,855.0,851.0,821.0,994.0,1145.0,750.0,454.0,864.4285714285714,852.65,1020.4166666666666,22.292428781083995,22.84564913094523,164.82546410015522,829.0
2017-06-28,929.0,1170.0,1150.0,761.0,459.0,903.0,884.0,870.0,848.0,824.0,980.0,1151.0,757.0,458.0,876.0,855.2,1013.8333333333334,31.47485769108245,28.072462626183693,160.32130520915564,822.0
2017-06-29,920.0,1146.0,1119.0,758.0,464.0,929.0,903.0,884.0,847.0,849.0,960.0,1150.0,761.0,459.0,886.4285714285714,858.7,1007.55,32.346340044784874,31.539615857280378,156.37443384177143,820.0
2017-06-30,901.0,1086.0,1091.0,754.0,467.0,920.0,929.0,903.0,844.0,870.0,957.0,1119.0,758.0,464.0,894.5714285714286,862.25,1001.2,26.538381907960904,32.1294667179946,152.73415477197926,830.0
2017-07-03,882.0,1032.0,1068.0,751.0,468.0,901.0,920.0,929.0,855.0,870.0,956.0,1091.0,754.0,467.0,898.4285714285714,865.3,994.9833333333332,21.267009998886888,30.87853964374133,149.79143598282917,859.0
2017-07-04,871.0,997.0,1062.0,747.0,470.0,882.0,901.0,920.0,870.0,865.0,954.0,1068.0,751.0,468.0,898.5714285714286,867.95,989.1166666666668,21.0464339250007,28.81058833144163,147.5865837992292,888.0
2017-07-05,847.0,901.0,1060.0,742.0,470.0,871.0,882.0,901.0,884.0,855.0,949.0,1062.0,747.0,470.0,893.2857142857143,869.25,982.9833333333332,28.604861391819,27.117434671474747,145.67452596160098,900.0
2017-07-06,829.0,818.0,1063.0,735.0,470.0,847.0,871.0,882.0,903.0,851.0,934.0,1060.0,742.0,470.0,882.7142857142857,869.5,976.4166666666666,36.890442690647255,26.69811741842517,143.53636421868956,912.0
2017-07-07,822.0,753.0,1062.0,732.0,471.0,829.0,847.0,871.0,929.0,848.0,918.0,1063.0,735.0,470.0,867.4285714285714,868.15,969.6,36.68268048584154,28.416590780435797,140.9292646228302,932.0
2017-07-10,820.0,730.0,1061.0,729.0,474.0,822.0,829.0,847.0,920.0,847.0,912.0,1062.0,732.0,471.0,853.1428571428571,865.65,962.2333333333332,31.96575548640976,30.37706025074636,136.87980211120214,948.0
2017-07-11,830.0,755.0,1069.0,733.0,477.0,820.0,822.0,829.0,901.0,844.0,900.0,1061.0,729.0,474.0,843.0,863.65,954.7,24.68467810891667,31.37594620093204,131.30754428612985,964.0
2017-07-12,859.0,846.0,1098.0,744.0,480.0,830.0,820.0,822.0,882.0,855.0,878.0,1069.0,733.0,477.0,839.7142857142857,863.35,947.4166666666666,19.644458809350937,31.391039620006744,123.970238591811,977.0
2017-07-13,888.0,928.0,1141.0,758.0,484.0,859.0,830.0,820.0,871.0,870.0,850.0,1098.0,744.0,480.0,842.1428571428571,865.0,940.65,24.58609750415251,31.79374317797365,115.5247167038508,977.0
2017-07-14,900.0,933.0,1173.0,769.0,486.0,888.0,859.0,830.0,847.0,884.0,830.0,1141.0,758.0,484.0,849.7142857142857,867.45,934.35,33.03893806675498,32.5373874020513,106.79281779322494,980.0
2017-07-17,912.0,933.0,1202.0,776.0,489.0,900.0,888.0,859.0,829.0,903.0,821.0,1173.0,769.0,486.0,861.5714285714286,870.65,928.8333333333334,38.76363047531015,33.65189444895803,98.83099195983536,968.0
2017-07-18,932.0,984.0,1226.0,786.0,492.0,912.0,900.0,888.0,822.0,929.0,818.0,1202.0,776.0,489.0,877.2857142857143,874.9,924.45,42.1928678243766,35.806350510013395,92.45235603058968,942.0
2017-07-19,948.0,1028.0,1252.0,798.0,495.0,932.0,912.0,900.0,820.0,920.0,821.0,1226.0,786.0,492.0,895.5714285714286,880.1,920.75,40.94653889678736,38.53078058689485,86.72352817428956,933.0
2017-07-20,964.0,1093.0,1260.0,807.0,497.0,948.0,932.0,912.0,830.0,901.0,824.0,1252.0,798.0,495.0,914.7142857142856,885.55,917.5833333333334,36.23402767995414,42.31644572682407,81.36552629996494,946.0
2017-07-21,977.0,1154.0,1258.0,812.0,499.0,964.0,948.0,932.0,859.0,882.0,849.0,1260.0,807.0,497.0,931.5714285714286,890.9,914.75,33.325951563696385,46.77594973582164,76.02600469473808,965.0
2017-07-24,977.0,1171.0,1248.0,814.0,500.0,977.0,964.0,948.0,888.0,871.0,870.0,1258.0,812.0,499.0,944.2857142857144,895.55,912.1333333333332,30.81511688405745,50.52615268617906,70.87957480337795,993.0
2017-07-25,980.0,1221.0,1225.0,813.0,500.0,977.0,977.0,964.0,900.0,847.0,870.0,1248.0,814.0,500.0,955.7142857142856,899.4,909.9833333333332,26.132446535128903,53.94187905323109,66.63624800389421,1023.0
2017-07-26,968.0,1206.0,1192.0,807.0,500.0,980.0,977.0,977.0,912.0,829.0,865.0,1225.0,813.0,500.0,963.7142857142856,901.35,908.2333333333332,17.745556117273765,55.74309020198919,63.59175052219586,1032.0
2017-07-27,942.0,1138.0,1146.0,798.0,500.0,968.0,980.0,977.0,932.0,822.0,855.0,1192.0,807.0,500.0,965.1428571428572,902.45,906.7,14.94912005713816,56.34431274717368,61.58535485176108,1036.0
2017-07-28,933.0,1139.0,1109.0,789.0,498.0,942.0,968.0,980.0,948.0,820.0,851.0,1146.0,798.0,500.0,963.0,904.05,905.5166666666668,18.475208614245428,56.75383131053805,60.353897453827,1038.0
2017-07-31,946.0,1225.0,1095.0,783.0,496.0,933.0,942.0,968.0,964.0,830.0,848.0,1109.0,789.0,498.0,960.4285714285714,907.25,904.7166666666668,19.535072245211207,57.24727067733421,59.47285142408378,1050.0
2017-08-01,965.0,1331.0,1098.0,779.0,492.0,946.0,933.0,942.0,977.0,859.0,847.0,1095.0,783.0,496.0,958.7142857142856,911.95,904.1166666666668,18.32770476386358,57.96866213289447,58.66107526653774,1092.0
2017-08-02,993.0,1475.0,1118.0,772.0,488.0,965.0,946.0,933.0,977.0,888.0,844.0,1098.0,779.0,492.0,961.0,919.25,903.8833333333332,21.679483388830292,58.54901230686375,58.27145467029729,1138.0
2017-08-03,1023.0,1602.0,1143.0,767.0,482.0,993.0,965.0,946.0,980.0,900.0,855.0,1118.0,772.0,488.0,967.1428571428572,928.95,904.1833333333332,31.725008912255863,58.87942630587804,58.84437725456234,1155.0
2017-08-04,1032.0,1637.0,1153.0,764.0,478.0,1023.0,993.0,965.0,968.0,912.0,870.0,1143.0,767.0,482.0,976.2857142857144,939.45,904.5166666666668,40.123618504706414,57.51198959671388,59.51826145261348,1169.0
2017-08-07,1036.0,1655.0,1158.0,762.0,475.0,1032.0,1023.0,993.0,942.0,932.0,884.0,1153.0,764.0,478.0,989.7142857142856,950.25,904.8833333333332,42.40170706364451,54.07876808784465,60.26722741738613,1207.0
2017-08-08,1038.0,1659.0,1170.0,759.0,472.0,1036.0,1032.0,1023.0,933.0,948.0,903.0,1158.0,762.0,475.0,1004.7142857142856,960.65,905.6166666666668,37.25459383634467,49.54665531229903,61.62244024101037,1247.0
2017-08-09,1050.0,1702.0,1192.0,756.0,467.0,1038.0,1036.0,1032.0,946.0,964.0,929.0,1170.0,759.0,472.0,1019.5714285714286,970.2,906.7833333333332,29.9602911805808,47.27812446190954,63.68276558679202,1260.0
2017-08-10,1092.0,1837.0,1228.0,756.0,466.0,1050.0,1038.0,1036.0,965.0,977.0,920.0,1192.0,756.0,467.0,1037.7142857142858,980.4,908.9833333333332,29.859193367829494,50.506278921838906,67.70536660177373,1266.0
2017-08-11,1138.0,2013.0,1256.0,759.0,466.0,1092.0,1050.0,1038.0,993.0,977.0,901.0,1228.0,756.0,466.0,1058.428571428571,992.3,912.0,41.64075384714153,58.04181795553331,73.65218304850495,1249.0
2017-08-14,1155.0,2093.0,1272.0,760.0,465.0,1138.0,1092.0,1050.0,1023.0,980.0,882.0,1256.0,759.0,466.0,1077.2857142857142,1004.45,915.3166666666668,51.61625805154623,65.32467495440838,79.8841304252549,1222.0
2017-08-15,1169.0,2155.0,1289.0,765.0,464.0,1155.0,1138.0,1092.0,1032.0,968.0,871.0,1272.0,760.0,465.0,1096.857142857143,1016.3,918.9,57.24924620011837,72.58323715427616,86.21960530527164,1200.0
2017-08-16,1207.0,2324.0,1310.0,776.0,464.0,1169.0,1155.0,1138.0,1036.0,942.0,847.0,1289.0,765.0,464.0,1121.2857142857142,1029.25,923.2,63.134022221858885,82.2210595381951,93.8427823363304,1209.0
2017-08-17,1247.0,2542.0,1336.0,791.0,465.0,1207.0,1169.0,1155.0,1038.0,933.0,829.0,1310.0,776.0,464.0,1151.142857142857,1043.4,928.4166666666666,66.51172470936781,93.9201228368487,102.73205095684092,1203.0
2017-08-18,1260.0,2574.0,1345.0,806.0,465.0,1247.0,1207.0,1169.0,1050.0,946.0,822.0,1336.0,791.0,465.0,1181.142857142857,1057.55,934.1166666666668,60.36397538113708,104.15094056731913,111.2767342346749,1181.0
2017-08-21,1266.0,2584.0,1349.0,817.0,466.0,1260.0,1247.0,1207.0,1092.0,965.0,820.0,1345.0,806.0,465.0,1206.0,1072.0,940.0166666666668,52.90242590535426,112.12962423723546,119.18771573419129,1184.0
2017-08-22,1249.0,2489.0,1345.0,824.0,468.0,1266.0,1260.0,1247.0,1138.0,993.0,830.0,1349.0,817.0,466.0,1221.857142857143,1085.45,945.8333333333334,45.19745041276385,116.55921242014612,125.5480415397894,1183.0
2017-08-23,1222.0,2382.0,1311.0,833.0,470.0,1249.0,1266.0,1260.0,1155.0,1023.0,859.0,1345.0,824.0,468.0,1231.428571428571,1098.15,951.5666666666668,34.51017793285109,116.92565114097783,130.16747578187787,1187.0
2017-08-24,1200.0,2333.0,1259.0,840.0,473.0,1222.0,1249.0,1266.0,1169.0,1032.0,888.0,1311.0,833.0,470.0,1235.857142857143,1111.05,957.4,26.137001686258746,112.95619784493378,133.34245449032645,1215.0
2017-08-25,1209.0,2406.0,1235.0,845.0,474.0,1200.0,1222.0,1249.0,1207.0,1036.0,900.0,1259.0,840.0,473.0,1236.142857142857,1124.85,963.7166666666668,25.77743568473838,106.74774741863324,136.15234384496082,1250.0
2017-08-29,1203.0,2381.0,1215.0,848.0,477.0,1209.0,1200.0,1222.0,1247.0,1038.0,912.0,1235.0,845.0,474.0,1229.857142857143,1137.7,970.0833333333334,27.960856993557915,99.29334530096996,138.2803945399975,1296.0
2017-08-30,1181.0,2282.0,1195.0,851.0,482.0,1203.0,1209.0,1200.0,1260.0,1050.0,932.0,1215.0,848.0,477.0,1218.571428571429,1148.5,976.1333333333332,29.658372302333028,90.91378217563476,139.44970135877864,1332.0
2017-08-31,1184.0,2293.0,1189.0,853.0,486.0,1181.0,1203.0,1209.0,1266.0,1092.0,948.0,1195.0,851.0,482.0,1206.857142857143,1158.05,982.1833333333332,23.319723922344096,83.44457662680172,140.47576444174683,1355.0
2017-09-01,1183.0,2264.0,1198.0,856.0,486.0,1184.0,1181.0,1203.0,1249.0,1138.0,964.0,1189.0,853.0,486.0,1197.428571428571,1166.05,988.1666666666666,15.458084647111582,77.25588037577951,141.26728682783022,1344.0
2017-09-04,1187.0,2243.0,1227.0,860.0,487.0,1183.0,1184.0,1181.0,1222.0,1155.0,977.0,1198.0,856.0,486.0,1192.428571428571,1173.8,993.8,11.282097069722164,70.5874597480985,142.35867806478024,1337.0
2017-09-05,1215.0,2313.0,1275.0,863.0,491.0,1187.0,1183.0,1184.0,1200.0,1169.0,977.0,1227.0,860.0,487.0,1194.571428571429,1182.75,999.55,14.045843310055094,63.15217627624811,144.2286820014559,1361.0
2017-09-06,1250.0,2438.0,1314.0,868.0,494.0,1215.0,1187.0,1183.0,1209.0,1207.0,980.0,1275.0,863.0,491.0,1200.428571428571,1193.35,1005.8833333333332,25.191646385734977,54.81958447590224,146.76443614693144,1385.0
2017-09-07,1296.0,2614.0,1351.0,875.0,499.0,1250.0,1215.0,1187.0,1203.0,1247.0,968.0,1314.0,868.0,494.0,1213.7142857142858,1205.65,1013.0666666666668,44.15772595944605,48.15575059943371,150.25806802186102,1398.0
2017-09-08,1332.0,2767.0,1375.0,888.0,504.0,1296.0,1250.0,1215.0,1181.0,1260.0,942.0,1351.0,875.0,499.0,1235.2857142857142,1217.65,1021.0166666666668,59.67052395090941,48.24747061824159,154.3171389656491,1415.0
2017-09-11,1355.0,2813.0,1394.0,898.0,509.0,1332.0,1296.0,1250.0,1184.0,1266.0,933.0,1375.0,888.0,504.0,1259.7142857142858,1228.5,1029.4166666666667,69.38711284219781,53.50602523873005,158.5644596153867,1449.0
2017-09-12,1344.0,2724.0,1429.0,908.0,513.0,1355.0,1332.0,1296.0,1183.0,1249.0,946.0,1394.0,898.0,509.0,1282.7142857142858,1237.95,1037.6833333333334,66.33680297222458,56.450700429250034,161.84157263441463,1470.0
2017-09-13,1337.0,2628.0,1464.0,923.0,520.0,1344.0,1355.0,1332.0,1187.0,1222.0,965.0,1429.0,908.0,513.0,1304.142857142857,1246.35,1045.85,53.18968750751439,58.125340972449344,164.39914480790753,1502.0
2017-09-14,1361.0,2642.0,1499.0,950.0,529.0,1337.0,1344.0,1355.0,1215.0,1200.0,993.0,1464.0,923.0,520.0,1325.0,1254.05,1054.4666666666667,39.19183588458242,62.66155960903959,167.16575217602698,1503.0
2017-09-15,1385.0,2685.0,1521.0,977.0,536.0,1361.0,1337.0,1344.0,1250.0,1209.0,1023.0,1499.0,950.0,529.0,1344.2857142857142,1260.95,1063.3,27.65088477020851,69.11049505192007,170.4183586036561,1476.0
2017-09-18,1398.0,2681.0,1529.0,997.0,551.0,1385.0,1361.0,1337.0,1296.0,1203.0,1032.0,1521.0,977.0,536.0,1358.857142857143,1267.85,1072.1,24.680819620642385,75.59537370978134,173.86510453878557,1429.0
2017-09-19,1415.0,2723.0,1536.0,1017.0,562.0,1398.0,1385.0,1361.0,1332.0,1181.0,1036.0,1529.0,997.0,551.0,1370.7142857142858,1275.3,1080.95,29.15884248803176,82.43600388694162,177.6024340381705,1391.0
2017-09-20,1449.0,2861.0,1531.0,1033.0,576.0,1415.0,1398.0,1385.0,1355.0,1184.0,1038.0,1536.0,1017.0,562.0,1384.142857142857,1285.3,1090.05,40.250998213044575,90.785519364718,182.2570753782555,1356.0
2017-09-21,1470.0,2948.0,1514.0,1050.0,586.0,1449.0,1415.0,1398.0,1344.0,1183.0,1050.0,1531.0,1033.0,576.0,1402.142857142857,1297.7,1099.0666666666666,46.92699497247183,98.30944699481788,187.46243616192197,1328.0
2017-09-22,1502.0,3147.0,1493.0,1061.0,596.0,1470.0,1449.0,1415.0,1337.0,1187.0,1092.0,1514.0,1050.0,586.0,1425.7142857142858,1312.8,1108.7666666666669,50.08564094203852,105.44721802626944,193.01500483228392,1308.0
2017-09-25,1503.0,3173.0,1474.0,1068.0,602.0,1502.0,1470.0,1449.0,1361.0,1215.0,1138.0,1493.0,1061.0,596.0,1446.0,1327.5,1118.8,48.22862220718347,110.58290531259526,197.62340491324017,1320.0
2017-09-26,1476.0,3101.0,1446.0,1065.0,607.0,1503.0,1502.0,1470.0,1385.0,1250.0,1155.0,1474.0,1068.0,602.0,1459.0,1341.15,1128.7,40.72673159817519,111.25327907648028,200.4183167650254,1382.0
2017-09-27,1429.0,2942.0,1406.0,1054.0,613.0,1476.0,1503.0,1502.0,1398.0,1296.0,1169.0,1446.0,1065.0,607.0,1463.428571428571,1353.55,1138.0,34.141163536443045,106.1684237922576,201.20248675892844,1405.0
2017-09-28,1391.0,2824.0,1352.0,1041.0,616.0,1429.0,1476.0,1503.0,1415.0,1332.0,1207.0,1406.0,1054.0,613.0,1460.0,1363.9,1147.0666666666666,40.43925485634546,98.58893927502494,200.1211384549561,1411.0
2017-09-29,1356.0,2738.0,1308.0,1021.0,616.0,1391.0,1429.0,1476.0,1449.0,1355.0,1247.0,1352.0,1041.0,616.0,1446.7142857142858,1372.55,1155.85,56.67366903517002,89.00530735213643,197.4720598130026,1418.0
2017-10-02,1328.0,2671.0,1268.0,1006.0,614.0,1356.0,1391.0,1429.0,1470.0,1344.0,1260.0,1308.0,1021.0,616.0,1426.428571428571,1379.6,1164.2833333333333,70.64195434930362,78.49867581857256,193.74236708131284,1433.0
2017-10-03,1308.0,2618.0,1247.0,984.0,612.0,1328.0,1356.0,1391.0,1502.0,1337.0,1266.0,1268.0,1006.0,614.0,1398.7142857142858,1384.25,1172.4166666666667,74.02637882477,70.59139279578149,189.23506068406184,1458.0
2017-10-04,1320.0,2667.0,1276.0,968.0,609.0,1308.0,1328.0,1356.0,1503.0,1361.0,1249.0,1247.0,984.0,612.0,1372.571428571429,1387.75,1180.5833333333333,62.470945627730345,65.10709800423093,184.7267603481169,1485.0
2017-10-05,1382.0,2888.0,1345.0,965.0,607.0,1320.0,1308.0,1328.0,1476.0,1385.0,1222.0,1276.0,968.0,609.0,1359.142857142857,1392.05,1189.3,43.8650527999996,61.46670044149207,181.608099199692,1523.0
2017-10-06,1405.0,2929.0,1406.0,971.0,610.0,1382.0,1320.0,1308.0,1429.0,1398.0,1200.0,1345.0,965.0,607.0,1355.7142857142858,1395.7,1197.9166666666667,38.046963460641,59.859572509823934,179.320685343605,1552.0
2017-10-09,1411.0,2906.0,1438.0,978.0,613.0,1405.0,1382.0,1320.0,1391.0,1415.0,1209.0,1406.0,971.0,610.0,1358.571428571429,1398.5,1206.4333333333334,41.71273643572527,59.16124264740552,177.0519761536049,1566.0
2017-10-10,1418.0,2894.0,1465.0,996.0,618.0,1411.0,1405.0,1382.0,1356.0,1449.0,1203.0,1438.0,978.0,613.0,1367.428571428571,1402.2,1214.8666666666666,47.28585814972821,57.87336447620555,174.82673908923232,1582.0
2017-10-11,1433.0,2882.0,1504.0,1020.0,623.0,1418.0,1411.0,1405.0,1328.0,1470.0,1181.0,1465.0,996.0,618.0,1382.428571428571,1407.0,1223.2166666666667,49.304689239017726,56.136112778682914,173.04276846353198,1578.0
2017-10-12,1458.0,2859.0,1556.0,1050.0,635.0,1433.0,1418.0,1411.0,1308.0,1502.0,1184.0,1504.0,1020.0,623.0,1403.857142857143,1411.85,1231.7166666666667,43.861253103543454,56.14293319176248,171.8162293459962,1586.0
2017-10-13,1485.0,2871.0,1606.0,1069.0,649.0,1458.0,1433.0,1418.0,1320.0,1503.0,1183.0,1556.0,1050.0,635.0,1427.428571428571,1416.85,1240.4,34.654759860021976,58.04651038974996,171.22115741277966,1588.0
2017-10-16,1523.0,2980.0,1637.0,1082.0,656.0,1485.0,1458.0,1433.0,1382.0,1476.0,1187.0,1606.0,1069.0,649.0,1447.571428571429,1423.1,1249.5,43.65721453500721,62.47096167530872,171.4938848541892,1573.0
2017-10-17,1552.0,3079.0,1651.0,1094.0,663.0,1523.0,1485.0,1458.0,1405.0,1429.0,1215.0,1637.0,1082.0,656.0,1468.571428571429,1429.95,1259.0833333333333,53.91616066594038,68.73325633434023,172.07303255037473,1555.0
2017-10-18,1566.0,3134.0,1646.0,1105.0,666.0,1552.0,1523.0,1485.0,1411.0,1391.0,1250.0,1651.0,1094.0,663.0,1490.7142857142858,1435.8,1268.85,58.00492589922332,75.12207608816345,172.59365671713363,1546.0
2017-10-19,1582.0,3186.0,1648.0,1116.0,673.0,1566.0,1552.0,1523.0,1418.0,1356.0,1296.0,1646.0,1105.0,666.0,1514.142857142857,1441.4,1279.0833333333333,56.84900635729983,81.69287799922238,172.65595177584925,1534.0
2017-10-20,1578.0,3145.0,1643.0,1126.0,679.0,1582.0,1566.0,1552.0,1433.0,1328.0,1332.0,1648.0,1116.0,673.0,1534.857142857143,1445.2,1289.6833333333334,48.098609028524194,86.29789288155209,171.1268229940327,1522.0
2017-10-23,1586.0,3187.0,1642.0,1128.0,683.0,1578.0,1582.0,1566.0,1458.0,1308.0,1355.0,1643.0,1126.0,679.0,1553.142857142857,1449.35,1300.5666666666666,37.07842396612923,91.08658402575024,168.80701715140947,1496.0
2017-10-24,1588.0,3202.0,1626.0,1130.0,687.0,1586.0,1578.0,1582.0,1485.0,1320.0,1344.0,1642.0,1128.0,683.0,1567.857142857143,1454.95,1311.2666666666669,23.46933155869418,96.1153227282949,166.27951418068992,1482.0
2017-10-25,1573.0,3202.0,1592.0,1129.0,690.0,1588.0,1586.0,1578.0,1523.0,1382.0,1337.0,1626.0,1130.0,687.0,1575.0,1462.15,1321.4,12.66227994224082,99.40627693834654,163.31971348728004,1476.0
2017-10-26,1555.0,3182.0,1553.0,1117.0,688.0,1573.0,1588.0,1586.0,1552.0,1405.0,1361.0,1592.0,1129.0,690.0,1575.428571428571,1470.35,1330.7666666666669,11.773659058312576,99.9906706174768,160.25322828308023,1473.0
2017-10-27,1546.0,3220.0,1517.0,1100.0,687.0,1555.0,1573.0,1588.0,1566.0,1411.0,1385.0,1553.0,1117.0,688.0,1572.571428571429,1479.85,1339.4833333333331,16.081636969581414,97.55067509009235,157.4280025557976,1477.0
2017-10-30,1534.0,3217.0,1498.0,1081.0,685.0,1546.0,1555.0,1573.0,1582.0,1418.0,1398.0,1517.0,1100.0,687.0,1565.7142857142858,1490.15,1347.85,20.902266908332564,91.3519941879308,154.11429007975602,1486.0
2017-10-31,1522.0,3219.0,1492.0,1060.0,679.0,1534.0,1546.0,1555.0,1578.0,1433.0,1415.0,1498.0,1081.0,685.0,1557.7142857142858,1500.85,1355.95,25.60412913133156,80.81966605387044,150.16729935847405,1481.0
2017-11-01,1496.0,3137.0,1503.0,1043.0,673.0,1522.0,1534.0,1546.0,1586.0,1458.0,1449.0,1492.0,1060.0,679.0,1544.857142857143,1509.65,1363.5833333333333,31.050649866716604,68.77597117113537,145.2927251747583,1464.0
2017-11-02,1482.0,3059.0,1539.0,1027.0,668.0,1496.0,1522.0,1534.0,1588.0,1485.0,1470.0,1503.0,1043.0,673.0,1529.7142857142858,1514.65,1370.7833333333333,32.32498664976439,62.341398765238985,140.10082225128943,1445.0
2017-11-03,1476.0,3036.0,1562.0,1014.0,664.0,1482.0,1496.0,1522.0,1573.0,1523.0,1502.0,1539.0,1027.0,668.0,1515.857142857143,1518.2,1377.1833333333334,31.45594046406784,57.61085424051912,135.85629142925634,1405.0
2017-11-06,1473.0,3044.0,1567.0,1001.0,661.0,1476.0,1482.0,1496.0,1555.0,1552.0,1503.0,1562.0,1014.0,664.0,1504.142857142857,1521.3,1382.7666666666669,29.667201707369284,53.02442336971492,132.70719223185864,1374.0
2017-11-07,1477.0,3101.0,1558.0,988.0,658.0,1473.0,1476.0,1482.0,1546.0,1566.0,1476.0,1567.0,1001.0,661.0,1494.2857142857142,1524.25,1388.1333333333334,24.44527415625317,48.41582494670234,129.81962279749445,1361.0
2017-11-08,1486.0,3259.0,1515.0,961.0,654.0,1477.0,1473.0,1476.0,1534.0,1582.0,1429.0,1558.0,988.0,658.0,1487.428571428571,1526.9,1393.4166666666667,17.06709448877328,44.446182714619134,127.17388225453544,1371.0
2017-11-09,1481.0,3349.0,1468.0,936.0,648.0,1486.0,1477.0,1473.0,1522.0,1578.0,1391.0,1515.0,961.0,654.0,1481.571428571429,1528.05,1397.9833333333331,7.678045386387307,42.83809789878074,125.2717035787447,1385.0
2017-11-10,1464.0,3360.0,1418.0,912.0,644.0,1481.0,1486.0,1477.0,1496.0,1586.0,1356.0,1468.0,936.0,648.0,1477.0,1527.0,1401.6,7.16472842028278,44.185017703744975,123.9644837053972,1396.0
2017-11-13,1445.0,3351.0,1387.0,888.0,642.0,1464.0,1481.0,1486.0,1482.0,1588.0,1328.0,1418.0,912.0,644.0,1471.7142857142858,1523.1,1404.6833333333334,13.610220249548007,47.84723497490116,122.67685147171126,1413.0
2017-11-14,1405.0,3209.0,1346.0,872.0,640.0,1445.0,1464.0,1481.0,1476.0,1573.0,1308.0,1387.0,888.0,642.0,1461.571428571429,1515.75,1407.0,28.354054047976376,54.06124694325108,121.31846311065785,1445.0
2017-11-15,1374.0,3108.0,1320.0,858.0,637.0,1405.0,1445.0,1464.0,1473.0,1555.0,1320.0,1346.0,872.0,640.0,1447.428571428571,1506.15,1409.0833333333333,42.74286350907793,61.23919883286132,119.6206279567824,1458.0
2017-11-16,1361.0,3084.0,1298.0,849.0,634.0,1374.0,1405.0,1445.0,1477.0,1546.0,1382.0,1320.0,858.0,637.0,1430.857142857143,1495.1,1411.4,51.04713041702667,66.54155804739545,117.25868837747826,1477.0
2017-11-17,1371.0,3153.0,1285.0,845.0,630.0,1361.0,1374.0,1405.0,1486.0,1534.0,1405.0,1298.0,849.0,634.0,1414.428571428571,1484.75,1414.25,48.79841917817873,69.02087784832798,114.0681665065938,1506.0
2017-11-20,1385.0,3214.0,1280.0,850.0,628.0,1371.0,1361.0,1374.0,1481.0,1522.0,1411.0,1285.0,845.0,630.0,1400.7142857142858,1474.7,1417.1833333333334,39.5925678451784,68.12998412482214,110.92011045775816,1536.0
2017-11-21,1396.0,3255.0,1275.0,856.0,625.0,1385.0,1371.0,1361.0,1464.0,1496.0,1418.0,1280.0,850.0,628.0,1391.0,1465.1,1420.4,28.172090207692445,64.76914470077197,107.34440059448592,1578.0
2017-11-22,1413.0,3298.0,1281.0,875.0,624.0,1396.0,1385.0,1371.0,1445.0,1482.0,1433.0,1275.0,856.0,625.0,1386.428571428571,1457.1,1424.2666666666669,19.07753602947998,60.479574629578686,102.65061140882324,1626.0
2017-11-23,1445.0,3420.0,1284.0,899.0,622.0,1413.0,1396.0,1385.0,1405.0,1476.0,1458.0,1281.0,875.0,624.0,1392.142857142857,1451.6,1428.6166666666666,28.985217907522173,55.93925276589186,97.70746578467173,1662.0
2017-11-24,1458.0,3453.0,1295.0,914.0,620.0,1445.0,1413.0,1396.0,1374.0,1473.0,1485.0,1284.0,899.0,622.0,1404.142857142857,1447.2,1433.2,36.60796166336582,51.39997952084387,92.29040385692342,1666.0
2017-11-27,1477.0,3540.0,1299.0,923.0,619.0,1458.0,1445.0,1413.0,1361.0,1477.0,1523.0,1295.0,914.0,620.0,1420.7142857142858,1444.35,1438.0333333333333,39.92791123063651,47.78711013174119,86.59627084522718,1670.0
2017-11-28,1506.0,3659.0,1320.0,929.0,620.0,1477.0,1458.0,1445.0,1371.0,1486.0,1552.0,1299.0,923.0,619.0,1440.0,1443.55,1442.8833333333334,44.27941583478759,46.5363185842492,81.91564318783159,1679.0
2017-11-29,1536.0,3740.0,1368.0,936.0,622.0,1506.0,1477.0,1458.0,1385.0,1481.0,1566.0,1320.0,929.0,620.0,1461.571428571429,1445.55,1447.65,49.4936263333197,49.663578733694784,78.76199397502114,1702.0
2017-11-30,1578.0,3848.0,1433.0,941.0,623.0,1536.0,1506.0,1477.0,1396.0,1464.0,1582.0,1368.0,936.0,622.0,1487.571428571429,1450.35,1452.35,56.60052161969985,57.40738536759167,77.96909970289845,1727.0
2017-12-01,1626.0,4025.0,1494.0,944.0,626.0,1578.0,1536.0,1506.0,1413.0,1445.0,1578.0,1433.0,941.0,623.0,1518.0,1457.85,1457.25,66.25959050081882,69.46659553154453,79.50069288690126,1743.0
2017-12-04,1662.0,4129.0,1559.0,944.0,626.0,1626.0,1578.0,1536.0,1445.0,1405.0,1586.0,1494.0,944.0,626.0,1549.0,1467.3,1462.3666666666666,76.40026177967368,83.14483241850405,82.62616786360724,1730.0
2017-12-05,1666.0,4115.0,1571.0,944.0,628.0,1662.0,1626.0,1578.0,1458.0,1374.0,1588.0,1559.0,944.0,626.0,1578.7142857142858,1476.75,1467.7333333333331,75.55288277253601,94.2978902482424,85.22410470403653,1668.0
2017-12-06,1670.0,4126.0,1563.0,945.0,629.0,1666.0,1662.0,1626.0,1477.0,1361.0,1573.0,1571.0,944.0,628.0,1606.2857142857142,1485.95,1473.2833333333333,66.97689722514066,103.7499397590497,87.38170534719588,1619.0
2017-12-07,1679.0,4147.0,1564.0,944.0,630.0,1670.0,1666.0,1662.0,1506.0,1371.0,1555.0,1563.0,945.0,629.0,1631.0,1495.85,1478.5833333333333,54.57410863528106,112.34358717325097,90.0587927866993,1588.0
2017-12-08,1702.0,4193.0,1588.0,943.0,631.0,1679.0,1670.0,1666.0,1536.0,1385.0,1546.0,1564.0,944.0,630.0,1654.7142857142858,1507.75,1483.8666666666666,40.721469708742845,121.05930473600284,93.70047241651945,1547.0
2017-12-11,1727.0,4272.0,1624.0,939.0,632.0,1702.0,1679.0,1670.0,1578.0,1396.0,1534.0,1588.0,943.0,631.0,1676.0,1521.85,1489.35,31.932219883191586,129.49467576946213,98.11301421996691,1476.0
2017-12-12,1743.0,4293.0,1672.0,942.0,633.0,1727.0,1702.0,1679.0,1626.0,1413.0,1522.0,1624.0,939.0,632.0,1692.7142857142858,1538.75,1494.8166666666666,32.01933939418208,135.3649550387329,102.92015856747082,1430.0
2017-12-13,1730.0,4211.0,1718.0,943.0,633.0,1743.0,1727.0,1702.0,1662.0,1445.0,1496.0,1672.0,942.0,633.0,1702.428571428571,1556.55,1499.5,31.45821113192416,135.9657367830367,107.10813480953782,1366.0
2017-12-14,1668.0,3936.0,1714.0,944.0,635.0,1730.0,1743.0,1727.0,1666.0,1458.0,1482.0,1718.0,943.0,633.0,1702.7142857142858,1571.9,1502.8,31.079008380359067,129.9222034425799,109.2133350025448,1230.0
2017-12-15,1619.0,3777.0,1677.0,942.0,636.0,1668.0,1730.0,1743.0,1670.0,1477.0,1476.0,1714.0,944.0,635.0,1695.428571428571,1584.3,1504.75,43.515733334286764,121.2865680071545,110.23851260345504,1262.0
2017-12-18,1588.0,3656.0,1643.0,943.0,637.0,1619.0,1668.0,1730.0,1679.0,1506.0,1473.0,1677.0,942.0,636.0,1682.428571428571,1594.45,1506.1666666666667,59.79090550371488,111.85774565565262,110.76057039762571,1341.0
2017-12-19,1547.0,3510.0,1593.0,938.0,636.0,1588.0,1619.0,1668.0,1702.0,1536.0,1477.0,1643.0,943.0,637.0,1660.2857142857142,1602.0,1507.35,77.43322776371052,102.45923451231182,110.81207561317512,1371.0
2017-12-20,1476.0,3216.0,1546.0,933.0,632.0,1547.0,1588.0,1619.0,1727.0,1578.0,1486.0,1593.0,938.0,636.0,1624.428571428571,1605.15,1508.1333333333334,97.0272421245076,97.17497782760891,110.4142380076382,1385.0
2017-12-21,1430.0,3115.0,1445.0,925.0,627.0,1476.0,1547.0,1588.0,1743.0,1626.0,1481.0,1546.0,933.0,632.0,1579.7142857142858,1604.4,1508.7833333333333,105.06619228803868,98.52458950357985,109.82622508999948,1395.0
2017-12-22,1366.0,2830.0,1395.0,914.0,625.0,1430.0,1476.0,1547.0,1730.0,1662.0,1464.0,1445.0,925.0,627.0,1527.7142857142858,1599.8,1508.95,108.31545640046365,107.46191491827014,109.5977893195566,1366.0
2018-01-02,1230.0,2281.0,1340.0,901.0,612.0,1366.0,1430.0,1476.0,1668.0,1666.0,1445.0,1395.0,914.0,625.0,1465.142857142857,1587.45,1507.3166666666666,136.58993200017525,133.38408135119232,113.01709660179256,1303.0
2018-01-03,1262.0,2426.0,1332.0,894.0,607.0,1230.0,1366.0,1430.0,1619.0,1670.0,1405.0,1340.0,901.0,612.0,1414.142857142857,1575.25,1506.55,136.21603989183058,151.19554261045482,114.5378961786102,1279.0
2018-01-04,1341.0,2715.0,1365.0,884.0,604.0,1262.0,1230.0,1366.0,1588.0,1679.0,1374.0,1332.0,894.0,607.0,1378.857142857143,1565.5,1506.9,113.82505373223546,159.89684174494087,113.98895278024682,1264.0
2018-01-05,1371.0,2791.0,1400.0,884.0,600.0,1341.0,1262.0,1230.0,1547.0,1702.0,1361.0,1365.0,884.0,604.0,1353.7142857142858,1555.15,1506.7166666666667,86.70008513207083,165.64142470696754,114.20188660420608,1221.0
2018-01-08,1385.0,2826.0,1424.0,886.0,594.0,1371.0,1341.0,1262.0,1476.0,1727.0,1371.0,1400.0,884.0,600.0,1340.7142857142858,1543.1,1506.3833333333334,70.64397659089603,168.9490424577038,114.53251949819324,1164.0
2018-01-09,1395.0,2820.0,1428.0,889.0,592.0,1385.0,1371.0,1341.0,1430.0,1743.0,1385.0,1424.0,886.0,594.0,1335.7142857142858,1529.75,1506.1166666666666,64.21763591030447,169.60693723400956,114.77673118974953,1139.0
2018-01-10,1366.0,2677.0,1404.0,898.0,589.0,1395.0,1385.0,1371.0,1366.0,1730.0,1396.0,1428.0,889.0,592.0,1335.7142857142858,1514.75,1505.25,64.21763591030447,170.1877832835067,115.64639632541954,1125.0
2018-01-11,1303.0,2384.0,1371.0,902.0,587.0,1366.0,1395.0,1385.0,1230.0,1668.0,1413.0,1404.0,898.0,589.0,1346.142857142857,1496.4,1503.0833333333333,48.091678321858666,172.33913933687504,118.21228988659,1129.0
2018-01-12,1279.0,2296.0,1348.0,907.0,587.0,1303.0,1366.0,1395.0,1262.0,1619.0,1445.0,1371.0,902.0,587.0,1348.571428571429,1476.4,1500.1,43.32765530569717,173.2407512531136,121.58009147912765,1157.0
2018-01-15,1264.0,2231.0,1340.0,908.0,585.0,1279.0,1303.0,1366.0,1341.0,1588.0,1458.0,1348.0,907.0,587.0,1337.571428571429,1454.5,1496.4166666666667,54.024244998173685,170.8894687402417,125.33498053072844,1200.0
2018-01-16,1221.0,2010.0,1329.0,910.0,583.0,1264.0,1279.0,1303.0,1371.0,1547.0,1477.0,1340.0,908.0,585.0,1316.142857142857,1429.2,1491.3833333333334,66.79428261819979,165.80349815370658,130.21821212244842,1217.0
2018-01-17,1164.0,1743.0,1317.0,910.0,581.0,1221.0,1264.0,1279.0,1385.0,1476.0,1506.0,1329.0,910.0,583.0,1284.571428571429,1400.25,1484.9166666666667,79.7890074777825,158.51676816501077,136.63303465193763,1219.0
2018-01-18,1139.0,1611.0,1311.0,910.0,580.0,1164.0,1221.0,1264.0,1395.0,1430.0,1536.0,1317.0,910.0,581.0,1248.0,1370.7,1477.8,79.4061290665742,148.5856478158241,143.29604297470675,1214.0
2018-01-19,1125.0,1493.0,1333.0,911.0,584.0,1139.0,1164.0,1221.0,1366.0,1366.0,1578.0,1311.0,910.0,580.0,1213.571428571429,1343.55,1470.1833333333334,71.57713122422557,140.8087448690062,149.66748360857562,1191.0
2018-01-22,1129.0,1445.0,1362.0,913.0,585.0,1125.0,1139.0,1164.0,1303.0,1230.0,1626.0,1333.0,911.0,584.0,1188.7142857142858,1319.05,1462.7,65.2807125311593,132.7579812250594,155.30410845080945,1152.0
2018-01-23,1157.0,1525.0,1404.0,911.0,586.0,1129.0,1125.0,1139.0,1279.0,1262.0,1662.0,1362.0,913.0,585.0,1171.2857142857142,1297.5,1455.55,52.11754114732027,121.28847734573924,159.353824947598,1114.0
2018-01-24,1200.0,1676.0,1456.0,908.0,584.0,1157.0,1129.0,1125.0,1264.0,1341.0,1666.0,1404.0,911.0,586.0,1162.142857142857,1280.15,1449.0833333333333,36.37961229151252,107.7869609339375,161.74255455756952,1095.0
2018-01-25,1217.0,1752.0,1481.0,904.0,581.0,1200.0,1157.0,1129.0,1221.0,1371.0,1670.0,1456.0,908.0,584.0,1161.571428571429,1267.2,1443.15,35.31693240204048,98.145756269387,163.63838025210228,1082.0
2018-01-26,1219.0,1772.0,1492.0,900.0,577.0,1217.0,1200.0,1157.0,1164.0,1385.0,1679.0,1481.0,904.0,581.0,1169.428571428571,1256.65,1437.55,41.52050554794485,90.78967887089016,165.4846426383996,1095.0
2018-01-29,1214.0,1784.0,1485.0,895.0,573.0,1219.0,1217.0,1200.0,1139.0,1395.0,1702.0,1492.0,900.0,577.0,1180.142857142857,1249.05,1432.0166666666669,42.03343340501706,87.45493576396551,167.33711955787714,1097.0
2018-01-30,1191.0,1748.0,1450.0,889.0,566.0,1214.0,1219.0,1217.0,1125.0,1366.0,1727.0,1485.0,895.0,573.0,1189.571428571429,1247.1,1426.3,34.29216209218677,88.33244620544151,169.63713016969444,1106.0
2018-01-31,1152.0,1613.0,1411.0,884.0,558.0,1191.0,1214.0,1219.0,1129.0,1303.0,1743.0,1450.0,889.0,566.0,1192.857142857143,1241.6,1420.1333333333334,28.056066316347145,90.74742275595338,172.79501588336063,1125.0
2018-02-01,1114.0,1528.0,1378.0,877.0,552.0,1152.0,1191.0,1214.0,1157.0,1279.0,1730.0,1411.0,884.0,558.0,1186.7142857142858,1230.25,1413.7666666666669,39.563090061856144,91.84992049393632,176.94003261345242,1123.0
2018-02-02,1095.0,1470.0,1359.0,872.0,547.0,1114.0,1152.0,1191.0,1200.0,1264.0,1668.0,1378.0,877.0,552.0,1171.7142857142858,1216.45,1407.3166666666666,51.72270386631602,90.3108520611202,181.40781771381955,1114.0
2018-02-05,1082.0,1433.0,1339.0,865.0,543.0,1095.0,1114.0,1152.0,1217.0,1221.0,1619.0,1359.0,872.0,547.0,1152.428571428571,1201.3,1400.75,56.92936308230591,85.85244379322377,185.95357767694156,1095.0
2018-02-06,1095.0,1519.0,1316.0,857.0,538.0,1082.0,1095.0,1114.0,1219.0,1164.0,1588.0,1339.0,865.0,543.0,1134.7142857142858,1186.3,1394.45,51.82571525709509,75.85380676014512,189.8271671543288,1089.0
2018-02-07,1097.0,1578.0,1293.0,844.0,532.0,1095.0,1082.0,1095.0,1214.0,1139.0,1547.0,1316.0,857.0,538.0,1118.0,1172.85,1388.1166666666666,39.36157178439612,65.44847310353647,193.33303940170407,1084.0
2018-02-08,1106.0,1662.0,1263.0,833.0,529.0,1097.0,1095.0,1082.0,1191.0,1125.0,1476.0,1293.0,844.0,532.0,1105.857142857143,1163.0,1381.7833333333333,22.652656734868053,59.37215367143339,196.27394308585755,1087.0
2018-02-09,1125.0,1790.0,1250.0,825.0,526.0,1106.0,1097.0,1095.0,1152.0,1129.0,1430.0,1263.0,833.0,529.0,1102.0,1155.3,1375.85,14.212670403725305,53.20180052359782,198.5910391922679,1117.0
2018-02-12,1123.0,1824.0,1237.0,819.0,520.0,1125.0,1106.0,1097.0,1114.0,1157.0,1366.0,1250.0,825.0,526.0,1103.2857142857142,1148.25,1370.1666666666667,15.797829869205152,47.02281081398049,200.8916705014011,1146.0
2018-02-13,1114.0,1793.0,1228.0,817.0,518.0,1123.0,1125.0,1106.0,1095.0,1200.0,1230.0,1237.0,819.0,520.0,1106.0,1142.9,1364.65,15.7691682301754,44.319296023349374,203.3318090616385,1167.0
2018-02-14,1095.0,1721.0,1231.0,823.0,516.0,1114.0,1123.0,1125.0,1082.0,1217.0,1262.0,1228.0,817.0,518.0,1107.857142857143,1139.45,1359.4833333333331,12.992671927452776,45.26585212305528,206.2073575161488,1185.0
2018-02-15,1089.0,1663.0,1251.0,832.0,515.0,1095.0,1114.0,1123.0,1095.0,1219.0,1341.0,1231.0,823.0,516.0,1107.0,1136.95,1354.7333333333331,14.1303455963245,46.651535767635,209.12909537192817,1191.0
2018-02-16,1084.0,1608.0,1273.0,837.0,515.0,1089.0,1095.0,1114.0,1097.0,1214.0,1371.0,1251.0,832.0,515.0,1105.142857142857,1134.9,1350.1166666666666,16.344505411537224,48.083151661361015,212.02582922817365,1188.0
2018-02-19,1087.0,1597.0,1294.0,840.0,517.0,1084.0,1089.0,1095.0,1106.0,1191.0,1385.0,1273.0,837.0,515.0,1102.428571428571,1132.8,1345.3833333333334,17.69987893434991,49.257219615156416,214.70484996589568,1192.0
2018-02-20,1117.0,1678.0,1333.0,847.0,519.0,1087.0,1084.0,1089.0,1125.0,1152.0,1395.0,1294.0,840.0,517.0,1101.2857142857142,1130.8,1340.9166666666667,16.193767172681948,49.03446693269578,216.6456367456121,1196.0
2018-02-21,1146.0,1717.0,1388.0,856.0,522.0,1117.0,1087.0,1084.0,1123.0,1114.0,1366.0,1333.0,847.0,519.0,1104.571428571429,1128.1,1336.75,22.456306782074183,46.44170086196854,217.96832494189132,1207.0
2018-02-22,1167.0,1725.0,1438.0,871.0,529.0,1146.0,1117.0,1087.0,1114.0,1095.0,1303.0,1388.0,856.0,522.0,1112.142857142857,1125.6,1332.65,32.74359261210855,42.590337426586,218.8217156050717,1210.0
2018-02-23,1185.0,1722.0,1481.0,892.0,534.0,1167.0,1146.0,1117.0,1095.0,1082.0,1279.0,1438.0,871.0,529.0,1125.0,1123.9,1328.3166666666666,41.412558481755234,39.21049805727947,219.13330759422016,1212.0
2018-02-26,1191.0,1680.0,1504.0,919.0,538.0,1185.0,1167.0,1146.0,1089.0,1095.0,1264.0,1481.0,892.0,534.0,1139.571428571429,1122.75,1323.8666666666666,44.46668094529234,36.68482405293296,219.1661753770106,1191.0
2018-02-27,1188.0,1595.0,1513.0,948.0,545.0,1191.0,1185.0,1167.0,1084.0,1097.0,1221.0,1504.0,919.0,538.0,1154.428571428571,1122.6,1319.05,39.94937272294773,36.39606687838261,218.91925800493624,1197.0
2018-02-28,1192.0,1560.0,1513.0,973.0,557.0,1188.0,1191.0,1185.0,1087.0,1106.0,1164.0,1513.0,948.0,545.0,1169.428571428571,1124.6,1313.8166666666666,28.47722565414175,39.09556442743755,218.1261096648504,1201.0
2018-03-01,1196.0,1568.0,1505.0,992.0,579.0,1192.0,1188.0,1191.0,1117.0,1125.0,1139.0,1513.0,973.0,557.0,1180.7142857142858,1128.7,1308.15,17.941704543025484,42.1090064126172,216.6677394584671,1192.0
2018-03-02,1207.0,1592.0,1500.0,1004.0,586.0,1196.0,1192.0,1188.0,1146.0,1123.0,1125.0,1505.0,992.0,579.0,1189.428571428571,1134.3,1301.9666666666667,12.149857926060488,44.75559359342663,214.11496727003447,1179.0
2018-03-05,1210.0,1597.0,1502.0,1006.0,590.0,1207.0,1196.0,1192.0,1167.0,1114.0,1129.0,1500.0,1004.0,586.0,1195.571428571429,1140.7,1295.0333333333333,9.501879513553313,46.01727364468128,210.14296720726855,1169.0
2018-03-06,1212.0,1587.0,1528.0,1013.0,595.0,1210.0,1207.0,1196.0,1185.0,1095.0,1157.0,1502.0,1006.0,590.0,1199.428571428571,1146.55,1287.5333333333333,9.964221710201976,47.32026938577316,204.78591273939176,1150.0
2018-03-07,1191.0,1495.0,1553.0,1020.0,599.0,1212.0,1210.0,1207.0,1191.0,1089.0,1200.0,1528.0,1013.0,595.0,1199.428571428571,1151.25,1279.6166666666666,9.964221710201976,46.80516728114377,199.00686400451792,1143.0
2018-03-08,1197.0,1489.0,1590.0,1026.0,607.0,1191.0,1212.0,1210.0,1188.0,1084.0,1217.0,1553.0,1020.0,599.0,1200.7142857142858,1155.8,1271.7333333333331,8.750510189455621,46.597492591284606,192.5439739927293,1136.0
2018-03-09,1201.0,1479.0,1615.0,1032.0,611.0,1197.0,1191.0,1212.0,1192.0,1087.0,1219.0,1590.0,1026.0,607.0,1202.0,1159.6,1263.7666666666669,7.874007874286788,47.050253089593966,185.1543896930555,1122.0
2018-03-12,1192.0,1425.0,1624.0,1040.0,615.0,1201.0,1197.0,1191.0,1196.0,1117.0,1214.0,1615.0,1032.0,611.0,1201.428571428571,1163.05,1255.2666666666669,8.502100581035736,46.75408791589777,176.1843089905352,1117.0
2018-03-13,1179.0,1362.0,1623.0,1049.0,617.0,1192.0,1201.0,1197.0,1207.0,1146.0,1191.0,1624.0,1040.0,615.0,1197.428571428571,1166.3,1246.1333333333334,11.50155269040112,45.4047296400895,165.17545542076033,1117.0
2018-03-14,1169.0,1312.0,1623.0,1061.0,622.0,1179.0,1192.0,1201.0,1210.0,1167.0,1152.0,1623.0,1049.0,617.0,1191.571428571429,1170.0,1236.5666666666666,14.164005352422125,42.19004621952236,152.0077347125428,1122.0
2018-03-15,1150.0,1238.0,1619.0,1077.0,626.0,1169.0,1179.0,1192.0,1212.0,1185.0,1114.0,1623.0,1061.0,622.0,1182.7142857142858,1173.05,1226.9,18.098934459682344,38.025580033019295,137.88262018529423,1126.0
2018-03-16,1143.0,1203.0,1618.0,1091.0,627.0,1150.0,1169.0,1179.0,1191.0,1191.0,1095.0,1619.0,1077.0,626.0,1175.857142857143,1176.0,1218.15,22.894166443601865,32.66416030493545,125.5200470179944,1117.0
2018-03-19,1136.0,1171.0,1621.0,1099.0,629.0,1143.0,1150.0,1169.0,1197.0,1188.0,1082.0,1618.0,1091.0,627.0,1167.142857142857,1178.45,1210.1,25.01618523704329,26.980451012679303,114.3694133580925,1080.0
2018-03-20,1122.0,1112.0,1615.0,1109.0,630.0,1136.0,1143.0,1150.0,1201.0,1192.0,1095.0,1621.0,1099.0,629.0,1155.857142857143,1178.7,1202.3333333333333,25.016185237044617,26.39796642895871,103.58614963155144,1055.0
2018-03-21,1117.0,1109.0,1606.0,1117.0,634.0,1122.0,1136.0,1143.0,1192.0,1196.0,1097.0,1615.0,1109.0,630.0,1145.142857142857,1177.25,1195.1666666666667,22.930536928170508,28.96072658301243,93.7432784784971,1016.0
2018-03-22,1117.0,1129.0,1593.0,1122.0,639.0,1117.0,1122.0,1136.0,1179.0,1207.0,1106.0,1606.0,1117.0,634.0,1136.2857142857142,1174.75,1189.1833333333334,19.371063348273225,31.900956923531968,86.70767011347567,977.0
2018-03-23,1122.0,1157.0,1587.0,1121.0,641.0,1117.0,1117.0,1122.0,1169.0,1210.0,1125.0,1593.0,1122.0,639.0,1129.571428571429,1171.6,1184.05,13.352367366518628,33.884323343199576,81.14799724970017,953.0
2018-03-26,1126.0,1197.0,1575.0,1116.0,645.0,1122.0,1117.0,1117.0,1150.0,1212.0,1123.0,1587.0,1121.0,641.0,1126.142857142857,1168.35,1180.05,9.85610760633393,35.02371377111828,77.87635245179844,948.0
2018-03-27,1117.0,1191.0,1552.0,1106.0,648.0,1126.0,1122.0,1117.0,1143.0,1191.0,1114.0,1575.0,1116.0,645.0,1122.428571428571,1164.8,1178.1666666666667,6.90065559377117,36.49455619108637,78.0141592248378,952.0
2018-03-28,1080.0,1065.0,1520.0,1093.0,650.0,1117.0,1126.0,1122.0,1136.0,1197.0,1095.0,1552.0,1106.0,648.0,1114.428571428571,1159.2,1175.1333333333334,15.565529682299823,40.47689399365776,78.23724603203411,974.0
2018-03-29,1055.0,1010.0,1495.0,1080.0,652.0,1080.0,1117.0,1126.0,1122.0,1201.0,1089.0,1520.0,1093.0,650.0,1104.857142857143,1152.15,1170.3666666666666,26.72968743702563,45.67537053697063,76.65683307121175,979.0
2018-04-03,1016.0,924.0,1455.0,1067.0,650.0,1055.0,1080.0,1117.0,1117.0,1192.0,1084.0,1495.0,1080.0,652.0,1090.428571428571,1142.6,1164.45,41.98752649248764,52.98599616388273,74.58073205078428,993.0
2018-04-04,977.0,841.0,1397.0,1056.0,648.0,1016.0,1055.0,1080.0,1117.0,1179.0,1087.0,1455.0,1067.0,650.0,1070.428571428571,1130.95,1157.65,57.64505513014497,62.200418851229735,72.70740642577753,1014.0
2018-04-05,953.0,809.0,1343.0,1042.0,644.0,977.0,1016.0,1055.0,1122.0,1169.0,1117.0,1397.0,1056.0,648.0,1046.2857142857142,1118.0,1150.2833333333333,67.06642052405921,70.80440069586022,70.6130759646251,1025.0
2018-04-06,948.0,824.0,1317.0,1032.0,643.0,953.0,977.0,1016.0,1126.0,1150.0,1146.0,1343.0,1042.0,644.0,1020.8571428571428,1105.85,1143.3166666666666,65.53225305512923,78.09257327047905,69.58216498231936,1052.0
2018-04-09,952.0,854.0,1315.0,1024.0,638.0,948.0,953.0,977.0,1117.0,1143.0,1167.0,1317.0,1032.0,643.0,997.2857142857144,1093.6,1137.4666666666667,53.813611307086376,82.15223352830581,70.67578557524249,1124.0
2018-04-10,974.0,930.0,1319.0,1016.0,636.0,952.0,948.0,953.0,1080.0,1136.0,1185.0,1315.0,1024.0,638.0,982.1428571428572,1082.25,1132.3833333333334,39.730041410520485,82.21401788531648,71.28935824427883,1201.0
2018-04-11,979.0,940.0,1325.0,1014.0,634.0,974.0,952.0,948.0,1055.0,1122.0,1191.0,1319.0,1016.0,636.0,971.2857142857144,1071.6,1127.6333333333334,23.620007661097247,81.0363141470002,71.86356344785288,1281.0
2018-04-12,993.0,982.0,1335.0,1014.0,630.0,979.0,974.0,952.0,1016.0,1117.0,1188.0,1325.0,1014.0,634.0,968.0,1062.3,1123.8333333333333,17.048949136888552,78.70136760668677,72.86397046621606,1306.0
2018-04-13,1014.0,1038.0,1351.0,1013.0,628.0,993.0,979.0,974.0,977.0,1117.0,1192.0,1335.0,1014.0,630.0,973.2857142857144,1054.55,1121.3333333333333,24.43845525485637,75.1948171506568,74.02648785378146,1330.0
2018-04-16,1025.0,1061.0,1359.0,1016.0,626.0,1014.0,993.0,979.0,953.0,1122.0,1196.0,1351.0,1013.0,628.0,983.5714285714286,1048.3,1119.4333333333334,29.17108810034097,71.96936482760638,75.02166165532064,1376.0
2018-04-17,1052.0,1152.0,1353.0,1018.0,626.0,1025.0,1014.0,993.0,948.0,1126.0,1207.0,1359.0,1016.0,626.0,998.4285714285714,1043.75,1118.2166666666667,34.10208763342478,68.45811243307557,75.52013799609452,1375.0
2018-04-18,1124.0,1402.0,1329.0,1022.0,626.0,1052.0,1025.0,1014.0,952.0,1117.0,1210.0,1353.0,1018.0,626.0,1023.0,1043.15,1118.1333333333334,52.223877042389525,67.65490996306285,75.51079542687924,1361.0
2018-04-19,1201.0,1668.0,1306.0,1022.0,623.0,1124.0,1052.0,1025.0,974.0,1080.0,1212.0,1329.0,1022.0,626.0,1055.428571428571,1047.1,1118.8666666666666,79.88086367183016,74.46433268424659,76.10596240857603,1341.0
2018-04-20,1281.0,1915.0,1289.0,1025.0,621.0,1201.0,1124.0,1052.0,979.0,1055.0,1191.0,1306.0,1022.0,623.0,1098.571428571429,1055.3,1120.2166666666667,108.24179282648016,89.98017325473589,78.25752612683011,1327.0
2018-04-23,1306.0,2009.0,1281.0,1027.0,621.0,1281.0,1201.0,1124.0,993.0,1016.0,1197.0,1289.0,1025.0,621.0,1143.2857142857142,1064.75,1121.7,121.23216609152392,105.4039223279201,80.92124231398307,1346.0
2018-04-24,1330.0,2130.0,1269.0,1030.0,617.0,1306.0,1281.0,1201.0,1014.0,977.0,1201.0,1281.0,1027.0,621.0,1188.428571428571,1075.15,1123.55,123.8720538067012,120.52659675905883,84.37836998926392,1376.0
2018-04-25,1376.0,2314.0,1264.0,1037.0,614.0,1330.0,1306.0,1281.0,1025.0,953.0,1192.0,1269.0,1030.0,617.0,1238.571428571429,1087.65,1126.25,117.57247005268736,137.8035501032454,89.74306545143942,1384.0
2018-04-26,1375.0,2306.0,1272.0,1040.0,610.0,1376.0,1330.0,1306.0,1052.0,948.0,1179.0,1264.0,1037.0,614.0,1284.7142857142858,1100.55,1129.3166666666666,92.95108800820414,152.0365174278338,94.98394006392668,1432.0
2018-04-27,1361.0,2251.0,1275.0,1042.0,605.0,1375.0,1376.0,1330.0,1124.0,952.0,1169.0,1272.0,1040.0,610.0,1318.571428571429,1114.6,1132.8,62.98903910699898,162.6508692358052,99.55235399754108,1465.0
2018-04-30,1341.0,2173.0,1276.0,1045.0,603.0,1361.0,1375.0,1376.0,1201.0,974.0,1150.0,1275.0,1042.0,605.0,1338.571428571429,1128.9,1136.5833333333333,35.790395093604275,169.560701752949,103.07678422583174,1453.0
2018-05-01,1327.0,2136.0,1271.0,1043.0,601.0,1341.0,1361.0,1375.0,1281.0,979.0,1143.0,1276.0,1045.0,603.0,1345.142857142857,1144.45,1140.45,26.466510734890488,172.88982649441337,105.80577424894024,1472.0
2018-05-02,1346.0,2197.0,1271.0,1043.0,597.0,1327.0,1341.0,1361.0,1306.0,993.0,1136.0,1271.0,1043.0,601.0,1350.857142857143,1162.9,1144.85,20.1777812741321,173.76660087298887,108.78135822978096,1476.0
2018-05-03,1376.0,2308.0,1266.0,1047.0,591.0,1346.0,1327.0,1341.0,1330.0,1014.0,1122.0,1271.0,1043.0,597.0,1357.428571428571,1184.05,1149.5333333333333,19.738770164903325,172.61288449806452,112.58134033711434,1468.0
2018-05-04,1384.0,2337.0,1265.0,1050.0,589.0,1376.0,1346.0,1327.0,1376.0,1025.0,1117.0,1266.0,1047.0,591.0,1358.571428571429,1205.85,1154.3166666666666,21.17275877842893,168.7203463224376,116.3455536456724,1403.0
2018-05-08,1432.0,2482.0,1257.0,1051.0,585.0,1384.0,1376.0,1346.0,1375.0,1052.0,1117.0,1265.0,1050.0,589.0,1366.7142857142858,1229.85,1159.75,34.993877015489694,164.80427785711586,121.54675810892805,1305.0
2018-05-09,1465.0,2616.0,1253.0,1048.0,585.0,1432.0,1384.0,1376.0,1361.0,1124.0,1122.0,1257.0,1051.0,585.0,1381.571428571429,1254.4,1165.4166666666667,50.71113336953506,161.2175385522544,127.67056277341524,1273.0
2018-05-10,1453.0,2565.0,1246.0,1052.0,584.0,1465.0,1432.0,1384.0,1341.0,1201.0,1126.0,1253.0,1048.0,585.0,1397.571428571429,1278.1,1170.9166666666667,53.3755785069917,153.24452424322354,132.816719856563,1239.0
2018-05-11,1472.0,2630.0,1245.0,1053.0,584.0,1453.0,1465.0,1432.0,1327.0,1281.0,1117.0,1246.0,1052.0,584.0,1418.2857142857142,1302.05,1176.8833333333334,49.41225990151624,143.4604199954428,138.15075181119718,1199.0
2018-05-14,1476.0,2635.0,1240.0,1055.0,585.0,1472.0,1453.0,1465.0,1346.0,1306.0,1080.0,1245.0,1053.0,584.0,1436.857142857143,1325.15,1183.2333333333331,41.51477075065769,131.31932755493168,142.9945319171411,1162.0
2018-05-15,1468.0,2602.0,1237.0,1053.0,586.0,1476.0,1472.0,1453.0,1376.0,1330.0,1055.0,1240.0,1055.0,585.0,1450.0,1347.3,1189.55,32.65475973478814,114.28362686066134,147.0741108006664,1109.0
2018-05-16,1403.0,2407.0,1237.0,1056.0,587.0,1468.0,1476.0,1472.0,1384.0,1376.0,1016.0,1237.0,1053.0,586.0,1452.7142857142858,1364.85,1194.8666666666666,26.45571321866329,91.16051488276096,148.94777456555903,1077.0
2018-05-17,1305.0,2106.0,1239.0,1064.0,589.0,1403.0,1468.0,1476.0,1432.0,1375.0,977.0,1237.0,1056.0,587.0,1434.571428571429,1373.9,1198.5,62.29729031792517,73.20835442694117,148.930822298537,1057.0
2018-05-18,1273.0,2053.0,1241.0,1069.0,590.0,1305.0,1403.0,1468.0,1465.0,1361.0,953.0,1239.0,1064.0,589.0,1407.142857142857,1377.5,1201.1,84.85169134326742,65.63736099128795,148.8455803162153,1042.0
2018-05-21,1239.0,1957.0,1243.0,1071.0,591.0,1273.0,1305.0,1403.0,1453.0,1341.0,948.0,1241.0,1069.0,590.0,1376.571428571429,1375.4,1202.65,102.32767162872474,69.44850420885975,148.74626615456643,1090.0
2018-05-22,1199.0,1854.0,1239.0,1074.0,590.0,1239.0,1273.0,1305.0,1472.0,1327.0,952.0,1243.0,1071.0,591.0,1337.571428571429,1370.05,1203.1833333333334,111.50763373400176,78.59521546979006,148.67362636039752,1156.0
2018-05-23,1162.0,1759.0,1222.0,1074.0,591.0,1199.0,1239.0,1273.0,1476.0,1346.0,974.0,1239.0,1074.0,590.0,1292.7142857142858,1361.65,1202.8,109.68244205542749,91.08600620469451,148.75093504908114,1193.0
2018-05-24,1109.0,1551.0,1202.0,1074.0,590.0,1162.0,1199.0,1239.0,1468.0,1376.0,979.0,1222.0,1074.0,591.0,1241.428571428571,1348.3,1201.4333333333334,97.29312607248634,107.0411135966261,149.23708434783444,1249.0
2018-05-25,1077.0,1395.0,1187.0,1071.0,587.0,1109.0,1162.0,1199.0,1403.0,1384.0,993.0,1202.0,1074.0,590.0,1194.857142857143,1333.4,1199.5833333333333,84.20694462937172,122.72107870248088,150.09198215545877,1340.0
2018-05-29,1057.0,1324.0,1163.0,1068.0,586.0,1077.0,1109.0,1162.0,1305.0,1432.0,1014.0,1187.0,1071.0,587.0,1159.428571428571,1318.2,1197.3333333333333,82.2918731161048,137.1060288896898,151.21526542378285,1395.0
2018-05-30,1042.0,1276.0,1149.0,1064.0,584.0,1057.0,1077.0,1109.0,1273.0,1465.0,1025.0,1163.0,1068.0,586.0,1126.428571428571,1303.25,1194.7666666666669,75.16616513403648,150.16828279600327,152.5394493756589,1391.0
2018-05-31,1090.0,1401.0,1160.0,1063.0,583.0,1042.0,1057.0,1077.0,1239.0,1453.0,1052.0,1149.0,1064.0,584.0,1105.142857142857,1291.4,1192.8166666666666,56.83727817622119,157.3736418778582,153.12712030127597,1387.0
2018-06-01,1156.0,1602.0,1192.0,1061.0,583.0,1090.0,1042.0,1057.0,1199.0,1472.0,1124.0,1160.0,1063.0,583.0,1099.0,1281.9,1191.9166666666667,46.36090306862368,159.622877927634,153.18309545923572,1390.0
2018-06-04,1193.0,1712.0,1217.0,1061.0,583.0,1156.0,1090.0,1042.0,1162.0,1476.0,1201.0,1192.0,1061.0,583.0,1103.428571428571,1272.75,1191.6,54.19980671205402,159.18935265904432,153.16051179364547,1404.0
2018-06-05,1249.0,1835.0,1250.0,1065.0,584.0,1193.0,1156.0,1090.0,1109.0,1468.0,1281.0,1217.0,1061.0,583.0,1123.428571428571,1266.0,1192.5666666666666,77.44429641764411,157.0718910161012,153.3395884256284,1433.0
2018-06-06,1340.0,2088.0,1290.0,1065.0,583.0,1249.0,1193.0,1156.0,1077.0,1403.0,1306.0,1250.0,1065.0,584.0,1161.0,1261.4,1194.95,108.66768915676528,153.25534248438305,154.51646009628865,1445.0
2018-06-07,1395.0,2220.0,1344.0,1072.0,583.0,1340.0,1249.0,1193.0,1057.0,1305.0,1330.0,1290.0,1065.0,583.0,1209.2857142857142,1257.9,1198.1833333333334,128.1089566029996,149.10395525836913,156.66010834935784,1442.0
2018-06-08,1391.0,2151.0,1418.0,1075.0,584.0,1395.0,1340.0,1249.0,1042.0,1273.0,1376.0,1344.0,1072.0,583.0,1259.142857142857,1254.8,1201.5,119.79625560570368,145.4335080480541,158.62123097260377,1419.0
2018-06-11,1387.0,2091.0,1451.0,1078.0,586.0,1391.0,1395.0,1340.0,1090.0,1239.0,1375.0,1418.0,1075.0,584.0,1301.571428571429,1250.55,1204.9666666666667,101.0311126054234,139.88848001930245,160.38428075760453,1373.0
2018-06-12,1390.0,2068.0,1474.0,1084.0,588.0,1387.0,1391.0,1395.0,1156.0,1199.0,1361.0,1451.0,1078.0,586.0,1335.0,1246.25,1208.65,81.70067319186462,133.78217763453054,162.07309765368404,1347.0
2018-06-13,1404.0,2091.0,1488.0,1088.0,591.0,1390.0,1387.0,1391.0,1193.0,1162.0,1341.0,1474.0,1084.0,588.0,1365.142857142857,1243.05,1212.8833333333334,55.206969884365584,128.87426552960437,163.82298132145326,1341.0
2018-06-14,1433.0,2184.0,1498.0,1089.0,592.0,1404.0,1390.0,1387.0,1249.0,1109.0,1327.0,1488.0,1088.0,591.0,1391.428571428571,1244.55,1217.7166666666667,27.585365340266648,130.9911507658165,165.98990082276342,1333.0
2018-06-15,1445.0,2223.0,1495.0,1091.0,593.0,1433.0,1404.0,1390.0,1340.0,1077.0,1346.0,1498.0,1089.0,592.0,1406.428571428571,1251.55,1222.8666666666666,23.15064536802195,137.94753960914292,168.19051613430412,1323.0
2018-06-18,1442.0,2228.0,1482.0,1092.0,595.0,1445.0,1433.0,1404.0,1395.0,1057.0,1376.0,1495.0,1091.0,593.0,1413.142857142857,1260.0,1228.2,25.932145890375068,144.35774275993094,170.00167496685089,1309.0
2018-06-19,1419.0,2187.0,1458.0,1093.0,594.0,1442.0,1445.0,1433.0,1391.0,1042.0,1384.0,1482.0,1092.0,595.0,1417.142857142857,1269.0,1233.2333333333331,24.03766885147172,148.53034423275372,171.1205707024244,1329.0
2018-06-20,1373.0,2090.0,1419.0,1094.0,593.0,1419.0,1442.0,1445.0,1387.0,1090.0,1432.0,1458.0,1093.0,594.0,1415.142857142857,1277.7,1237.5,27.32171646291076,149.30826465652348,171.3646622195963,1385.0
2018-06-21,1347.0,2038.0,1382.0,1094.0,592.0,1373.0,1419.0,1442.0,1390.0,1156.0,1465.0,1419.0,1094.0,593.0,1409.0,1286.95,1241.25,37.02701716319478,147.48255026132617,171.25613931840937,1422.0
2018-06-22,1341.0,2011.0,1355.0,1092.0,593.0,1347.0,1373.0,1419.0,1404.0,1193.0,1453.0,1382.0,1094.0,592.0,1400.0,1298.55,1244.8333333333333,45.19955751999742,141.76239387014868,171.05298680173462,1476.0
2018-06-25,1333.0,2001.0,1339.0,1085.0,592.0,1341.0,1347.0,1373.0,1433.0,1249.0,1472.0,1355.0,1092.0,593.0,1385.7142857142858,1311.35,1248.4333333333334,48.69878261902485,131.92113872352303,170.58934402181845,1567.0
2018-06-26,1323.0,1986.0,1321.0,1078.0,589.0,1333.0,1341.0,1347.0,1445.0,1340.0,1476.0,1339.0,1085.0,592.0,1368.2857142857142,1324.65,1252.4833333333331,45.68265274596518,117.5550375020614,169.4031888586787,1612.0
2018-06-27,1309.0,1942.0,1324.0,1067.0,585.0,1323.0,1333.0,1341.0,1442.0,1395.0,1468.0,1321.0,1078.0,589.0,1349.2857142857142,1338.0,1256.7166666666667,36.68657468214384,97.15803729250692,167.54802920477562,1622.0
2018-06-28,1329.0,2025.0,1331.0,1055.0,583.0,1309.0,1323.0,1333.0,1419.0,1391.0,1403.0,1324.0,1067.0,585.0,1336.428571428571,1349.95,1261.9333333333334,20.288396871681528,77.82400860785425,164.77595129236107,1609.0
2018-06-29,1385.0,2170.0,1336.0,1042.0,581.0,1329.0,1309.0,1323.0,1373.0,1387.0,1305.0,1331.0,1055.0,583.0,1338.142857142857,1361.4,1268.7333333333331,24.0515319778178,63.27251003652163,161.1978326248417,1555.0
2018-07-02,1422.0,2304.0,1338.0,1034.0,575.0,1385.0,1329.0,1309.0,1347.0,1390.0,1273.0,1336.0,1042.0,581.0,1348.857142857143,1372.85,1276.55,40.04342880523528,50.65702528309669,156.9430885730746,1586.0
2018-07-03,1476.0,2478.0,1336.0,1025.0,571.0,1422.0,1385.0,1329.0,1341.0,1404.0,1239.0,1338.0,1034.0,575.0,1368.142857142857,1384.2,1285.35,62.076373850925485,46.72495107153779,152.9609261061875,1632.0
2018-07-04,1567.0,2743.0,1334.0,1017.0,569.0,1476.0,1422.0,1385.0,1333.0,1433.0,1199.0,1336.0,1025.0,571.0,1401.571428571429,1395.55,1295.6,94.5231138273734,60.85658291603778,150.83532383119794,1666.0
2018-07-05,1612.0,3013.0,1339.0,1005.0,565.0,1567.0,1476.0,1422.0,1323.0,1445.0,1162.0,1334.0,1017.0,569.0,1442.857142857143,1406.4,1306.2333333333331,115.3132379961045,77.75223807918248,150.26669699569695,1695.0
2018-07-06,1622.0,3086.0,1347.0,999.0,563.0,1612.0,1567.0,1476.0,1309.0,1442.0,1109.0,1339.0,1005.0,565.0,1487.571428571429,1417.95,1316.95,115.44242019706444,91.31811084569787,149.46009330765557,1721.0
2018-07-09,1609.0,3016.0,1367.0,997.0,562.0,1622.0,1612.0,1567.0,1329.0,1419.0,1077.0,1347.0,999.0,563.0,1527.571428571429,1429.05,1327.2166666666667,98.62531308419472,100.39892796662842,147.97996791445215,1688.0
2018-07-10,1555.0,2792.0,1431.0,994.0,560.0,1609.0,1622.0,1612.0,1385.0,1373.0,1057.0,1367.0,997.0,562.0,1551.857142857143,1437.3,1336.2333333333331,76.00313276753232,103.74467646459264,145.02417877507816,1657.0
2018-07-11,1586.0,2793.0,1498.0,992.0,558.0,1555.0,1609.0,1622.0,1422.0,1347.0,1042.0,1431.0,994.0,560.0,1575.2857142857142,1446.4,1345.5833333333333,50.198652988976015,108.5412364035263,142.6837550487419,1689.0
2018-07-12,1632.0,3041.0,1517.0,994.0,558.0,1586.0,1555.0,1609.0,1476.0,1341.0,1090.0,1498.0,992.0,558.0,1597.571428571429,1456.35,1355.25,28.872461752019664,116.10579340913227,142.1026872681178,1718.0
2018-07-13,1666.0,3156.0,1527.0,995.0,559.0,1632.0,1586.0,1555.0,1567.0,1333.0,1156.0,1517.0,994.0,558.0,1611.7142857142858,1467.4,1364.2833333333333,34.99863942937647,125.13420164391056,144.36243133837715,1774.0
2018-07-16,1695.0,3238.0,1529.0,998.0,559.0,1666.0,1632.0,1586.0,1612.0,1323.0,1193.0,1527.0,995.0,559.0,1623.571428571429,1480.05,1372.5166666666669,47.08452379450263,134.84278369937246,148.90760321015145,1772.0
2018-07-17,1721.0,3335.0,1530.0,1003.0,561.0,1695.0,1666.0,1632.0,1622.0,1309.0,1249.0,1529.0,998.0,559.0,1637.7142857142858,1495.15,1379.85,59.70961476379454,144.22908495644955,155.03272754543136,1708.0
2018-07-18,1688.0,3230.0,1529.0,1008.0,561.0,1721.0,1695.0,1666.0,1609.0,1329.0,1340.0,1530.0,1003.0,561.0,1649.0,1510.9,1386.2166666666667,60.83310502242415,147.35345976688004,159.72137728428294,1676.0
2018-07-19,1657.0,3130.0,1538.0,1016.0,561.0,1688.0,1721.0,1695.0,1555.0,1385.0,1395.0,1529.0,1008.0,561.0,1663.571428571429,1526.4,1391.6666666666667,44.62008943239528,145.4982003867948,163.30927990766793,1703.0
2018-07-20,1689.0,3205.0,1557.0,1023.0,560.0,1657.0,1688.0,1721.0,1586.0,1422.0,1391.0,1538.0,1016.0,561.0,1678.2857142857142,1543.8,1396.8833333333334,29.038562210285395,142.94555459668496,167.73941570759996,1747.0
2018-07-23,1718.0,3304.0,1566.0,1028.0,560.0,1689.0,1657.0,1688.0,1632.0,1476.0,1387.0,1557.0,1023.0,560.0,1690.571428571429,1563.05,1402.6,23.93642372943078,138.93068131457807,172.7509425027813,1760.0
2018-07-24,1774.0,3461.0,1581.0,1030.0,559.0,1718.0,1689.0,1657.0,1666.0,1567.0,1390.0,1566.0,1028.0,560.0,1706.0,1585.6,1409.4833333333331,36.80579664494565,134.4459977678625,179.1739512380798,1756.0
2018-07-25,1772.0,3462.0,1588.0,1033.0,556.0,1774.0,1718.0,1689.0,1695.0,1612.0,1404.0,1581.0,1030.0,559.0,1717.0,1608.75,1416.6666666666667,43.81019668223055,123.74799307253588,184.92909009019567,1773.0
2018-07-26,1708.0,3303.0,1583.0,1034.0,554.0,1772.0,1774.0,1718.0,1721.0,1622.0,1433.0,1588.0,1033.0,556.0,1715.142857142857,1627.7,1423.0166666666669,43.88784407037162,106.466253610717,188.30839217883363,1773.0
2018-07-27,1676.0,3197.0,1588.0,1035.0,553.0,1708.0,1772.0,1774.0,1688.0,1609.0,1445.0,1583.0,1034.0,554.0,1713.428571428571,1642.25,1428.5166666666669,45.33525906276612,90.19328659814572,190.82323808199035,1732.0
2018-07-30,1703.0,3280.0,1587.0,1035.0,551.0,1676.0,1708.0,1772.0,1657.0,1555.0,1442.0,1588.0,1035.0,553.0,1720.0,1656.3,1433.9666666666667,38.63073042715752,74.6198082916364,193.94206427124251,1704.0
2018-07-31,1747.0,3471.0,1570.0,1035.0,549.0,1703.0,1676.0,1708.0,1689.0,1586.0,1419.0,1587.0,1035.0,551.0,1728.2857142857142,1669.85,1440.0166666666669,37.06172457635746,64.00680473698495,197.9768426508365,1694.0
2018-08-01,1760.0,3515.0,1539.0,1036.0,547.0,1747.0,1703.0,1676.0,1718.0,1632.0,1373.0,1570.0,1035.0,549.0,1734.2857142857142,1679.5,1445.4833333333331,38.49118637524384,62.20805498703633,202.234424441992,1691.0
2018-08-02,1756.0,3534.0,1491.0,1032.0,544.0,1760.0,1747.0,1703.0,1774.0,1666.0,1347.0,1539.0,1036.0,547.0,1731.7142857142858,1686.7,1450.3333333333333,35.910603288914075,62.317607548214816,206.16166658321023,1709.0
2018-08-03,1773.0,3632.0,1447.0,1030.0,543.0,1756.0,1760.0,1747.0,1772.0,1695.0,1341.0,1491.0,1032.0,544.0,1731.857142857143,1694.25,1455.6666666666667,36.09907003158385,63.20715732295779,210.32885201204715,1725.0
2018-08-06,1773.0,3654.0,1420.0,1030.0,542.0,1773.0,1756.0,1760.0,1708.0,1721.0,1333.0,1447.0,1030.0,543.0,1741.142857142857,1702.45,1460.6833333333334,37.28014919245674,62.19534167703276,214.2776190426892,1727.0
2018-08-07,1732.0,3550.0,1386.0,1032.0,541.0,1773.0,1773.0,1756.0,1676.0,1688.0,1323.0,1420.0,1030.0,542.0,1749.142857142857,1711.3,1464.95,24.93610883461587,51.84095109595699,217.11766902625573,1720.0
2018-08-08,1704.0,3483.0,1365.0,1035.0,541.0,1732.0,1773.0,1773.0,1703.0,1657.0,1309.0,1386.0,1032.0,541.0,1749.2857142857142,1717.2,1468.8833333333334,24.628670864943395,42.74723752240117,219.30059021822385,1723.0
2018-08-09,1694.0,3472.0,1349.0,1036.0,543.0,1704.0,1732.0,1773.0,1747.0,1689.0,1329.0,1365.0,1035.0,541.0,1741.7142857142858,1720.3,1473.7333333333331,32.37650529690318,38.25551215881751,221.02985967977548,1727.0
2018-08-10,1691.0,3480.0,1339.0,1039.0,542.0,1694.0,1704.0,1732.0,1760.0,1718.0,1385.0,1349.0,1036.0,543.0,1731.857142857143,1721.55,1480.1666666666667,36.16364920485564,36.76736968687497,221.6520533817952,1736.0
2018-08-13,1709.0,3536.0,1339.0,1040.0,543.0,1691.0,1694.0,1704.0,1756.0,1774.0,1422.0,1339.0,1039.0,542.0,1725.142857142857,1722.25,1487.4333333333334,35.28658182858191,36.3663739999173,221.89196994863983,1735.0
2018-08-14,1725.0,3587.0,1362.0,1042.0,543.0,1709.0,1691.0,1694.0,1773.0,1772.0,1476.0,1339.0,1040.0,543.0,1718.2857142857142,1722.45,1495.5333333333333,28.43539042414919,36.37013667986948,221.53964076296336,1709.0
2018-08-15,1727.0,3560.0,1403.0,1045.0,543.0,1725.0,1709.0,1691.0,1773.0,1708.0,1567.0,1362.0,1042.0,543.0,1711.7142857142858,1724.4,1504.3333333333333,16.4895349208868,35.45998486072603,220.04265123286004,1697.0
2018-08-16,1720.0,3476.0,1447.0,1050.0,544.0,1727.0,1725.0,1709.0,1732.0,1676.0,1612.0,1403.0,1045.0,543.0,1710.0,1727.55,1513.6333333333334,14.53730832498646,31.763061963077423,217.10100489792208,1684.0
2018-08-17,1723.0,3454.0,1485.0,1056.0,545.0,1720.0,1727.0,1725.0,1704.0,1703.0,1622.0,1447.0,1050.0,544.0,1712.7142857142858,1729.25,1523.8666666666666,14.996825060896828,30.4749681577794,212.1184883675829,1661.0
2018-08-20,1727.0,3424.0,1506.0,1062.0,543.0,1723.0,1720.0,1727.0,1694.0,1747.0,1609.0,1485.0,1056.0,545.0,1717.428571428571,1729.7,1534.7,13.2143500642831,30.36635950325339,205.4013268816668,1614.0
2018-08-21,1736.0,3426.0,1530.0,1069.0,543.0,1727.0,1723.0,1720.0,1691.0,1760.0,1555.0,1506.0,1062.0,543.0,1723.857142857143,1727.8,1546.0166666666669,8.214389233445687,28.5852372647285,197.1763807895009,1579.0
2018-08-22,1735.0,3371.0,1560.0,1078.0,548.0,1736.0,1727.0,1723.0,1709.0,1756.0,1586.0,1530.0,1069.0,543.0,1727.571428571429,1725.95,1557.5666666666666,5.94017796770973,26.70989369240856,187.1965672822635,1557.0
2018-08-23,1709.0,3232.0,1607.0,1087.0,547.0,1735.0,1736.0,1727.0,1725.0,1773.0,1632.0,1560.0,1078.0,548.0,1725.2857142857142,1726.0,1567.8833333333334,9.25048261301992,26.675437154347744,177.81337499661416,1513.0
2018-08-24,1697.0,3164.0,1630.0,1095.0,551.0,1709.0,1735.0,1736.0,1727.0,1773.0,1666.0,1607.0,1087.0,547.0,1721.0,1727.05,1576.9,14.035668847702514,24.96202378786793,170.1237535602435,1477.0
2018-08-28,1684.0,3088.0,1643.0,1110.0,554.0,1697.0,1709.0,1735.0,1720.0,1732.0,1695.0,1630.0,1095.0,551.0,1715.857142857143,1726.1,1585.0833333333333,19.85303143465088,26.253621304233107,163.0044495250799,1484.0
2018-08-29,1661.0,2994.0,1639.0,1121.0,556.0,1684.0,1697.0,1709.0,1723.0,1704.0,1721.0,1643.0,1110.0,554.0,1707.0,1721.8,1591.95,28.207563997429265,29.49326417313065,157.1806070109841,1490.0
2018-08-30,1614.0,2826.0,1608.0,1128.0,559.0,1661.0,1684.0,1697.0,1727.0,1694.0,1688.0,1639.0,1121.0,556.0,1690.857142857143,1714.5,1596.5166666666669,43.20273359960721,36.72300297327995,153.6777932047963,1482.0
2018-08-31,1579.0,2732.0,1571.0,1132.0,562.0,1614.0,1661.0,1684.0,1736.0,1691.0,1657.0,1608.0,1128.0,559.0,1668.428571428571,1705.65,1599.5833333333333,55.00259734129107,46.27978415096291,151.40744128621438,1439.0
2018-09-03,1557.0,2672.0,1540.0,1133.0,563.0,1579.0,1614.0,1661.0,1735.0,1709.0,1689.0,1571.0,1132.0,562.0,1643.0,1694.85,1602.35,60.01388728177175,54.25211613633353,149.02938226961572,1411.0
2018-09-04,1513.0,2535.0,1517.0,1135.0,564.0,1557.0,1579.0,1614.0,1709.0,1725.0,1718.0,1540.0,1133.0,563.0,1615.0,1681.85,1604.45,69.12066743506797,64.68732487904441,146.81470219178738,1382.0
2018-09-05,1477.0,2410.0,1504.0,1135.0,565.0,1513.0,1557.0,1579.0,1697.0,1727.0,1774.0,1517.0,1135.0,564.0,1583.571428571429,1669.1,1605.9,75.35661250097245,78.03568684300564,145.0801882303415,1366.0
2018-09-06,1484.0,2424.0,1516.0,1135.0,565.0,1477.0,1513.0,1557.0,1684.0,1720.0,1772.0,1504.0,1135.0,565.0,1555.0,1658.1,1607.2333333333331,68.53952630905322,87.75738085622103,143.5527856221855,1357.0
2018-09-07,1490.0,2411.0,1528.0,1134.0,568.0,1484.0,1477.0,1513.0,1661.0,1723.0,1708.0,1516.0,1135.0,565.0,1530.571428571429,1647.9,1608.1833333333334,53.2254861974521,94.92761785479458,142.56541664303091,1356.0
2018-09-10,1482.0,2363.0,1544.0,1136.0,569.0,1490.0,1484.0,1477.0,1614.0,1727.0,1676.0,1528.0,1134.0,568.0,1511.7142857142858,1637.45,1608.8,40.63542906431434,101.22797356257752,141.92619232473874,1373.0
2018-09-11,1439.0,2191.0,1556.0,1135.0,572.0,1482.0,1490.0,1484.0,1579.0,1736.0,1703.0,1544.0,1136.0,569.0,1491.7142857142858,1623.95,1608.75,36.21102173704808,108.89709048361392,141.98646688914806,1396.0
2018-09-12,1411.0,2074.0,1550.0,1134.0,576.0,1439.0,1482.0,1490.0,1557.0,1735.0,1747.0,1556.0,1135.0,572.0,1470.857142857143,1608.25,1608.6166666666666,34.338649611564165,115.96727079113198,142.17130889686726,1413.0
2018-09-13,1382.0,1980.0,1534.0,1132.0,581.0,1411.0,1439.0,1482.0,1513.0,1709.0,1760.0,1550.0,1134.0,576.0,1452.142857142857,1591.0,1608.7666666666669,42.31401884103126,122.82979237442234,141.92303556012672,1434.0
2018-09-14,1366.0,1900.0,1523.0,1134.0,588.0,1382.0,1411.0,1439.0,1477.0,1697.0,1756.0,1534.0,1132.0,581.0,1436.2857142857142,1573.3,1609.0833333333333,51.29234603630204,128.6312968383768,141.34910402631374,1450.0
2018-09-17,1357.0,1853.0,1518.0,1138.0,596.0,1366.0,1382.0,1411.0,1484.0,1684.0,1773.0,1523.0,1134.0,588.0,1418.142857142857,1555.0,1609.35,53.992062908782096,132.19841546946907,140.8489785045132,1503.0
2018-09-18,1356.0,1826.0,1525.0,1151.0,600.0,1357.0,1366.0,1382.0,1490.0,1661.0,1773.0,1518.0,1138.0,596.0,1399.0,1536.45,1609.7333333333331,47.65151274272131,132.82100143072017,140.1134971742465,1524.0
2018-09-19,1373.0,1850.0,1530.0,1159.0,604.0,1356.0,1357.0,1366.0,1482.0,1614.0,1732.0,1525.0,1151.0,600.0,1383.428571428571,1518.3,1610.5666666666666,30.85912692039116,128.86022619390184,138.5188436874177,1540.0
2018-09-20,1396.0,1838.0,1557.0,1169.0,612.0,1373.0,1356.0,1357.0,1439.0,1579.0,1704.0,1530.0,1159.0,604.0,1377.2857142857142,1501.35,1612.0166666666669,20.49157782865609,120.90591165733328,135.73597148436488,1555.0
2018-09-21,1413.0,1840.0,1586.0,1175.0,617.0,1396.0,1373.0,1356.0,1411.0,1557.0,1694.0,1557.0,1169.0,612.0,1377.571428571429,1486.55,1613.4166666666667,21.0464339249073,111.93347413345832,133.17648436830956,1570.0
2018-09-24,1434.0,1864.0,1609.0,1185.0,622.0,1413.0,1396.0,1373.0,1382.0,1513.0,1691.0,1586.0,1175.0,617.0,1385.0,1473.4,1614.2333333333331,30.09983388663625,100.80382198271252,131.89612845177444,1574.0
2018-09-25,1450.0,1868.0,1639.0,1190.0,622.0,1434.0,1413.0,1396.0,1366.0,1477.0,1709.0,1609.0,1185.0,622.0,1397.0,1461.7,1614.7,37.1752605909236,87.81685487425851,131.25241563556648,1554.0
2018-09-26,1503.0,1910.0,1677.0,1194.0,626.0,1450.0,1434.0,1413.0,1357.0,1484.0,1725.0,1639.0,1190.0,622.0,1417.857142857143,1453.8,1615.15,49.80437922993554,75.13538657514204,130.81437553823977,1536.0
2018-09-27,1524.0,1949.0,1689.0,1195.0,627.0,1503.0,1450.0,1434.0,1356.0,1490.0,1727.0,1677.0,1194.0,626.0,1441.857142857143,1449.3,1614.4333333333334,55.21300743918226,67.32489959346175,131.1998561732787,1530.0
2018-09-28,1540.0,2000.0,1695.0,1194.0,629.0,1524.0,1503.0,1450.0,1373.0,1482.0,1720.0,1689.0,1195.0,627.0,1465.7142857142858,1447.35,1613.2333333333331,56.56475429606668,63.84543424310587,131.55128750012253,1503.0
2018-10-01,1555.0,2061.0,1692.0,1193.0,630.0,1540.0,1524.0,1503.0,1396.0,1439.0,1723.0,1695.0,1194.0,629.0,1488.428571428571,1447.25,1612.1166666666666,55.82370208333231,63.66596628626978,131.7598086487048,1493.0
2018-10-02,1570.0,2148.0,1678.0,1189.0,631.0,1555.0,1540.0,1524.0,1413.0,1411.0,1727.0,1692.0,1193.0,630.0,1510.857142857143,1450.1,1611.4666666666667,51.86658709753074,67.89922873762595,131.8715947963259,1515.0
2018-10-03,1574.0,2199.0,1679.0,1190.0,633.0,1570.0,1555.0,1540.0,1434.0,1382.0,1736.0,1678.0,1189.0,631.0,1530.857142857143,1454.95,1611.7833333333333,43.62884585316283,73.18072438189718,131.7564640509569,1579.0
2018-10-04,1554.0,2148.0,1706.0,1192.0,634.0,1574.0,1570.0,1555.0,1450.0,1366.0,1735.0,1679.0,1190.0,633.0,1545.7142857142858,1458.45,1611.25,25.408097696881143,76.25267898663076,131.92725589300986,1584.0
2018-10-05,1536.0,2081.0,1727.0,1197.0,637.0,1554.0,1574.0,1570.0,1503.0,1357.0,1709.0,1706.0,1192.0,634.0,1550.428571428571,1460.75,1609.65,18.20125584371954,77.92970854360229,132.2530733999438,1578.0
2018-10-08,1530.0,2042.0,1749.0,1201.0,639.0,1536.0,1554.0,1574.0,1524.0,1356.0,1697.0,1727.0,1197.0,637.0,1551.2857142857142,1463.15,1607.3833333333334,16.839579227945315,79.3448668455839,132.4362451882043,1554.0
2018-10-09,1503.0,1961.0,1747.0,1203.0,643.0,1530.0,1536.0,1554.0,1540.0,1373.0,1684.0,1749.0,1201.0,639.0,1546.0,1466.35,1604.1833333333334,24.866309202134584,79.60975541917801,132.60282120713953,1565.0
2018-10-10,1493.0,1949.0,1749.0,1205.0,647.0,1503.0,1530.0,1536.0,1555.0,1396.0,1661.0,1747.0,1203.0,643.0,1537.142857142857,1470.45,1600.3833333333334,31.32852040041213,78.71566085071328,132.46529339719345,1576.0
2018-10-11,1515.0,2005.0,1763.0,1207.0,652.0,1493.0,1503.0,1530.0,1570.0,1413.0,1614.0,1749.0,1205.0,647.0,1529.2857142857142,1477.1,1597.5,28.482241752378968,76.43497408362572,132.40865095400667,1579.0
2018-10-12,1579.0,2169.0,1775.0,1204.0,657.0,1515.0,1493.0,1503.0,1574.0,1434.0,1579.0,1763.0,1207.0,652.0,1530.0,1487.75,1596.2,29.82169232850805,74.96516734988421,132.19731016008492,1577.0
2018-10-15,1584.0,2189.0,1779.0,1200.0,661.0,1579.0,1515.0,1493.0,1554.0,1450.0,1557.0,1775.0,1204.0,657.0,1534.2857142857142,1499.1,1594.45,35.46695309591188,71.21790135696864,131.64183882343775,1546.0
2018-10-16,1578.0,2164.0,1793.0,1196.0,663.0,1584.0,1579.0,1515.0,1536.0,1503.0,1513.0,1779.0,1200.0,661.0,1540.2857142857142,1510.2,1592.1166666666666,39.16509621981794,64.74695684786559,130.6518327940019,1516.0
2018-10-17,1554.0,2106.0,1796.0,1192.0,665.0,1578.0,1584.0,1579.0,1530.0,1524.0,1477.0,1793.0,1196.0,663.0,1543.7142857142858,1519.25,1588.45,39.16509621981783,56.711527650274206,128.5307356238286,1519.0
2018-10-18,1565.0,2176.0,1789.0,1181.0,668.0,1554.0,1578.0,1584.0,1503.0,1540.0,1484.0,1796.0,1192.0,665.0,1552.571428571429,1527.7,1585.0,35.23661515557148,49.51459115098187,126.2788144664553,1522.0
2018-10-19,1576.0,2230.0,1775.0,1170.0,670.0,1565.0,1554.0,1578.0,1493.0,1555.0,1490.0,1789.0,1181.0,668.0,1564.428571428571,1535.85,1582.8,24.033706489466336,42.5691697186253,125.24522386780885,1513.0
2018-10-22,1579.0,2296.0,1756.0,1163.0,671.0,1576.0,1565.0,1554.0,1515.0,1570.0,1482.0,1775.0,1170.0,670.0,1573.571428571429,1543.1,1581.1833333333334,10.406042200974218,36.17777741866126,124.64641403215784,1490.0
2018-10-23,1577.0,2363.0,1715.0,1156.0,673.0,1579.0,1576.0,1565.0,1579.0,1574.0,1439.0,1756.0,1163.0,671.0,1573.2857142857142,1549.45,1579.0833333333333,10.25856204547392,29.50731399084324,123.61645050785476,1470.0
2018-10-24,1546.0,2388.0,1669.0,1144.0,675.0,1577.0,1579.0,1576.0,1584.0,1554.0,1411.0,1715.0,1156.0,673.0,1567.857142857143,1551.6,1575.7333333333331,13.259318376609109,27.43873558553977,121.6974390308582,1457.0
2018-10-25,1516.0,2353.0,1622.0,1132.0,676.0,1546.0,1577.0,1579.0,1578.0,1536.0,1382.0,1669.0,1144.0,675.0,1559.0,1551.2,1571.6666666666667,22.700954458703325,27.91641660020719,119.49238209414833,1428.0
2018-10-26,1519.0,2526.0,1583.0,1117.0,675.0,1516.0,1546.0,1577.0,1554.0,1530.0,1366.0,1622.0,1132.0,676.0,1554.0,1550.15,1567.7166666666667,27.36177382169276,28.742550522407758,117.19071688617971,1395.0
2018-10-29,1522.0,2607.0,1556.0,1106.0,675.0,1519.0,1516.0,1546.0,1565.0,1503.0,1357.0,1583.0,1117.0,675.0,1547.857142857143,1548.5,1563.5333333333333,29.24282573804525,29.38940016591193,114.1798264509305,1304.0
2018-10-30,1513.0,2630.0,1530.0,1087.0,675.0,1522.0,1519.0,1516.0,1576.0,1493.0,1356.0,1556.0,1106.0,675.0,1538.857142857143,1545.65,1559.2,28.829548334056703,29.953077339600583,110.98446982517868,1231.0
2018-10-31,1490.0,2596.0,1524.0,1073.0,671.0,1513.0,1522.0,1519.0,1579.0,1515.0,1373.0,1530.0,1087.0,675.0,1526.142857142857,1541.45,1555.1666666666667,27.781460073445015,31.611914809159416,108.9773987867708,1147.0
2018-11-01,1470.0,2530.0,1526.0,1061.0,668.0,1490.0,1513.0,1522.0,1577.0,1579.0,1396.0,1524.0,1073.0,671.0,1510.857142857143,1537.25,1551.2666666666669,24.36136676131157,35.229884144698865,107.74087977710464,1125.0
2018-11-02,1457.0,2502.0,1530.0,1051.0,666.0,1470.0,1490.0,1513.0,1546.0,1584.0,1413.0,1526.0,1061.0,668.0,1498.142857142857,1533.3,1547.3166666666666,26.12424526142672,39.542249223975546,106.75927168353496,1064.0
2018-11-05,1428.0,2397.0,1531.0,1041.0,665.0,1457.0,1470.0,1490.0,1516.0,1578.0,1434.0,1530.0,1051.0,666.0,1485.571428571429,1528.2,1542.9333333333334,35.56616905087486,46.034998127928105,106.15736107655415,1009.0
2018-11-06,1395.0,2296.0,1528.0,1033.0,663.0,1428.0,1457.0,1470.0,1519.0,1554.0,1450.0,1531.0,1041.0,665.0,1467.857142857143,1522.8,1537.7,45.60492872281039,54.67088130956587,105.57001050794494,1020.0
2018-11-07,1304.0,1968.0,1511.0,1021.0,660.0,1395.0,1428.0,1457.0,1522.0,1565.0,1503.0,1528.0,1033.0,663.0,1436.7142857142858,1513.35,1530.6833333333334,70.24650474276028,73.2653971603194,106.89270585486844,1031.0
2018-11-08,1231.0,1747.0,1496.0,1013.0,658.0,1304.0,1395.0,1428.0,1513.0,1576.0,1524.0,1511.0,1021.0,660.0,1396.428571428571,1499.15,1522.4166666666667,95.52112705725928,96.70207911554851,110.56914266981678,1023.0
2018-11-09,1147.0,1461.0,1495.0,1003.0,656.0,1231.0,1304.0,1395.0,1490.0,1579.0,1540.0,1496.0,1013.0,658.0,1347.428571428571,1477.55,1512.8666666666666,123.4218472595347,122.68422238030118,117.72799253360571,1003.0
2018-11-12,1125.0,1398.0,1496.0,994.0,654.0,1147.0,1231.0,1304.0,1470.0,1577.0,1555.0,1495.0,1003.0,656.0,1298.142857142857,1454.6,1502.9,134.68782247780692,142.9764058563,124.7409111529111,1008.0
2018-11-13,1064.0,1153.0,1498.0,986.0,653.0,1125.0,1147.0,1231.0,1457.0,1546.0,1570.0,1496.0,994.0,654.0,1242.0,1428.9,1491.85,139.26473590493248,164.24208704805568,133.60348937391493,1018.0
2018-11-14,1009.0,940.0,1484.0,982.0,652.0,1064.0,1125.0,1147.0,1428.0,1516.0,1574.0,1498.0,986.0,653.0,1182.142857142857,1401.65,1479.7333333333331,136.002976157927,186.14489969971453,143.67275276478256,1093.0
2018-11-15,1020.0,1007.0,1466.0,970.0,649.0,1009.0,1064.0,1125.0,1395.0,1519.0,1554.0,1484.0,982.0,652.0,1128.571428571429,1374.4,1467.8166666666666,109.44840054087918,200.3248414582408,151.5760693588035,1217.0
2018-11-16,1031.0,1057.0,1453.0,969.0,646.0,1020.0,1009.0,1064.0,1304.0,1522.0,1536.0,1466.0,970.0,649.0,1089.571428571429,1347.15,1456.5166666666669,81.62078400111625,208.36462852667356,158.4095198802954,1339.0
2018-11-19,1023.0,1050.0,1437.0,964.0,645.0,1031.0,1020.0,1009.0,1231.0,1513.0,1530.0,1453.0,969.0,646.0,1059.857142857143,1319.35,1445.2833333333333,55.107254729428654,212.8457002273456,164.83449240681094,1330.0
2018-11-20,1003.0,1002.0,1416.0,963.0,644.0,1023.0,1031.0,1020.0,1147.0,1490.0,1503.0,1437.0,964.0,645.0,1039.2857142857142,1290.65,1433.9333333333334,42.61734500461988,214.96420142605757,171.43233746201213,1281.0
2018-11-21,1008.0,1056.0,1393.0,959.0,642.0,1003.0,1023.0,1031.0,1125.0,1470.0,1493.0,1416.0,963.0,644.0,1022.5714285714286,1263.75,1423.05,20.71116561078012,214.9905444677324,177.39675201965915,1231.0
2018-11-22,1018.0,1089.0,1378.0,956.0,638.0,1008.0,1003.0,1023.0,1064.0,1457.0,1515.0,1393.0,959.0,642.0,1016.0,1238.85,1413.1166666666666,9.79795897137814,213.06788515451157,183.11754969323863,1203.0
2018-11-23,1093.0,1358.0,1376.0,952.0,635.0,1018.0,1008.0,1003.0,1009.0,1428.0,1579.0,1378.0,956.0,638.0,1028.0,1217.55,1405.0166666666669,30.13303834671766,204.71738542376505,186.37537224251824,1237.0
2018-11-26,1217.0,1789.0,1389.0,947.0,633.0,1093.0,1018.0,1008.0,1020.0,1395.0,1584.0,1376.0,952.0,635.0,1056.142857142857,1202.3,1399.35,76.98577481466404,191.79679488020972,186.84424992174596,1296.0
2018-11-27,1339.0,2170.0,1416.0,943.0,631.0,1217.0,1093.0,1018.0,1031.0,1304.0,1578.0,1389.0,947.0,633.0,1100.142857142857,1193.6,1396.45,129.990292677879,180.5798846406973,186.4001914053163,1339.0
2018-11-28,1330.0,2121.0,1444.0,942.0,629.0,1339.0,1217.0,1093.0,1023.0,1231.0,1554.0,1416.0,943.0,631.0,1144.0,1185.6,1394.0,149.89107155977504,169.9914548936137,186.2895504588915,1372.0
2018-11-29,1281.0,1950.0,1455.0,945.0,628.0,1330.0,1339.0,1217.0,1003.0,1147.0,1565.0,1444.0,942.0,629.0,1183.7142857142858,1176.15,1390.6166666666666,142.97518932286425,158.19317804176237,186.4706176397352,1385.0
2018-11-30,1231.0,1755.0,1463.0,944.0,626.0,1281.0,1330.0,1339.0,1008.0,1125.0,1576.0,1455.0,945.0,628.0,1215.571428571429,1164.85,1386.3,120.35206291386552,144.56004944223753,187.1276460927405,1364.0
2018-12-03,1203.0,1638.0,1469.0,945.0,626.0,1231.0,1281.0,1330.0,1018.0,1064.0,1579.0,1463.0,944.0,626.0,1242.0,1153.6,1381.65,84.79583323098626,131.13488435478226,188.1728222059599,1353.0
2018-12-04,1237.0,1739.0,1474.0,949.0,625.0,1203.0,1231.0,1281.0,1093.0,1009.0,1577.0,1469.0,945.0,626.0,1262.571428571429,1145.7,1378.2833333333333,54.777906564808326,120.12366434989968,188.9348458826674,1365.0
2018-12-05,1296.0,1925.0,1472.0,950.0,625.0,1237.0,1203.0,1231.0,1217.0,1020.0,1546.0,1474.0,949.0,625.0,1273.857142857143,1145.3,1376.3666666666666,51.88586375060781,119.58089092195902,189.18047760630952,1401.0
2018-12-06,1339.0,2080.0,1473.0,951.0,625.0,1296.0,1237.0,1203.0,1339.0,1031.0,1516.0,1472.0,950.0,625.0,1273.857142857143,1150.7,1375.65,51.88586375060781,125.92483137927962,189.24021368245977,1406.0
2018-12-07,1372.0,2197.0,1469.0,953.0,625.0,1339.0,1296.0,1237.0,1330.0,1023.0,1519.0,1473.0,951.0,625.0,1279.857142857143,1161.95,1375.75,61.07489547389021,135.2800117495289,189.2366131664764,1395.0
2018-12-10,1385.0,2244.0,1464.0,955.0,624.0,1372.0,1339.0,1296.0,1281.0,1003.0,1522.0,1469.0,953.0,625.0,1294.7142857142858,1174.95,1376.2166666666667,72.90339334975062,143.76862808366084,189.2241153215303,1378.0
2018-12-11,1364.0,2183.0,1454.0,958.0,623.0,1385.0,1372.0,1339.0,1231.0,1008.0,1513.0,1464.0,955.0,624.0,1313.7142857142858,1189.95,1376.35,70.83246498069738,147.19284700871754,189.21244673648383,1318.0
2018-12-12,1353.0,2153.0,1445.0,963.0,622.0,1364.0,1385.0,1372.0,1203.0,1018.0,1490.0,1454.0,958.0,623.0,1335.142857142857,1207.15,1376.0166666666669,51.92118569344375,145.01806602520145,189.23606382799792,1279.0
2018-12-13,1365.0,2180.0,1459.0,968.0,621.0,1353.0,1364.0,1385.0,1237.0,1093.0,1470.0,1445.0,963.0,622.0,1353.428571428571,1224.4,1375.5,29.136787416526523,142.07388737445652,189.22289788699604,1271.0
2018-12-14,1401.0,2383.0,1478.0,974.0,617.0,1365.0,1353.0,1364.0,1296.0,1217.0,1457.0,1459.0,968.0,621.0,1368.428571428571,1242.9,1375.3,20.34581974155391,139.6336937170189,189.18892897700013,1282.0
2018-12-17,1406.0,2433.0,1490.0,978.0,614.0,1401.0,1365.0,1353.0,1339.0,1339.0,1428.0,1478.0,974.0,617.0,1378.0,1262.05,1374.8333333333333,19.949937343344967,134.03945805543665,189.07618110141155,1267.0
2018-12-18,1395.0,2393.0,1494.0,977.0,611.0,1406.0,1401.0,1365.0,1372.0,1330.0,1395.0,1490.0,978.0,614.0,1381.2857142857142,1281.65,1373.9166666666667,20.67780038047584,122.31334867120454,188.83876107309803,1260.0
2018-12-19,1378.0,2264.0,1492.0,979.0,607.0,1395.0,1406.0,1401.0,1385.0,1281.0,1304.0,1494.0,977.0,611.0,1380.2857142857142,1300.15,1371.8333333333333,20.63746016127332,105.582232855451,188.07852369011505,1247.0
2018-12-20,1318.0,2071.0,1473.0,979.0,602.0,1378.0,1395.0,1406.0,1364.0,1231.0,1231.0,1492.0,979.0,607.0,1373.7142857142858,1315.15,1368.4,31.271468815969747,82.08293302960573,187.1315317350297,1262.0
2018-12-21,1279.0,1913.0,1437.0,977.0,597.0,1318.0,1378.0,1395.0,1353.0,1203.0,1147.0,1473.0,979.0,602.0,1363.142857142857,1324.45,1364.05,47.656509074273394,64.17121423853565,186.1057130791125,1238.0
2018-12-24,1271.0,1905.0,1421.0,975.0,596.0,1279.0,1318.0,1378.0,1365.0,1237.0,1125.0,1437.0,977.0,597.0,1349.7142857142858,1327.15,1359.3166666666666,58.95115007564812,60.43985701336016,184.77365830189916,1189.0
2019-01-02,1282.0,1987.0,1391.0,967.0,588.0,1271.0,1279.0,1318.0,1401.0,1296.0,1064.0,1421.0,975.0,596.0,1332.7142857142858,1324.3,1354.5166666666669,58.85494679216277,61.19090059637469,182.93950946775,1169.0
2019-01-03,1267.0,1963.0,1365.0,958.0,578.0,1282.0,1271.0,1279.0,1406.0,1339.0,1009.0,1391.0,967.0,588.0,1312.857142857143,1321.15,1349.4,53.18342025932333,62.48980969562473,180.97946320426036,1147.0
2019-01-04,1260.0,2003.0,1331.0,946.0,571.0,1267.0,1282.0,1271.0,1395.0,1372.0,1020.0,1365.0,958.0,578.0,1293.571428571429,1320.1,1344.5,41.660761486352165,63.37017395726744,179.31843657282613,1096.0
2019-01-07,1247.0,2016.0,1300.0,933.0,563.0,1260.0,1267.0,1282.0,1378.0,1385.0,1031.0,1331.0,946.0,571.0,1274.857142857143,1320.9,1339.6833333333334,22.371325183813628,62.27773108808319,177.9636690848214,1055.0
2019-01-08,1262.0,2117.0,1257.0,918.0,556.0,1247.0,1260.0,1267.0,1318.0,1364.0,1023.0,1300.0,933.0,563.0,1266.857142857143,1323.85,1335.2166666666667,11.964232409420628,57.62243258356972,176.46290162446363,1077.0
2019-01-09,1238.0,2078.0,1218.0,893.0,546.0,1262.0,1247.0,1260.0,1279.0,1353.0,1003.0,1257.0,918.0,556.0,1261.0,1323.9,1330.8,14.742229591792745,57.54348470144018,175.50602867623272,1112.0
2019-01-10,1189.0,1987.0,1170.0,870.0,536.0,1238.0,1262.0,1247.0,1271.0,1365.0,1008.0,1218.0,893.0,546.0,1249.2857142857142,1318.55,1325.7333333333331,30.07609397137985,64.79154834427108,175.13180185964708,1092.0
2019-01-11,1169.0,1966.0,1137.0,842.0,524.0,1189.0,1238.0,1262.0,1282.0,1401.0,1018.0,1170.0,870.0,536.0,1233.142857142857,1310.05,1319.9666666666667,38.68431452772685,72.64294438159105,174.4893728653576,1036.0
2019-01-14,1147.0,1952.0,1118.0,814.0,511.0,1169.0,1189.0,1238.0,1267.0,1406.0,1093.0,1137.0,842.0,524.0,1216.0,1298.8,1312.7666666666669,46.8970503692643,79.63046230131798,172.52141765018828,982.0
2019-01-15,1096.0,1831.0,1104.0,785.0,499.0,1147.0,1169.0,1189.0,1260.0,1395.0,1217.0,1118.0,814.0,511.0,1192.571428571429,1284.35,1304.6333333333334,60.30162281638691,88.85249455968842,171.01421951651983,939.0
2019-01-16,1055.0,1748.0,1079.0,755.0,483.0,1096.0,1147.0,1169.0,1247.0,1378.0,1339.0,1104.0,785.0,499.0,1165.142857142857,1268.9,1295.9166666666667,73.61482769895657,100.3897142980685,170.17112938699273,905.0
2019-01-17,1077.0,1868.0,1045.0,729.0,466.0,1055.0,1096.0,1147.0,1262.0,1318.0,1330.0,1079.0,755.0,483.0,1138.7142857142858,1255.1,1287.9666666666667,65.8450562197023,106.97461577897016,169.04817953961629,852.0
2019-01-18,1112.0,2037.0,1018.0,701.0,451.0,1077.0,1055.0,1096.0,1238.0,1279.0,1281.0,1045.0,729.0,466.0,1120.7142857142858,1242.45,1280.4166666666667,49.33124191195508,108.24605255963124,166.56329704023256,797.0
2019-01-21,1092.0,2024.0,991.0,680.0,442.0,1112.0,1077.0,1055.0,1189.0,1271.0,1231.0,1018.0,701.0,451.0,1106.857142857143,1227.0,1272.35,39.62082184677634,106.46224930143704,163.7010322695329,721.0
2019-01-22,1036.0,1892.0,950.0,660.0,432.0,1092.0,1112.0,1077.0,1169.0,1282.0,1203.0,991.0,680.0,442.0,1087.857142857143,1208.5,1263.3,36.63071830873746,105.8661021241116,161.4550680005431,668.0
2019-01-23,982.0,1775.0,893.0,638.0,423.0,1036.0,1092.0,1112.0,1147.0,1267.0,1237.0,950.0,660.0,432.0,1064.2857142857142,1187.85,1253.3833333333334,44.47738858389453,107.83431491732853,160.12803051996062,645.0
2019-01-24,939.0,1726.0,828.0,607.0,409.0,982.0,1036.0,1092.0,1096.0,1260.0,1296.0,893.0,638.0,423.0,1041.857142857143,1165.9,1243.2666666666669,61.96619662214456,111.702094406247,160.50184714782154,634.0
2019-01-25,905.0,1730.0,748.0,576.0,395.0,939.0,982.0,1036.0,1055.0,1247.0,1339.0,828.0,607.0,409.0,1020.4285714285714,1145.25,1233.0833333333333,79.98095011286892,119.97274909878894,162.27767494427724,629.0
2019-01-28,852.0,1631.0,687.0,552.0,384.0,905.0,939.0,982.0,1077.0,1262.0,1372.0,748.0,576.0,395.0,988.2857142857144,1123.9,1221.9666666666667,96.8825995483352,132.280762017782,165.1794059748433,629.0
2019-01-29,797.0,1508.0,644.0,526.0,368.0,852.0,905.0,939.0,1112.0,1238.0,1385.0,687.0,552.0,384.0,943.2857142857144,1100.2,1209.8833333333334,102.81652637219015,146.26169768784746,169.32499006318372,610.0
2019-01-30,721.0,1295.0,612.0,498.0,347.0,797.0,852.0,905.0,1092.0,1189.0,1364.0,644.0,526.0,368.0,890.2857142857143,1072.15,1196.6833333333334,108.82664239626024,162.4585048234734,176.03249812318964,601.0
2019-01-31,668.0,1116.0,574.0,472.0,328.0,721.0,797.0,852.0,1036.0,1169.0,1353.0,612.0,498.0,347.0,837.7142857142857,1042.2,1182.9833333333331,115.39167255588131,179.01678839237533,184.59616864993924,595.0
2019-02-01,645.0,1014.0,560.0,450.0,311.0,668.0,721.0,797.0,982.0,1147.0,1365.0,574.0,472.0,328.0,789.5714285714286,1011.45,1169.2333333333331,115.46118704695344,191.98587530283064,193.3720719031099,598.0
2019-02-04,634.0,984.0,552.0,438.0,301.0,645.0,668.0,721.0,939.0,1096.0,1401.0,560.0,450.0,311.0,746.0,980.8,1155.5166666666669,106.90494219947324,201.11651506423672,201.62681517814403,608.0
2019-02-05,629.0,972.0,553.0,423.0,294.0,634.0,645.0,668.0,905.0,1055.0,1406.0,552.0,438.0,301.0,706.5714285714286,949.15,1142.2,87.65245222444497,204.3171618625885,209.5548793458143,628.0
2019-02-06,629.0,929.0,553.0,415.0,294.0,629.0,634.0,645.0,852.0,1077.0,1395.0,553.0,423.0,294.0,674.7142857142857,918.7,1129.4333333333334,63.06270499995326,204.3838236466506,217.0904963738191,639.0
2019-02-07,610.0,846.0,561.0,414.0,290.0,629.0,629.0,634.0,797.0,1112.0,1378.0,553.0,415.0,294.0,648.0,889.75,1117.8666666666666,36.74234614183592,205.0871124283886,225.9398049929188,643.0
2019-02-08,601.0,792.0,574.0,415.0,290.0,610.0,629.0,629.0,721.0,1092.0,1318.0,561.0,414.0,290.0,630.8571428571429,861.35,1107.3666666666666,22.07131299106192,203.704965962783,235.0483517994292,635.0
2019-02-11,595.0,736.0,586.0,429.0,292.0,601.0,610.0,629.0,668.0,1036.0,1279.0,574.0,415.0,290.0,620.4285714285714,833.75,1098.1666666666667,18.56391789535963,200.3325853096441,244.09939394497965,622.0
2019-02-12,598.0,711.0,600.0,454.0,296.0,595.0,601.0,610.0,645.0,982.0,1271.0,586.0,429.0,292.0,613.7142857142857,808.85,1089.3833333333334,16.590301240325037,196.9414219614912,252.45587576654324,630.0
2019-02-13,608.0,707.0,611.0,478.0,302.0,598.0,595.0,601.0,634.0,939.0,1282.0,600.0,454.0,296.0,610.0,786.5,1081.7833333333333,14.000000000237554,192.8584154789625,259.98449051962194,634.0
2019-02-14,628.0,729.0,619.0,526.0,311.0,608.0,598.0,595.0,629.0,905.0,1267.0,611.0,478.0,302.0,609.8571428571429,764.05,1075.4333333333334,13.777137722189476,183.15149754406863,266.3668533526362,637.0
2019-02-15,639.0,727.0,624.0,560.0,315.0,628.0,608.0,598.0,629.0,852.0,1260.0,619.0,526.0,311.0,611.2857142857143,740.4,1069.0833333333333,16.367796489185956,165.54961094552235,272.18851217162944,649.0
2019-02-18,643.0,713.0,628.0,594.0,322.0,639.0,628.0,608.0,610.0,797.0,1247.0,624.0,560.0,315.0,616.0,717.95,1062.6166666666666,20.23198787415511,144.46105831131183,277.662646894103,651.0
2019-02-19,635.0,650.0,639.0,625.0,335.0,643.0,639.0,628.0,601.0,721.0,1262.0,628.0,594.0,322.0,620.8571428571429,697.9,1056.15,20.11159343470317,124.43467954588584,283.0665505387589,658.0
2019-02-20,622.0,578.0,649.0,649.0,345.0,635.0,643.0,639.0,595.0,668.0,1238.0,639.0,625.0,335.0,624.7142857142857,679.9,1049.8,16.610381148888504,105.82105053742904,288.5003774635724,664.0
2019-02-21,630.0,570.0,657.0,686.0,353.0,622.0,635.0,643.0,598.0,645.0,1189.0,649.0,649.0,345.0,629.2857142857143,664.45,1043.5,11.714866420265524,86.8595205823311,293.51230736765524,669.0
2019-02-22,634.0,545.0,666.0,707.0,359.0,630.0,622.0,635.0,608.0,634.0,1169.0,657.0,686.0,353.0,633.0,650.9,1037.1,7.023769169034994,65.98955260216907,298.22643541388965,663.0
2019-02-25,637.0,520.0,685.0,721.0,366.0,634.0,630.0,622.0,628.0,629.0,1147.0,666.0,707.0,359.0,634.2857142857143,640.15,1029.5,6.775305300228869,45.98543819861453,302.55664828878383,664.0
2019-02-26,649.0,522.0,713.0,729.0,372.0,637.0,634.0,630.0,639.0,629.0,1096.0,685.0,721.0,366.0,635.7142857142857,632.75,1020.0333333333332,8.712333895765425,27.6821717280584,305.4626369932733,657.0
2019-02-27,651.0,500.0,752.0,738.0,382.0,649.0,637.0,634.0,643.0,610.0,1055.0,713.0,729.0,372.0,636.8571428571429,629.25,1008.5666666666668,10.221359522232198,19.001038752840884,306.19852686308246,649.0
2019-02-28,658.0,459.0,813.0,749.0,388.0,651.0,649.0,637.0,635.0,601.0,1077.0,752.0,738.0,382.0,640.1428571428571,628.75,997.3666666666668,12.87670469553629,18.034688796947616,306.5318833012982,645.0
2019-03-01,664.0,383.0,863.0,759.0,393.0,658.0,651.0,649.0,622.0,595.0,1112.0,813.0,749.0,388.0,646.1428571428571,629.7,987.0833333333334,12.798809468697511,19.38556163753717,307.2040834202427,647.0
2019-03-04,669.0,355.0,900.0,767.0,397.0,664.0,658.0,651.0,630.0,598.0,1092.0,863.0,759.0,393.0,651.7142857142857,631.45,977.7166666666668,13.08579746307306,21.28126183443829,308.20706729031826,654.0
2019-03-05,663.0,299.0,924.0,776.0,407.0,669.0,664.0,658.0,634.0,608.0,1036.0,900.0,767.0,397.0,655.8571428571429,633.15,968.7166666666668,10.96096971756212,22.40365336754917,309.3990397839405,677.0
2019-03-06,664.0,270.0,938.0,783.0,413.0,663.0,669.0,664.0,637.0,628.0,982.0,924.0,776.0,407.0,659.7142857142857,634.9,959.1666666666666,7.387247699777538,23.40692655025636,309.8206789537461,730.0
2019-03-07,657.0,236.0,926.0,790.0,418.0,664.0,663.0,669.0,649.0,639.0,939.0,938.0,783.0,413.0,660.8571428571429,637.25,948.5166666666668,5.92814112089887,23.13319556059858,309.0275886793727,721.0
2019-03-08,649.0,235.0,894.0,790.0,421.0,657.0,664.0,663.0,651.0,643.0,905.0,926.0,790.0,418.0,660.5714285714286,639.65,937.0166666666668,6.502746672918327,21.61450536348376,307.0825810461038,712.0
2019-03-11,645.0,250.0,866.0,790.0,424.0,649.0,657.0,664.0,658.0,635.0,852.0,894.0,790.0,421.0,658.7142857142857,642.15,924.9,8.807464367107725,18.899387347426934,303.9552096798831,709.0
2019-03-12,647.0,278.0,839.0,789.0,429.0,645.0,649.0,657.0,664.0,622.0,797.0,866.0,790.0,424.0,656.2857142857143,644.6,912.6,9.428932172373267,15.796068798169866,299.9264429596984,695.0
2019-03-13,654.0,327.0,823.0,789.0,430.0,647.0,645.0,649.0,669.0,630.0,721.0,839.0,789.0,429.0,654.1428571428571,646.9,900.7666666666668,7.581305328414951,13.345214005213604,295.79272212698817,690.0
2019-03-14,677.0,403.0,841.0,786.0,434.0,654.0,647.0,645.0,663.0,634.0,668.0,823.0,789.0,430.0,656.1428571428571,649.35,889.5,11.260973484383069,14.165469505761084,291.11262308950285,689.0
2019-03-15,730.0,520.0,883.0,786.0,437.0,677.0,654.0,647.0,664.0,637.0,645.0,841.0,786.0,434.0,665.5714285714286,653.9,878.9166666666666,30.363668766451767,22.706131794198534,285.01164363174183,683.0
2019-03-18,721.0,476.0,905.0,787.0,440.0,730.0,677.0,654.0,657.0,649.0,634.0,883.0,786.0,437.0,674.7142857142857,657.8,867.5833333333334,36.390082374796535,27.02357645119219,277.31541680097365,690.0
2019-03-19,712.0,421.0,922.0,789.0,443.0,721.0,730.0,677.0,649.0,651.0,629.0,905.0,787.0,440.0,683.7142857142857,661.65,856.0166666666667,36.7591906228149,29.015921219452093,268.8208080416692,692.0
2019-03-20,709.0,399.0,962.0,796.0,446.0,712.0,721.0,730.0,645.0,658.0,629.0,922.0,789.0,443.0,692.8571428571429,666.0,844.5833333333334,33.323808162971154,29.279056642892115,259.95047061923015,689.0
2019-03-21,695.0,288.0,1009.0,813.0,449.0,709.0,712.0,721.0,647.0,664.0,610.0,962.0,796.0,446.0,699.7142857142857,669.25,833.2,26.568868284348287,28.67398417423046,250.9962387455737,685.0
2019-03-22,690.0,251.0,1027.0,826.0,455.0,695.0,709.0,712.0,654.0,669.0,601.0,1009.0,813.0,449.0,704.8571428571429,672.05,822.7333333333333,18.50611224656484,27.77063007459182,243.4167011433248,674.0
2019-03-25,689.0,230.0,1036.0,830.0,458.0,690.0,695.0,709.0,677.0,663.0,595.0,1027.0,826.0,455.0,706.5714285714286,674.65,812.9,15.86250445627384,26.73116651328353,236.4910647970283,672.0
2019-03-26,683.0,190.0,1053.0,833.0,463.0,689.0,690.0,695.0,730.0,664.0,598.0,1036.0,830.0,458.0,699.8571428571429,676.35,803.1,14.147185485076015,26.087454133374152,229.25854696379605,699.0
2019-03-27,690.0,178.0,1056.0,831.0,466.0,683.0,689.0,690.0,721.0,657.0,608.0,1053.0,833.0,463.0,695.4285714285714,678.3,793.2333333333333,10.906529281063182,25.54480068640738,220.88476684916003,711.0
2019-03-28,692.0,167.0,1087.0,823.0,467.0,690.0,683.0,689.0,712.0,649.0,628.0,1056.0,831.0,466.0,692.5714285714286,680.0,783.65,8.100558476140236,25.252409994480537,212.28768655865576,714.0
2019-03-29,689.0,150.0,1102.0,813.0,464.0,692.0,690.0,683.0,709.0,645.0,639.0,1087.0,823.0,467.0,689.7142857142857,681.25,774.1333333333333,3.6384193332307113,25.036552226124357,203.1745068309708,725.0
2019-04-01,685.0,122.0,1110.0,807.0,461.0,689.0,692.0,690.0,695.0,647.0,643.0,1102.0,813.0,464.0,688.2857142857143,682.05,764.7666666666667,3.1471831708846563,24.879657723210105,193.74064147259293,734.0
2019-04-02,674.0,92.0,1120.0,795.0,455.0,685.0,689.0,692.0,690.0,654.0,635.0,1110.0,807.0,461.0,686.0,682.6,754.9666666666667,6.110100927127168,24.555843982385312,182.7207711947621,728.0
2019-04-03,672.0,104.0,1127.0,775.0,448.0,674.0,685.0,689.0,689.0,677.0,622.0,1120.0,795.0,455.0,683.5714285714286,683.0,745.5333333333333,7.8497801004489665,24.300747227040453,171.63465995303878,726.0
2019-04-04,699.0,210.0,1124.0,757.0,437.0,672.0,674.0,685.0,683.0,730.0,630.0,1127.0,775.0,448.0,685.8571428571429,685.1,737.3666666666667,9.754120008960538,23.744029720573405,161.53657996468462,738.0
2019-04-05,711.0,276.0,1114.0,742.0,432.0,699.0,672.0,674.0,690.0,721.0,634.0,1124.0,757.0,437.0,688.8571428571429,688.2,729.7333333333333,13.680016708659076,22.81181595953049,151.2905910421185,749.0
2019-04-08,714.0,312.0,1101.0,733.0,425.0,711.0,699.0,672.0,692.0,712.0,637.0,1114.0,742.0,432.0,692.0,691.65,722.5166666666667,16.713268182484647,21.08697527666965,141.02848512211924,767.0
2019-04-09,725.0,375.0,1085.0,726.0,419.0,714.0,711.0,699.0,689.0,709.0,649.0,1101.0,733.0,425.0,697.1428571428571,695.55,716.3333333333334,20.69966643408748,19.55148399275353,132.23472538970535,790.0
2019-04-10,734.0,428.0,1074.0,718.0,411.0,725.0,714.0,711.0,685.0,695.0,651.0,1085.0,726.0,419.0,704.1428571428571,699.55,710.9833333333333,23.94040219271855,18.771408830367868,124.57214799672528,821.0
2019-04-11,728.0,423.0,1071.0,715.0,406.0,734.0,725.0,714.0,674.0,690.0,658.0,1074.0,718.0,411.0,711.8571428571429,702.1,705.1666666666666,21.14575269762437,19.009415949470505,114.96988060509004,850.0
2019-04-12,726.0,418.0,1073.0,711.0,403.0,728.0,734.0,725.0,672.0,689.0,664.0,1071.0,715.0,406.0,719.5714285714286,701.9,698.7333333333333,12.094863136551425,18.71925549585052,101.87261348641348,869.0
2019-04-15,738.0,445.0,1092.0,714.0,399.0,726.0,728.0,734.0,699.0,683.0,669.0,1073.0,711.0,403.0,725.1428571428571,702.75,692.8333333333334,9.805246409398814,19.97597240905572,88.01948294867634,889.0
2019-04-16,749.0,459.0,1119.0,718.0,397.0,738.0,726.0,728.0,711.0,690.0,663.0,1092.0,714.0,399.0,730.5714285714286,704.6,688.05,11.103410029889965,22.439157503721884,76.03710624060523,913.0
2019-04-17,767.0,463.0,1147.0,726.0,394.0,749.0,738.0,726.0,714.0,692.0,664.0,1119.0,718.0,397.0,738.1428571428571,707.5,684.4666666666667,15.22529224073013,26.430644096797742,66.40565288049439,1011.0
2019-04-18,790.0,490.0,1162.0,732.0,390.0,767.0,749.0,738.0,725.0,689.0,657.0,1147.0,726.0,394.0,747.4285714285714,712.25,681.9833333333333,23.46527322715677,32.0129496824584,59.11106801271154,1031.0
2019-04-23,821.0,572.0,1171.0,751.0,391.0,790.0,767.0,749.0,734.0,685.0,649.0,1162.0,732.0,390.0,759.8571428571429,718.8,680.5833333333334,35.24877573026062,39.6996619368221,54.55903090349814,1032.0
2019-04-24,850.0,648.0,1177.0,773.0,392.0,821.0,790.0,767.0,728.0,674.0,645.0,1171.0,751.0,391.0,777.2857142857143,726.85,680.55,45.53282437147997,48.65266260905596,54.45303527691527,985.0
2019-04-25,869.0,691.0,1182.0,781.0,391.0,850.0,821.0,790.0,726.0,672.0,647.0,1177.0,773.0,392.0,797.7142857142857,736.15,681.75,50.49658168540339,56.90645602078391,57.75595207440957,936.0
2019-04-26,889.0,783.0,1186.0,780.0,389.0,869.0,850.0,821.0,738.0,699.0,654.0,1182.0,781.0,391.0,819.2857142857143,746.1,684.55,52.92987274287733,65.20485936043326,63.47972450909224,940.0
2019-04-29,913.0,884.0,1189.0,777.0,386.0,889.0,869.0,850.0,749.0,711.0,677.0,1186.0,780.0,389.0,842.7142857142857,757.15,688.6333333333333,52.92987274287637,73.72371967086761,69.94742981607295,974.0
2019-04-30,1011.0,1276.0,1188.0,768.0,384.0,913.0,889.0,869.0,767.0,714.0,730.0,1189.0,777.0,386.0,877.5714285714286,773.25,694.7333333333333,71.7538782758434,91.15624238810678,81.14119659785617,1013.0
2019-05-01,1031.0,1389.0,1187.0,763.0,386.0,1011.0,913.0,889.0,790.0,725.0,721.0,1188.0,768.0,384.0,912.0,790.55,701.35,80.06872048437737,105.2668163838088,91.61541299544608,1026.0
2019-05-02,1032.0,1420.0,1189.0,755.0,384.0,1031.0,1011.0,913.0,821.0,734.0,712.0,1187.0,763.0,386.0,942.1428571428572,808.45,708.0666666666667,79.81735101977978,114.44303340413737,100.557575491464,1043.0
2019-05-03,985.0,1290.0,1190.0,752.0,382.0,1032.0,1031.0,1011.0,850.0,728.0,709.0,1189.0,755.0,384.0,961.4285714285714,824.1,714.0,69.48346840045845,116.18945508817892,106.15993690376148,1032.0
2019-05-07,936.0,1119.0,1189.0,761.0,382.0,985.0,1032.0,1031.0,869.0,726.0,695.0,1190.0,752.0,382.0,971.0,835.95,719.4333333333333,58.3523778436242,114.83694389966288,109.05003775553656,1032.0
2019-05-08,940.0,1159.0,1188.0,770.0,382.0,936.0,985.0,1032.0,889.0,738.0,690.0,1189.0,761.0,382.0,978.2857142857144,847.4,725.0833333333334,48.81159112932582,113.1265709399672,111.56290186915577,1040.0
2019-05-09,974.0,1270.0,1193.0,776.0,382.0,940.0,936.0,985.0,913.0,749.0,689.0,1188.0,770.0,382.0,987.0,860.4,731.4,39.83298465683534,111.92262364783288,114.75651453028304,1041.0
2019-05-10,1013.0,1371.0,1198.0,779.0,382.0,974.0,940.0,936.0,1011.0,767.0,683.0,1193.0,776.0,382.0,987.2857142857144,874.8,738.3166666666667,40.04045573221048,112.11206799215536,119.00768977679118,1049.0
2019-05-13,1026.0,1405.0,1211.0,782.0,382.0,1013.0,974.0,940.0,1031.0,790.0,690.0,1198.0,779.0,382.0,986.5714285714286,889.4,745.2833333333333,39.165704142238994,111.82382760868404,123.40330623091378,1059.0
2019-05-14,1043.0,1462.0,1229.0,783.0,381.0,1026.0,1013.0,974.0,1032.0,821.0,692.0,1211.0,782.0,382.0,988.1428571428572,905.15,752.2,41.44646575782468,110.06422766062757,128.25316595036224,1068.0
2019-05-15,1032.0,1417.0,1243.0,784.0,381.0,1043.0,1026.0,1013.0,985.0,850.0,689.0,1229.0,783.0,381.0,994.8571428571428,920.45,758.75,44.54371849259824,105.00199246231875,132.34413602046328,1066.0
2019-05-16,1032.0,1428.0,1252.0,783.0,383.0,1032.0,1043.0,1026.0,936.0,869.0,685.0,1243.0,784.0,381.0,1008.5714285714286,935.15,765.2333333333333,37.64685530413711,98.49300001845748,136.05387351044013,1082.0
2019-05-17,1040.0,1463.0,1255.0,780.0,385.0,1032.0,1032.0,1043.0,940.0,889.0,674.0,1252.0,783.0,383.0,1022.8571428571428,949.7,771.9833333333333,23.667337348077844,90.73506836710548,139.48640559084,1107.0
2019-05-20,1041.0,1470.0,1256.0,778.0,386.0,1040.0,1032.0,1032.0,974.0,913.0,672.0,1255.0,780.0,385.0,1032.428571428571,963.4,778.9666666666667,10.501700542794897,81.95852609707194,142.31023244976595,1097.0
2019-05-21,1049.0,1501.0,1258.0,777.0,388.0,1041.0,1040.0,1032.0,1013.0,1011.0,699.0,1256.0,778.0,386.0,1037.571428571429,976.35,785.95,7.892129895694629,73.1014255747254,145.12886442108908,1096.0
2019-05-22,1059.0,1537.0,1268.0,778.0,389.0,1049.0,1041.0,1040.0,1026.0,1031.0,711.0,1258.0,777.0,388.0,1042.2857142857142,988.25,793.0333333333333,9.51690225736346,65.45297629036975,147.93138201656149,1103.0
2019-05-23,1068.0,1558.0,1287.0,779.0,391.0,1059.0,1049.0,1041.0,1043.0,1032.0,714.0,1268.0,778.0,389.0,1045.857142857143,999.15,800.2166666666667,13.63119671247862,59.05775496120077,150.66531454076843,1122.0
2019-05-24,1066.0,1545.0,1304.0,778.0,393.0,1068.0,1059.0,1049.0,1032.0,985.0,725.0,1287.0,779.0,391.0,1050.7142857142858,1009.0,807.1666666666666,13.924969009283386,52.24335767403625,153.1686969244465,1141.0
2019-05-28,1082.0,1585.0,1322.0,771.0,394.0,1066.0,1068.0,1059.0,1032.0,936.0,734.0,1304.0,778.0,393.0,1057.857142857143,1018.65,814.35,15.4642444738682,46.41038336638932,155.8045086487323,1138.0
2019-05-29,1107.0,1659.0,1337.0,763.0,395.0,1082.0,1066.0,1068.0,1040.0,940.0,728.0,1322.0,771.0,394.0,1067.428571428571,1028.35,821.8333333333334,21.94582073251548,43.3386602664291,158.91935559251243,1138.0
2019-05-30,1097.0,1623.0,1340.0,756.0,397.0,1107.0,1082.0,1066.0,1041.0,974.0,726.0,1337.0,763.0,395.0,1075.428571428571,1032.65,829.05,20.887453513780308,45.72719448855621,161.44195840060212,1125.0
2019-05-31,1096.0,1620.0,1335.0,752.0,398.0,1097.0,1107.0,1082.0,1049.0,1013.0,738.0,1340.0,756.0,397.0,1082.142857142857,1035.9,836.1666666666666,18.37959531148904,47.86373201193207,163.66327219839172,1105.0
2019-06-03,1103.0,1650.0,1325.0,748.0,401.0,1096.0,1097.0,1107.0,1059.0,1026.0,749.0,1335.0,752.0,398.0,1088.428571428571,1039.45,843.5,16.58168812144705,50.138203734168776,165.61856319445087,1080.0
2019-06-04,1122.0,1739.0,1304.0,739.0,403.0,1103.0,1096.0,1097.0,1068.0,1043.0,767.0,1325.0,748.0,401.0,1096.142857142857,1046.3,851.1333333333333,17.994708216974438,51.64361681659771,167.7461224050761,1062.0
2019-06-05,1141.0,1806.0,1285.0,731.0,405.0,1122.0,1103.0,1096.0,1066.0,1032.0,790.0,1304.0,739.0,403.0,1106.857142857143,1056.55,859.2,19.334154334079415,48.86875549021867,169.8762061730439,1085.0
2019-06-06,1138.0,1826.0,1246.0,726.0,408.0,1141.0,1122.0,1103.0,1082.0,1032.0,821.0,1285.0,731.0,405.0,1114.857142857143,1066.45,867.35,18.915853769099783,43.80876504470045,171.3445161665716,1093.0
2019-06-07,1138.0,1862.0,1213.0,719.0,412.0,1138.0,1141.0,1122.0,1107.0,1040.0,850.0,1246.0,726.0,408.0,1119.2857142857142,1074.65,875.5666666666667,20.34464946636304,40.84151010153005,172.31911338030832,1135.0
2019-06-10,1125.0,1848.0,1187.0,717.0,411.0,1138.0,1138.0,1141.0,1097.0,1041.0,869.0,1213.0,719.0,412.0,1123.2857142857142,1080.25,883.5333333333333,17.829883956693873,39.60312986042676,172.6220979497763,1179.0
2019-06-11,1105.0,1798.0,1166.0,714.0,414.0,1125.0,1138.0,1138.0,1096.0,1049.0,889.0,1187.0,717.0,411.0,1124.571428571429,1084.2,891.05,15.73591584952874,37.80643220133942,172.2767211322668,1194.0
2019-06-12,1080.0,1746.0,1149.0,712.0,416.0,1105.0,1125.0,1138.0,1103.0,1059.0,913.0,1166.0,714.0,414.0,1121.2857142857142,1086.05,897.7666666666667,22.103651928490056,36.56929255399597,171.64482116505943,1239.0
2019-06-13,1062.0,1718.0,1137.0,710.0,419.0,1080.0,1105.0,1125.0,1122.0,1068.0,1011.0,1149.0,712.0,416.0,1112.7142857142858,1087.55,903.3,31.441555759470152,34.80846085901294,171.49613821816973,1258.0
2019-06-14,1085.0,1800.0,1131.0,716.0,420.0,1062.0,1080.0,1105.0,1141.0,1066.0,1031.0,1137.0,710.0,419.0,1104.7142857142858,1090.2,909.3666666666668,30.14251861699511,32.28263342817091,171.37618119284437,1280.0
2019-06-17,1093.0,1826.0,1125.0,720.0,422.0,1085.0,1062.0,1080.0,1138.0,1082.0,1032.0,1131.0,716.0,420.0,1098.2857142857142,1092.85,915.7166666666668,26.430501860084277,30.04255753365435,170.99738244276253,1317.0
2019-06-18,1135.0,1956.0,1117.0,728.0,428.0,1093.0,1085.0,1062.0,1138.0,1107.0,985.0,1125.0,720.0,422.0,1097.857142857143,1097.55,922.8166666666668,25.69324536035394,28.832501762764064,171.11275811206164,1340.0
2019-06-19,1179.0,2051.0,1110.0,736.0,432.0,1135.0,1093.0,1085.0,1125.0,1097.0,936.0,1117.0,728.0,428.0,1105.571428571429,1104.05,930.8833333333332,39.56369186881053,31.811078838153023,171.5986736611798,1354.0
2019-06-20,1194.0,2080.0,1101.0,743.0,437.0,1179.0,1135.0,1093.0,1105.0,1096.0,940.0,1110.0,736.0,432.0,1118.2857142857142,1110.8,939.2833333333332,51.76779657189588,35.81913631455814,171.94264826912877,1381.0
2019-06-21,1239.0,2278.0,1096.0,751.0,440.0,1194.0,1179.0,1135.0,1080.0,1103.0,974.0,1101.0,743.0,437.0,1141.0,1119.35,948.45,65.28654787425738,44.437152545150006,173.03075312047727,1446.0
2019-06-24,1258.0,2363.0,1111.0,756.0,442.0,1239.0,1194.0,1179.0,1062.0,1122.0,1013.0,1096.0,751.0,440.0,1169.0,1128.95,958.0333333333332,67.7421582177915,52.34146489518232,174.00009416197798,1549.0
2019-06-25,1280.0,2389.0,1150.0,765.0,442.0,1258.0,1239.0,1194.0,1085.0,1141.0,1026.0,1111.0,756.0,442.0,1196.857142857143,1138.85,967.8666666666668,67.53623366125089,61.00239425849104,175.2627535113408,1700.0
2019-06-26,1317.0,2440.0,1191.0,774.0,442.0,1280.0,1258.0,1239.0,1093.0,1138.0,1043.0,1150.0,765.0,442.0,1228.857142857143,1149.35,978.2833333333332,63.04344684802951,72.2650639914577,177.15195925160373,1740.0
2019-06-27,1340.0,2465.0,1243.0,783.0,443.0,1317.0,1280.0,1258.0,1135.0,1138.0,1032.0,1191.0,774.0,442.0,1258.142857142857,1161.5,989.1333333333332,59.70323433852008,82.67787841347092,179.05954569352,1725.0
2019-06-28,1354.0,2488.0,1286.0,787.0,442.0,1340.0,1317.0,1280.0,1179.0,1125.0,1032.0,1243.0,783.0,443.0,1283.142857142857,1174.4,1000.2833333333332,57.643816006693314,91.56958814852,180.6226604837852,1759.0
2019-07-01,1381.0,2557.0,1317.0,792.0,441.0,1354.0,1340.0,1317.0,1194.0,1105.0,1040.0,1286.0,787.0,442.0,1309.857142857143,1188.3,1012.0666666666668,52.55292117297991,100.79583324724004,182.0319274162765,1777.0
2019-07-02,1446.0,2717.0,1370.0,796.0,439.0,1381.0,1354.0,1340.0,1239.0,1080.0,1041.0,1317.0,792.0,441.0,1339.428571428571,1204.5,1024.9666666666667,63.19772449191673,114.6622041155544,184.9264596542101,1816.0
2019-07-03,1549.0,2939.0,1433.0,803.0,440.0,1446.0,1381.0,1354.0,1258.0,1062.0,1049.0,1370.0,796.0,439.0,1381.0,1224.9,1039.1333333333334,90.51335076479262,136.9067681230563,191.95625090082612,1865.0
2019-07-04,1700.0,3298.0,1569.0,814.0,443.0,1549.0,1446.0,1381.0,1280.0,1085.0,1059.0,1433.0,803.0,440.0,1441.0,1253.0,1055.6166666666666,138.7539789219402,171.4492406086094,205.30077907065825,1928.0
2019-07-05,1740.0,3346.0,1665.0,820.0,448.0,1700.0,1549.0,1446.0,1317.0,1093.0,1068.0,1569.0,814.0,443.0,1501.428571428571,1283.1,1072.7166666666667,165.31773159874834,200.56837658069716,218.6588622091776,2011.0
2019-07-08,1725.0,3260.0,1695.0,829.0,454.0,1740.0,1700.0,1549.0,1340.0,1135.0,1066.0,1665.0,820.0,448.0,1556.428571428571,1313.1,1089.3833333333334,166.69818749551234,219.64155009087355,229.54598458601035,2064.0
2019-07-09,1759.0,3343.0,1739.0,835.0,458.0,1725.0,1740.0,1700.0,1354.0,1179.0,1082.0,1695.0,829.0,454.0,1614.2857142857142,1345.8,1106.4666666666667,154.57222075319538,235.16413081305296,240.52798326697,2130.0
2019-07-10,1777.0,3361.0,1791.0,845.0,463.0,1759.0,1725.0,1740.0,1381.0,1194.0,1107.0,1739.0,835.0,458.0,1670.857142857143,1380.65,1123.95,124.503585720034,245.13525267751544,250.47097500917369,2170.0
2019-07-11,1816.0,3416.0,1881.0,860.0,468.0,1777.0,1759.0,1725.0,1446.0,1239.0,1097.0,1791.0,845.0,463.0,1723.7142857142858,1418.35,1142.1166666666666,85.59149935541289,251.44849320854644,260.44857598857226,2191.0
2019-07-12,1865.0,3541.0,1945.0,879.0,472.0,1816.0,1777.0,1759.0,1549.0,1258.0,1096.0,1881.0,860.0,468.0,1768.857142857143,1457.35,1160.9,56.46069007559426,257.4423338597682,271.2261986745917,2165.0
2019-07-15,1928.0,3724.0,1992.0,888.0,472.0,1865.0,1816.0,1777.0,1700.0,1280.0,1103.0,1945.0,879.0,472.0,1801.428571428571,1499.1,1180.55,73.35497516157372,262.8941952473341,283.3177784032148,2014.0
2019-07-16,2011.0,3968.0,2052.0,905.0,477.0,1928.0,1865.0,1816.0,1740.0,1317.0,1122.0,1992.0,888.0,472.0,1840.142857142857,1542.9,1201.2833333333333,101.60450871136985,271.8608196544045,297.6945364054577,1947.0
2019-07-17,2064.0,4095.0,2085.0,928.0,481.0,2011.0,1928.0,1865.0,1725.0,1340.0,1141.0,2052.0,905.0,477.0,1888.571428571429,1587.15,1222.5166666666669,117.17345709511854,281.3705694780959,312.90803824045565,1937.0
2019-07-18,2130.0,4256.0,2134.0,953.0,486.0,2064.0,2011.0,1928.0,1759.0,1354.0,1138.0,2085.0,928.0,481.0,1941.571428571429,1633.95,1244.3333333333333,131.79132134156174,290.23882634099215,329.6255536965048,1922.0
2019-07-19,2170.0,4379.0,2170.0,982.0,492.0,2130.0,2064.0,2011.0,1777.0,1381.0,1138.0,2134.0,953.0,486.0,1997.7142857142856,1680.5,1266.3333333333333,133.69457017859915,298.1132776576662,346.47981165865207,1899.0
2019-07-22,2191.0,4438.0,2201.0,1002.0,497.0,2170.0,2130.0,2064.0,1816.0,1446.0,1125.0,2170.0,982.0,492.0,2051.285714285714,1727.15,1288.3666666666666,123.48780545155158,301.49963341167745,362.45055614487126,1868.0
2019-07-23,2165.0,4315.0,2219.0,1017.0,503.0,2191.0,2170.0,2130.0,1865.0,1549.0,1105.0,2201.0,1002.0,497.0,2094.1428571428573,1771.4,1309.6333333333334,97.35404215445595,297.3343678685616,375.8089564545008,1812.0
2019-07-24,2014.0,3808.0,2209.0,1019.0,506.0,2165.0,2191.0,2170.0,1928.0,1700.0,1080.0,2219.0,1017.0,503.0,2106.428571428572,1806.25,1327.9833333333331,75.97117247759894,281.7082991136069,382.9263101949985,1788.0
2019-07-25,1947.0,3609.0,2180.0,1012.0,512.0,2014.0,2165.0,2191.0,2011.0,1740.0,1062.0,2209.0,1019.0,506.0,2097.285714285714,1836.6,1343.5833333333333,91.61097875567911,260.7510205864015,388.8144209707378,1774.0
2019-07-26,1937.0,3647.0,2109.0,1005.0,515.0,1947.0,2014.0,2165.0,2064.0,1725.0,1085.0,2180.0,1012.0,512.0,2079.1428571428573,1865.75,1358.6833333333334,110.02640375751466,235.3064910639953,394.0269495931177,1734.0
2019-07-29,1922.0,3660.0,2050.0,996.0,516.0,1937.0,1947.0,2014.0,2130.0,1759.0,1093.0,2109.0,1005.0,515.0,2049.428571428572,1892.8,1373.5166666666669,121.49191625078558,205.90764409012343,398.24996373612703,1712.0
2019-07-30,1899.0,3664.0,1969.0,988.0,516.0,1922.0,1937.0,1947.0,2170.0,1777.0,1135.0,2050.0,996.0,516.0,2010.7142857142856,1915.45,1388.75,119.8342108716888,177.06807343953105,400.6106197345183,1720.0
2019-07-31,1868.0,3657.0,1891.0,982.0,516.0,1899.0,1922.0,1937.0,2191.0,1816.0,1179.0,1969.0,988.0,516.0,1964.571428571429,1931.4,1404.2833333333333,99.26539703049328,155.3581261744275,400.8267765534965,1748.0
2019-08-01,1812.0,3534.0,1818.0,974.0,517.0,1868.0,1899.0,1922.0,2165.0,1865.0,1194.0,1891.0,982.0,516.0,1914.142857142857,1937.0,1418.8166666666666,63.80550804707553,148.44279422694467,399.51379313355534,1774.0
2019-08-02,1788.0,3492.0,1779.0,968.0,517.0,1812.0,1868.0,1899.0,2014.0,1928.0,1239.0,1818.0,974.0,517.0,1881.857142857143,1939.4,1432.3833333333334,62.00921590494048,145.44791073387893,397.9706186100204,1864.0
2019-08-05,1774.0,3480.0,1753.0,959.0,519.0,1788.0,1812.0,1868.0,1947.0,2011.0,1258.0,1779.0,968.0,517.0,1857.142857142857,1941.85,1445.0666666666666,66.06165950947343,142.0186329510022,396.502158357211,1950.0
2019-08-06,1734.0,3302.0,1759.0,956.0,519.0,1774.0,1788.0,1812.0,1937.0,2064.0,1280.0,1753.0,959.0,519.0,1828.142857142857,1940.6,1456.8666666666666,69.6238191316666,143.8114262351841,394.34852805852665,2047.0
2019-08-07,1712.0,3171.0,1791.0,955.0,520.0,1734.0,1774.0,1788.0,1922.0,2130.0,1317.0,1759.0,956.0,519.0,1798.142857142857,1937.35,1468.0166666666669,67.65704834294147,148.3655780053123,391.89852939841234,2088.0
2019-08-08,1720.0,3181.0,1839.0,959.0,521.0,1712.0,1734.0,1774.0,1899.0,2170.0,1340.0,1791.0,955.0,520.0,1772.571428571429,1932.55,1479.4833333333331,56.00850275587972,153.9461542912356,388.9790849532641,2067.0
2019-08-09,1748.0,3222.0,1898.0,970.0,523.0,1720.0,1712.0,1734.0,1868.0,2191.0,1354.0,1839.0,959.0,521.0,1755.428571428571,1926.7,1491.4166666666667,37.10730899641519,158.79483618810863,385.98969388484426,2059.0
2019-08-12,1774.0,3266.0,1932.0,975.0,524.0,1748.0,1720.0,1712.0,1812.0,2165.0,1381.0,1898.0,970.0,523.0,1750.0,1919.0,1503.65,29.439202887811643,162.42083091708926,383.06063709929794,2061.0
2019-08-13,1864.0,3454.0,1999.0,992.0,530.0,1774.0,1748.0,1720.0,1788.0,2014.0,1446.0,1932.0,975.0,524.0,1760.857142857143,1911.65,1517.3666666666666,51.521608966328266,161.36107761300195,380.9424070829196,2118.0
2019-08-14,1950.0,3588.0,2089.0,1022.0,539.0,1864.0,1774.0,1748.0,1774.0,1947.0,1549.0,1999.0,992.0,530.0,1786.0,1905.95,1532.3833333333334,88.60398787114296,157.66736304140187,379.9238144710912,2168.0
2019-08-15,2047.0,3767.0,2150.0,1070.0,550.0,1950.0,1864.0,1774.0,1734.0,1937.0,1700.0,2089.0,1022.0,539.0,1830.7142857142856,1901.8,1548.85,128.1440781382723,152.46625165834237,380.46923860599776,2213.0
2019-08-16,2088.0,3826.0,2169.0,1118.0,560.0,2047.0,1950.0,1864.0,1712.0,1922.0,1740.0,2150.0,1070.0,550.0,1884.4285714285716,1897.7,1565.85,147.4402219464614,145.8326726802357,381.4063994290438,2267.0
2019-08-19,2067.0,3728.0,2174.0,1141.0,569.0,2088.0,2047.0,1950.0,1720.0,1899.0,1725.0,2169.0,1118.0,560.0,1934.0,1891.5,1582.5333333333333,141.14177269682645,134.93565718132282,381.06409740053823,2277.0
2019-08-20,2059.0,3665.0,2161.0,1161.0,579.0,2067.0,2088.0,2047.0,1748.0,1868.0,1759.0,2174.0,1141.0,569.0,1978.4285714285716,1886.2,1598.8166666666666,120.2342950837581,125.37044056885634,380.18637230129485,2378.0
2019-08-21,2061.0,3671.0,2163.0,1188.0,591.0,2059.0,2067.0,2088.0,1774.0,1812.0,1777.0,2161.0,1161.0,579.0,2019.4285714285716,1888.55,1614.7166666666667,81.6473252120858,128.29836730309424,379.2168599049373,2442.0
2019-08-22,2118.0,3829.0,2181.0,1220.0,609.0,2061.0,2059.0,2067.0,1864.0,1788.0,1816.0,2163.0,1188.0,591.0,2055.714285714286,1897.1,1631.7333333333331,52.18465382888319,137.74839764091527,378.4985890606545,2501.0
2019-08-23,2168.0,3991.0,2196.0,1249.0,619.0,2118.0,2061.0,2059.0,1950.0,1774.0,1865.0,2181.0,1220.0,609.0,2086.8571428571427,1908.65,1649.6,42.784064679251465,150.37576617473894,378.0823244583096,2518.0
2019-08-27,2213.0,4082.0,2218.0,1286.0,632.0,2168.0,2118.0,2061.0,2047.0,1734.0,1928.0,2196.0,1249.0,619.0,2110.5714285714284,1923.2,1668.1,59.67930166834363,165.0934663503895,378.0400256810788,2499.0
2019-08-28,2267.0,4213.0,2235.0,1310.0,643.0,2213.0,2168.0,2118.0,2088.0,1712.0,2011.0,2218.0,1286.0,632.0,2136.1428571428573,1941.6,1687.1833333333334,82.41445781624058,181.905527823208,378.9044641302796,2462.0
2019-08-29,2277.0,4206.0,2249.0,1328.0,656.0,2267.0,2213.0,2168.0,2067.0,1720.0,2064.0,2235.0,1310.0,643.0,2166.1428571428573,1962.05,1706.1166666666666,90.84130589739904,195.66552422036295,379.5315172668416,2422.0
2019-08-30,2378.0,4467.0,2260.0,1336.0,665.0,2277.0,2267.0,2213.0,2059.0,1748.0,2130.0,2249.0,1328.0,656.0,2211.714285714286,1990.35,1726.7833333333333,106.75472555617048,212.9858594268596,381.8254589121143,2393.0
2019-09-02,2442.0,4659.0,2262.0,1346.0,671.0,2378.0,2277.0,2267.0,2061.0,1774.0,2170.0,2260.0,1336.0,665.0,2266.1428571428573,2023.05,1748.5166666666669,113.9874679828646,229.8229238257101,384.8437715892949,2366.0
2019-09-03,2501.0,4862.0,2261.0,1350.0,677.0,2442.0,2378.0,2277.0,2118.0,1864.0,2191.0,2262.0,1346.0,671.0,2320.8571428571427,2059.4,1771.45,122.62059176097256,245.3286517478745,388.0433500595304,2331.0
2019-09-04,2518.0,5043.0,2250.0,1351.0,682.0,2501.0,2442.0,2378.0,2168.0,1950.0,2165.0,2261.0,1350.0,677.0,2370.8571428571427,2098.6,1795.0,121.25376773724442,253.1104190082568,389.78451239331457,2312.0
2019-09-05,2499.0,5036.0,2234.0,1348.0,688.0,2518.0,2501.0,2442.0,2213.0,2047.0,2014.0,2250.0,1351.0,682.0,2411.714285714286,2137.95,1818.65,106.48272831108692,251.011107953012,388.71403915640445,2311.0
2019-09-06,2462.0,4949.0,2216.0,1338.0,689.0,2499.0,2518.0,2501.0,2267.0,2088.0,1947.0,2234.0,1348.0,688.0,2439.5714285714284,2175.05,1841.9833333333331,85.8154165304054,240.6048245130523,384.5210752931897,2283.0
2019-09-09,2422.0,4844.0,2191.0,1330.0,690.0,2462.0,2499.0,2518.0,2277.0,2067.0,1937.0,2216.0,1338.0,689.0,2460.285714285714,2208.75,1864.2666666666669,50.102276347879865,224.2909001603638,378.6043445571007,2266.0
2019-09-10,2393.0,4794.0,2161.0,1319.0,691.0,2422.0,2462.0,2499.0,2378.0,2059.0,1922.0,2191.0,1330.0,690.0,2462.428571428572,2239.7,1885.9333333333332,46.16223977401444,202.82273826645843,370.8367481592243,2192.0
2019-09-11,2366.0,4726.0,2144.0,1311.0,692.0,2393.0,2422.0,2462.0,2442.0,2061.0,1899.0,2161.0,1319.0,691.0,2451.5714285714284,2264.8,1906.45,58.93741636363335,184.07738647247243,362.5470361068028,2131.0
2019-09-12,2331.0,4612.0,2129.0,1305.0,691.0,2366.0,2393.0,2422.0,2501.0,2118.0,1868.0,2144.0,1311.0,692.0,2427.285714285714,2283.85,1925.65,69.29096690939843,168.87094885867958,353.7671754230119,2108.0
2019-09-13,2312.0,4547.0,2133.0,1299.0,691.0,2331.0,2366.0,2393.0,2518.0,2168.0,1812.0,2129.0,1305.0,691.0,2397.8571428571427,2297.1,1944.2833333333333,68.07698723120365,159.44208649970116,343.8822271624228,2116.0
2019-09-16,2311.0,4538.0,2133.0,1294.0,691.0,2312.0,2331.0,2366.0,2499.0,2213.0,1788.0,2133.0,1299.0,691.0,2371.0,2308.25,1962.15,57.8388566046618,151.65711845791205,334.33332727804634,2053.0
2019-09-17,2283.0,4456.0,2121.0,1292.0,691.0,2311.0,2312.0,2331.0,2462.0,2267.0,1774.0,2133.0,1294.0,691.0,2345.428571428572,2319.05,1979.2333333333331,49.92947407046972,140.8808660573268,323.7637434641443,1963.0
2019-09-18,2266.0,4394.0,2089.0,1292.0,691.0,2283.0,2311.0,2312.0,2422.0,2277.0,1734.0,2121.0,1292.0,691.0,2323.1428571428573,2329.4,1995.6666666666667,44.58485756185483,127.76351509520842,312.4983886964029,1857.0
2019-09-19,2192.0,4136.0,2052.0,1296.0,691.0,2266.0,2283.0,2311.0,2393.0,2378.0,1712.0,2089.0,1292.0,691.0,2294.428571428572,2335.95,2010.25,55.48830850687185,116.1054307629125,300.4758161677736,1823.0
2019-09-20,2131.0,3952.0,2013.0,1300.0,692.0,2192.0,2266.0,2283.0,2366.0,2442.0,1720.0,2052.0,1296.0,691.0,2260.8571428571427,2336.6,2023.4333333333332,73.2243779339298,114.85065817930877,287.6489955358141,1809.0
2019-09-23,2108.0,3903.0,1978.0,1298.0,692.0,2131.0,2192.0,2266.0,2331.0,2501.0,1748.0,2013.0,1300.0,692.0,2229.0,2333.6,2036.0,85.15867542418393,120.14789132350002,274.05647073648265,1803.0
2019-09-24,2116.0,3982.0,1939.0,1294.0,690.0,2108.0,2131.0,2192.0,2312.0,2518.0,1774.0,1978.0,1298.0,692.0,2201.0,2328.75,2048.25,85.54141297251796,127.03289047789066,260.36744732610606,1757.0
2019-09-25,2053.0,3829.0,1900.0,1282.0,692.0,2116.0,2108.0,2131.0,2311.0,2499.0,1864.0,1939.0,1294.0,690.0,2164.1428571428573,2318.05,2058.366666666667,85.82817830105533,140.77696993176028,248.0724994265692,1767.0
2019-09-26,1963.0,3601.0,1846.0,1272.0,691.0,2053.0,2116.0,2108.0,2283.0,2462.0,1950.0,1900.0,1282.0,692.0,2118.428571428572,2302.35,2065.266666666667,96.52436159309188,161.56969328894417,239.26588760570328,1770.0
2019-09-27,1857.0,3338.0,1804.0,1260.0,690.0,1963.0,2053.0,2116.0,2266.0,2422.0,2047.0,1846.0,1272.0,691.0,2060.0,2276.3,2067.883333333333,114.43484317870548,188.4887543762904,236.04029329013028,1801.0
2019-09-30,1823.0,3269.0,1766.0,1248.0,688.0,1857.0,1963.0,2053.0,2192.0,2393.0,2088.0,1804.0,1260.0,690.0,2007.2857142857144,2245.35,2069.266666666667,127.71415255133763,209.497965069904,234.32310495151307,1873.0
2019-10-01,1809.0,3232.0,1745.0,1231.0,684.0,1823.0,1857.0,1963.0,2131.0,2366.0,2067.0,1766.0,1248.0,688.0,1961.2857142857144,2210.75,2070.6666666666665,133.58232703183333,221.8344273504551,232.4750153637054,1929.0
2019-10-02,1803.0,3231.0,1725.0,1217.0,679.0,1809.0,1823.0,1857.0,2108.0,2331.0,2059.0,1745.0,1231.0,684.0,1917.7142857142856,2175.0,2071.4,127.34822899660988,227.2601106546117,231.5427404993721,1924.0
2019-10-03,1757.0,3013.0,1722.0,1204.0,673.0,1803.0,1809.0,1823.0,2116.0,2312.0,2061.0,1725.0,1217.0,679.0,1866.4285714285716,2137.9,2071.0666666666666,104.4076260670356,232.09750673281349,231.98771640965225,1916.0
2019-10-04,1767.0,3021.0,1731.0,1199.0,670.0,1757.0,1803.0,1809.0,2053.0,2311.0,2118.0,1722.0,1204.0,673.0,1825.571428571429,2103.15,2070.25,69.27928296121856,233.0451221274065,232.98495077607285,1898.0
2019-10-07,1770.0,3003.0,1748.0,1196.0,667.0,1767.0,1757.0,1803.0,1963.0,2283.0,2168.0,1731.0,1199.0,670.0,1798.0,2070.55,2068.6666666666665,35.77242886173928,231.69387130437727,234.71978725933397,1897.0
2019-10-08,1801.0,3031.0,1804.0,1199.0,664.0,1770.0,1767.0,1757.0,1857.0,2266.0,2213.0,1748.0,1196.0,667.0,1790.0,2040.95,2066.55,25.026652459625133,226.07857856112733,236.5750982640346,1861.0
2019-10-09,1873.0,3208.0,1852.0,1204.0,662.0,1801.0,1770.0,1767.0,1823.0,2192.0,2267.0,1804.0,1199.0,664.0,1797.142857142857,2016.3,2064.25,39.159624493574015,215.39635436490903,237.7920060380223,1855.0
2019-10-10,1929.0,3319.0,1899.0,1211.0,660.0,1873.0,1801.0,1770.0,1809.0,2131.0,2277.0,1852.0,1204.0,662.0,1814.2857142857144,1996.2,2062.0,63.75660563350519,202.8768358544785,238.4322381797048,1846.0
2019-10-11,1924.0,3290.0,1916.0,1218.0,658.0,1929.0,1873.0,1801.0,1803.0,2108.0,2378.0,1899.0,1211.0,660.0,1831.571428571429,1976.8,2058.5666666666666,75.50685872347805,189.1778889939829,238.91913153287476,1806.0
2019-10-14,1916.0,3254.0,1928.0,1223.0,656.0,1924.0,1929.0,1873.0,1757.0,2116.0,2442.0,1916.0,1218.0,658.0,1854.2857142857144,1957.05,2054.333333333333,73.21592332664395,172.319004969543,239.1613643381476,1779.0
2019-10-15,1898.0,3204.0,1918.0,1227.0,656.0,1916.0,1924.0,1929.0,1767.0,2053.0,2501.0,1928.0,1223.0,656.0,1873.0,1937.8,2049.45,63.25082344656278,154.5818127792348,239.31480048005275,1785.0
2019-10-16,1897.0,3194.0,1888.0,1226.0,655.0,1898.0,1916.0,1924.0,1770.0,1963.0,2518.0,1918.0,1227.0,656.0,1891.142857142857,1919.35,2044.9833333333331,44.09621514912347,133.99853691270647,239.6224071796977,1801.0
2019-10-17,1861.0,3081.0,1861.0,1224.0,653.0,1897.0,1898.0,1916.0,1801.0,1857.0,2499.0,1888.0,1226.0,655.0,1899.7142857142856,1902.8,2042.4333333333332,25.61063767082652,118.04218692800436,240.7690620551816,1803.0
2019-10-18,1855.0,3064.0,1840.0,1222.0,651.0,1861.0,1897.0,1898.0,1873.0,1823.0,2462.0,1861.0,1224.0,653.0,1897.142857142857,1889.0,2040.9,29.36794494815371,105.41796511235697,241.67836168856456,1802.0
2019-10-21,1846.0,3047.0,1819.0,1221.0,649.0,1855.0,1861.0,1897.0,1929.0,1809.0,2422.0,1840.0,1222.0,651.0,1885.2857142857144,1875.9,2039.3833333333332,31.068281176139923,92.22449725938264,242.62512701672324,1782.0
2019-10-22,1806.0,2944.0,1795.0,1217.0,646.0,1846.0,1855.0,1861.0,1924.0,1803.0,2393.0,1819.0,1221.0,649.0,1868.4285714285716,1860.4,2037.45,37.83674203232408,73.99672823498813,244.0344116467813,1731.0
2019-10-23,1779.0,2873.0,1770.0,1210.0,642.0,1806.0,1846.0,1855.0,1916.0,1757.0,2366.0,1795.0,1217.0,646.0,1848.857142857143,1846.7,2035.45,44.05083643335031,60.61622155659699,245.6745418403558,1697.0
2019-10-24,1785.0,2926.0,1748.0,1200.0,637.0,1779.0,1806.0,1846.0,1898.0,1767.0,2331.0,1770.0,1210.0,642.0,1832.7142857142856,1837.8,2034.0666666666664,43.744387395105015,55.49262634761786,246.86418874273767,1675.0
2019-10-25,1801.0,3009.0,1695.0,1187.0,631.0,1785.0,1779.0,1806.0,1897.0,1770.0,2312.0,1748.0,1200.0,637.0,1819.0,1835.0,2033.8833333333332,34.2490875791107,55.88427893055349,247.035926273995,1656.0
2019-10-28,1803.0,3052.0,1646.0,1179.0,626.0,1801.0,1785.0,1779.0,1861.0,1801.0,2311.0,1695.0,1187.0,631.0,1810.7142857142856,1834.0,2034.1333333333332,29.00985054378984,56.28779432063971,246.79034309778385,1533.0
2019-10-29,1802.0,3078.0,1608.0,1159.0,617.0,1803.0,1801.0,1785.0,1855.0,1873.0,2283.0,1646.0,1179.0,626.0,1803.142857142857,1833.65,2034.6,21.45870896577395,56.47288590212314,246.31612594042488,1428.0
2019-10-30,1782.0,3078.0,1574.0,1127.0,604.0,1802.0,1803.0,1801.0,1846.0,1929.0,2266.0,1608.0,1159.0,617.0,1794.0,1832.6,2035.4,11.460075625183912,57.26246129615076,245.3995151460012,1378.0
2019-10-31,1731.0,2978.0,1543.0,1091.0,591.0,1782.0,1802.0,1803.0,1806.0,1924.0,2192.0,1574.0,1127.0,604.0,1783.2857142857142,1831.3,2035.7166666666667,25.19731656161758,59.3270152363243,244.987034708238,1345.0
2019-11-01,1697.0,2950.0,1513.0,1045.0,580.0,1731.0,1782.0,1802.0,1779.0,1916.0,2131.0,1543.0,1091.0,591.0,1771.571428571429,1827.8,2035.3333333333333,41.38380175407592,65.10364206813055,245.50685493322425,1354.0
2019-11-04,1675.0,2946.0,1477.0,1005.0,571.0,1697.0,1731.0,1782.0,1785.0,1898.0,2108.0,1513.0,1045.0,580.0,1755.857142857143,1823.05,2034.1166666666663,54.30294212849923,72.57915823799038,247.13045286742275,1365.0
2019-11-05,1656.0,2975.0,1436.0,974.0,564.0,1675.0,1697.0,1731.0,1801.0,1897.0,2116.0,1477.0,1005.0,571.0,1735.142857142857,1815.8,2032.15,61.40420336164137,81.58147364514925,249.69179815883183,1364.0
2019-11-06,1533.0,2726.0,1385.0,926.0,557.0,1656.0,1675.0,1697.0,1803.0,1861.0,2053.0,1436.0,974.0,564.0,1696.571428571429,1798.8,2026.6333333333332,89.87557536739712,101.92339744816842,257.0188917851324,1357.0
2019-11-07,1428.0,2517.0,1340.0,865.0,550.0,1533.0,1656.0,1675.0,1802.0,1855.0,1963.0,1385.0,926.0,557.0,1643.142857142857,1773.75,2017.9333333333332,122.13302661638178,126.77575519503716,268.24639992633786,1338.0
2019-11-08,1378.0,2444.0,1290.0,824.0,539.0,1428.0,1533.0,1656.0,1782.0,1846.0,1857.0,1340.0,865.0,550.0,1585.428571428571,1746.45,2006.7833333333333,139.76272409916987,149.47398118950454,280.6355433513101,1304.0
2019-11-11,1345.0,2393.0,1246.0,796.0,533.0,1378.0,1428.0,1533.0,1731.0,1806.0,1823.0,1290.0,824.0,539.0,1530.2857142857142,1717.9,1994.4,148.6222440571163,168.68216765330962,293.1067486457618,1260.0
2019-11-12,1354.0,2485.0,1207.0,774.0,526.0,1345.0,1378.0,1428.0,1697.0,1779.0,1809.0,1246.0,796.0,533.0,1481.2857142857142,1690.7,1982.5166666666669,140.83526344127395,181.486580626164,304.3512406473988,1255.0
2019-11-13,1365.0,2565.0,1170.0,758.0,521.0,1354.0,1345.0,1378.0,1675.0,1785.0,1803.0,1207.0,774.0,526.0,1437.0,1664.1,1970.95,116.38728452885913,188.5093603707176,314.4163506012672,1284.0
2019-11-14,1364.0,2623.0,1137.0,745.0,514.0,1365.0,1354.0,1345.0,1656.0,1801.0,1757.0,1170.0,758.0,521.0,1395.2857142857142,1639.25,1959.3333333333333,66.41213314277019,193.8691569074581,323.7697270564182,1351.0
2019-11-15,1357.0,2635.0,1118.0,735.0,509.0,1364.0,1365.0,1354.0,1533.0,1803.0,1767.0,1137.0,745.0,514.0,1370.142857142857,1614.35,1946.65,27.504112246676712,196.66114993751407,332.2435713117137,1426.0
2019-11-18,1338.0,2603.0,1112.0,723.0,506.0,1357.0,1364.0,1365.0,1428.0,1802.0,1770.0,1118.0,735.0,509.0,1357.2857142857142,1588.95,1932.8166666666664,13.338094388118671,197.9687575032408,340.0582946868179,1440.0
2019-11-19,1304.0,2543.0,1116.0,716.0,501.0,1338.0,1357.0,1364.0,1378.0,1782.0,1801.0,1112.0,723.0,506.0,1346.7142857142858,1563.85,1917.6666666666667,21.195237560350524,200.80450692155415,347.53064328573254,1467.0
2019-11-20,1260.0,2435.0,1127.0,718.0,497.0,1304.0,1338.0,1357.0,1345.0,1731.0,1873.0,1116.0,716.0,501.0,1334.571428571429,1537.9,1900.8833333333332,39.11460572412785,205.02808536754705,354.61763087061854,1528.0
2019-11-21,1255.0,2401.0,1129.0,731.0,495.0,1260.0,1304.0,1338.0,1354.0,1697.0,1929.0,1127.0,718.0,497.0,1320.428571428571,1511.4,1883.85,47.84299719869118,205.65975989997096,360.7374661599793,1568.0
2019-11-22,1284.0,2493.0,1129.0,747.0,494.0,1255.0,1260.0,1304.0,1365.0,1675.0,1924.0,1129.0,731.0,495.0,1308.857142857143,1485.55,1865.6166666666663,44.97565479024307,199.7499687109072,362.97845533797886,1606.0
2019-11-25,1351.0,2716.0,1119.0,767.0,494.0,1284.0,1255.0,1260.0,1364.0,1656.0,1916.0,1129.0,747.0,494.0,1307.0,1462.95,1847.4333333333332,42.52058325095731,187.1131025821097,360.9362292454421,1599.0
2019-11-26,1426.0,2953.0,1111.0,783.0,496.0,1351.0,1284.0,1255.0,1357.0,1533.0,1898.0,1119.0,767.0,494.0,1316.857142857143,1444.15,1829.5166666666669,60.31701963081769,169.29521863490393,354.56870394777764,1575.0
2019-11-27,1440.0,2983.0,1121.0,796.0,498.0,1426.0,1351.0,1284.0,1338.0,1428.0,1897.0,1111.0,783.0,496.0,1331.428571428571,1427.05,1811.55,76.44138744350013,149.4873608457916,346.30653732872014,1558.0
2019-11-28,1467.0,2995.0,1167.0,807.0,501.0,1440.0,1426.0,1351.0,1304.0,1378.0,1861.0,1121.0,796.0,498.0,1354.7142857142858,1413.85,1794.35,90.26943795423232,131.85090263750226,337.08977957144265,1551.0
2019-11-29,1528.0,3131.0,1225.0,816.0,505.0,1467.0,1440.0,1426.0,1260.0,1345.0,1855.0,1167.0,807.0,501.0,1393.0,1405.4,1778.7833333333333,99.73966111834116,117.3695916864325,327.1548688191711,1528.0
2019-12-02,1568.0,3231.0,1282.0,819.0,505.0,1528.0,1467.0,1440.0,1255.0,1354.0,1846.0,1225.0,816.0,505.0,1437.7142857142858,1400.05,1764.55,97.70144025843696,106.3556471665648,317.119847151871,1460.0
2019-12-03,1606.0,3350.0,1315.0,825.0,505.0,1568.0,1528.0,1467.0,1284.0,1365.0,1806.0,1282.0,819.0,505.0,1483.7142857142858,1397.55,1751.4333333333334,88.65046396892814,100.44609709222615,306.7931653861976,1388.0
2019-12-04,1599.0,3382.0,1326.0,828.0,505.0,1606.0,1568.0,1528.0,1351.0,1364.0,1779.0,1315.0,825.0,505.0,1519.142857142857,1400.85,1738.65,75.32690659481706,106.05771765266546,296.56049915829374,1355.0
2019-12-05,1575.0,3325.0,1336.0,831.0,505.0,1599.0,1606.0,1568.0,1426.0,1357.0,1785.0,1326.0,828.0,505.0,1540.428571428571,1408.2,1726.05,64.9585948710443,112.9105840920518,286.8684470836816,1315.0
2019-12-06,1558.0,3273.0,1347.0,835.0,507.0,1575.0,1599.0,1606.0,1440.0,1338.0,1801.0,1336.0,831.0,505.0,1557.2857142857142,1417.2,1713.4833333333331,47.52442980797172,117.45888418375394,277.1142144551722,1281.0
2019-12-09,1551.0,3242.0,1359.0,837.0,508.0,1558.0,1575.0,1599.0,1467.0,1304.0,1803.0,1347.0,835.0,507.0,1569.2857142857142,1427.5,1700.8166666666666,27.17667066755652,119.80312797958378,266.505731274695,1221.0
2019-12-10,1528.0,3167.0,1395.0,838.0,510.0,1551.0,1558.0,1575.0,1528.0,1260.0,1802.0,1359.0,837.0,508.0,1569.2857142857142,1436.2,1688.2333333333331,27.17667066755652,120.50053505016793,256.1752820653141,1151.0
2019-12-11,1460.0,2883.0,1443.0,838.0,510.0,1528.0,1551.0,1558.0,1568.0,1255.0,1782.0,1395.0,838.0,510.0,1553.857142857143,1440.95,1674.8,49.50901793758651,119.4136882747399,246.30729050503717,1123.0
2019-12-12,1388.0,2598.0,1459.0,835.0,509.0,1460.0,1528.0,1551.0,1606.0,1284.0,1731.0,1443.0,838.0,510.0,1522.7142857142858,1442.15,1661.4,73.83250026404038,118.7182755407808,239.46813948938865,1103.0
2019-12-13,1355.0,2455.0,1467.0,823.0,509.0,1388.0,1460.0,1528.0,1599.0,1351.0,1697.0,1459.0,835.0,509.0,1487.857142857143,1442.05,1648.4666666666667,88.04436111308311,118.79459273538602,234.58130509604987,1090.0
2019-12-16,1315.0,2334.0,1465.0,815.0,509.0,1355.0,1388.0,1460.0,1575.0,1426.0,1675.0,1467.0,823.0,509.0,1450.7142857142858,1440.9,1635.25,99.28026706537877,119.96047594721362,230.55655764082653,976.0
2019-12-17,1281.0,2240.0,1421.0,802.0,509.0,1315.0,1355.0,1388.0,1558.0,1440.0,1656.0,1465.0,815.0,509.0,1411.142857142857,1439.75,1621.3333333333333,104.45960713984653,121.4430232444218,226.20582098241692,907.0
2019-12-18,1221.0,2103.0,1340.0,785.0,507.0,1281.0,1315.0,1355.0,1551.0,1467.0,1533.0,1421.0,802.0,509.0,1364.0,1437.8,1607.4666666666667,105.283743601129,124.74926431597402,224.7925195289204,844.0
2019-12-19,1151.0,1976.0,1265.0,764.0,504.0,1221.0,1281.0,1315.0,1528.0,1528.0,1428.0,1340.0,785.0,507.0,1310.142857142857,1432.6,1593.9333333333334,103.8242562722115,134.55243548425707,227.45227599017215,791.0
2019-12-20,1123.0,1958.0,1201.0,743.0,500.0,1151.0,1221.0,1281.0,1460.0,1568.0,1378.0,1265.0,764.0,504.0,1262.0,1424.55,1581.7,100.84476519219218,148.0499471195906,232.74094859423585,773.0
2019-12-23,1103.0,1954.0,1154.0,728.0,494.0,1123.0,1151.0,1221.0,1388.0,1606.0,1345.0,1201.0,743.0,500.0,1221.2857142857142,1412.15,1569.7,99.01130286608615,164.05495709480013,238.57701737665676,772.0
2019-12-24,1090.0,1950.0,1117.0,718.0,487.0,1103.0,1123.0,1151.0,1355.0,1599.0,1354.0,1154.0,728.0,494.0,1183.428571428571,1395.35,1557.7166666666667,89.57651690568329,179.07812908280494,244.3411127471877,774.0
2020-01-02,976.0,1646.0,1003.0,685.0,465.0,1090.0,1103.0,1123.0,1315.0,1575.0,1365.0,1117.0,718.0,487.0,1135.0,1372.15,1543.9333333333334,97.84511570164602,201.62583246151203,253.4268099917646,765.0
2020-01-03,907.0,1507.0,949.0,662.0,452.0,976.0,1090.0,1103.0,1281.0,1558.0,1364.0,1003.0,685.0,465.0,1081.571428571429,1344.15,1529.7666666666669,106.55805482280978,225.25944690747343,264.81617331598324,763.0
2020-01-06,844.0,1388.0,890.0,642.0,443.0,907.0,976.0,1090.0,1221.0,1551.0,1357.0,949.0,662.0,452.0,1027.7142857142858,1309.95,1514.3833333333334,118.90011814645118,246.77402298674144,277.3154045772122,768.0
2020-01-07,791.0,1271.0,845.0,611.0,434.0,844.0,907.0,976.0,1151.0,1528.0,1338.0,890.0,642.0,443.0,976.2857142857144,1271.1,1498.0666666666666,133.63097730406716,264.5337308111203,290.5079051211121,768.0
2020-01-08,773.0,1197.0,803.0,593.0,426.0,791.0,844.0,907.0,1123.0,1460.0,1304.0,845.0,611.0,434.0,926.2857142857144,1229.45,1480.9333333333334,135.0576596442183,274.4213960892756,302.4094130600913,754.0
2020-01-09,772.0,1155.0,785.0,581.0,418.0,773.0,791.0,844.0,1103.0,1388.0,1260.0,803.0,593.0,426.0,879.0,1188.1,1462.5833333333333,119.9777757197924,278.0885697607636,311.4836716163794,729.0
2020-01-10,774.0,1066.0,771.0,570.0,408.0,772.0,773.0,791.0,1090.0,1355.0,1255.0,785.0,581.0,418.0,833.8571428571429,1148.05,1443.3333333333333,80.21518678204511,277.1128356540321,317.79620730672053,689.0
2020-01-13,765.0,1004.0,759.0,566.0,400.0,774.0,772.0,773.0,976.0,1315.0,1284.0,771.0,570.0,408.0,803.7142857142857,1108.4,1424.0166666666669,52.88892223557144,272.05502539396934,323.26142496447346,623.0
2020-01-14,763.0,970.0,767.0,563.0,395.0,765.0,774.0,772.0,907.0,1281.0,1351.0,759.0,566.0,400.0,783.1428571428571,1069.0,1404.8,28.316241343295736,261.43571213389225,327.75863380528074,576.0
2020-01-15,768.0,878.0,825.0,559.0,388.0,763.0,765.0,774.0,844.0,1221.0,1426.0,767.0,563.0,395.0,772.2857142857143,1031.0,1385.9666666666667,9.232447954922492,245.9850230785512,331.383947867064,557.0
2020-01-16,768.0,784.0,859.0,559.0,383.0,768.0,763.0,765.0,791.0,1151.0,1440.0,825.0,559.0,388.0,769.0,996.4,1367.15,4.163331999203696,230.6568195849856,333.9183816342354,546.0
2020-01-17,754.0,712.0,870.0,560.0,379.0,768.0,768.0,763.0,773.0,1123.0,1467.0,859.0,559.0,383.0,766.2857142857143,964.7,1348.7,6.600865744255873,217.1778558063402,336.739818086238,539.0
2020-01-20,729.0,593.0,866.0,560.0,378.0,754.0,768.0,768.0,772.0,1103.0,1528.0,870.0,560.0,379.0,760.1428571428571,933.4,1329.9333333333334,15.02695989918754,202.5865377145426,339.41089875267363,525.0
2020-01-21,689.0,495.0,824.0,556.0,375.0,729.0,754.0,768.0,774.0,1090.0,1568.0,866.0,560.0,378.0,748.0,902.1,1310.65,29.416548630585627,188.387031624309,342.44746349512496,498.0
2020-01-22,623.0,325.0,760.0,550.0,372.0,689.0,729.0,754.0,765.0,976.0,1606.0,824.0,556.0,375.0,727.7142857142857,869.2,1290.9333333333334,54.23318260290824,175.76707074393255,347.4632460342256,487.0
2020-01-23,576.0,207.0,714.0,546.0,366.0,623.0,689.0,729.0,763.0,907.0,1599.0,760.0,550.0,372.0,701.0,836.95,1270.8833333333334,75.74518686580457,166.76313962278937,353.479368739255,466.0
2020-01-24,557.0,165.0,691.0,543.0,360.0,576.0,623.0,689.0,768.0,844.0,1575.0,714.0,546.0,366.0,670.8571428571429,807.25,1250.4166666666667,85.93685389368875,160.6715757785605,358.71929877097955,453.0
2020-01-27,546.0,135.0,673.0,542.0,355.0,557.0,576.0,623.0,768.0,791.0,1558.0,691.0,543.0,360.0,639.1428571428571,778.4,1229.5,85.07139858463145,152.59143936810102,362.6387051991056,430.0
2020-01-28,539.0,129.0,651.0,538.0,350.0,546.0,557.0,576.0,754.0,773.0,1551.0,673.0,542.0,355.0,608.4285714285714,750.2,1208.4333333333334,74.89516482582911,141.13099551390053,365.4614620257496,431.0
2020-01-29,525.0,93.0,627.0,533.0,344.0,539.0,546.0,557.0,729.0,772.0,1528.0,651.0,538.0,350.0,579.2857142857143,721.95,1187.15,57.92729433154841,125.18007029878098,367.4867379136055,415.0
2020-01-30,498.0,1.0,595.0,528.0,339.0,525.0,539.0,546.0,689.0,774.0,1460.0,627.0,533.0,344.0,552.0,698.05,1165.75,39.774363602733246,119.63078067210904,369.6390188241748,411.0
2020-01-31,487.0,,574.0,524.0,332.0,498.0,525.0,539.0,623.0,765.0,1388.0,595.0,528.0,339.0,532.5714285714286,677.05,1145.0166666666669,31.71149708893439,117.871685363933,372.2753897576632,418.0
2020-02-03,466.0,,546.0,521.0,326.0,487.0,498.0,525.0,576.0,763.0,1355.0,574.0,524.0,332.0,516.8571428571429,658.15,1124.5,33.79067214205694,119.97950482876254,375.2484148952095,421.0
2020-02-04,453.0,,526.0,518.0,320.0,466.0,487.0,498.0,557.0,768.0,1315.0,546.0,521.0,326.0,502.0,641.25,1104.1333333333334,35.99073954972035,124.0186212673738,378.0154452349401,421.0
2020-02-05,430.0,,520.0,512.0,313.0,453.0,466.0,487.0,546.0,768.0,1281.0,526.0,518.0,320.0,485.4285714285714,624.1,1083.7,38.93951353430342,128.4764569872926,380.8040690211477,425.0
2020-02-06,431.0,,530.0,506.0,309.0,430.0,453.0,466.0,539.0,754.0,1221.0,520.0,512.0,313.0,470.0,607.05,1065.3333333333333,35.411862419286805,130.42782839969493,385.31517659021296,434.0
2020-02-07,415.0,,541.0,491.0,304.0,431.0,430.0,453.0,525.0,729.0,1151.0,530.0,506.0,309.0,454.2857142857143,589.1,1048.45,31.079008380372613,130.94470508379214,391.3016706553142,450.0
2020-02-10,411.0,,546.0,484.0,302.0,415.0,431.0,430.0,498.0,689.0,1123.0,541.0,491.0,304.0,441.8571428571428,571.4,1032.3333333333333,27.919100817875734,129.83730710314762,397.3654197790384,465.0
2020-02-11,418.0,,557.0,477.0,296.0,411.0,415.0,431.0,487.0,623.0,1103.0,546.0,484.0,302.0,432.0,554.15,1016.8833333333332,20.52640575784908,125.90024246457652,402.9842109733318,480.0
2020-02-12,421.0,,582.0,472.0,293.0,418.0,411.0,415.0,466.0,576.0,1090.0,557.0,477.0,296.0,425.57142857142856,536.8,1001.3333333333334,14.16400535235634,118.57558104879854,407.72833539041625,497.0
2020-02-13,421.0,,612.0,468.0,292.0,421.0,418.0,411.0,453.0,557.0,976.0,582.0,472.0,293.0,421.0,519.45,985.6,7.37111479600395,107.8690604878612,411.6519510625128,506.0
2020-02-14,425.0,,636.0,470.0,291.0,421.0,421.0,418.0,430.0,546.0,907.0,612.0,468.0,292.0,420.2857142857143,503.0,969.95,6.55017266240345,94.4719395822303,414.8590295591914,508.0
2020-02-17,434.0,,657.0,474.0,290.0,425.0,421.0,421.0,431.0,539.0,844.0,636.0,470.0,291.0,420.7142857142857,488.25,954.5666666666668,7.4097747541539425,79.10943452955817,417.3688514876321,517.0
2020-02-18,450.0,,690.0,481.0,291.0,434.0,425.0,421.0,415.0,525.0,791.0,657.0,474.0,290.0,425.7142857142857,476.3,939.7666666666668,12.776466461452726,63.74876675799609,419.2817250629538,529.0
2020-02-19,465.0,,722.0,489.0,295.0,450.0,434.0,425.0,411.0,498.0,773.0,690.0,481.0,291.0,433.4285714285714,468.4,925.7833333333332,17.746897783976376,53.593401007833336,420.91583327380334,535.0
2020-02-20,480.0,,755.0,505.0,298.0,465.0,450.0,434.0,418.0,487.0,772.0,722.0,489.0,295.0,442.2857142857143,463.6,912.7833333333332,23.350333942807172,47.38909490375347,422.460913513124,539.0
2020-02-21,497.0,,787.0,524.0,304.0,480.0,465.0,450.0,421.0,466.0,774.0,755.0,505.0,298.0,453.1428571428572,460.6,900.15,28.82954833405072,42.84660522089054,423.3864214454953,549.0
2020-02-24,506.0,,811.0,543.0,308.0,497.0,480.0,465.0,421.0,453.0,765.0,787.0,524.0,304.0,465.2857142857143,458.6,887.1833333333333,30.863755905170223,39.4493679491373,423.3448925198164,562.0
2020-02-25,508.0,,830.0,561.0,315.0,506.0,497.0,480.0,425.0,430.0,763.0,811.0,543.0,308.0,477.1428571428572,457.05,873.1333333333333,28.673033622994105,36.6325638858322,421.6762943006846,599.0
2020-02-26,517.0,,859.0,577.0,319.0,508.0,506.0,497.0,434.0,431.0,768.0,830.0,561.0,315.0,489.0,456.65,857.9833333333333,24.75210428769948,35.88765364603819,417.7875744258671,617.0
2020-02-27,529.0,,886.0,590.0,322.0,517.0,508.0,506.0,450.0,415.0,768.0,859.0,577.0,319.0,500.2857142857143,458.2,842.8,21.845779803901955,38.35238275733814,412.8014173540451,616.0
2020-02-28,535.0,,905.0,606.0,324.0,529.0,517.0,508.0,465.0,411.0,754.0,886.0,590.0,322.0,510.2857142857143,460.6,827.2666666666667,18.81235662821724,41.61275108231917,406.400773498996,627.0
2020-03-02,539.0,,915.0,621.0,327.0,535.0,529.0,517.0,480.0,418.0,729.0,905.0,606.0,324.0,518.7142857142857,464.25,810.7833333333333,15.986601532967835,45.16155211550157,397.4559389999668,631.0
2020-03-03,549.0,,935.0,633.0,330.0,539.0,535.0,529.0,497.0,421.0,689.0,915.0,621.0,327.0,526.1428571428571,469.05,793.8,16.293440105718805,48.85367518370398,386.1621157765673,633.0
2020-03-04,562.0,,961.0,646.0,335.0,549.0,539.0,535.0,506.0,421.0,623.0,935.0,633.0,330.0,534.1428571428571,475.65,776.4,18.370525046351847,52.10846481398824,372.2138623453622,631.0
2020-03-05,599.0,,1026.0,671.0,344.0,562.0,549.0,539.0,508.0,425.0,576.0,961.0,646.0,335.0,547.1428571428571,484.05,759.7333333333333,26.971766543529014,57.76583856632447,356.82640068527354,623.0
2020-03-06,617.0,,1068.0,688.0,350.0,599.0,562.0,549.0,517.0,434.0,557.0,1026.0,671.0,344.0,561.4285714285714,494.15,743.7666666666667,33.93060144306532,62.52096490489483,340.80156593632574,612.0
2020-03-09,616.0,,1067.0,704.0,355.0,617.0,599.0,562.0,529.0,450.0,546.0,1068.0,688.0,350.0,573.8571428571429,504.4,728.0666666666667,35.94638865234284,64.92943538145771,323.9364797886654,629.0
2020-03-10,627.0,,1064.0,722.0,363.0,616.0,617.0,599.0,535.0,465.0,539.0,1067.0,704.0,355.0,587.0,514.85,712.6666666666666,36.1893170240761,67.07519346938108,305.5953160229405,630.0
2020-03-11,631.0,,1057.0,735.0,374.0,627.0,616.0,617.0,539.0,480.0,525.0,1064.0,722.0,363.0,600.1428571428571,525.35,697.7166666666667,32.3544359217084,68.04044849636493,286.36861936708783,625.0
2020-03-12,633.0,,1035.0,745.0,386.0,631.0,627.0,616.0,549.0,497.0,498.0,1057.0,735.0,374.0,612.1428571428571,535.95,683.9333333333333,24.956152023337456,67.43923190552773,268.39528568615225,617.0
2020-03-13,631.0,,1007.0,750.0,395.0,633.0,631.0,627.0,562.0,506.0,487.0,1035.0,745.0,386.0,622.0,546.25,671.3166666666667,12.233832869099876,65.29921011859808,252.03130634615923,603.0
2020-03-16,623.0,,970.0,754.0,401.0,631.0,633.0,631.0,599.0,508.0,466.0,1007.0,750.0,395.0,625.4285714285714,555.7,659.1166666666667,6.9247657689470605,61.78068170218354,235.5537357576807,582.0
2020-03-17,612.0,,930.0,754.0,406.0,623.0,631.0,633.0,617.0,517.0,453.0,970.0,754.0,401.0,624.7142857142857,563.8,647.4,8.097618697730143,57.67659381145688,219.2996711414152,569.0
2020-03-18,629.0,,886.0,755.0,415.0,612.0,623.0,631.0,616.0,529.0,430.0,930.0,754.0,406.0,626.5714285714286,572.0,636.5333333333333,7.207800007962239,54.45906236515456,202.91322906871952,556.0
2020-03-19,630.0,,850.0,748.0,421.0,629.0,612.0,623.0,627.0,535.0,431.0,886.0,755.0,415.0,627.0,579.5,626.6833333333333,7.325753658775727,51.363001224076,187.84563547866364,548.0
2020-03-20,625.0,,807.0,741.0,423.0,630.0,629.0,612.0,631.0,539.0,415.0,850.0,748.0,421.0,626.1428571428571,585.9,617.9166666666666,7.128079952688771,48.43324217287148,174.78105351178155,626.0
2020-03-23,617.0,,774.0,732.0,428.0,625.0,630.0,629.0,633.0,549.0,411.0,807.0,741.0,423.0,623.8571428571429,591.45,609.4833333333333,7.128079952688839,45.036213498954254,161.71648047282912,624.0
2020-03-24,603.0,,746.0,720.0,430.0,617.0,625.0,630.0,631.0,562.0,418.0,774.0,732.0,428.0,619.8571428571429,596.2,601.15,9.80524640920662,40.55872934798862,148.169488956563,624.0
2020-03-25,582.0,,720.0,702.0,423.0,603.0,617.0,625.0,623.0,599.0,421.0,746.0,720.0,430.0,614.0,599.45,592.6833333333333,17.126976771623685,36.25418306183841,133.5556116846143,616.0
2020-03-26,569.0,,715.0,675.0,415.0,582.0,603.0,617.0,612.0,617.0,421.0,720.0,702.0,423.0,607.8571428571429,601.45,585.9,24.210387381148266,33.132072234225326,123.73135195919164,604.0
2020-03-27,556.0,,729.0,641.0,401.0,569.0,582.0,603.0,629.0,616.0,425.0,715.0,675.0,415.0,597.4285714285714,602.5,580.05,28.86091441646973,31.191260584492493,116.37118068893868,596.0
2020-03-30,548.0,,732.0,606.0,389.0,556.0,569.0,582.0,630.0,627.0,434.0,729.0,641.0,401.0,585.7142857142857,602.95,575.1166666666667,30.053919798264367,30.278488108108597,111.14886820826052,607.0
2020-03-31,626.0,204.0,757.0,568.0,375.0,548.0,556.0,569.0,625.0,631.0,450.0,732.0,606.0,389.0,585.8571428571429,606.8,572.3666666666667,30.27335776683192,27.85602079882293,107.70486457505,635.0
2020-04-01,624.0,219.0,783.0,535.0,364.0,626.0,548.0,556.0,617.0,633.0,465.0,757.0,568.0,375.0,586.8571428571429,609.9,569.8833333333333,31.561730895900958,25.995748640422672,104.675623514812,679.0
2020-04-02,624.0,268.0,792.0,513.0,350.0,624.0,626.0,548.0,603.0,631.0,480.0,783.0,535.0,364.0,589.8571428571429,611.15,567.4166666666666,34.2365719245556,26.04505206079885,101.52853680287802,706.0
2020-04-03,616.0,319.0,797.0,495.0,340.0,624.0,624.0,626.0,582.0,623.0,497.0,792.0,513.0,350.0,594.7142857142857,611.1,564.7833333333333,35.330413176759,26.03418804910263,98.06969014082009,726.0
2020-04-06,604.0,338.0,801.0,485.0,335.0,616.0,624.0,624.0,569.0,612.0,506.0,797.0,495.0,340.0,599.7142857142857,610.5,562.1,33.514744445400524,26.05358849931861,94.64128529018753,751.0
2020-04-07,596.0,356.0,800.0,472.0,324.0,604.0,616.0,624.0,556.0,629.0,508.0,801.0,485.0,335.0,605.4285714285714,608.95,559.3166666666667,27.729990641087312,25.94219282228601,91.01918063221972,757.0
2020-04-08,607.0,425.0,805.0,454.0,315.0,596.0,604.0,616.0,548.0,630.0,517.0,800.0,472.0,324.0,613.8571428571429,607.75,556.6333333333333,11.696560341054566,25.418341906402397,87.04936582433169,728.0
2020-04-09,635.0,541.0,813.0,441.0,306.0,607.0,596.0,604.0,626.0,625.0,529.0,805.0,454.0,315.0,615.1428571428571,607.85,554.4166666666666,13.594466661547644,25.52661150142056,83.18333675771359,694.0
2020-04-14,679.0,687.0,818.0,429.0,298.0,635.0,607.0,596.0,624.0,617.0,535.0,813.0,441.0,306.0,623.0,610.25,553.1666666666666,27.91654228832321,29.728375599704236,80.65855354461746,672.0
2020-04-15,706.0,794.0,820.0,419.0,290.0,679.0,635.0,607.0,624.0,603.0,539.0,818.0,429.0,298.0,634.7142857142857,614.4,552.7833333333333,42.03853107852956,36.60083404294497,79.85942981950454,665.0
2020-04-16,726.0,887.0,821.0,411.0,281.0,706.0,679.0,635.0,616.0,582.0,549.0,820.0,419.0,290.0,650.4285714285714,620.1,553.4,53.00583975017699,44.27890076141463,81.06289669362855,661.0
2020-04-17,751.0,993.0,825.0,404.0,275.0,726.0,706.0,679.0,604.0,569.0,562.0,821.0,411.0,281.0,671.4285714285714,626.2,555.5333333333333,60.17988906288741,53.09534621302808,84.53551388243582,655.0
2020-04-20,757.0,1057.0,822.0,398.0,269.0,751.0,726.0,706.0,596.0,556.0,599.0,825.0,404.0,275.0,694.4285714285714,632.55,558.55,57.24175964819242,60.633042060260514,88.4185778854028,643.0
2020-04-21,728.0,1004.0,804.0,390.0,263.0,757.0,751.0,726.0,607.0,548.0,617.0,822.0,398.0,269.0,711.7142857142857,637.7,561.4,42.91741793150119,64.22583510351954,91.08353401968036,635.0
2020-04-22,694.0,968.0,778.0,384.0,258.0,728.0,757.0,751.0,635.0,626.0,616.0,804.0,390.0,263.0,720.1428571428571,641.55,563.8666666666667,28.81798380314916,65.21985086901122,92.64996394619769,617.0
2020-04-23,672.0,970.0,759.0,383.0,253.0,694.0,728.0,757.0,679.0,624.0,627.0,778.0,384.0,258.0,719.1428571428571,645.0,566.0833333333334,30.55284259244248,64.8974900172107,93.6307735279116,598.0
2020-04-24,665.0,964.0,747.0,388.0,247.0,672.0,694.0,728.0,706.0,624.0,631.0,759.0,383.0,253.0,713.2857142857143,649.15,568.4166666666666,36.786384644872,63.29070356618249,94.33141929754508,575.0
2020-04-27,661.0,962.0,741.0,392.0,245.0,665.0,672.0,694.0,726.0,616.0,633.0,747.0,388.0,247.0,704.0,653.75,571.1333333333333,41.00406483918047,60.43776703534123,94.61580952701252,534.0
2020-04-28,655.0,945.0,731.0,397.0,241.0,661.0,665.0,672.0,751.0,604.0,631.0,741.0,392.0,245.0,690.2857142857143,658.7,573.9333333333333,38.65106417561031,55.89379025868026,94.56965268553134,514.0
2020-04-29,643.0,926.0,720.0,404.0,239.0,655.0,661.0,665.0,757.0,596.0,623.0,731.0,397.0,241.0,674.0,663.45,576.8833333333333,28.55404232916454,49.68265078960003,93.90404255974268,474.0
2020-04-30,635.0,895.0,711.0,410.0,238.0,643.0,655.0,661.0,728.0,607.0,612.0,720.0,404.0,239.0,660.7142857142857,663.9,579.9166666666666,19.414035178374228,49.365340494246816,92.76712079496336,433.0
2020-05-01,617.0,820.0,704.0,413.0,239.0,635.0,643.0,655.0,694.0,635.0,629.0,711.0,410.0,238.0,649.7142857142857,663.55,583.0333333333333,19.22424065012245,49.68688803007212,90.76472970385784,398.0
2020-05-04,598.0,743.0,702.0,416.0,234.0,617.0,635.0,643.0,672.0,679.0,630.0,704.0,413.0,239.0,639.1428571428571,662.25,585.8166666666667,24.53859933136468,51.09627136470998,88.55726705383825,393.0
2020-05-05,575.0,669.0,692.0,417.0,233.0,598.0,617.0,635.0,665.0,706.0,625.0,702.0,416.0,234.0,626.2857142857143,660.2,588.4833333333333,31.36194235971086,53.80041087699957,85.68893124479541,407.0
2020-05-06,534.0,519.0,678.0,420.0,231.0,575.0,598.0,617.0,661.0,726.0,617.0,692.0,417.0,233.0,608.1428571428571,656.7,590.5333333333333,42.63968641002492,59.61199102271174,82.79328284129059,427.0
2020-05-07,514.0,461.0,667.0,423.0,228.0,534.0,575.0,598.0,655.0,751.0,603.0,678.0,420.0,231.0,588.0,652.6,592.1333333333333,49.55804677347985,66.43588123745424,80.29236126094591,453.0
2020-05-11,474.0,292.0,658.0,431.0,230.0,514.0,534.0,575.0,643.0,757.0,582.0,667.0,423.0,228.0,563.8571428571429,645.95,593.0166666666667,58.63283656631285,77.04918114942637,78.65252733713804,477.0
2020-05-12,433.0,123.0,645.0,434.0,228.0,474.0,514.0,534.0,635.0,728.0,569.0,658.0,431.0,230.0,535.0,635.85,593.2166666666667,66.90789689318531,90.60688657461132,78.22178197384223,494.0
2020-05-13,398.0,,628.0,440.0,229.0,433.0,474.0,514.0,617.0,694.0,556.0,645.0,434.0,228.0,503.7142857142857,621.8,592.7666666666667,73.09061564414797,104.31359602562412,79.276466824099,498.0
2020-05-14,393.0,,614.0,446.0,230.0,398.0,433.0,474.0,598.0,672.0,548.0,628.0,440.0,229.0,474.4285714285714,606.15,592.0833333333334,70.02108525976213,114.04213210364168,80.82965802130613,506.0
2020-05-15,407.0,26.0,603.0,450.0,230.0,393.0,398.0,433.0,575.0,665.0,626.0,614.0,446.0,230.0,450.4285714285714,590.2,591.3666666666667,57.47131789819074,118.61374731724472,82.288242187338,502.0
2020-05-18,427.0,94.0,599.0,456.0,233.0,407.0,393.0,398.0,534.0,661.0,624.0,603.0,450.0,230.0,435.1428571428572,574.0,590.7333333333333,44.24714141966749,117.61757834970795,83.41581906376402,489.0
2020-05-19,453.0,174.0,599.0,462.0,237.0,427.0,407.0,393.0,514.0,655.0,624.0,599.0,456.0,233.0,426.4285714285714,558.8,590.2833333333333,29.7649522249729,112.24390734846006,84.09338869745349,504.0
2020-05-20,477.0,174.0,607.0,471.0,239.0,453.0,427.0,407.0,474.0,643.0,616.0,599.0,462.0,237.0,426.8571428571428,546.25,589.95,30.574654925478097,106.19935325408774,84.50803291487017,520.0
2020-05-21,494.0,180.0,623.0,478.0,243.0,477.0,453.0,427.0,433.0,635.0,604.0,607.0,471.0,239.0,435.57142857142856,536.25,589.75,39.8909227054006,100.83539217852548,84.72400356264545,546.0
2020-05-22,498.0,162.0,635.0,486.0,249.0,494.0,477.0,453.0,398.0,617.0,596.0,623.0,478.0,243.0,449.8571428571428,527.55,589.5833333333334,42.0413628522995,95.89164663694328,84.89720437538922,592.0
2020-05-26,506.0,147.0,656.0,495.0,257.0,498.0,494.0,477.0,393.0,598.0,607.0,635.0,486.0,249.0,466.0,519.6,589.4,38.07886552935242,90.32595943235792,85.06830754855001,632.0
2020-05-27,502.0,108.0,689.0,500.0,262.0,506.0,498.0,494.0,407.0,575.0,635.0,656.0,495.0,257.0,479.57142857142856,511.65,588.95,29.511902360825054,84.0014254265471,85.46372508325918,679.0
2020-05-28,489.0,27.0,720.0,502.0,267.0,502.0,506.0,498.0,427.0,534.0,679.0,689.0,500.0,262.0,488.4285714285714,503.35,588.1833333333333,18.265241515554333,77.00121325091442,86.15938947962898,698.0
2020-05-29,504.0,46.0,754.0,500.0,271.0,489.0,502.0,506.0,453.0,514.0,706.0,720.0,502.0,267.0,495.7142857142857,496.4,587.6,10.144198435915808,69.65584571385803,86.61529985812965,714.0
2020-06-01,520.0,82.0,777.0,497.0,274.0,504.0,489.0,502.0,477.0,474.0,726.0,754.0,500.0,271.0,501.8571428571428,490.65,587.1166666666667,9.94029797400423,61.93058508062538,86.91474327691623,764.0
2020-06-02,546.0,167.0,795.0,495.0,279.0,520.0,504.0,489.0,494.0,433.0,751.0,777.0,497.0,274.0,509.2857142857143,487.1,586.85,18.67899252923516,56.06377946971267,87.01759514275824,839.0
2020-06-03,592.0,356.0,809.0,494.0,285.0,546.0,520.0,504.0,498.0,398.0,757.0,795.0,495.0,279.0,522.7142857142857,486.8,586.7333333333333,35.46225357438351,55.45182831219741,87.00572096275161,923.0
2020-06-04,632.0,518.0,815.0,499.0,290.0,592.0,546.0,520.0,506.0,393.0,728.0,809.0,494.0,285.0,540.7142857142857,489.65,586.9833333333333,53.13728849474594,61.37226786721687,87.11564331827358,973.0
2020-06-05,679.0,736.0,814.0,507.0,294.0,632.0,592.0,546.0,502.0,407.0,694.0,815.0,499.0,290.0,566.0,496.9,588.0333333333333,70.81666470543783,74.12642117219073,87.84789756941717,1054.0
2020-06-08,698.0,810.0,809.0,515.0,299.0,679.0,632.0,592.0,489.0,427.0,672.0,814.0,507.0,294.0,595.8571428571429,506.1,589.2166666666667,76.75160925877645,86.71058940981209,88.85411613889596,1246.0
2020-06-09,714.0,859.0,799.0,532.0,304.0,698.0,679.0,632.0,504.0,453.0,665.0,809.0,515.0,299.0,625.8571428571429,518.1,590.6,75.89999686305575,97.9172045524992,90.1522629138986,1527.0
2020-06-10,764.0,1039.0,796.0,556.0,309.0,714.0,698.0,679.0,520.0,477.0,661.0,799.0,532.0,304.0,660.7142857142857,534.65,592.7833333333333,75.20796563689522,110.00348080620564,92.745522376695,1555.0
2020-06-11,839.0,1300.0,821.0,575.0,315.0,764.0,714.0,698.0,546.0,494.0,655.0,796.0,556.0,309.0,702.5714285714286,556.7,596.25,81.95498183528152,124.4241895588475,97.9400759372703,1558.0
2020-06-12,923.0,1523.0,852.0,597.0,321.0,839.0,764.0,714.0,592.0,498.0,643.0,821.0,575.0,315.0,749.8571428571429,583.2,601.25,100.83886250091491,142.80630975300352,106.60343508960322,1617.0
2020-06-15,973.0,1648.0,884.0,612.0,329.0,923.0,839.0,764.0,632.0,506.0,635.0,852.0,597.0,321.0,798.5714285714286,611.5,607.2666666666667,115.68759245321527,160.97711507837076,116.90962273066924,1705.0
2020-06-16,1054.0,1854.0,949.0,624.0,336.0,973.0,923.0,839.0,679.0,502.0,617.0,884.0,612.0,329.0,852.1428571428571,642.85,614.35,136.11199870135744,182.73773988685275,130.35100267480374,1738.0
2020-06-17,1246.0,2455.0,1019.0,634.0,344.0,1054.0,973.0,923.0,698.0,489.0,598.0,949.0,624.0,336.0,930.4285714285714,682.5,624.6166666666667,182.4014410970697,221.3324482121559,153.7609956566753,1749.0
2020-06-18,1527.0,3672.0,1117.0,648.0,354.0,1246.0,1054.0,973.0,714.0,504.0,575.0,1019.0,634.0,344.0,1046.571428571429,735.0,639.65,262.7589878848821,285.30666788010734,192.9099047637349,1794.0
2020-06-19,1555.0,3819.0,1178.0,657.0,363.0,1527.0,1246.0,1054.0,764.0,520.0,534.0,1117.0,648.0,354.0,1159.571428571429,788.05,655.2833333333333,289.6905574015501,332.82134847393405,226.18157485144675,1799.0
2020-06-22,1558.0,3791.0,1204.0,662.0,368.0,1555.0,1527.0,1246.0,839.0,546.0,514.0,1178.0,657.0,363.0,1262.2857142857142,841.05,671.2,284.5029081782933,366.860431657323,254.29502417871703,1803.0
2020-06-23,1617.0,3976.0,1222.0,667.0,374.0,1558.0,1555.0,1527.0,923.0,592.0,474.0,1204.0,662.0,368.0,1361.428571428571,896.6,688.45,266.943725120022,396.3829089735375,281.7625773590595,1823.0
2020-06-24,1705.0,4189.0,1245.0,674.0,381.0,1617.0,1558.0,1555.0,973.0,632.0,433.0,1222.0,667.0,374.0,1466.0,956.75,707.3833333333333,230.27954026936044,423.6874313378817,310.32012403089595,1894.0
2020-06-25,1738.0,4213.0,1253.0,678.0,385.0,1705.0,1617.0,1558.0,1054.0,679.0,398.0,1245.0,674.0,381.0,1563.7142857142858,1019.2,727.0833333333334,161.02558211426924,442.73499261320944,336.92489188004606,1956.0
2020-06-26,1749.0,4219.0,1256.0,678.0,389.0,1738.0,1705.0,1617.0,1246.0,698.0,393.0,1253.0,678.0,385.0,1635.571428571429,1081.45,747.1,93.82582647803736,453.86915283454215,360.9260077230043,1949.0
2020-06-29,1794.0,4325.0,1256.0,679.0,395.0,1749.0,1738.0,1705.0,1527.0,714.0,407.0,1256.0,678.0,389.0,1673.7142857142858,1145.15,766.5666666666667,96.56382049490604,460.27992341046667,384.980403052521,1849.0
2020-06-30,1799.0,4320.0,1257.0,683.0,401.0,1794.0,1749.0,1738.0,1555.0,764.0,427.0,1256.0,679.0,395.0,1708.571428571429,1207.8,786.15,90.41175650481884,459.7100459156812,406.86831355647377,1810.0
2020-07-01,1803.0,4233.0,1255.0,686.0,405.0,1799.0,1794.0,1749.0,1558.0,839.0,453.0,1257.0,683.0,401.0,1743.571428571429,1268.35,805.8,66.7279480249462,454.0496466015096,426.882502787896,1810.0
2020-07-02,1823.0,4264.0,1257.0,693.0,408.0,1803.0,1799.0,1794.0,1617.0,923.0,477.0,1255.0,686.0,405.0,1773.0,1327.9,825.9166666666666,42.70441038894558,444.1924547334338,445.8068781421918,1792.0
2020-07-03,1894.0,4440.0,1316.0,701.0,412.0,1823.0,1803.0,1799.0,1705.0,973.0,494.0,1257.0,693.0,408.0,1800.0,1388.65,847.4166666666666,51.40687372975939,433.7364316094183,465.5906142272562,1742.0
2020-07-06,1956.0,4071.0,1376.0,708.0,414.0,1894.0,1823.0,1803.0,1738.0,1054.0,498.0,1316.0,701.0,412.0,1831.142857142857,1451.55,870.0833333333334,70.18886087177142,419.2837846915519,485.8091726798733,1696.0
2020-07-07,1949.0,3968.0,1457.0,725.0,417.0,1956.0,1894.0,1823.0,1749.0,1246.0,506.0,1376.0,708.0,414.0,1859.7142857142856,1513.3,892.45,71.8649527139068,395.1944358227626,504.0422172593051,1699.0
2020-07-08,1849.0,3570.0,1517.0,773.0,420.0,1949.0,1956.0,1894.0,1794.0,1527.0,502.0,1457.0,725.0,417.0,1867.571428571429,1567.55,912.6833333333332,66.27180683332088,359.8082054884945,517.7133390327551,1710.0
2020-07-09,1810.0,3386.0,1557.0,809.0,426.0,1849.0,1949.0,1956.0,1799.0,1555.0,489.0,1517.0,773.0,420.0,1869.142857142857,1616.1,931.5333333333332,64.48107880463952,319.5911697614349,529.5160715752751,1678.0
2020-07-10,1810.0,3333.0,1587.0,835.0,435.0,1810.0,1849.0,1949.0,1803.0,1558.0,504.0,1557.0,809.0,426.0,1870.142857142857,1660.45,949.9333333333332,63.328320603635134,277.06193018511834,540.6112945096751,1594.0
2020-07-13,1792.0,3251.0,1597.0,856.0,438.0,1810.0,1810.0,1849.0,1823.0,1617.0,520.0,1587.0,835.0,435.0,1865.7142857142856,1701.4,967.7,68.08013485522319,225.91134730711065,550.5523359102974,1473.0
2020-07-14,1742.0,3082.0,1597.0,875.0,442.0,1792.0,1810.0,1810.0,1894.0,1705.0,546.0,1597.0,856.0,438.0,1844.0,1735.8,984.2166666666668,80.6370469036037,166.7865323352871,558.7452374700778,1388.0
2020-07-15,1696.0,2941.0,1579.0,890.0,448.0,1742.0,1792.0,1810.0,1956.0,1738.0,592.0,1597.0,875.0,442.0,1806.857142857143,1758.3,999.8666666666668,80.3293814479499,121.4153809731322,565.3840892363306,1317.0
2020-07-16,1699.0,2971.0,1544.0,899.0,453.0,1696.0,1742.0,1792.0,1949.0,1749.0,632.0,1579.0,890.0,448.0,1771.142857142857,1766.9,1016.05,59.46547617856622,109.6957035094346,571.3358246918216,1293.0
2020-07-17,1710.0,3025.0,1504.0,910.0,457.0,1699.0,1696.0,1742.0,1849.0,1794.0,679.0,1544.0,899.0,453.0,1751.2857142857142,1774.65,1032.9833333333331,51.85465034021115,98.87912610331922,576.6604468003395,1264.0
2020-07-20,1678.0,2950.0,1465.0,920.0,460.0,1710.0,1699.0,1696.0,1810.0,1799.0,698.0,1504.0,910.0,457.0,1732.428571428571,1780.65,1049.75,50.9374032280786,88.09341632612927,580.5983069797986,1317.0
2020-07-21,1594.0,2729.0,1415.0,929.0,464.0,1678.0,1710.0,1699.0,1810.0,1803.0,714.0,1465.0,920.0,460.0,1701.571428571429,1779.5,1065.2333333333331,60.6186361412059,90.46051770339716,582.5478918747326,1348.0
2020-07-22,1473.0,2426.0,1335.0,932.0,469.0,1594.0,1678.0,1710.0,1792.0,1823.0,764.0,1415.0,929.0,464.0,1656.0,1767.9,1078.7666666666669,92.71641350556148,112.66620471205752,582.4297547421928,1350.0
2020-07-23,1388.0,2236.0,1263.0,925.0,470.0,1473.0,1594.0,1678.0,1742.0,1894.0,839.0,1335.0,932.0,469.0,1605.428571428571,1750.4,1090.9833333333331,127.8695391702811,141.13912509147724,581.0763388591313,1385.0
2020-07-24,1317.0,2084.0,1198.0,915.0,471.0,1388.0,1473.0,1594.0,1696.0,1956.0,923.0,1263.0,925.0,470.0,1551.2857142857142,1728.8,1102.2166666666667,159.4633858557271,171.21657568554042,578.7794899809509,
2020-07-27,1293.0,2052.0,1161.0,906.0,472.0,1317.0,1388.0,1473.0,1699.0,1949.0,973.0,1198.0,915.0,471.0,1493.2857142857142,1703.75,1113.1833333333334,170.25247358527844,196.02735442845523,576.0038692097851,
2020-07-28,1264.0,1992.0,1136.0,897.0,474.0,1293.0,1317.0,1388.0,1710.0,1849.0,1054.0,1161.0,906.0,472.0,1429.571428571429,1677.0,1123.9666666666667,158.6955755977052,217.65544959143745,572.6035978109105,
2020-07-29,1317.0,2137.0,1166.0,890.0,473.0,1264.0,1293.0,1317.0,1678.0,1810.0,1246.0,1136.0,897.0,474.0,1378.0,1652.7,1135.95,117.92935738540538,229.64712060029976,568.9214126123428,1501.0
2020-07-30,1348.0,2210.0,1203.0,878.0,473.0,1317.0,1264.0,1293.0,1594.0,1810.0,1527.0,1166.0,890.0,473.0,1342.857142857143,1628.95,1148.8333333333333,69.57353081795966,235.592975277296,564.7402932942417,1506.0
2020-07-31,1350.0,2206.0,1227.0,870.0,474.0,1348.0,1317.0,1264.0,1473.0,1792.0,1555.0,1203.0,878.0,473.0,1325.2857142857142,1601.75,1162.4333333333334,40.81549659021904,234.78341082795555,559.4839440196909,1510.0
2020-08-03,1385.0,2297.0,1254.0,862.0,472.0,1350.0,1348.0,1317.0,1388.0,1742.0,1558.0,1227.0,870.0,474.0,1324.857142857143,1573.2,1176.95,40.05591330225305,223.9040207908833,553.6434153459619,1540.0
2020-08-04,,2494.0,1316.0,851.0,470.0,1385.0,1350.0,1348.0,1317.0,1696.0,1617.0,1254.0,862.0,472.0,,,,,,,1577.0
2020-08-05,,2458.0,1410.0,844.0,469.0,,1385.0,1350.0,1293.0,1699.0,1705.0,1316.0,851.0,470.0,,,,,,,1595.0
2020-08-06,,2464.0,1494.0,847.0,469.0,,,1385.0,1264.0,1710.0,1738.0,1410.0,844.0,469.0,,,,,,,1598.0
2020-08-07,1501.0,2401.0,1563.0,855.0,471.0,,,,1317.0,1678.0,1749.0,1494.0,847.0,469.0,,,,,,,1586.0
2020-08-10,1506.0,2375.0,1600.0,867.0,473.0,1501.0,,,1348.0,1594.0,1794.0,1563.0,855.0,471.0,,,,,,,1568.0
2020-08-11,1510.0,2316.0,1671.0,879.0,475.0,1506.0,1501.0,,1350.0,1473.0,1799.0,1600.0,867.0,473.0,,,,,,,1518.0
2020-08-12,1540.0,2332.0,1747.0,893.0,480.0,1510.0,1506.0,1501.0,1385.0,1388.0,1803.0,1671.0,879.0,475.0,,,,,,,1481.0
2020-08-13,1577.0,2384.0,1797.0,911.0,485.0,1540.0,1510.0,1506.0,,1317.0,1823.0,1747.0,893.0,480.0,,,,,,,1491.0
2020-08-14,1595.0,2402.0,1824.0,927.0,491.0,1577.0,1540.0,1510.0,,1293.0,1894.0,1797.0,911.0,485.0,,,,,,,1518.0
2020-08-17,1598.0,2400.0,1819.0,943.0,504.0,1595.0,1577.0,1540.0,,1264.0,1956.0,1824.0,927.0,491.0,1546.7142857142858,,,42.85523805292176,,,1509.0
2020-08-18,1586.0,2375.0,1798.0,949.0,513.0,1598.0,1595.0,1577.0,1501.0,1317.0,1949.0,1819.0,943.0,504.0,1558.857142857143,,,39.66706682472679,,,1504.0
2020-08-19,1568.0,2347.0,1757.0,954.0,525.0,1586.0,1598.0,1595.0,1506.0,1348.0,1849.0,1798.0,949.0,513.0,1567.7142857142858,,,32.09732224406322,,,1488.0
2020-08-20,1518.0,2239.0,1700.0,957.0,538.0,1568.0,1586.0,1598.0,1510.0,1350.0,1810.0,1757.0,954.0,525.0,1568.857142857143,,,29.75695196886484,,,1471.0
2020-08-21,1481.0,2160.0,1653.0,962.0,546.0,1518.0,1568.0,1586.0,1540.0,1385.0,1810.0,1700.0,957.0,538.0,1560.428571428571,,,44.1620392904003,,,1445.0
2020-08-24,1491.0,2207.0,1632.0,965.0,554.0,1481.0,1518.0,1568.0,1577.0,,1792.0,1653.0,962.0,546.0,1548.142857142857,,,50.31708977882839,,,1395.0
2020-08-25,1518.0,2293.0,1629.0,964.0,562.0,1491.0,1481.0,1518.0,1595.0,,1742.0,1632.0,965.0,554.0,1537.142857142857,,,46.64914637101106,,,1362.0
2020-08-26,1509.0,2278.0,1616.0,960.0,565.0,1518.0,1491.0,1481.0,1598.0,,1696.0,1629.0,964.0,562.0,1524.428571428571,,,38.75933067387615,,,1349.0
2020-08-27,1504.0,2264.0,1619.0,958.0,568.0,1509.0,1518.0,1491.0,1586.0,1501.0,1699.0,1616.0,960.0,565.0,1512.7142857142858,,,27.92677500009492,,,1328.0
2020-08-28,1488.0,2218.0,1617.0,958.0,570.0,1504.0,1509.0,1518.0,1568.0,1506.0,1710.0,1619.0,958.0,568.0,1501.2857142857142,,,14.829186151165786,,,1296.0
2020-09-01,1471.0,2176.0,1604.0,958.0,571.0,1488.0,1504.0,1509.0,1518.0,1510.0,1678.0,1617.0,958.0,570.0,1494.571428571429,,,16.541434267324373,,,1269.0
2020-09-02,1445.0,2127.0,1568.0,959.0,571.0,1471.0,1488.0,1504.0,1481.0,1540.0,1594.0,1604.0,958.0,571.0,1489.428571428571,,,24.932289257511325,,,1267.0
2020-09-03,1395.0,2019.0,1515.0,958.0,570.0,1445.0,1471.0,1488.0,1491.0,1577.0,1473.0,1568.0,959.0,571.0,1475.7142857142858,,,43.45002602882916,,,1282.0
2020-09-04,1362.0,1960.0,1473.0,953.0,569.0,1395.0,1445.0,1471.0,1518.0,1595.0,1388.0,1515.0,958.0,570.0,1453.428571428571,1508.15,,56.26383427762652,61.6665694641926,,1289.0
2020-09-07,1349.0,1942.0,1449.0,949.0,568.0,1362.0,1395.0,1445.0,1509.0,1598.0,1317.0,1473.0,953.0,569.0,1430.571428571429,1500.55,,62.12046668332072,71.22054331077575,,1281.0
2020-09-08,1328.0,1916.0,1414.0,941.0,567.0,1349.0,1362.0,1395.0,1504.0,1586.0,1293.0,1449.0,949.0,568.0,1405.428571428571,1491.65,,63.057796617760914,80.95955780516836,,1294.0
2020-09-09,1296.0,1867.0,1370.0,931.0,565.0,1328.0,1349.0,1362.0,1488.0,1568.0,1264.0,1414.0,941.0,567.0,1378.0,1480.95,,62.91263784011277,91.8198894862739,,1296.0
2020-09-10,1269.0,1818.0,1337.0,923.0,562.0,1296.0,1328.0,1349.0,1471.0,1518.0,1317.0,1370.0,931.0,565.0,1349.142857142857,1467.4,,59.3729134971836,102.07087321025097,,1314.0
2020-09-11,1267.0,1839.0,1313.0,917.0,560.0,1269.0,1296.0,1328.0,1445.0,1481.0,1348.0,1337.0,923.0,562.0,1323.7142857142858,1451.9,,48.62000372178044,107.92146267203546,,1364.0
2020-09-14,1282.0,1898.0,1300.0,914.0,558.0,1267.0,1269.0,1296.0,1395.0,1491.0,1350.0,1313.0,917.0,560.0,1307.571428571429,1436.25,,38.76792979968823,108.7691301988708,,1426.0
2020-09-15,1289.0,1922.0,1296.0,912.0,554.0,1282.0,1267.0,1269.0,1362.0,1518.0,1385.0,1300.0,914.0,558.0,1297.142857142857,1420.8,,30.65631295199552,106.50653550497044,,1605.0
2020-09-16,1281.0,1889.0,1299.0,921.0,553.0,1289.0,1282.0,1267.0,1349.0,1509.0,,1296.0,912.0,554.0,1287.428571428571,1405.55,,20.61437316421568,103.3977883302506,,1667.0
2020-09-17,1294.0,1914.0,1305.0,930.0,554.0,1281.0,1289.0,1282.0,1328.0,1504.0,,1299.0,921.0,553.0,1282.571428571429,1391.85,,11.41427677458652,98.7901950174576,,1654.0
2020-09-18,1296.0,1900.0,1315.0,941.0,558.0,1294.0,1281.0,1289.0,1296.0,1488.0,,1305.0,930.0,554.0,1282.571428571429,1380.75,,11.41427677458652,96.31083176776026,,1658.0
2020-09-21,1314.0,1940.0,1321.0,950.0,561.0,1296.0,1294.0,1281.0,1269.0,1471.0,1501.0,1315.0,941.0,558.0,1289.0,1372.4,,14.696938456738362,94.3818671255957,,1725.0
2020-09-22,1364.0,2078.0,1326.0,960.0,566.0,1314.0,1296.0,1294.0,1267.0,1445.0,1506.0,1321.0,950.0,561.0,1302.857142857143,1366.05,,29.1343358223709,90.1603688172996,,1869.0
2020-09-23,1426.0,2242.0,1339.0,971.0,575.0,1364.0,1314.0,1296.0,1282.0,1395.0,1510.0,1326.0,960.0,566.0,1323.428571428571,1361.45,,53.008983964546566,84.14616043407925,,2020.0
2020-09-24,1605.0,2754.0,1361.0,983.0,579.0,1426.0,1364.0,1314.0,1289.0,1362.0,1540.0,1339.0,971.0,575.0,1368.571428571429,1366.25,,115.9681811861351,95.03898092227828,,2071.0
2020-09-25,1667.0,2915.0,1380.0,992.0,585.0,1605.0,1426.0,1364.0,1281.0,1349.0,1577.0,1361.0,983.0,579.0,1423.7142857142858,1374.4,,153.1869383963246,112.8022956093766,,2097.0
2020-09-28,1654.0,2862.0,1390.0,998.0,587.0,1667.0,1605.0,1426.0,1294.0,1328.0,1595.0,1380.0,992.0,585.0,1475.142857142857,1382.7,,162.52633486241805,126.83520182134367,,2044.0
2020-09-29,1658.0,2871.0,1391.0,999.0,589.0,1654.0,1667.0,1605.0,1296.0,1296.0,1598.0,1390.0,998.0,587.0,1526.857142857143,1392.05,,153.35843479838624,139.90616216069495,,1970.0
2020-09-30,1725.0,3091.0,1374.0,995.0,591.0,1658.0,1654.0,1667.0,1314.0,1269.0,1586.0,1391.0,999.0,589.0,1585.571428571429,1406.05,,135.97408716720184,158.2857093659502,,1892.0
2020-10-01,1869.0,3537.0,1364.0,992.0,592.0,1725.0,1658.0,1654.0,1364.0,1267.0,1568.0,1374.0,995.0,591.0,1657.7142857142858,1429.75,,132.7525445904506,189.04187088414253,,1807.0
2020-10-02,2020.0,3987.0,1373.0,991.0,593.0,1869.0,1725.0,1658.0,1426.0,1282.0,1518.0,1364.0,992.0,592.0,1742.571428571429,1462.65,,148.82524107473822,229.54836091771256,,1732.0
2020-10-05,2071.0,4135.0,1383.0,988.0,592.0,2020.0,1869.0,1725.0,1605.0,1289.0,1481.0,1373.0,991.0,593.0,1809.142857142857,1498.75,,178.3306185819226,264.8003965253988,,1637.0
2020-10-06,2097.0,4208.0,1394.0,985.0,594.0,2071.0,2020.0,1869.0,1667.0,1281.0,1491.0,1383.0,988.0,592.0,1870.571428571429,1537.2,,194.5309376790422,293.0282185082415,,1561.0
2020-10-07,2044.0,4035.0,1410.0,985.0,593.0,2097.0,2071.0,2020.0,1654.0,1294.0,1518.0,1394.0,985.0,594.0,1926.2857142857144,1574.6,,177.2472042898651,307.97631487879755,,1477.0
2020-10-08,1970.0,3799.0,1428.0,984.0,594.0,2044.0,2097.0,2071.0,1658.0,1296.0,1509.0,1410.0,985.0,593.0,1970.857142857143,1609.65,,131.98917704548597,311.2384895356446,,1409.0
2020-10-09,1892.0,3555.0,1439.0,982.0,595.0,1970.0,2044.0,2097.0,1725.0,1314.0,1504.0,1428.0,984.0,594.0,1994.7142857142856,1640.9,,87.85919471085478,306.3623413713488,,1350.0
2020-10-12,1807.0,3296.0,1443.0,982.0,596.0,1892.0,1970.0,2044.0,1869.0,1364.0,1488.0,1439.0,982.0,595.0,1985.857142857143,1667.15,,104.24239152320892,296.31940004345614,,1346.0
2020-10-13,1732.0,3074.0,1436.0,982.0,598.0,1807.0,1892.0,1970.0,2020.0,1426.0,1471.0,1443.0,982.0,596.0,1944.7142857142856,1689.3,,139.41988653670072,282.8142592995736,,1401.0
2020-10-14,1637.0,2810.0,1413.0,980.0,599.0,1732.0,1807.0,1892.0,2071.0,1605.0,1445.0,1436.0,982.0,598.0,1882.7142857142856,1707.1,,167.56065000044933,266.4961538184155,,1415.0
2020-10-15,1561.0,2621.0,1365.0,977.0,599.0,1637.0,1732.0,1807.0,2097.0,1667.0,1395.0,1413.0,980.0,599.0,1806.142857142857,1720.45,,175.5936868373815,250.946938195074,,1402.0
2020-10-16,1477.0,2406.0,1323.0,976.0,599.0,1561.0,1637.0,1732.0,2044.0,1654.0,1362.0,1365.0,977.0,599.0,1725.142857142857,1729.5,,178.33996427369925,237.7509754255449,,1413.0
2020-10-19,1409.0,2219.0,1298.0,976.0,599.0,1477.0,1561.0,1637.0,1970.0,1658.0,1349.0,1323.0,976.0,599.0,1645.0,1734.25,,176.0028408861669,229.829885601934,,1384.0
2020-10-20,1350.0,2064.0,1273.0,973.0,597.0,1409.0,1477.0,1561.0,1892.0,1725.0,1328.0,1298.0,976.0,599.0,1567.571428571429,1733.55,,168.28136868833803,231.03507935970552,,1297.0
2020-10-21,1346.0,2068.0,1257.0,972.0,596.0,1350.0,1409.0,1477.0,1807.0,1869.0,1296.0,1273.0,973.0,597.0,1501.7142857142858,1729.55,,147.9411079739931,237.2490308338214,,1283.0
2020-10-22,1401.0,2235.0,1255.0,972.0,597.0,1346.0,1350.0,1409.0,1732.0,2020.0,1269.0,1257.0,972.0,596.0,1454.428571428571,1719.35,,110.13606303547256,247.0677032718129,,1284.0
2020-10-23,1415.0,2261.0,1274.0,972.0,597.0,1401.0,1346.0,1350.0,1637.0,2071.0,1267.0,1255.0,972.0,597.0,1422.7142857142858,1706.75,,75.23455386482502,256.1372730228608,,1263.0
2020-10-26,1402.0,2207.0,1291.0,972.0,596.0,1415.0,1401.0,1346.0,1561.0,2097.0,1282.0,1274.0,972.0,597.0,1400.0,1694.15,,44.07569246952108,264.9165260784654,,1224.0
2020-10-27,1413.0,2244.0,1295.0,968.0,596.0,1402.0,1415.0,1401.0,1477.0,2044.0,1289.0,1291.0,972.0,596.0,1390.857142857143,1681.9,,29.751350509581528,272.2394263569596,,1194.0
2020-10-28,1384.0,2156.0,1300.0,962.0,596.0,1413.0,1402.0,1415.0,1409.0,1970.0,1281.0,1295.0,968.0,596.0,1387.2857142857142,1664.85,,28.69212601462658,279.9665910519891,,1196.0
2020-10-29,1297.0,1903.0,1297.0,958.0,594.0,1384.0,1413.0,1402.0,1350.0,1892.0,1294.0,1300.0,962.0,596.0,1379.7142857142858,1636.25,,43.39629126134168,287.1384912510046,,1207.0
2020-10-30,1283.0,1875.0,1289.0,949.0,591.0,1297.0,1384.0,1413.0,1346.0,1807.0,1296.0,1297.0,958.0,594.0,1370.7142857142858,1599.4,1523.4,56.19820366559048,282.55272446973794,217.2351845897212,1200.0
2020-11-02,1284.0,1895.0,1275.0,943.0,590.0,1283.0,1297.0,1384.0,1401.0,1732.0,1314.0,1289.0,949.0,591.0,1354.0,1560.05,1519.7833333333333,62.710977242168205,267.8360604234731,219.40992450605532,1141.0
2020-11-03,1263.0,1862.0,1250.0,932.0,588.0,1284.0,1283.0,1297.0,1415.0,1637.0,1364.0,1275.0,943.0,590.0,1332.2857142857142,1518.35,1515.7333333333331,64.36281091261068,243.6706740016726,221.8972786220881,1124.0
2020-11-04,1224.0,1771.0,1231.0,922.0,586.0,1263.0,1284.0,1283.0,1402.0,1561.0,1426.0,1250.0,932.0,588.0,1306.857142857143,1477.35,1510.9666666666667,67.32366738731046,218.22809771334957,225.071662159736,
2020-11-05,1194.0,1709.0,1209.0,912.0,582.0,1224.0,1263.0,1284.0,1413.0,1477.0,1605.0,1231.0,922.0,586.0,1275.571428571429,1438.55,1505.2,60.29609479576625,193.62483393355745,228.718152362992,1111.0
2020-11-06,1196.0,1739.0,1190.0,901.0,583.0,1194.0,1224.0,1263.0,1384.0,1409.0,1667.0,1209.0,912.0,582.0,1248.7142857142858,1403.75,1498.85,43.47303488262245,168.7903947753817,231.956952829838,1112.0
2020-11-09,1207.0,1790.0,1181.0,893.0,583.0,1196.0,1194.0,1224.0,1297.0,1350.0,1654.0,1190.0,901.0,583.0,1235.857142857143,1373.75,1492.3833333333334,39.98094784365574,144.98888342144565,234.62411999540453,1115.0
2020-11-10,1200.0,1782.0,1170.0,888.0,583.0,1207.0,1196.0,1194.0,1283.0,1346.0,1658.0,1181.0,893.0,583.0,1224.0,1347.15,1485.75,35.753787678150296,122.92671115667858,237.19952446575851,1134.0
2020-11-11,1141.0,1613.0,1165.0,882.0,584.0,1200.0,1207.0,1196.0,1284.0,1401.0,1725.0,1170.0,888.0,583.0,1203.571428571429,1322.35,1478.3333333333333,36.600806652585504,110.80864254725734,240.9393809877019,1148.0
2020-11-12,1124.0,1550.0,1177.0,884.0,585.0,1141.0,1200.0,1207.0,1263.0,1415.0,1869.0,1165.0,882.0,584.0,1183.7142857142858,1300.5,1470.9333333333334,36.691117388803775,104.15903831720892,244.92412292116765,1169.0
2020-11-13,,1507.0,1198.0,884.0,586.0,1124.0,1141.0,1200.0,1224.0,1402.0,2020.0,1177.0,884.0,585.0,,,,,,,1178.0
2020-11-16,1111.0,1481.0,1214.0,884.0,585.0,,1124.0,1141.0,1194.0,1413.0,2071.0,1198.0,884.0,586.0,,,,,,,1197.0
2020-11-17,1112.0,1450.0,1252.0,888.0,588.0,1111.0,,1124.0,1196.0,1384.0,2097.0,1214.0,884.0,585.0,,,,,,,1219.0
2020-11-18,1115.0,1414.0,1291.0,900.0,593.0,1112.0,1111.0,,1207.0,1297.0,2044.0,1252.0,888.0,588.0,,,,,,,1230.0
2020-11-19,1134.0,1430.0,1326.0,915.0,598.0,1115.0,1112.0,1111.0,1200.0,1283.0,1970.0,1291.0,900.0,593.0,,,,,,,1227.0
2020-11-20,1148.0,1435.0,1353.0,930.0,602.0,1134.0,1115.0,1112.0,1141.0,1284.0,1892.0,1326.0,915.0,598.0,,,,,,,1211.0
2020-11-23,1169.0,1450.0,1384.0,952.0,606.0,1148.0,1134.0,1115.0,1124.0,1263.0,1807.0,1353.0,930.0,602.0,,,,,,,1201.0
2020-11-24,1178.0,1447.0,1398.0,973.0,613.0,1169.0,1148.0,1134.0,,1224.0,1732.0,1384.0,952.0,606.0,1138.142857142857,,,27.72140311162179,,,1189.0
2020-11-25,1197.0,1469.0,1413.0,995.0,625.0,1178.0,1169.0,1148.0,1111.0,1194.0,1637.0,1398.0,973.0,613.0,1150.428571428571,,,32.356643536579,,,1197.0
2020-11-26,1219.0,1509.0,1426.0,1011.0,641.0,1197.0,1178.0,1169.0,1112.0,1196.0,1561.0,1413.0,995.0,625.0,1165.7142857142858,,,36.22022586767845,,,1162.0
2020-11-27,1230.0,1533.0,1429.0,1018.0,649.0,1219.0,1197.0,1178.0,1115.0,1207.0,1477.0,1426.0,1011.0,641.0,1182.142857142857,,,35.45621041712944,,,1121.0
2020-11-30,1227.0,1522.0,1427.0,1022.0,654.0,1230.0,1219.0,1197.0,1134.0,1200.0,1409.0,1429.0,1018.0,649.0,1195.428571428571,,,31.62729381857752,,,1122.0
2020-12-01,1211.0,1487.0,1410.0,1020.0,658.0,1227.0,1230.0,1219.0,1148.0,1141.0,1350.0,1427.0,1022.0,654.0,1204.428571428571,,,23.90158392840617,,,1161.0
2020-12-02,1201.0,1486.0,1379.0,1019.0,660.0,1211.0,1227.0,1230.0,1169.0,1124.0,1346.0,1410.0,1020.0,658.0,1209.0,,,18.43004792906418,,,1211.0
2020-12-03,1189.0,1480.0,1345.0,1015.0,663.0,1201.0,1211.0,1227.0,1178.0,,1401.0,1379.0,1019.0,660.0,1210.571428571429,,,15.597618865924776,,,1235.0
2020-12-04,1197.0,1520.0,1331.0,1011.0,664.0,1189.0,1201.0,1211.0,1197.0,1111.0,1415.0,1345.0,1015.0,663.0,1210.571428571429,,,15.597618865924776,,,1273.0
2020-12-07,1162.0,1419.0,1325.0,1011.0,664.0,1197.0,1189.0,1201.0,1219.0,1112.0,1402.0,1331.0,1011.0,664.0,1202.428571428571,,,23.39413846002102,,,1296.0
2020-12-08,1121.0,1279.0,1344.0,1012.0,663.0,1162.0,1197.0,1189.0,1230.0,1115.0,1413.0,1325.0,1011.0,664.0,1186.857142857143,,,35.25350370970814,,,1301.0
2020-12-09,1122.0,1241.0,1388.0,1017.0,663.0,1121.0,1162.0,1197.0,1227.0,1134.0,1384.0,1344.0,1012.0,663.0,1171.857142857143,,,37.5873585638891,,,1325.0
2020-12-10,1161.0,1320.0,1427.0,1023.0,666.0,1122.0,1121.0,1162.0,1211.0,1148.0,1297.0,1388.0,1017.0,663.0,1164.7142857142858,,,33.430097645269505,,,1323.0
2020-12-11,1211.0,1434.0,1465.0,1031.0,668.0,1161.0,1122.0,1121.0,1201.0,1169.0,1283.0,1427.0,1023.0,666.0,1166.142857142857,1170.75,,35.395049425171784,41.00433224874506,,1330.0
2020-12-14,1235.0,1481.0,1485.0,1038.0,670.0,1211.0,1161.0,1122.0,1189.0,1178.0,1284.0,1465.0,1031.0,668.0,1172.7142857142858,1176.95,,43.652851322362416,40.86882095587523,,1362.0
2020-12-15,1273.0,1583.0,1491.0,1046.0,674.0,1235.0,1211.0,1161.0,1197.0,1197.0,1263.0,1485.0,1038.0,670.0,1183.571428571429,1185.0,,57.844207842732736,43.19234825030982,,1366.0
2020-12-16,1296.0,1667.0,1466.0,1054.0,675.0,1273.0,1235.0,1211.0,1162.0,1219.0,1224.0,1491.0,1046.0,674.0,1202.7142857142858,1194.05,,70.33897517431122,46.58266562627941,,1374.0
2020-12-17,1301.0,1705.0,1433.0,1057.0,676.0,1296.0,1273.0,1235.0,1121.0,1230.0,1194.0,1466.0,1054.0,675.0,1228.428571428571,1202.4,,68.36143440776188,50.0877125388662,,1418.0
2020-12-18,1325.0,1802.0,1402.0,1057.0,678.0,1301.0,1296.0,1273.0,1122.0,1227.0,1196.0,1433.0,1057.0,676.0,1257.428571428571,1211.25,,57.95359391461541,55.33236894114764,,1425.0
2020-12-21,1323.0,1819.0,1377.0,1054.0,678.0,1325.0,1301.0,1296.0,1161.0,1211.0,1207.0,1402.0,1057.0,678.0,1280.571428571429,1218.95,,43.59608982030629,59.68732123154126,,1448.0
2020-12-22,1330.0,1865.0,1352.0,1048.0,678.0,1323.0,1325.0,1301.0,1211.0,1201.0,1200.0,1377.0,1054.0,678.0,1297.571428571429,1226.55,,34.11674634184212,63.73834258746626,,1606.0
2020-12-23,1362.0,1979.0,1333.0,1047.0,677.0,1330.0,1323.0,1325.0,1235.0,1189.0,1141.0,1352.0,1048.0,678.0,1315.7142857142858,1234.8,,28.622335600704595,70.07559827566209,,1761.0
2020-12-24,1366.0,2006.0,1325.0,1039.0,677.0,1362.0,1330.0,1323.0,1273.0,1197.0,1124.0,1333.0,1047.0,677.0,1329.0,1242.15,,27.030846576975097,75.80603711556012,,1849.0
2021-01-04,1374.0,2008.0,1364.0,1028.0,669.0,1366.0,1362.0,1330.0,1296.0,1162.0,,1325.0,1039.0,677.0,1340.142857142857,1249.35,,27.236180418899668,81.23537925136476,,1856.0
2021-01-05,1418.0,2099.0,1422.0,1022.0,666.0,1374.0,1366.0,1362.0,1301.0,1121.0,1111.0,1364.0,1028.0,669.0,1356.857142857143,1258.9,,34.217094029313735,89.29660805727248,,1792.0
2021-01-06,1425.0,2087.0,1463.0,1022.0,662.0,1418.0,1374.0,1366.0,1325.0,1122.0,1112.0,1422.0,1022.0,666.0,1371.142857142857,1269.6,,39.21066424427928,95.83670322073051,,1754.0
2021-01-07,1448.0,2122.0,1504.0,1023.0,661.0,1425.0,1418.0,1374.0,1323.0,1161.0,1115.0,1463.0,1022.0,662.0,1389.0,1281.95,,41.99603155856664,102.23269381278384,,1740.0
2021-01-08,1606.0,2548.0,1559.0,1029.0,656.0,1448.0,1425.0,1418.0,1330.0,1211.0,1134.0,1504.0,1023.0,661.0,1428.428571428571,1302.8,,84.95853330274679,122.74346375569158,,1766.0
2021-01-11,1761.0,2955.0,1620.0,1039.0,652.0,1606.0,1448.0,1425.0,1362.0,1235.0,1148.0,1559.0,1029.0,656.0,1485.428571428571,1331.0,,145.34769479064354,157.1291791723498,,1828.0
2021-01-12,1849.0,3186.0,1645.0,1055.0,650.0,1761.0,1606.0,1448.0,1366.0,1273.0,1169.0,1620.0,1039.0,652.0,1554.428571428571,1365.35,,187.6831169310501,189.9122442769919,,1837.0
2021-01-13,1856.0,3194.0,1645.0,1067.0,650.0,1849.0,1761.0,1606.0,1374.0,1296.0,1178.0,1645.0,1055.0,650.0,1623.2857142857142,1402.1,,198.55789607880143,210.173587403635,,1810.0
2021-01-14,1792.0,3012.0,1618.0,1080.0,651.0,1856.0,1849.0,1761.0,1418.0,1301.0,1197.0,1645.0,1067.0,650.0,1676.7142857142858,1435.6,,183.88920059438027,216.4798276733467,,1765.0
2021-01-15,1754.0,2893.0,1616.0,1086.0,653.0,1792.0,1856.0,1849.0,1425.0,1325.0,1219.0,1618.0,1080.0,651.0,1723.7142857142858,1465.25,,147.21946688048317,217.4974591503321,,1659.0
2021-01-18,1740.0,2839.0,1618.0,1096.0,654.0,1754.0,1792.0,1856.0,1448.0,1323.0,1230.0,1616.0,1086.0,653.0,1765.428571428571,1491.7,,83.7732199509768,217.11629190490208,,1540.0
2021-01-19,1766.0,2912.0,1612.0,1104.0,656.0,1740.0,1754.0,1792.0,1606.0,1330.0,1227.0,1618.0,1096.0,654.0,1788.2857142857142,1518.25,,46.60727513211327,216.5395004685433,,1470.0
2021-01-20,1828.0,3082.0,1617.0,1119.0,660.0,1766.0,1740.0,1754.0,1761.0,1362.0,1211.0,1612.0,1104.0,656.0,1797.857142857143,1546.0,,46.94829983231863,219.00420567941515,,1452.0
2021-01-21,1837.0,3077.0,1639.0,1133.0,666.0,1828.0,1766.0,1740.0,1849.0,1366.0,1201.0,1617.0,1119.0,660.0,1796.142857142857,1573.05,,44.94599934527303,219.9091858017952,,1444.0
2021-01-22,1810.0,2970.0,1659.0,1142.0,670.0,1837.0,1828.0,1766.0,1856.0,1374.0,1189.0,1639.0,1133.0,666.0,1789.571428571429,1598.5,,37.47824765942852,216.18960976057468,,1380.0
2021-01-25,1765.0,2817.0,1665.0,1152.0,677.0,1810.0,1837.0,1828.0,1792.0,1418.0,1197.0,1659.0,1142.0,670.0,1785.7142857142858,1620.5,,38.56040406825589,209.16639057787697,,1327.0
2021-01-26,1659.0,2497.0,1660.0,1158.0,683.0,1765.0,1810.0,1837.0,1754.0,1425.0,1162.0,1665.0,1152.0,677.0,1772.142857142857,1637.3,,61.48557709315715,197.1630636915016,,1327.0
2021-01-27,1540.0,2145.0,1645.0,1163.0,689.0,1659.0,1765.0,1810.0,1740.0,1448.0,1121.0,1660.0,1158.0,683.0,1743.571428571429,1647.8,,107.87779682409804,185.16297231303585,,1333.0
2021-01-28,1470.0,1945.0,1631.0,1166.0,697.0,1540.0,1659.0,1765.0,1766.0,1606.0,1122.0,1645.0,1163.0,689.0,1701.2857142857142,1653.2,,148.12575095249423,177.81853553259288,,1317.0
2021-01-29,1452.0,1890.0,1633.0,1165.0,701.0,1470.0,1540.0,1659.0,1828.0,1761.0,1161.0,1631.0,1166.0,697.0,1647.571428571429,1657.5,,162.03791443451703,171.43312337317522,,1306.0
2021-02-01,1444.0,1871.0,1630.0,1162.0,703.0,1452.0,1470.0,1540.0,1837.0,1849.0,1211.0,1633.0,1165.0,701.0,1591.428571428571,1661.0,,153.3143362973201,165.9679740825358,,1303.0
2021-02-02,1380.0,1694.0,1624.0,1149.0,706.0,1444.0,1452.0,1470.0,1810.0,1856.0,1235.0,1630.0,1162.0,703.0,1530.0,1659.1,,136.3488173766166,169.08450083038738,,1313.0
2021-02-03,1327.0,1544.0,1623.0,1141.0,709.0,1380.0,1444.0,1452.0,1765.0,1792.0,1273.0,1624.0,1149.0,706.0,1467.428571428571,1654.2,,108.10775048204252,177.4392705599601,,1339.0
2021-02-04,1327.0,1540.0,1629.0,1139.0,712.0,1327.0,1380.0,1444.0,1659.0,1754.0,1296.0,1623.0,1141.0,709.0,1420.0,1648.15,,78.94935085231408,186.66301609841187,,1364.0
2021-02-05,1333.0,1527.0,1662.0,1144.0,719.0,1327.0,1327.0,1380.0,1540.0,1740.0,1301.0,1629.0,1139.0,712.0,1390.428571428571,1634.5,,63.83013171134342,199.45122078767224,,1495.0
2021-02-08,1317.0,1454.0,1689.0,1149.0,725.0,1333.0,1327.0,1327.0,1470.0,1766.0,1325.0,1662.0,1144.0,719.0,1368.571428571429,1612.3,,57.9679714522374,209.10614277772171,,1756.0
2021-02-09,1306.0,1370.0,1740.0,1156.0,733.0,1317.0,1333.0,1327.0,1452.0,1828.0,1323.0,1689.0,1149.0,725.0,1347.7142857142858,1585.15,,48.427658370395626,211.9871582506034,,1770.0
2021-02-10,1303.0,1296.0,1797.0,1175.0,741.0,1306.0,1317.0,1333.0,1444.0,1837.0,1330.0,1740.0,1156.0,733.0,1327.571428571429,1557.5,,25.68953835618682,210.86176564407003,,1698.0
2021-02-11,1313.0,1243.0,1871.0,1197.0,749.0,1303.0,1306.0,1317.0,1380.0,1810.0,1362.0,1797.0,1175.0,741.0,1318.0,1533.55,,11.416362526432298,210.02618257833805,,1709.0
2021-02-12,1339.0,1242.0,1944.0,1217.0,751.0,1313.0,1303.0,1306.0,1327.0,1765.0,1366.0,1871.0,1197.0,749.0,1319.7142857142858,1512.8,,13.671311638111414,207.5862788285946,,1727.0
2021-02-15,1364.0,1261.0,1997.0,1232.0,758.0,1339.0,1313.0,1303.0,1327.0,1659.0,1374.0,1944.0,1217.0,751.0,1325.0,1494.0,1385.4833333333331,21.73323108364116,202.9002866331088,228.9683192997286,1709.0
2021-02-16,1495.0,1485.0,2172.0,1262.0,771.0,1364.0,1339.0,1313.0,1333.0,1540.0,1418.0,1997.0,1232.0,758.0,1348.142857142857,1480.45,1391.8833333333334,68.21639238832456,192.5653614258308,226.51965841781143,1700.0
2021-02-17,1756.0,1912.0,2518.0,1340.0,800.0,1495.0,1364.0,1339.0,1317.0,1470.0,1425.0,2172.0,1262.0,771.0,1410.857142857143,1476.85,1402.6166666666666,166.21615301712222,186.29695451929987,228.28365433416917,1675.0
2021-02-18,1770.0,1892.0,2471.0,1441.0,844.0,1756.0,1495.0,1364.0,1306.0,1452.0,1448.0,2518.0,1340.0,800.0,1477.142857142857,1473.5,1413.5333333333333,205.34477395463043,179.97499826367044,229.9516873847145,1651.0
2021-02-19,1698.0,1715.0,2332.0,1513.0,901.0,1770.0,1756.0,1495.0,1303.0,1444.0,1606.0,2471.0,1441.0,844.0,1533.571428571429,1467.9,1422.9333333333334,203.7816291547269,170.4436625553186,229.8588267306533,1673.0
2021-02-22,1709.0,1673.0,2321.0,1598.0,945.0,1698.0,1770.0,1756.0,1313.0,1380.0,1761.0,2332.0,1513.0,901.0,1590.142857142857,1465.1,1432.2833333333333,186.5845907994868,165.70007781978208,229.89570897616449,1763.0
2021-02-23,1727.0,1594.0,2306.0,1744.0,978.0,1709.0,1698.0,1770.0,1339.0,1327.0,1849.0,2321.0,1598.0,945.0,1645.571428571429,1468.5,1441.5833333333333,154.39867998449645,170.51578102614295,230.350528150496,1779.0
2021-02-24,1709.0,1485.0,2276.0,1822.0,1018.0,1727.0,1709.0,1698.0,1364.0,1327.0,1856.0,2306.0,1744.0,978.0,1694.857142857143,1476.95,1450.4333333333334,91.98809446777464,178.25719886550615,230.2525044797825,1829.0
2021-02-25,1700.0,1471.0,2208.0,1866.0,1050.0,1709.0,1727.0,1709.0,1495.0,1333.0,1792.0,2276.0,1822.0,1018.0,1724.142857142857,1488.45,1458.8166666666666,28.43371573465156,185.0739468144609,230.0256059192848,1853.0
2021-02-26,1675.0,1439.0,2140.0,1878.0,1070.0,1700.0,1709.0,1727.0,1756.0,1317.0,1754.0,2208.0,1866.0,1050.0,1712.571428571429,1499.6,1466.4166666666667,29.759352271543072,189.42861452274903,229.50028925551368,1901.0
2021-03-01,1651.0,1408.0,2086.0,1879.0,1079.0,1675.0,1700.0,1709.0,1770.0,1306.0,1740.0,2140.0,1878.0,1070.0,1695.571428571429,1509.95,1473.4333333333334,25.112129491975534,191.8701520903295,228.58358013502925,1980.0
2021-03-02,1673.0,1465.0,2100.0,1879.0,1087.0,1651.0,1675.0,1700.0,1698.0,1303.0,1766.0,2086.0,1879.0,1079.0,1692.0,1524.6,1480.8666666666666,26.451212952705127,192.6101598675907,227.6839518299577,1970.0
2021-03-03,1763.0,1677.0,2161.0,1889.0,1091.0,1673.0,1651.0,1675.0,1709.0,1313.0,1828.0,2100.0,1879.0,1087.0,1699.7142857142858,1546.4,1490.0666666666666,37.71257211117808,193.7386736927321,227.7469504654893,1960.0
2021-03-04,1779.0,1673.0,2212.0,1900.0,1099.0,1763.0,1673.0,1651.0,1727.0,1339.0,1837.0,2161.0,1889.0,1091.0,1707.142857142857,1569.0,1499.7,47.76480074781979,193.16069121740952,227.53679531087084,1983.0
2021-03-05,1829.0,1784.0,2241.0,1917.0,1131.0,1779.0,1763.0,1673.0,1709.0,1364.0,1810.0,2212.0,1900.0,1099.0,1724.2857142857142,1593.8,1510.3666666666666,66.42969789113566,193.1066244877715,227.72582136752968,2017.0
2021-03-08,1853.0,1825.0,2258.0,1933.0,1155.0,1829.0,1779.0,1763.0,1700.0,1495.0,1765.0,2241.0,1917.0,1131.0,1746.142857142857,1620.6,1521.3,80.73708064129552,189.8357739011281,228.17294214131837,2105.0
2021-03-09,1901.0,1950.0,2238.0,1969.0,1181.0,1853.0,1829.0,1779.0,1675.0,1756.0,1659.0,2258.0,1933.0,1155.0,1778.428571428571,1650.35,1533.6166666666666,91.95444006475174,184.48570761931185,228.39469937055543,2215.0
2021-03-10,1980.0,2157.0,2218.0,2017.0,1222.0,1901.0,1853.0,1829.0,1651.0,1770.0,1540.0,2238.0,1969.0,1181.0,1825.4285714285716,1684.2,1547.9333333333334,99.71936813355524,179.43848088150287,229.01379328356057,2281.0
2021-03-11,1970.0,2092.0,2217.0,2051.0,1259.0,1980.0,1901.0,1853.0,1673.0,1698.0,1470.0,2218.0,2017.0,1222.0,1867.857142857143,1717.05,1562.0666666666666,86.34123883644939,167.6580087402501,228.44825595683227,2319.0
2021-03-12,1960.0,2019.0,2242.0,2077.0,1283.0,1970.0,1980.0,1901.0,1763.0,1709.0,1452.0,2217.0,2051.0,1259.0,1896.0,1748.1,1575.3833333333334,78.18780808627837,150.59457598399254,227.96015795708635,2271.0
2021-03-15,1983.0,2056.0,2272.0,2083.0,1296.0,1960.0,1970.0,1980.0,1779.0,1727.0,1444.0,2242.0,2077.0,1283.0,1925.142857142857,1779.05,1588.25,64.05057525486907,129.65195311825252,228.83001055109412,2194.0
2021-03-16,2017.0,2083.0,2372.0,2079.0,1307.0,1983.0,1960.0,1970.0,1829.0,1709.0,1380.0,2272.0,2083.0,1296.0,1952.0,1805.15,1601.2833333333333,55.91660457029027,121.762181925989,230.63200504572745,2172.0
2021-03-17,2105.0,2162.0,2583.0,2091.0,1327.0,2017.0,1983.0,1960.0,1853.0,1700.0,1327.0,2372.0,2079.0,1307.0,1988.0,1822.6,1615.15,62.31104770961824,138.24059880477955,235.51960766191016,2178.0
2021-03-18,2215.0,2276.0,2822.0,2114.0,1357.0,2105.0,2017.0,1983.0,1901.0,1675.0,1327.0,2583.0,2091.0,1327.0,2032.857142857143,1844.85,1630.4666666666667,94.13718459680702,162.93501287649008,244.1376012857941,2162.0
2021-03-19,2281.0,2344.0,2975.0,2122.0,1360.0,2215.0,2105.0,2017.0,1980.0,1651.0,1333.0,2822.0,2114.0,1357.0,2075.8571428571427,1874.0,1646.8,128.45807172178831,185.82334565248564,254.2928246686588,2103.0
2021-03-22,2319.0,2382.0,3058.0,2133.0,1356.0,2281.0,2215.0,2105.0,1970.0,1673.0,1317.0,2975.0,2122.0,1360.0,2125.714285714286,1904.5,1663.3666666666666,146.9248269078743,206.2536762033056,265.12088491067243,2046.0
2021-03-23,2271.0,2305.0,2983.0,2126.0,1346.0,2319.0,2281.0,2215.0,1960.0,1763.0,1306.0,3058.0,2133.0,1356.0,2170.1428571428573,1931.7,1679.1666666666667,135.00052909950784,217.1938498693329,272.6345518639466,2072.0
2021-03-24,2194.0,2215.0,2858.0,2084.0,1319.0,2271.0,2319.0,2281.0,1983.0,1779.0,1303.0,2983.0,2126.0,1346.0,2200.285714285714,1955.95,1693.5666666666666,106.8779900723675,218.09401039100285,276.6672336799004,2092.0
2021-03-25,2172.0,2230.0,2834.0,2021.0,1288.0,2194.0,2271.0,2319.0,2017.0,1829.0,1313.0,2858.0,2084.0,1319.0,2222.428571428572,1979.55,1707.0666666666666,73.3845059552092,214.44701836169327,279.9566471684201,2127.0
2021-03-26,2178.0,2293.0,2827.0,1983.0,1272.0,2172.0,2194.0,2271.0,2105.0,1853.0,1339.0,2834.0,2021.0,1288.0,2232.8571428571427,2004.7,1720.6,57.35104931165008,206.18645113486224,282.8016733342921,2088.0
2021-03-29,2162.0,2289.0,2812.0,1951.0,1245.0,2178.0,2172.0,2194.0,2215.0,1901.0,1364.0,2827.0,1983.0,1272.0,2225.285714285714,2030.25,1733.7333333333331,63.29221723015555,191.16371462566784,284.7235868416107,2085.0
2021-03-30,2103.0,2217.0,2723.0,1916.0,1201.0,2162.0,2178.0,2172.0,2281.0,1980.0,1495.0,2812.0,1951.0,1245.0,2199.8571428571427,2051.75,1745.15,72.29437177595872,172.0996880636021,285.5809912132985,2145.0
2021-03-31,2046.0,2210.0,2576.0,1871.0,1167.0,2103.0,2162.0,2178.0,2319.0,1970.0,1756.0,2723.0,1916.0,1201.0,2160.8571428571427,2065.9,1755.5,70.9328992110177,158.18040999211442,285.0340746802223,2140.0
2021-04-01,2072.0,2394.0,2484.0,1840.0,1137.0,2046.0,2103.0,2162.0,2271.0,1960.0,1770.0,2576.0,1871.0,1167.0,2132.428571428572,2080.55,1765.9,58.16028754763122,143.0555560098015,285.00809979568885,2178.0
2021-04-06,2092.0,2528.0,2431.0,1809.0,1110.0,2072.0,2046.0,2103.0,2194.0,1983.0,1698.0,2484.0,1840.0,1137.0,2117.8571428571427,2093.7,1774.0,52.68278837039886,130.22818031201533,287.2837137802741,2323.0
2021-04-07,2127.0,2709.0,2358.0,1792.0,1090.0,2092.0,2072.0,2046.0,2172.0,2017.0,1709.0,2431.0,1809.0,1110.0,2111.428571428572,2107.4,1780.1,47.46176405932535,117.3494107805264,290.8663680589303,2385.0
2021-04-08,2088.0,2758.0,2160.0,1786.0,1068.0,2127.0,2092.0,2072.0,2178.0,2105.0,1727.0,2358.0,1792.0,1090.0,2098.5714285714284,2116.75,1784.0833333333333,37.58482469858059,107.03510245664826,293.4509627077762,2432.0
2021-04-09,2085.0,2883.0,2003.0,1780.0,1049.0,2088.0,2127.0,2092.0,2162.0,2215.0,1709.0,2160.0,1786.0,1068.0,2087.5714285714284,2122.0,1787.9,25.13203230188528,102.45152897582427,295.88131495984874,2472.0
2021-04-12,2145.0,3132.0,1928.0,1774.0,1032.0,2085.0,2088.0,2127.0,2103.0,2281.0,1700.0,2003.0,1780.0,1049.0,2093.5714285714284,2130.75,1793.7833333333333,33.16050433306195,96.0602195993961,299.452216932827,2710.0
2021-04-13,2140.0,3142.0,1898.0,1774.0,1015.0,2145.0,2085.0,2088.0,2046.0,2319.0,1675.0,1928.0,1774.0,1032.0,2107.0,2139.75,1800.2166666666667,29.518355871175192,87.24851077003842,302.7116484220446,2750.0
2021-04-14,2178.0,3151.0,2017.0,1783.0,1004.0,2140.0,2145.0,2085.0,2072.0,2271.0,1651.0,1898.0,1774.0,1015.0,2122.1428571428573,2149.5,1807.5166666666669,35.21092903934211,79.34766935196998,306.4925409918025,2788.0
2021-04-15,2323.0,3383.0,2234.0,1811.0,999.0,2178.0,2140.0,2145.0,2092.0,2194.0,1673.0,2017.0,1783.0,1004.0,2155.1428571428573,2164.8,1816.8,80.88145352189038,81.91433265764618,313.5675419902804,2808.0
2021-04-16,2385.0,3439.0,2347.0,1849.0,1006.0,2323.0,2178.0,2140.0,2127.0,2172.0,1763.0,2234.0,1811.0,999.0,2192.0,2178.8,1826.0833333333333,116.75044610908778,94.1670408314826,322.0355434465789,2889.0
2021-04-19,2432.0,3476.0,2441.0,1878.0,1014.0,2385.0,2323.0,2178.0,2088.0,2178.0,1779.0,2347.0,1849.0,1006.0,2241.1428571428573,2189.65,1836.0,136.42021914100832,109.76687018169224,331.4023106820758,2957.0
2021-04-20,2472.0,3455.0,2557.0,1925.0,1025.0,2432.0,2385.0,2323.0,2085.0,2162.0,1829.0,2441.0,1878.0,1014.0,2296.428571428572,2199.2,1847.0333333333333,140.93835194021466,125.33727130809176,341.3914184114283,3007.0
2021-04-21,2710.0,4014.0,2690.0,1977.0,1043.0,2472.0,2432.0,2385.0,2145.0,2103.0,1853.0,2557.0,1925.0,1025.0,2377.1428571428573,2218.75,1862.7833333333333,192.21899712866036,168.17906340692934,358.8927459664509,3053.0
2021-04-22,2750.0,4077.0,2686.0,2037.0,1071.0,2710.0,2472.0,2432.0,2140.0,2046.0,1901.0,2690.0,1977.0,1043.0,2464.285714285714,2242.7,1880.9666666666667,204.6612764917768,205.890134218306,375.6401075437429,3157.0
2021-04-23,2788.0,4192.0,2630.0,2085.0,1092.0,2750.0,2710.0,2472.0,2178.0,2072.0,1980.0,2686.0,2037.0,1071.0,2551.428571428572,2272.4,1901.7666666666669,191.91652451250312,238.72058099268432,390.6907557988297,3266.0
2021-04-26,2808.0,4262.0,2586.0,2108.0,1104.0,2788.0,2750.0,2710.0,2323.0,2092.0,1970.0,2630.0,2085.0,1092.0,2620.714285714286,2304.2,1924.0666666666664,183.04709256157085,265.50103577954485,403.600652880596,3212.0
2021-04-27,2889.0,4516.0,2550.0,2129.0,1113.0,2808.0,2788.0,2750.0,2385.0,2127.0,1960.0,2586.0,2108.0,1104.0,2692.714285714286,2339.75,1948.0166666666669,173.76489316097388,293.8056778140966,417.5097478478984,3183.0
2021-04-28,2957.0,4680.0,2584.0,2140.0,1117.0,2889.0,2808.0,2788.0,2432.0,2088.0,1983.0,2550.0,2129.0,1113.0,2767.714285714286,2379.5,1973.2333333333331,154.73925841636,321.0111491751466,431.9920497803623,3240.0
2021-04-29,3007.0,4774.0,2643.0,2151.0,1141.0,2957.0,2889.0,2808.0,2472.0,2085.0,2017.0,2584.0,2140.0,1117.0,2844.1428571428573,2424.7,2000.35,109.99004283941744,342.92535630952034,444.9917091210046,3254.0
2021-04-30,3053.0,4896.0,2672.0,2144.0,1145.0,3007.0,2957.0,2889.0,2710.0,2145.0,2105.0,2643.0,2151.0,1141.0,2893.1428571428573,2475.05,2029.1166666666663,116.48094060324703,357.99168984769966,456.3684985810991,3139.0
2021-05-04,3157.0,5180.0,2724.0,2130.0,1156.0,3053.0,3007.0,2957.0,2750.0,2140.0,2215.0,2672.0,2144.0,1145.0,2951.285714285714,2529.3,2059.616666666667,133.46249696167854,375.48202003349337,469.60853122453057,3077.0
2021-05-05,3266.0,5404.0,2848.0,2135.0,1166.0,3157.0,3053.0,3007.0,2788.0,2178.0,2281.0,2724.0,2130.0,1156.0,3019.5714285714284,2588.0,2091.833333333333,156.32003192476876,394.7904174169154,484.9691993248392,2939.0
2021-05-06,3212.0,5167.0,2909.0,2160.0,1177.0,3266.0,3157.0,3053.0,2808.0,2323.0,2319.0,2848.0,2135.0,1166.0,3077.285714285714,2642.25,2123.4166666666665,138.7836617254115,402.5787762073945,495.2497843210496,2856.0
2021-05-07,3183.0,5006.0,2955.0,2196.0,1189.0,3212.0,3266.0,3157.0,2889.0,2385.0,2271.0,2909.0,2160.0,1177.0,3119.285714285714,2697.0,2154.7,114.7035516534415,397.6635711119208,501.9773882408188,2795.0
2021-05-10,3240.0,5109.0,3014.0,2216.0,1203.0,3183.0,3212.0,3266.0,2957.0,2432.0,2194.0,2955.0,2196.0,1189.0,3159.714285714286,2754.75,2186.983333333333,96.38069358148088,387.85467639312026,508.5180693310185,2801.0
2021-05-11,3254.0,5068.0,3082.0,2245.0,1223.0,3240.0,3183.0,3212.0,3007.0,2472.0,2172.0,3014.0,2216.0,1203.0,3195.0,2810.2,2219.333333333333,73.69758024075671,375.1599799103417,513.6894355135015,2824.0
2021-05-12,3139.0,4709.0,3067.0,2269.0,1241.0,3254.0,3240.0,3183.0,3053.0,2710.0,2178.0,3082.0,2245.0,1223.0,3207.285714285714,2860.15,2249.333333333333,49.16541564196946,346.652909224337,513.9665182878075,2869.0
2021-05-13,3077.0,4549.0,3017.0,2283.0,1259.0,3139.0,3254.0,3240.0,3157.0,2750.0,2162.0,3067.0,2269.0,1241.0,3195.8571428571427,2905.1,2277.883333333333,68.35551324132993,309.879586121366,511.52553796334274,2881.0
2021-05-14,2939.0,4165.0,2961.0,2297.0,1269.0,3077.0,3139.0,3254.0,3266.0,2788.0,2103.0,3017.0,2283.0,1259.0,3149.1428571428573,2935.9,2301.95,110.91652803115194,277.94526155533737,508.0247700153396,2809.0
2021-05-17,2856.0,3943.0,2909.0,2310.0,1278.0,2939.0,3077.0,3139.0,3212.0,2808.0,2046.0,2961.0,2297.0,1269.0,3098.285714285714,2959.45,2320.2833333333333,151.48785901378437,247.04772072577745,507.836958076789,2754.0
2021-05-18,2795.0,3790.0,2854.0,2324.0,1289.0,2856.0,2939.0,3077.0,3183.0,2889.0,2072.0,2909.0,2310.0,1278.0,3042.8571428571427,2977.6,2337.366666666667,183.025889399518,217.8689610994154,506.2497195367706,2688.0
2021-05-19,2801.0,3785.0,2857.0,2344.0,1298.0,2795.0,2856.0,2939.0,3240.0,2957.0,2092.0,2854.0,2324.0,1289.0,2980.1428571428573,2994.05,2355.75,179.39196244671655,188.06703032362992,502.6527468325327,2596.0
2021-05-20,2824.0,3814.0,2870.0,2374.0,1310.0,2801.0,2795.0,2856.0,3254.0,3007.0,2127.0,2857.0,2344.0,1298.0,2918.714285714286,2999.75,2374.333333333333,139.07877178747407,180.5835205514311,498.9341068095444,2568.0
2021-05-21,2869.0,3930.0,2855.0,2408.0,1317.0,2824.0,2801.0,2795.0,3139.0,3053.0,2088.0,2870.0,2374.0,1310.0,2880.1428571428573,3005.7,2393.366666666667,99.65679199373938,173.75272811190072,495.5924024624625,2530.0
2021-05-24,2881.0,3958.0,2840.0,2428.0,1320.0,2869.0,2824.0,2801.0,3077.0,3157.0,2085.0,2855.0,2408.0,1317.0,2852.1428571428573,3010.35,2412.9,50.57808672883849,168.79363763268884,491.2390663810921,2472.0
2021-05-25,2809.0,3745.0,2809.0,2450.0,1327.0,2881.0,2869.0,2824.0,2939.0,3266.0,2145.0,2840.0,2428.0,1320.0,2833.5714285714284,3010.4,2431.383333333333,34.765198800322906,168.7306792058737,484.7820440424463,2438.0
2021-05-26,2754.0,3572.0,2767.0,2492.0,1335.0,2809.0,2881.0,2869.0,2856.0,3212.0,2140.0,2809.0,2450.0,1327.0,2819.0,3003.65,2449.366666666667,43.95831358617111,176.37020723470363,476.1848012817446,2428.0
2021-05-27,2688.0,3368.0,2735.0,2520.0,1341.0,2754.0,2809.0,2881.0,2795.0,3183.0,2178.0,2767.0,2492.0,1335.0,2803.714285714286,2990.2,2466.65,66.51244065519978,189.8563445844243,465.4139700946942,2420.0
2021-05-28,2596.0,3089.0,2760.0,2504.0,1343.0,2688.0,2754.0,2809.0,2801.0,3240.0,2323.0,2735.0,2520.0,1341.0,2774.428571428572,2969.65,2482.0333333333333,103.0191845287026,209.20004905909585,453.847057291784,2481.0
2021-06-01,2568.0,3018.0,2801.0,2455.0,1339.0,2596.0,2688.0,2754.0,2824.0,3254.0,2385.0,2760.0,2504.0,1343.0,2737.8571428571427,2945.4,2495.45,125.479651167626,226.43028437959185,444.023072579605,2669.0
2021-06-02,2530.0,2862.0,2855.0,2456.0,1338.0,2568.0,2596.0,2688.0,2869.0,3139.0,2432.0,2801.0,2455.0,1339.0,2689.428571428572,2914.05,2507.9666666666667,131.6939091768925,238.66613434717303,433.95551465622265,2857.0
2021-06-03,2472.0,2665.0,2896.0,2441.0,1336.0,2530.0,2568.0,2596.0,2881.0,3077.0,2472.0,2855.0,2456.0,1338.0,2631.0,2874.35,2518.6833333333334,122.97560733741255,243.03850139002063,424.7458459076452,2944.0
2021-06-04,2438.0,2524.0,2933.0,2449.0,1337.0,2472.0,2530.0,2568.0,2809.0,2939.0,2710.0,2896.0,2441.0,1336.0,2578.0,2835.65,2528.4333333333334,113.0191724148536,248.01597465530887,415.8268204826981,3025.0
2021-06-07,2428.0,2467.0,2954.0,2461.0,1336.0,2438.0,2472.0,2530.0,2754.0,2856.0,2750.0,2933.0,2449.0,1337.0,2531.428571428572,2797.9,2537.2166666666667,93.96959994748534,249.81591116999837,407.8382485810168,3176.0
2021-06-08,2420.0,2393.0,2993.0,2479.0,1336.0,2428.0,2438.0,2472.0,2688.0,2795.0,2788.0,2954.0,2461.0,1336.0,2493.1428571428573,2756.9,2544.55,71.44095130815363,240.55722593050635,401.5565656588249,3267.0
2021-06-09,2481.0,2488.0,3065.0,2508.0,1343.0,2420.0,2428.0,2438.0,2596.0,2801.0,2808.0,2993.0,2479.0,1336.0,2476.714285714286,2718.25,2553.0666666666666,55.22896065690926,217.4764052538056,394.5216312372561,3218.0
2021-06-10,2669.0,2899.0,3204.0,2552.0,1355.0,2481.0,2420.0,2428.0,2568.0,2824.0,2889.0,3065.0,2508.0,1343.0,2491.1428571428573,2694.75,2564.883333333333,87.06784437330444,193.71353646696588,387.0033982098474,3190.0
2021-06-11,2857.0,3346.0,3302.0,2592.0,1361.0,2669.0,2481.0,2420.0,2530.0,2869.0,2957.0,3204.0,2552.0,1355.0,2537.8571428571427,2683.75,2579.45,164.59589765183782,176.33158805891986,381.1343205996591,3119.0
2021-06-14,2944.0,3543.0,3343.0,2624.0,1363.0,2857.0,2669.0,2481.0,2472.0,2881.0,3007.0,3302.0,2592.0,1361.0,2605.285714285714,2684.0,2594.9,220.35555683616568,176.71565027649297,376.71108832602334,3147.0
2021-06-15,3025.0,3695.0,3407.0,2667.0,1370.0,2944.0,2857.0,2669.0,2438.0,2809.0,3053.0,3343.0,2624.0,1363.0,2689.1428571428573,2692.45,2610.233333333333,255.0460275920446,188.9874612939388,375.15286677074425,3175.0
2021-06-16,3176.0,4010.0,3519.0,2713.0,1377.0,3025.0,2944.0,2857.0,2428.0,2754.0,3157.0,3407.0,2667.0,1370.0,2796.0,2711.5,2626.25,282.6057324259479,216.99563420301837,378.492353772684,3255.0
2021-06-17,3267.0,4212.0,3558.0,2754.0,1388.0,3176.0,3025.0,2944.0,2420.0,2688.0,3266.0,3519.0,2713.0,1377.0,2917.0,2734.8,2642.6833333333334,276.0356257200761,249.67001379718383,384.603934142868,3324.0
2021-06-18,3218.0,4029.0,3544.0,2802.0,1398.0,3267.0,3176.0,3025.0,2481.0,2596.0,3212.0,3558.0,2754.0,1388.0,3022.285714285714,2754.5,2657.6666666666665,216.05687082011391,271.65487004849547,389.263523073328,3418.0
2021-06-21,3190.0,3953.0,3505.0,2825.0,1417.0,3218.0,3267.0,3176.0,2669.0,2568.0,3183.0,3544.0,2802.0,1398.0,3096.714285714286,2770.55,2672.983333333333,155.25432284452893,287.7799735178025,391.8628042371611,3383.0
2021-06-22,3119.0,3783.0,3432.0,2840.0,1435.0,3190.0,3218.0,3267.0,2857.0,2530.0,3240.0,3505.0,2825.0,1417.0,3134.1428571428573,2782.45,2688.4,113.90848457051632,297.3492497313585,390.8937260749069,3338.0
2021-06-23,3147.0,3868.0,3418.0,2852.0,1455.0,3119.0,3190.0,3218.0,2944.0,2472.0,3254.0,3432.0,2840.0,1435.0,3163.1428571428573,2799.35,2704.65,77.43261279214606,308.33974341371146,389.325310579219,3285.0
2021-06-24,3175.0,3861.0,3515.0,2864.0,1476.0,3147.0,3119.0,3190.0,3025.0,2438.0,3139.0,3418.0,2852.0,1455.0,3184.5714285714284,2820.4,2721.266666666667,47.98908606090999,319.25808731463934,387.7396412265696,3224.0
2021-06-25,3255.0,3987.0,3642.0,2877.0,1503.0,3175.0,3147.0,3119.0,3176.0,2428.0,3077.0,3515.0,2864.0,1476.0,3195.8571428571427,2848.75,2739.483333333333,54.48678301954192,331.81016687575703,386.6930851338992,3179.0
2021-06-28,3324.0,4021.0,3827.0,2899.0,1518.0,3255.0,3175.0,3147.0,3267.0,2420.0,2939.0,3642.0,2877.0,1503.0,3204.0,2885.15,2759.833333333333,69.17128498644398,342.3865582396167,384.753108892231,3241.0
2021-06-29,3418.0,4136.0,4010.0,2921.0,1533.0,3324.0,3255.0,3175.0,3218.0,2481.0,2856.0,3827.0,2899.0,1518.0,3232.5714285714284,2927.65,2782.7,106.92186733449392,353.52082868736613,382.3724912096514,3281.0
2021-06-30,3383.0,3931.0,4119.0,2930.0,1541.0,3418.0,3324.0,3255.0,3190.0,2669.0,2795.0,4010.0,2921.0,1533.0,3260.1428571428573,2970.3,2804.55,118.38416078098936,354.4751642996669,378.5103462302795,3300.0
2021-07-01,3338.0,3690.0,4237.0,2939.0,1549.0,3383.0,3418.0,3324.0,3119.0,2857.0,2801.0,4119.0,2930.0,1541.0,3291.428571428572,3013.6,2825.3166666666666,102.77622478453982,343.1129014740009,372.89297286086713,3300.0
2021-07-02,3285.0,3510.0,4269.0,2935.0,1555.0,3338.0,3383.0,3418.0,3147.0,2944.0,2824.0,4237.0,2939.0,1549.0,3311.1428571428573,3055.95,2844.616666666667,81.48502637797671,319.80873807227545,366.0419116350228,3228.0
2021-07-05,3224.0,3349.0,4241.0,2935.0,1561.0,3285.0,3338.0,3383.0,3175.0,3025.0,2869.0,4269.0,2935.0,1555.0,3318.1428571428573,3095.75,2863.55,68.98654113052017,285.2066425372687,355.46982159920657,3139.0
2021-07-06,3179.0,3293.0,4160.0,2920.0,1586.0,3224.0,3285.0,3338.0,3255.0,3176.0,2881.0,4241.0,2935.0,1561.0,3307.285714285714,3133.7,2881.7833333333333,84.75791857941509,236.9768143222641,342.6860544592948,3073.0
2021-07-07,3241.0,3499.0,4150.0,2909.0,1618.0,3179.0,3224.0,3285.0,3324.0,3267.0,2809.0,4160.0,2920.0,1586.0,3295.428571428572,3171.7,2900.05,87.78165553023557,181.1684589721096,331.7840028938189,3039.0
2021-07-08,3281.0,3649.0,4128.0,2897.0,1637.0,3241.0,3179.0,3224.0,3418.0,3218.0,2754.0,4150.0,2909.0,1618.0,3275.8571428571427,3202.3,2919.0666666666666,69.20604157503809,138.43679918444496,319.9710191678596,3059.0
2021-07-09,3300.0,3735.0,4101.0,2891.0,1651.0,3281.0,3241.0,3179.0,3383.0,3190.0,2688.0,4128.0,2897.0,1637.0,3264.0,3224.45,2937.766666666667,53.00314456089315,113.4694371093296,308.50802075477765,3053.0
2021-07-12,3300.0,3770.0,4070.0,2882.0,1652.0,3300.0,3281.0,3241.0,3338.0,3119.0,2596.0,4101.0,2891.0,1651.0,3258.5714285714284,3242.25,2954.05,45.58821902964918,93.28782568516684,301.20719964605365,3058.0
2021-07-13,3228.0,3650.0,3970.0,2865.0,1660.0,3300.0,3300.0,3281.0,3285.0,3147.0,2568.0,4070.0,2882.0,1652.0,3250.428571428572,3252.4,2968.1,45.169521962216784,78.23540724877643,293.783253436906,3103.0
2021-07-14,3139.0,3512.0,3848.0,2833.0,1660.0,3228.0,3300.0,3300.0,3224.0,3175.0,2530.0,3970.0,2865.0,1660.0,3238.285714285714,3250.55,2979.883333333333,61.8161637053565,80.54059126998467,285.991589995223,3199.0
2021-07-15,3073.0,3460.0,3708.0,2799.0,1662.0,3139.0,3228.0,3300.0,3179.0,3255.0,2472.0,3848.0,2833.0,1660.0,3223.1428571428573,3240.85,2989.9,86.72452281305469,89.62511102547776,278.32383893947514,3210.0
2021-07-16,3039.0,3442.0,3635.0,2775.0,1669.0,3073.0,3139.0,3228.0,3241.0,3324.0,2438.0,3708.0,2799.0,1662.0,3194.285714285714,3231.9,2995.383333333333,110.21753382249872,100.325732649168,275.9466966254606,3166.0
2021-07-19,3059.0,3514.0,3623.0,2774.0,1681.0,3039.0,3073.0,3139.0,3281.0,3418.0,2428.0,3635.0,2775.0,1669.0,3162.5714285714284,3225.35,3000.5333333333333,113.01158811213828,107.24309571697717,274.1671806358776,3154.0
2021-07-20,3053.0,3505.0,3600.0,2783.0,1687.0,3059.0,3039.0,3073.0,3300.0,3383.0,2420.0,3623.0,2774.0,1681.0,3127.285714285714,3222.05,3004.95,100.85751382641875,111.61422046737438,272.8165351740608,3214.0
2021-07-21,3058.0,3513.0,3577.0,2807.0,1707.0,3053.0,3059.0,3039.0,3300.0,3338.0,2481.0,3600.0,2783.0,1687.0,3092.714285714286,3217.6,3009.116666666667,67.86927209898363,116.43403372957424,271.66424264970163,3292.0
2021-07-22,3103.0,3629.0,3560.0,2842.0,1726.0,3058.0,3053.0,3059.0,3228.0,3285.0,2669.0,3577.0,2807.0,1707.0,3074.8571428571427,3214.0,3012.6833333333334,34.66231657699447,118.90730578242174,271.46523276258176,3282.0
2021-07-23,3199.0,3915.0,3528.0,2871.0,1736.0,3103.0,3058.0,3053.0,3139.0,3224.0,2857.0,3560.0,2842.0,1726.0,3083.428571428572,3211.2,3016.7166666666667,54.75964798669485,118.54983406950858,272.4199830686322,3281.0
2021-07-26,3210.0,3950.0,3513.0,2883.0,1747.0,3199.0,3103.0,3058.0,3073.0,3179.0,2944.0,3528.0,2871.0,1736.0,3103.0,3205.5,3020.1,72.13644478815515,115.54333887294408,273.5554788337688,3318.0
2021-07-27,3166.0,3844.0,3467.0,2893.0,1751.0,3210.0,3199.0,3103.0,3039.0,3241.0,3025.0,3513.0,2883.0,1747.0,3121.1428571428573,3192.9,3021.983333333333,69.27103428190074,104.34855558485116,274.17410599006746,3376.0
2021-07-28,3154.0,3841.0,3404.0,2911.0,1756.0,3166.0,3210.0,3199.0,3059.0,3281.0,3176.0,3467.0,2893.0,1751.0,3134.714285714286,3181.45,3021.9333333333334,64.18648426197666,94.4894730979538,274.1493386586555,3371.0
2021-07-29,3214.0,4056.0,3342.0,2928.0,1759.0,3154.0,3166.0,3210.0,3053.0,3300.0,3267.0,3404.0,2911.0,1756.0,3157.714285714286,3175.25,3021.0666666666666,58.63080613960451,87.48526191676342,273.445986155594,3371.0
2021-07-30,3292.0,4306.0,3304.0,2945.0,1760.0,3214.0,3154.0,3166.0,3058.0,3300.0,3218.0,3342.0,2928.0,1759.0,3191.1428571428573,3175.6,3022.4,59.00968443528286,87.96015844515817,274.5854317366572,3375.0
2021-08-02,3282.0,4272.0,3290.0,2959.0,1761.0,3292.0,3214.0,3154.0,3103.0,3228.0,3190.0,3304.0,2945.0,1760.0,3216.714285714286,3178.5,3024.05,52.917275962082094,90.55762922327112,275.8613275431531,3410.0
2021-08-03,3281.0,4246.0,3307.0,2969.0,1767.0,3282.0,3292.0,3214.0,3199.0,3139.0,3119.0,3290.0,2959.0,1761.0,3228.428571428572,3183.6,3024.733333333333,57.24175964825167,93.4144134038859,276.4554622336888,3503.0
2021-08-04,3318.0,4302.0,3358.0,2983.0,1763.0,3281.0,3282.0,3292.0,3210.0,3073.0,3147.0,3307.0,2969.0,1767.0,3243.8571428571427,3187.45,3025.8,65.4177054816622,97.4060816215049,277.47663208981163,3566.0
2021-08-05,3376.0,4414.0,3418.0,2996.0,1766.0,3318.0,3281.0,3282.0,3166.0,3039.0,3175.0,3358.0,2983.0,1763.0,3273.8571428571427,3192.2,3029.75,71.62036156349507,104.28180443804804,280.7826003228124,3606.0
2021-08-06,3371.0,4359.0,3449.0,3010.0,1766.0,3376.0,3318.0,3281.0,3154.0,3059.0,3255.0,3418.0,2996.0,1766.0,3304.8571428571427,3195.75,3034.65,56.451833662152815,109.23556149327035,284.1660904279834,3657.0
2021-08-09,3371.0,4342.0,3458.0,3022.0,1767.0,3371.0,3376.0,3318.0,3214.0,3053.0,3324.0,3449.0,3010.0,1766.0,3327.285714285714,3199.3,3041.85,44.19545333230719,113.85775983084083,287.1586005405009,3833.0
2021-08-10,3375.0,4328.0,3476.0,3032.0,1773.0,3371.0,3371.0,3376.0,3292.0,3058.0,3418.0,3458.0,3022.0,1767.0,3339.1428571428573,3206.65,3050.5,44.28479261725185,120.36666569503195,289.2744576770974,3976.0
2021-08-11,3410.0,4384.0,3516.0,3049.0,1781.0,3375.0,3371.0,3371.0,3282.0,3103.0,3383.0,3476.0,3032.0,1773.0,3357.428571428572,3220.2,3060.75,43.16965424495945,127.3985044942905,290.95865074035834,4092.0
2021-08-12,3503.0,4608.0,3550.0,3079.0,1799.0,3410.0,3375.0,3371.0,3281.0,3199.0,3338.0,3516.0,3049.0,1781.0,3389.1428571428573,3241.7,3072.45,56.99540499449716,137.15918527490825,294.4302412272289,4147.0
2021-08-13,3566.0,4766.0,3566.0,3098.0,1816.0,3503.0,3410.0,3375.0,3318.0,3210.0,3285.0,3550.0,3079.0,1799.0,3424.5714285714284,3268.05,3084.8166666666666,78.44500651813276,146.47380761010845,299.359456946408,4201.0
2021-08-16,3606.0,4852.0,3584.0,3119.0,1829.0,3566.0,3503.0,3410.0,3376.0,3166.0,3224.0,3566.0,3098.0,1816.0,3457.428571428572,3295.4,3097.1,99.934740610878,156.13502928053904,305.4130684382261,4193.0
2021-08-17,3657.0,4950.0,3617.0,3146.0,1846.0,3606.0,3566.0,3503.0,3371.0,3154.0,3179.0,3584.0,3119.0,1829.0,3498.285714285714,3325.6,3110.0333333333333,115.89897078310402,164.94668995263194,312.45620529277335,4195.0
2021-08-18,3833.0,5365.0,3707.0,3189.0,1863.0,3657.0,3606.0,3566.0,3371.0,3214.0,3241.0,3617.0,3146.0,1846.0,3564.285714285714,3364.35,3127.1,155.95695376796516,188.17049240128077,323.5053610746482,4235.0
2021-08-19,3976.0,5711.0,3754.0,3237.0,1871.0,3833.0,3657.0,3606.0,3375.0,3292.0,3281.0,3707.0,3189.0,1863.0,3650.142857142857,3408.0,3147.4666666666667,194.9422380873076,222.4812233354907,337.77002840744444,4132.0
2021-08-20,4092.0,5997.0,3785.0,3276.0,1878.0,3976.0,3833.0,3657.0,3410.0,3282.0,3300.0,3754.0,3237.0,1871.0,3747.571428571429,3452.65,3170.866666666667,223.2852115888972,264.0536777567333,353.65900778190377,4013.0
2021-08-23,4147.0,6114.0,3809.0,3303.0,1881.0,4092.0,3976.0,3833.0,3503.0,3281.0,3300.0,3785.0,3276.0,1878.0,3839.571428571429,3499.5,3196.7166666666667,237.91374987790385,299.48262404566657,367.346836140681,4001.0
2021-08-24,4201.0,6206.0,3846.0,3343.0,1888.0,4147.0,4092.0,3976.0,3566.0,3318.0,3228.0,3809.0,3303.0,1881.0,3930.285714285714,3551.25,3223.9333333333334,237.27741449321584,326.9818721838526,380.243760651103,3944.0
2021-08-25,4193.0,6109.0,3885.0,3386.0,1897.0,4201.0,4147.0,4092.0,3606.0,3376.0,3139.0,3846.0,3343.0,1888.0,4014.142857142857,3603.2,3251.65,205.1165754487528,342.70481390505694,389.3059371648896,3822.0
2021-08-26,4195.0,6043.0,3911.0,3437.0,1902.0,4193.0,4201.0,4147.0,3657.0,3371.0,3073.0,3885.0,3386.0,1897.0,4091.0,3652.25,3280.366666666667,139.1917143128429,354.0827847002285,394.3362570393284,3707.0
2021-08-27,4235.0,6162.0,3874.0,3470.0,1897.0,4195.0,4193.0,4201.0,3833.0,3371.0,3039.0,3911.0,3437.0,1902.0,4148.428571428572,3699.4,3310.3166666666666,88.81789823922935,366.1659675468076,397.5025206898313,3618.0
2021-08-31,4132.0,5919.0,3781.0,3477.0,1874.0,4235.0,4195.0,4193.0,3976.0,3375.0,3059.0,3874.0,3470.0,1897.0,4170.714285714285,3741.9,3338.7166666666667,48.978615353233,364.49444440212847,394.2548041114258,3643.0
2021-09-01,4013.0,5666.0,3706.0,3434.0,1859.0,4132.0,4235.0,4195.0,4092.0,3410.0,3053.0,3781.0,3477.0,1874.0,4159.428571428572,3778.5,3365.266666666667,73.23445715167695,352.3263289981033,384.8640026878824,3864.0
2021-09-02,4001.0,5716.0,3649.0,3393.0,1843.0,4013.0,4132.0,4235.0,4147.0,3503.0,3058.0,3706.0,3434.0,1859.0,4138.571428571428,3812.65,3390.6,94.93832584525948,338.15790067583885,375.5858790507692,4163.0
2021-09-03,3944.0,5625.0,3605.0,3348.0,1838.0,4001.0,4013.0,4132.0,4201.0,3566.0,3103.0,3649.0,3393.0,1843.0,4101.857142857143,3841.05,3411.85,114.45876778920976,323.0710326000772,370.0955362229721,4221.0
2021-09-06,3822.0,5362.0,3544.0,3293.0,1829.0,3944.0,4001.0,4013.0,4193.0,3606.0,3199.0,3605.0,3348.0,1838.0,4048.857142857143,3863.6,3427.9333333333334,146.60312476373278,303.6938208823525,366.5255033865092,4233.0
2021-09-07,3707.0,5091.0,3496.0,3256.0,1825.0,3822.0,3944.0,4001.0,4195.0,3657.0,3210.0,3544.0,3293.0,1829.0,3979.142857142857,3880.4,3440.65,178.15857035374472,283.6410630208472,362.6666688735399,4215.0
2021-09-08,3618.0,4886.0,3473.0,3211.0,1811.0,3707.0,3822.0,3944.0,4235.0,3833.0,3166.0,3496.0,3256.0,1825.0,3891.0,3892.55,3450.5333333333333,183.0391579235079,265.4752392062136,359.21116336630035,4275.0
2021-09-09,3643.0,4962.0,3510.0,3179.0,1806.0,3618.0,3707.0,3822.0,4132.0,3976.0,3154.0,3473.0,3211.0,1811.0,3821.142857142857,3904.2,3458.3166666666666,168.4650592570737,247.7021981076992,358.219868647386,4304.0
2021-09-10,3864.0,5567.0,3595.0,3170.0,1807.0,3643.0,3618.0,3707.0,4013.0,4092.0,3214.0,3510.0,3179.0,1806.0,3799.857142857143,3922.25,3468.266666666667,148.40196379144018,229.40538125202292,361.0954081475916,4410.0
2021-09-13,4163.0,6380.0,3694.0,3180.0,1810.0,3864.0,3643.0,3618.0,4001.0,4147.0,3292.0,3595.0,3170.0,1807.0,3823.0,3952.1,3484.016666666667,191.40010449321375,219.2254067105048,370.4816147072928,4560.0
2021-09-14,4221.0,6474.0,3756.0,3210.0,1820.0,4163.0,3864.0,3643.0,3944.0,4201.0,3282.0,3694.0,3180.0,1810.0,3862.571428571429,3982.85,3501.2,242.42033546638032,211.10567944694176,380.390602104542,4651.0
2021-09-15,4233.0,6437.0,3800.0,3247.0,1835.0,4221.0,4163.0,3864.0,3822.0,4193.0,3281.0,3756.0,3210.0,1820.0,3921.285714285714,4011.65,3519.766666666667,278.1023278613797,203.4640211308996,388.5194568635477,4644.0
2021-09-16,4215.0,6304.0,3852.0,3283.0,1845.0,4233.0,4221.0,4163.0,3707.0,4195.0,3318.0,3800.0,3247.0,1835.0,3993.857142857143,4030.75,3537.5666666666666,279.1441853066084,203.7405147937924,395.5532219719532,4717.0
2021-09-17,4275.0,6420.0,3904.0,3307.0,1861.0,4215.0,4233.0,4221.0,3618.0,4235.0,3376.0,3852.0,3283.0,1845.0,4087.714285714286,4045.7,3555.9,239.3175813890804,210.3736275247288,403.8682743801635,4962.0
2021-09-20,4304.0,6487.0,3916.0,3319.0,1876.0,4275.0,4215.0,4233.0,3643.0,4132.0,3371.0,3904.0,3307.0,1861.0,4182.142857142857,4056.3,3573.383333333333,147.3255223096944,218.03092489494463,413.21882788357726,5197.0
2021-09-21,4410.0,6785.0,3930.0,3327.0,1885.0,4304.0,4275.0,4215.0,3864.0,4013.0,3371.0,3916.0,3319.0,1876.0,4260.142857142857,4069.45,3591.483333333333,79.94253888778269,231.3155682293821,425.70613289202674,5167.0
2021-09-22,4560.0,7200.0,3961.0,3338.0,1901.0,4410.0,4304.0,4275.0,4163.0,4001.0,3375.0,3930.0,3327.0,1885.0,4316.857142857143,4087.4,3610.516666666667,126.69310501032884,254.7982483621894,442.9965180130812,5202.0
2021-09-23,4651.0,7438.0,3994.0,3349.0,1916.0,4560.0,4410.0,4304.0,4221.0,3944.0,3410.0,3961.0,3338.0,1901.0,4378.285714285715,4110.3,3631.65,169.48718170386914,283.7276492472799,461.8047435728688,5267.0
2021-09-24,4644.0,7393.0,4012.0,3359.0,1925.0,4651.0,4560.0,4410.0,4233.0,3822.0,3503.0,3994.0,3349.0,1916.0,4437.0,4132.75,3653.4166666666665,181.5305300310368,307.5461240547048,478.2161163687024,5409.0
2021-09-27,4717.0,7600.0,4020.0,3363.0,1930.0,4644.0,4651.0,4560.0,4215.0,3707.0,3566.0,4012.0,3359.0,1925.0,4508.714285714285,4156.85,3677.283333333333,178.34210036309665,333.7493977917192,494.9584845341992,5647.0
2021-09-28,4962.0,8322.0,4030.0,3373.0,1943.0,4717.0,4644.0,4651.0,4275.0,3618.0,3606.0,4020.0,3363.0,1930.0,4606.857142857143,4198.35,3706.25,213.79774599020584,379.0284359559024,518.2882067481361,5650.0
2021-09-29,5197.0,9018.0,4037.0,3379.0,1957.0,4962.0,4717.0,4644.0,4304.0,3643.0,3657.0,4030.0,3373.0,1943.0,4734.428571428572,4257.55,3739.883333333333,263.59113360335664,436.6404609118162,548.1124495435162,5526.0
2021-09-30,5167.0,8944.0,4013.0,3382.0,1975.0,5197.0,4962.0,4717.0,4410.0,3864.0,3833.0,4037.0,3379.0,1957.0,4842.571428571428,4315.85,3771.983333333333,263.59113360335743,476.5968477268586,574.1782777437062,5488.0
2021-10-01,5202.0,9066.0,3992.0,3383.0,1987.0,5167.0,5197.0,4962.0,4560.0,4163.0,3976.0,4013.0,3382.0,1975.0,4934.285714285715,4378.75,3804.0,260.5581920197276,506.9832214601645,599.3434260695958,5378.0
2021-10-04,5267.0,9289.0,3961.0,3381.0,1992.0,5202.0,5167.0,5197.0,4651.0,4221.0,4092.0,3992.0,3383.0,1987.0,5022.285714285715,4451.0,3836.783333333333,252.8449553156829,526.0690368943689,624.5731855629515,5206.0
2021-10-05,5409.0,9752.0,3918.0,3382.0,1994.0,5267.0,5202.0,5167.0,4644.0,4233.0,4147.0,3961.0,3381.0,1992.0,5131.571428571428,4536.1,3871.933333333333,225.9895699237127,536.9314275536113,652.5699616150123,5062.0
2021-10-06,5647.0,10475.0,3903.0,3388.0,1998.0,5409.0,5267.0,5202.0,4717.0,4215.0,4201.0,3918.0,3382.0,1994.0,5264.428571428572,4637.55,3912.25,214.73538533345055,545.9400849139149,685.9818059799774,4854.0
2021-10-07,5650.0,10485.0,3884.0,3404.0,2009.0,5647.0,5409.0,5267.0,4962.0,4275.0,4193.0,3903.0,3388.0,1998.0,5362.714285714285,4737.9,3954.1,210.65351827568685,537.9045014048526,714.0296888856421,4732.0
2021-10-08,5526.0,10112.0,3866.0,3417.0,2015.0,5650.0,5647.0,5409.0,5197.0,4304.0,4195.0,3884.0,3404.0,2009.0,5409.714285714285,4821.0,3994.983333333333,204.1190129032376,523.9913619215931,732.7069729380546,4714.0
2021-10-11,5488.0,9975.0,3877.0,3431.0,2020.0,5526.0,5650.0,5647.0,5167.0,4410.0,4235.0,3866.0,3417.0,2015.0,5455.571428571428,4887.25,4035.8,174.39692002528764,520.1677740478741,746.6302331708125,4751.0
2021-10-12,5378.0,9590.0,3906.0,3461.0,2018.0,5488.0,5526.0,5650.0,5202.0,4560.0,4132.0,3877.0,3431.0,2020.0,5480.714285714285,4945.1,4074.45,141.2913234960274,506.3247241798641,755.181859902222,4653.0
2021-10-13,5206.0,8988.0,3958.0,3502.0,2017.0,5378.0,5488.0,5526.0,5267.0,4651.0,4013.0,3906.0,3461.0,2018.0,5472.0,4993.75,4110.333333333333,157.60816391721028,480.3822901990336,756.9728666893615,4410.0
2021-10-14,5062.0,8462.0,4023.0,3542.0,2020.0,5206.0,5378.0,5488.0,5409.0,4644.0,4001.0,3958.0,3502.0,2017.0,5422.428571428572,5036.1,4143.733333333334,222.1004706155292,444.0786914619448,753.9590167044963,4257.0
2021-10-15,4854.0,7767.0,4065.0,3576.0,2021.0,5062.0,5206.0,5378.0,5647.0,4717.0,3944.0,4023.0,3542.0,2020.0,5309.142857142857,5065.05,4172.916666666667,282.4933206121799,409.3664521004259,746.8470515182717,4056.0
2021-10-18,4732.0,7358.0,4091.0,3595.0,2023.0,4854.0,5062.0,5206.0,5650.0,4962.0,3822.0,4065.0,3576.0,2021.0,5178.0,5086.45,4198.466666666666,309.66002863358415,377.4291812275947,739.1468161462665,3808.0
2021-10-19,4714.0,7229.0,4166.0,3610.0,2024.0,4732.0,4854.0,5062.0,5526.0,5197.0,3707.0,4091.0,3595.0,2023.0,5062.0,5101.65,4223.533333333334,309.66002863358284,354.15700874348465,730.5088884867489,3630.0
2021-10-20,4751.0,7275.0,4236.0,3618.0,2033.0,4714.0,4732.0,4854.0,5488.0,5167.0,3618.0,4166.0,3610.0,2024.0,4956.714285714285,5111.2,4249.95,262.3564460079494,341.1176058966454,720.2038888574377,3519.0
2021-10-21,4653.0,6918.0,4304.0,3624.0,2045.0,4751.0,4714.0,4732.0,5378.0,5202.0,3643.0,4236.0,3618.0,2033.0,4853.142857142857,5111.3,4274.933333333333,205.2059360508188,340.9758596178514,707.4281149721572,3428.0
2021-10-22,4410.0,6205.0,4327.0,3584.0,2057.0,4653.0,4751.0,4714.0,5206.0,5267.0,3864.0,4304.0,3624.0,2045.0,4739.428571428572,5099.6,4294.866666666667,197.48743178820655,361.2653784743812,693.7449457239067,3187.0
2021-10-25,4257.0,5782.0,4328.0,3547.0,2062.0,4410.0,4653.0,4751.0,5062.0,5409.0,4163.0,4327.0,3584.0,2057.0,4624.428571428572,5076.6,4310.95,212.1782718556124,399.52292602687993,681.1731262799888,2892.0
2021-10-26,4056.0,5304.0,4231.0,3497.0,2056.0,4257.0,4410.0,4653.0,4854.0,5647.0,4221.0,4328.0,3547.0,2062.0,4510.428571428572,5031.3,4323.85,273.72544464779565,459.9886840713704,668.5690467999058,2769.0
2021-10-27,3808.0,4828.0,4083.0,3344.0,2036.0,4056.0,4257.0,4410.0,4732.0,5650.0,4233.0,4231.0,3497.0,2056.0,4378.428571428572,4961.85,4332.633333333333,358.67759763837034,532.7556243374479,658.0148101642027,2715.0
2021-10-28,3630.0,4542.0,3965.0,3190.0,2010.0,3808.0,4056.0,4257.0,4714.0,5526.0,4215.0,4083.0,3344.0,2036.0,4223.571428571428,4885.0,4337.833333333333,418.642591057852,607.2527437046847,651.0567203456976,2718.0
2021-10-29,3519.0,4349.0,3896.0,3104.0,1972.0,3630.0,3808.0,4056.0,4751.0,5488.0,4275.0,3965.0,3190.0,2010.0,4047.571428571429,4800.85,4340.216666666666,418.9227681975494,673.9594142864152,647.7292825295757,2805.0
2021-11-01,3428.0,4202.0,3815.0,3042.0,1944.0,3519.0,3630.0,3808.0,4653.0,5378.0,4304.0,3896.0,3104.0,1972.0,3872.571428571429,4708.9,4341.166666666667,377.6964641714696,730.1236304828775,646.3239510628283,2861.0
2021-11-02,3187.0,3736.0,3644.0,2919.0,1877.0,3428.0,3519.0,3630.0,4410.0,5206.0,4410.0,3815.0,3042.0,1944.0,3697.857142857143,4597.8,4338.1,370.4571178834152,784.9808981920123,651.421618787464,2844.0
2021-11-03,2892.0,3275.0,3355.0,2728.0,1812.0,3187.0,3428.0,3519.0,4257.0,5062.0,4560.0,3644.0,2919.0,1877.0,3502.8571428571427,4460.05,4330.05,386.0096840630888,831.521653672553,666.3385006568197,2807.0
2021-11-04,2769.0,3221.0,3166.0,2563.0,1788.0,2892.0,3187.0,3428.0,4056.0,4854.0,4651.0,3355.0,2728.0,1812.0,3319.0,4316.0,4319.366666666667,385.1354740001781,863.4629788181389,686.1826353380707,2759.0
2021-11-05,2715.0,3280.0,3071.0,2416.0,1726.0,2769.0,2892.0,3187.0,3808.0,4732.0,4644.0,3166.0,2563.0,1788.0,3162.8571428571427,4175.45,4306.233333333334,375.2791976522065,884.6591062158042,709.2265867918244,2591.0
2021-11-08,2718.0,3378.0,3063.0,2334.0,1689.0,2715.0,2769.0,2892.0,3630.0,4714.0,4717.0,3071.0,2416.0,1726.0,3032.5714285714284,4036.95,4292.1,342.99215595640965,885.1863006407879,732.3018433886813,2430.0
2021-11-09,2805.0,3675.0,3084.0,2284.0,1665.0,2718.0,2715.0,2769.0,3519.0,4751.0,4962.0,3063.0,2334.0,1689.0,2930.5714285714284,3908.3,4278.75,273.3159692510217,866.8093398083366,752.0563138173196,2454.0
2021-11-10,2861.0,3870.0,3079.0,2259.0,1647.0,2805.0,2718.0,2715.0,3428.0,4653.0,5197.0,3084.0,2284.0,1665.0,2849.5714285714284,3791.05,4265.483333333334,163.1398757129139,840.227755777541,770.0166736399729,2552.0
2021-11-11,2844.0,3872.0,3026.0,2251.0,1626.0,2861.0,2805.0,2718.0,3187.0,4410.0,5167.0,3079.0,2259.0,1647.0,2800.5714285714284,3680.15,4249.0,69.58653400113681,809.4600068141685,789.7638136530978,2645.0
2021-11-12,2807.0,3836.0,2930.0,2253.0,1613.0,2844.0,2861.0,2805.0,2892.0,4257.0,5202.0,3026.0,2251.0,1626.0,2788.428571428572,3577.8,4229.516666666666,57.30577964706497,782.1778368255307,810.7534159116337,2715.0
2021-11-15,2759.0,3752.0,2850.0,2259.0,1603.0,2807.0,2844.0,2861.0,2769.0,4056.0,5267.0,2930.0,2253.0,1613.0,2787.0,3479.15,4207.3,57.991378669640014,752.8143879015544,832.5561883618512,2654.0
2021-11-16,2591.0,3383.0,2675.0,2263.0,1594.0,2759.0,2807.0,2844.0,2715.0,3808.0,5409.0,2850.0,2259.0,1603.0,2769.285714285714,3373.0,4181.366666666667,92.38815632199244,718.4215153266379,858.3021862594823,2678.0
2021-11-17,2430.0,3064.0,2475.0,2260.0,1582.0,2591.0,2759.0,2807.0,2718.0,3630.0,5647.0,2675.0,2263.0,1594.0,2728.1428571428573,3256.95,4151.85,159.08533199873625,669.9360908247029,887.5685855570548,2767.0
2021-11-18,2454.0,3260.0,2336.0,2248.0,1573.0,2430.0,2591.0,2759.0,2805.0,3519.0,5650.0,2475.0,2260.0,1582.0,2678.0,3147.0,4122.866666666667,184.1629713053225,606.1728952595771,914.1959599053693,2881.0
2021-11-19,2552.0,3610.0,2282.0,2237.0,1561.0,2454.0,2430.0,2591.0,2861.0,3428.0,5526.0,2336.0,2248.0,1573.0,2633.8571428571427,3054.1,4095.483333333333,169.43182362575112,541.3294453667394,936.3373376550574,3018.0
2021-11-22,2645.0,3884.0,2291.0,2235.0,1547.0,2552.0,2454.0,2430.0,2844.0,3187.0,5488.0,2282.0,2237.0,1561.0,2605.428571428572,2973.5,4068.983333333333,142.91589268152438,467.8158094581195,954.6428117482236,3047.0
2021-11-23,2715.0,4055.0,2333.0,2243.0,1540.0,2645.0,2552.0,2454.0,2807.0,2892.0,5378.0,2291.0,2235.0,1547.0,2592.285714285714,2906.45,4045.366666666667,124.30837231890683,394.92057495947626,970.4539033519468,3115.0
2021-11-24,2654.0,3822.0,2378.0,2255.0,1536.0,2715.0,2645.0,2552.0,2759.0,2769.0,5206.0,2333.0,2243.0,1540.0,2577.285714285714,2848.75,4022.7166666666662,105.79494992000268,336.2044921269238,986.941330347442,3171.0
2021-11-25,2678.0,3776.0,2489.0,2284.0,1536.0,2654.0,2715.0,2645.0,2591.0,2715.0,5062.0,2378.0,2255.0,1536.0,2589.714285714286,2801.15,4000.6666666666665,112.5680746418626,282.94732167333154,1002.0974387933117,3235.0
2021-11-26,2767.0,3906.0,2621.0,2316.0,1539.0,2678.0,2654.0,2715.0,2430.0,2718.0,4854.0,2489.0,2284.0,1536.0,2637.8571428571427,2763.55,3981.05,104.66363356238404,226.9601112646654,1014.66693917639,3352.0
2021-11-29,2881.0,4143.0,2735.0,2327.0,1540.0,2767.0,2678.0,2654.0,2454.0,2805.0,4732.0,2621.0,2316.0,1539.0,2698.8571428571427,2736.2,3965.366666666667,104.07918231078366,167.96729004875223,1024.39271744189,3423.0
2021-11-30,3018.0,4483.0,2811.0,2340.0,1544.0,2881.0,2767.0,2678.0,2552.0,2861.0,4714.0,2735.0,2327.0,1540.0,2765.428571428572,2727.75,3953.883333333333,137.9962042266306,147.04273456883024,1031.1774098402898,3343.0
2021-12-01,3047.0,4464.0,2897.0,2374.0,1551.0,3018.0,2881.0,2767.0,2645.0,2844.0,4751.0,2811.0,2340.0,1544.0,2822.8571428571427,2735.5,3944.366666666667,161.21975537698674,159.69559859473958,1036.9485051148126,3272.0
2021-12-02,3115.0,4534.0,3030.0,2402.0,1555.0,3047.0,3018.0,2881.0,2715.0,2807.0,4653.0,2897.0,2374.0,1551.0,2880.0,2752.8,3935.5666666666666,185.655595121737,180.85516158984868,1041.7785536294252,3216.0
2021-12-03,3171.0,4594.0,3128.0,2431.0,1559.0,3115.0,3047.0,3018.0,2654.0,2759.0,4410.0,3030.0,2402.0,1555.0,2953.8571428571427,2775.6,3924.016666666667,183.5886966123362,203.2018441690196,1046.416702357005,2932.0
2021-12-06,3235.0,4699.0,3212.0,2452.0,1560.0,3171.0,3115.0,3047.0,2678.0,2591.0,4257.0,3128.0,2431.0,1559.0,3033.428571428572,2801.45,3908.55,163.73337792773526,226.9819086229382,1049.6776329191764,2665.0
2021-12-07,3352.0,4983.0,3253.0,2488.0,1568.0,3235.0,3171.0,3115.0,2767.0,2430.0,4056.0,3212.0,2452.0,1560.0,3117.0,2828.8,3894.0666666666666,154.09196388307058,258.23563291162986,1051.2873603940322,2498.0
2021-12-08,3423.0,5189.0,3221.0,2520.0,1569.0,3352.0,3235.0,3171.0,2881.0,2454.0,3808.0,3253.0,2488.0,1568.0,3194.428571428572,2856.9,3880.5666666666666,151.89893256469747,290.48705016884435,1052.0616945025165,2379.0
2021-12-09,3343.0,4989.0,3145.0,2541.0,1572.0,3423.0,3352.0,3235.0,3018.0,2552.0,3630.0,3221.0,2520.0,1569.0,3240.8571428571427,2881.85,3866.033333333333,138.01983984371725,310.0889982603588,1053.3856146289938,2371.0
2021-12-10,3272.0,4827.0,3068.0,2551.0,1572.0,3343.0,3423.0,3352.0,3047.0,2645.0,3519.0,3145.0,2541.0,1572.0,3273.0,2905.1,3849.3166666666666,108.36204747670078,321.4074148425908,1054.7431929656166,2294.0
2021-12-13,3216.0,4718.0,2995.0,2552.0,1568.0,3272.0,3343.0,3423.0,3115.0,2715.0,3428.0,3068.0,2551.0,1572.0,3287.428571428572,2927.95,3831.183333333333,88.77097337697295,326.67567611995406,1056.1453176153664,2229.0
2021-12-14,2932.0,3960.0,2879.0,2550.0,1566.0,3216.0,3272.0,3343.0,3171.0,2654.0,3187.0,2995.0,2552.0,1568.0,3253.285714285714,2945.0,3806.55,159.10972554157092,316.9168909816609,1059.6467819713948,2219.0
2021-12-15,2665.0,3272.0,2744.0,2542.0,1564.0,2932.0,3216.0,3272.0,3235.0,2678.0,2892.0,2879.0,2550.0,1566.0,3171.8571428571427,2956.75,3774.9666666666662,274.2343453881822,300.76251778649475,1065.0362127473586,2217.0
2021-12-16,2498.0,2894.0,2626.0,2514.0,1557.0,2665.0,2932.0,3216.0,3352.0,2767.0,2769.0,2744.0,2542.0,1564.0,3049.8571428571427,2958.95,3739.0833333333335,357.92710085130074,297.029233897073,1071.2718449670792,2285.0
2021-12-17,2379.0,2727.0,2444.0,2469.0,1547.0,2498.0,2665.0,2932.0,3423.0,2881.0,2715.0,2626.0,2514.0,1557.0,2900.714285714286,2950.3,3701.3333333333335,392.3814956075842,311.6626212327884,1078.7251368647696,2289.0
2021-12-20,2371.0,2807.0,2356.0,2436.0,1538.0,2379.0,2498.0,2665.0,3343.0,3018.0,2718.0,2444.0,2469.0,1547.0,2761.8571428571427,2936.6,3662.233333333333,381.61736009229855,331.1991609447924,1083.792045952552,2296.0
2021-12-21,2294.0,2663.0,2311.0,2383.0,1524.0,2371.0,2379.0,2498.0,3272.0,3047.0,2805.0,2356.0,2436.0,1538.0,2622.1428571428573,2915.55,3617.766666666667,340.5375302720892,358.2950085584541,1084.292620562186,2289.0
2021-12-22,2229.0,2455.0,2384.0,2337.0,1503.0,2294.0,2371.0,2379.0,3216.0,3115.0,2861.0,2311.0,2383.0,1524.0,2481.1428571428573,2894.3,3568.3,244.44592351645613,386.1443825961139,1078.71248270285,2277.0
2021-12-23,2219.0,2351.0,2515.0,2303.0,1478.0,2229.0,2294.0,2371.0,2932.0,3171.0,2844.0,2384.0,2337.0,1503.0,2379.285714285714,2871.35,3519.1666666666665,158.8214031396303,412.42240418494686,1071.7761302838817,2151.0
2021-12-24,2217.0,2312.0,2573.0,2290.0,1466.0,2219.0,2229.0,2294.0,2665.0,3235.0,2807.0,2515.0,2303.0,1478.0,2315.285714285714,2843.85,3469.4166666666665,105.96967221131624,437.3311734408663,1061.5686073881684,2027.0
2022-01-04,2285.0,2350.0,2874.0,2209.0,1407.0,2217.0,2219.0,2229.0,2498.0,3352.0,2759.0,2573.0,2290.0,1466.0,2284.8571428571427,2814.05,3419.7166666666667,68.83416925586452,454.63026909671805,1045.669667703318,1873.0
2022-01-05,2289.0,2301.0,3003.0,2165.0,1387.0,2285.0,2217.0,2219.0,2379.0,3423.0,2591.0,2874.0,2209.0,1407.0,2272.0,2777.6,3367.7166666666667,55.41660401000812,466.4871409069981,1022.3859613447206,1764.0
2022-01-06,2296.0,2356.0,3013.0,2124.0,1335.0,2289.0,2285.0,2217.0,2371.0,3343.0,2430.0,3003.0,2165.0,1387.0,2261.285714285714,2740.05,3311.866666666667,37.41084640279338,473.8285804847748,986.6687742380744,1731.0
2022-01-07,2289.0,2432.0,2957.0,2074.0,1300.0,2296.0,2289.0,2285.0,2294.0,3272.0,2454.0,3013.0,2124.0,1335.0,2260.5714285714284,2698.75,3255.85,36.72354895187844,475.4223468609175,946.2550418556594,1644.0
2022-01-10,2277.0,2554.0,2849.0,2001.0,1268.0,2289.0,2296.0,2289.0,2229.0,3216.0,2552.0,2957.0,2074.0,1300.0,2267.428571428572,2654.05,3201.7,34.24352563070961,470.6877918200411,906.26024810101,1570.0
2022-01-11,2151.0,2325.0,2715.0,1958.0,1250.0,2277.0,2289.0,2296.0,2219.0,2932.0,2645.0,2849.0,2001.0,1268.0,2257.714285714286,2599.85,3146.083333333333,54.137831152593286,462.61252116306457,865.0302295426261,1474.0
2022-01-12,2027.0,2097.0,2565.0,1936.0,1227.0,2151.0,2277.0,2289.0,2217.0,2665.0,2715.0,2715.0,1958.0,1250.0,2230.5714285714284,2533.6,3090.233333333333,103.27932536389253,443.7189010600055,825.7723937790932,1415.0
2022-01-13,1873.0,1746.0,2452.0,1915.0,1209.0,2027.0,2151.0,2277.0,2285.0,2498.0,2654.0,2565.0,1936.0,1227.0,2171.714285714286,2456.1,3034.6833333333334,165.6529648449011,414.6068397638308,792.4660393015582,1391.0
2022-01-14,1764.0,1496.0,2375.0,1897.0,1192.0,1873.0,2027.0,2151.0,2289.0,2379.0,2678.0,2452.0,1915.0,1209.0,2096.714285714286,2377.15,2979.7166666666667,215.15321229743583,386.1978324505156,763.3055476278945,1343.0
2022-01-17,1731.0,1470.0,2326.0,1864.0,1179.0,1764.0,1873.0,2027.0,2296.0,2371.0,2767.0,2375.0,1897.0,1192.0,2016.0,2300.1,2927.6666666666665,233.157314561078,350.32659949794225,739.4373643650839,1296.0
2022-01-18,1644.0,1316.0,2223.0,1840.0,1162.0,1731.0,1764.0,1873.0,2289.0,2294.0,2881.0,2326.0,1864.0,1179.0,1923.857142857143,2221.5,2876.2,234.73277613165925,307.78333117205995,718.9038454362477,1302.0
2022-01-19,1570.0,1226.0,2095.0,1812.0,1139.0,1644.0,1731.0,1764.0,2277.0,2229.0,3018.0,2223.0,1840.0,1162.0,1822.857142857143,2153.4,2823.8,208.0444091786052,292.6081266634175,696.9235738562619,1381.0
2022-01-20,1474.0,1031.0,2024.0,1773.0,1122.0,1570.0,1644.0,1731.0,2151.0,2219.0,3047.0,2095.0,1812.0,1139.0,1726.142857142857,2093.85,2769.1833333333334,186.298531548536,303.9820415401998,671.2665360565456,1418.0
2022-01-21,1415.0,891.0,2010.0,1749.0,1103.0,1474.0,1570.0,1644.0,2027.0,2217.0,3115.0,2024.0,1773.0,1122.0,1638.7142857142858,2039.7,2715.2166666666667,163.82481933018812,324.00066601620944,646.9698625958714,1440.0
2022-01-24,1391.0,836.0,2013.0,1728.0,1089.0,1415.0,1474.0,1570.0,1873.0,2285.0,3171.0,2010.0,1749.0,1103.0,1569.857142857143,1990.3,2664.9,149.61888090681063,344.2331064539651,630.1060362741571,1419.0
2022-01-25,1343.0,745.0,1988.0,1693.0,1065.0,1391.0,1415.0,1474.0,1764.0,2289.0,3235.0,2013.0,1728.0,1089.0,1509.7142857142858,1938.9,2616.333333333333,143.04278414248833,360.7490598886231,617.4866681238649,1425.0
2022-01-26,1296.0,702.0,1914.0,1654.0,1042.0,1343.0,1391.0,1415.0,1731.0,2296.0,3352.0,1988.0,1693.0,1065.0,1447.571428571429,1889.0,2570.333333333333,124.12474524021526,377.67167584668135,611.1919076874115,1423.0
2022-01-27,1302.0,818.0,1846.0,1613.0,1017.0,1296.0,1343.0,1391.0,1644.0,2289.0,3423.0,1914.0,1654.0,1042.0,1398.7142857142858,1842.65,2528.5666666666666,98.6064810001539,390.417088037367,610.8060905278923,1422.0
2022-01-28,1381.0,1075.0,1840.0,1597.0,1011.0,1302.0,1296.0,1343.0,1570.0,2277.0,3343.0,1846.0,1613.0,1017.0,1371.7142857142858,1800.75,2491.083333333333,63.52352395163175,392.8608800232335,611.0759416775912,1503.0
2022-01-31,1418.0,1208.0,1828.0,1587.0,1003.0,1381.0,1302.0,1296.0,1474.0,2151.0,3272.0,1840.0,1597.0,1011.0,1363.7142857142858,1760.8,2456.0666666666666,50.73366497603091,388.9098935012524,611.3716134377637,1711.0
2022-02-01,1440.0,1297.0,1811.0,1578.0,995.0,1418.0,1381.0,1302.0,1415.0,2027.0,3216.0,1828.0,1587.0,1003.0,1367.2857142857142,1718.55,2422.9333333333334,55.59290807798091,374.60104743158325,611.6746633507812,1940.0
2022-02-02,1419.0,1280.0,1765.0,1570.0,990.0,1440.0,1418.0,1381.0,1391.0,1873.0,2932.0,1811.0,1578.0,995.0,1371.2857142857142,1675.05,2393.4666666666667,58.51414155484291,354.8657974650743,616.8069078584498,1977.0
2022-02-03,1425.0,1291.0,1771.0,1571.0,988.0,1419.0,1440.0,1418.0,1343.0,1764.0,2665.0,1765.0,1570.0,990.0,1383.0,1631.5,2369.016666666667,60.09437022990457,327.0022533320022,625.7215358252118,1984.0
2022-02-04,1423.0,1242.0,1796.0,1594.0,990.0,1425.0,1419.0,1440.0,1296.0,1731.0,2498.0,1771.0,1571.0,988.0,1401.142857142857,1588.2,2346.583333333333,47.24908666283204,290.6750039042451,635.1949464979073,1968.0
2022-02-07,1422.0,1148.0,1855.0,1638.0,996.0,1423.0,1425.0,1419.0,1302.0,1644.0,2379.0,1796.0,1594.0,990.0,1418.2857142857142,1545.45,2325.0333333333333,17.997354302799533,243.00454295081093,644.3515191461654,1896.0
2022-02-08,1503.0,1202.0,1971.0,1734.0,1029.0,1422.0,1423.0,1425.0,1381.0,1570.0,2371.0,1855.0,1638.0,996.0,1435.7142857142858,1513.05,2304.7833333333333,30.55985539724636,196.8286658091395,650.8515436878725,1886.0
2022-02-09,1711.0,1503.0,2153.0,1911.0,1086.0,1503.0,1422.0,1423.0,1418.0,1474.0,2294.0,1971.0,1734.0,1029.0,1477.571428571429,1497.25,2286.55,107.08852590706664,163.2137361995177,651.9237614000192,1964.0
2022-02-10,1940.0,1904.0,2333.0,2057.0,1139.0,1711.0,1503.0,1422.0,1440.0,1415.0,2229.0,2153.0,1911.0,1086.0,1549.0,1500.6,2271.2,202.2877488463645,171.79406276118877,649.0049437016145,2045.0
2022-02-11,1977.0,1857.0,2403.0,2158.0,1168.0,1940.0,1711.0,1503.0,1419.0,1391.0,2219.0,2333.0,2057.0,1139.0,1628.7142857142858,1511.25,2256.75,247.4285851754032,194.13231380466587,645.6787684552448,2148.0
2022-02-14,1984.0,1795.0,2418.0,2228.0,1198.0,1977.0,1940.0,1711.0,1425.0,1343.0,2217.0,2403.0,2158.0,1168.0,1708.571428571429,1523.9,2243.0333333333333,260.58067026217265,216.19457610411408,642.5253662912206,2244.0
2022-02-15,1968.0,1713.0,2400.0,2277.0,1221.0,1984.0,1977.0,1940.0,1423.0,1296.0,2285.0,2418.0,2228.0,1198.0,1786.428571428571,1540.1,2229.85,241.77596871404927,236.82258516049708,639.8687054150057,2187.0
2022-02-16,1896.0,1476.0,2375.0,2320.0,1242.0,1968.0,1984.0,1977.0,1422.0,1302.0,2289.0,2400.0,2277.0,1221.0,1854.142857142857,1556.4,2218.266666666667,181.58324865051415,249.8495126018144,639.5106939556209,2076.0
2022-02-17,1886.0,1447.0,2365.0,2326.0,1258.0,1896.0,1968.0,1984.0,1503.0,1381.0,2296.0,2375.0,2320.0,1242.0,1908.857142857143,1577.0,2209.2,95.38768014690424,259.4964759926954,640.3137419543465,2040.0
2022-02-18,1964.0,1675.0,2375.0,2325.0,1285.0,1886.0,1896.0,1968.0,1711.0,1418.0,2289.0,2365.0,2326.0,1258.0,1945.0,1604.45,2201.0333333333333,39.45883931388243,270.27130131737204,640.2633718328096,2069.0
2022-02-21,2045.0,1849.0,2441.0,2342.0,1306.0,1964.0,1886.0,1896.0,1940.0,1440.0,2277.0,2375.0,2325.0,1285.0,1960.0,1637.15,2192.583333333333,54.37830449727982,282.37922895879746,638.8970711422214,2137.0
2022-02-22,2148.0,2015.0,2596.0,2359.0,1333.0,2045.0,1964.0,1886.0,1977.0,1419.0,2151.0,2441.0,2342.0,1306.0,1984.4285714285716,1677.4,2184.3,90.0182521174719,295.32005831318355,636.1479494263159,2104.0
2022-02-23,2244.0,2192.0,2699.0,2388.0,1354.0,2148.0,2045.0,1964.0,1984.0,1425.0,2027.0,2596.0,2359.0,1333.0,2021.571428571429,1724.8,2176.45,133.1288312661271,306.7400064858587,632.3830748761507,2148.0
2022-02-24,2187.0,2000.0,2689.0,2415.0,1384.0,2244.0,2148.0,2045.0,1968.0,1423.0,1873.0,2699.0,2388.0,1354.0,2052.8571428571427,1769.05,2168.6666666666665,143.75027950283177,306.3715451607871,629.2720482704186,2235.0
2022-02-25,2076.0,1691.0,2658.0,2417.0,1399.0,2187.0,2244.0,2148.0,1896.0,1422.0,1764.0,2689.0,2415.0,1384.0,2078.5714285714284,1803.8,2158.633333333333,126.02097331113286,299.3757716175057,625.8031034548887,2352.0
2022-02-28,2040.0,1617.0,2599.0,2428.0,1405.0,2076.0,2187.0,2244.0,1886.0,1503.0,1731.0,2658.0,2417.0,1399.0,2100.5714285714284,1834.9,2146.516666666667,96.87080252042952,289.3273323817785,620.8427430371607,2558.0
2022-03-01,2069.0,1690.0,2601.0,2443.0,1420.0,2040.0,2076.0,2187.0,1964.0,1711.0,1644.0,2599.0,2428.0,1405.0,2115.5714285714284,1866.35,2132.983333333333,78.60631260243761,278.1111619857268,613.3659701000876,2704.0
2022-03-02,2137.0,1840.0,2634.0,2471.0,1421.0,2069.0,2040.0,2076.0,2045.0,1940.0,1570.0,2601.0,2443.0,1420.0,2128.714285714286,1902.25,2118.3,72.276585156637,263.2712979338771,602.2651676822888,2718.0
2022-03-03,2104.0,1639.0,2699.0,2520.0,1434.0,2137.0,2069.0,2040.0,2148.0,1977.0,1474.0,2634.0,2471.0,1421.0,2122.428571428572,1936.2,2102.583333333333,72.2330883156663,241.35660448041372,589.7942270198773,2727.0
2022-03-04,2148.0,1635.0,2785.0,2586.0,1443.0,2104.0,2137.0,2069.0,2244.0,1984.0,1415.0,2699.0,2520.0,1434.0,2108.714285714286,1972.45,2086.4666666666667,51.41891443724264,212.9999938225831,574.6784942482176,2689.0
2022-03-07,2235.0,1749.0,2901.0,2640.0,1467.0,2148.0,2104.0,2137.0,2187.0,1968.0,1391.0,2785.0,2586.0,1443.0,2115.5714285714284,2013.1,2070.866666666667,65.00476173034414,176.94777701195738,557.1768263479696,2591.0
2022-03-08,2352.0,1896.0,3041.0,2733.0,1485.0,2235.0,2148.0,2104.0,2076.0,1896.0,1343.0,2901.0,2640.0,1467.0,2155.0,2055.55,2056.15,107.08563551351487,147.52536802369409,537.2110914525572,2588.0
2022-03-09,2558.0,2282.0,3194.0,2845.0,1505.0,2352.0,2235.0,2148.0,2040.0,1886.0,1296.0,3041.0,2733.0,1485.0,2229.0,2097.9,2042.9166666666667,173.03949452846643,164.057403304294,514.0281035536138,2605.0
2022-03-10,2704.0,2613.0,3233.0,2923.0,1531.0,2558.0,2352.0,2235.0,2069.0,1964.0,1302.0,3194.0,2845.0,1505.0,2319.714285714286,2136.1,2030.9333333333332,231.6885224359906,208.32942031413089,489.0851669852183,2589.0
2022-03-11,2718.0,2676.0,3187.0,2939.0,1548.0,2704.0,2558.0,2352.0,2137.0,2045.0,1381.0,3233.0,2923.0,1531.0,2402.714285714286,2173.15,2020.5166666666669,257.9087140092525,241.7548290488158,466.81548242614616,2546.0
2022-03-14,2727.0,2786.0,3092.0,2934.0,1558.0,2718.0,2704.0,2558.0,2104.0,2148.0,1418.0,3187.0,2939.0,1548.0,2491.714285714286,2210.3,2011.4333333333332,244.80789358578076,266.9350601097408,446.930069480268,2575.0
2022-03-15,2689.0,2823.0,2946.0,2901.0,1579.0,2727.0,2718.0,2704.0,2148.0,2244.0,1440.0,3092.0,2934.0,1558.0,2569.0,2246.35,2002.65,199.39742559355176,280.8150308992543,427.6171590871328,2567.0
2022-03-16,2591.0,2632.0,2847.0,2876.0,1601.0,2689.0,2727.0,2718.0,2235.0,2187.0,1419.0,2946.0,2901.0,1579.0,2619.8571428571427,2281.1,1996.9666666666667,135.01781187610962,278.16804841299944,417.19515275253815,2544.0
2022-03-17,2588.0,2604.0,2850.0,2892.0,1620.0,2591.0,2689.0,2727.0,2352.0,2076.0,1425.0,2847.0,2876.0,1601.0,2653.5714285714284,2316.2,1995.6833333333332,71.51889527219794,269.855243846736,415.2191372286345,2484.0
2022-03-18,2605.0,2605.0,2874.0,2922.0,1662.0,2588.0,2591.0,2689.0,2558.0,2040.0,1423.0,2850.0,2892.0,1620.0,2660.285714285714,2348.25,1997.4666666666667,62.71553312570485,263.82128620078066,417.6358590141068,2417.0
2022-03-21,2589.0,2470.0,2951.0,2949.0,1685.0,2605.0,2588.0,2591.0,2704.0,2069.0,1422.0,2874.0,2922.0,1662.0,2643.8571428571427,2375.45,2000.9666666666667,64.39572597473138,258.908127375437,421.7472118869914,2369.0
2022-03-22,2546.0,2175.0,3111.0,2983.0,1715.0,2589.0,2605.0,2588.0,2718.0,2137.0,1503.0,2951.0,2949.0,1685.0,2619.285714285714,2395.35,2003.8833333333332,64.20465789365352,255.7824476509654,424.9426318874911,2358.0
2022-03-23,2575.0,2100.0,3272.0,3016.0,1745.0,2546.0,2589.0,2605.0,2727.0,2104.0,1711.0,3111.0,2983.0,1715.0,2597.5714285714284,2411.9,2008.5666666666664,44.33154310745946,256.182274747376,429.715884326988,2357.0
2022-03-24,2567.0,1969.0,3379.0,3033.0,1769.0,2575.0,2546.0,2589.0,2689.0,2148.0,1940.0,3272.0,3016.0,1745.0,2580.1428571428573,2430.9,2014.2,19.325532087859223,252.69221969570063,434.83956909122816,2307.0
2022-03-25,2544.0,1887.0,3413.0,3020.0,1782.0,2567.0,2575.0,2546.0,2591.0,2235.0,1977.0,3379.0,3033.0,1769.0,2573.428571428572,2454.3,2019.6166666666663,22.78052635377447,239.41817633149395,439.4338843336416,2213.0
2022-03-28,2484.0,1734.0,3416.0,2991.0,1787.0,2544.0,2567.0,2575.0,2588.0,2352.0,1984.0,3413.0,3020.0,1782.0,2558.5714285714284,2476.5,2024.0666666666664,39.48357102586967,218.66593121400516,442.80557261763335,2128.0
2022-03-29,2417.0,1639.0,3337.0,2946.0,1774.0,2484.0,2544.0,2567.0,2605.0,2558.0,1968.0,3416.0,2991.0,1787.0,2531.714285714286,2493.9,2026.2666666666669,60.81588138450126,197.33884831080664,444.44880609911087,2061.0
2022-03-30,2369.0,1646.0,3236.0,2875.0,1755.0,2417.0,2484.0,2544.0,2589.0,2704.0,1896.0,3337.0,2946.0,1774.0,2500.285714285714,2505.5,2027.6,80.07437019363182,181.43303824944653,445.3694029507785,2055.0
2022-03-31,2358.0,1760.0,3141.0,2808.0,1735.0,2369.0,2417.0,2484.0,2546.0,2718.0,1886.0,3236.0,2875.0,1755.0,2473.428571428572,2518.2,2028.6333333333332,92.71615670576256,159.40171035206015,446.0740596208816,2031.0
2022-04-01,2357.0,1864.0,3073.0,2755.0,1695.0,2358.0,2369.0,2417.0,2575.0,2727.0,1964.0,3141.0,2808.0,1735.0,2442.285714285714,2528.65,2029.7666666666669,89.46827051291969,139.45807708111482,446.8325195920266,2035.0
2022-04-04,2307.0,1796.0,3015.0,2717.0,1672.0,2357.0,2358.0,2369.0,2567.0,2689.0,2045.0,3073.0,2755.0,1695.0,2405.1428571428573,2532.25,2030.2666666666669,82.78371130327554,132.22026080909595,447.13054502435017,2068.0
2022-04-05,2213.0,1624.0,2951.0,2660.0,1639.0,2307.0,2357.0,2358.0,2544.0,2591.0,2148.0,3015.0,2717.0,1672.0,2357.8571428571427,2525.3,2031.3,84.75932312815883,145.20877891397765,447.485793733396,2137.0
2022-04-06,2128.0,1490.0,2868.0,2605.0,1605.0,2213.0,2307.0,2357.0,2484.0,2588.0,2244.0,2951.0,2660.0,1639.0,2307.0,2503.8,2032.9833333333331,101.58904140375414,169.85430289083155,447.6592791688516,2115.0
2022-04-07,2061.0,1417.0,2778.0,2547.0,1568.0,2128.0,2213.0,2307.0,2417.0,2605.0,2187.0,2868.0,2605.0,1605.0,2256.1428571428573,2471.65,2036.1166666666663,123.98444602909984,189.66432258904575,447.1781994802324,2142.0
2022-04-08,2055.0,1444.0,2777.0,2502.0,1544.0,2061.0,2128.0,2213.0,2369.0,2589.0,2076.0,2778.0,2547.0,1568.0,2211.285714285714,2438.5,2040.9666666666667,132.83412499017084,201.88701895133343,445.7526473268072,2239.0
2022-04-11,2031.0,1395.0,2785.0,2473.0,1520.0,2055.0,2061.0,2128.0,2358.0,2546.0,2040.0,2777.0,2502.0,1544.0,2164.5714285714284,2403.7,2045.9666666666667,130.11002669901444,209.3865978720324,443.89550483084014,2307.0
2022-04-12,2035.0,1368.0,2862.0,2448.0,1505.0,2031.0,2055.0,2061.0,2357.0,2575.0,2069.0,2785.0,2473.0,1520.0,2118.5714285714284,2371.0,2052.483333333333,105.29301518912784,213.51321911498823,440.7533032136822,2356.0
2022-04-13,2068.0,1371.0,2968.0,2461.0,1472.0,2035.0,2031.0,2055.0,2307.0,2567.0,2137.0,2862.0,2448.0,1505.0,2084.428571428572,2344.85,2060.7833333333333,65.0790727829178,217.1468760757943,436.1787493819661,2404.0
2022-04-14,2137.0,1481.0,3042.0,2497.0,1449.0,2068.0,2035.0,2031.0,2213.0,2544.0,2104.0,2968.0,2461.0,1472.0,2073.5714285714284,2322.3,2071.833333333333,42.465111730504574,213.9616542132882,429.406968542378,2425.0
2022-04-19,2115.0,1342.0,3079.0,2541.0,1448.0,2137.0,2068.0,2035.0,2128.0,2484.0,2148.0,3042.0,2497.0,1449.0,2071.714285714286,2297.8,2083.5,39.894503738860266,207.8538454121883,420.6793738623355,2403.0
2022-04-20,2142.0,1363.0,3087.0,2596.0,1459.0,2115.0,2137.0,2068.0,2061.0,2417.0,2235.0,3079.0,2541.0,1448.0,2083.285714285714,2275.45,2096.016666666667,47.32411043611936,198.72580289646388,410.7818709244751,2404.0
2022-04-21,2239.0,1636.0,3047.0,2646.0,1473.0,2142.0,2115.0,2137.0,2055.0,2369.0,2352.0,3087.0,2596.0,1459.0,2109.5714285714284,2260.1,2110.95,73.08410028374506,188.3118633935176,399.0623087578834,2412.0
2022-04-22,2307.0,1845.0,3004.0,2678.0,1504.0,2239.0,2142.0,2115.0,2031.0,2358.0,2558.0,3047.0,2646.0,1473.0,2149.0,2246.7,2127.8,94.84197383015122,173.69243840160863,385.1710955943365,2485.0
2022-04-25,2356.0,2003.0,2967.0,2699.0,1538.0,2307.0,2239.0,2142.0,2035.0,2357.0,2704.0,3004.0,2678.0,1504.0,2194.8571428571427,2236.15,2145.366666666667,107.31795216617896,159.00025653736904,370.6307937971693,2644.0
2022-04-26,2404.0,2169.0,2919.0,2714.0,1564.0,2356.0,2307.0,2239.0,2068.0,2307.0,2718.0,2967.0,2699.0,1538.0,2242.8571428571427,2229.15,2162.4166666666665,115.9186907152708,147.39180688506346,358.19359842798326,2718.0
2022-04-27,2425.0,2226.0,2904.0,2736.0,1574.0,2404.0,2356.0,2307.0,2137.0,2213.0,2727.0,2919.0,2714.0,1564.0,2284.0,2226.2,2179.2,122.97967311714586,142.53295094561423,346.11033804508025,2831.0
2022-04-28,2403.0,2149.0,2914.0,2736.0,1582.0,2425.0,2404.0,2356.0,2115.0,2128.0,2689.0,2904.0,2736.0,1574.0,2325.1428571428573,2225.5,2195.25,103.6780731743372,141.57776364209334,333.3436982851562,2939.0
2022-04-29,2404.0,2136.0,2938.0,2734.0,1593.0,2403.0,2425.0,2404.0,2142.0,2061.0,2591.0,2914.0,2736.0,1582.0,2362.5714285714284,2227.25,2211.6666666666665,67.53482346873395,143.64608372114702,318.3859009455166,3052.0
2022-05-03,2412.0,2147.0,2955.0,2733.0,1609.0,2404.0,2403.0,2425.0,2239.0,2055.0,2588.0,2938.0,2734.0,1593.0,2387.285714285714,2229.95,2228.116666666667,41.35905497678009,146.7078999056922,302.13528744734214,3117.0
2022-05-04,2485.0,2319.0,3013.0,2732.0,1620.0,2412.0,2404.0,2403.0,2307.0,2031.0,2605.0,2955.0,2733.0,1609.0,2412.714285714286,2236.35,2245.8166666666666,38.38278383910162,155.09429220215048,284.7787420452724,3104.0
2022-05-05,2644.0,2721.0,3110.0,2732.0,1632.0,2485.0,2412.0,2404.0,2356.0,2035.0,2589.0,3013.0,2732.0,1620.0,2453.8571428571427,2253.2,2266.1833333333334,88.7570252082109,179.55195700175454,268.0698423834054,3085.0
2022-05-06,2718.0,2894.0,3175.0,2729.0,1640.0,2644.0,2485.0,2412.0,2404.0,2068.0,2546.0,3110.0,2732.0,1632.0,2498.714285714286,2278.45,2286.4333333333334,129.40081695481396,207.01016374743327,255.0144805902554,3095.0
2022-05-09,2831.0,3185.0,3233.0,2732.0,1650.0,2718.0,2644.0,2485.0,2425.0,2137.0,2575.0,3175.0,2729.0,1640.0,2556.714285714286,2313.6,2305.1,174.11654553365614,237.5507480407913,253.1641592433786,3189.0
2022-05-10,2939.0,3461.0,3277.0,2746.0,1661.0,2831.0,2718.0,2644.0,2403.0,2115.0,2567.0,3233.0,2732.0,1650.0,2633.285714285714,2357.5,2321.75,209.51190442368903,267.6359467635152,261.4604111718489,3289.0
2022-05-11,3052.0,3756.0,3316.0,2759.0,1665.0,2939.0,2831.0,2718.0,2404.0,2142.0,2544.0,3277.0,2746.0,1661.0,2725.8571428571427,2407.35,2339.6666666666665,233.14332399580545,299.3039776759327,273.9690485219181,3344.0
2022-05-12,3117.0,3965.0,3310.0,2750.0,1665.0,3052.0,2939.0,2831.0,2412.0,2239.0,2484.0,3316.0,2759.0,1665.0,2826.5714285714284,2461.65,2358.55,227.16283230527972,324.85369581430774,287.73919600088635,3369.0
2022-05-13,3104.0,3947.0,3283.0,2752.0,1673.0,3117.0,3052.0,2939.0,2485.0,2307.0,2417.0,3310.0,2750.0,1665.0,2915.0,2515.1,2377.483333333333,189.3744086899587,338.6127892632474,298.7685171435239,3253.0
2022-05-16,3085.0,3929.0,3241.0,2748.0,1667.0,3104.0,3117.0,3052.0,2644.0,2356.0,2369.0,3283.0,2752.0,1673.0,2978.0,2565.95,2397.3,154.300572476812,344.2525809252411,305.6442653627485,3127.0
2022-05-17,3095.0,3950.0,3254.0,2745.0,1663.0,3085.0,3104.0,3117.0,2718.0,2404.0,2358.0,3241.0,2748.0,1667.0,3031.8571428571427,2613.85,2417.45,106.95548695827516,348.05433257044604,311.1673714431332,2933.0
2022-05-18,3189.0,4164.0,3327.0,2758.0,1667.0,3095.0,3085.0,3104.0,2831.0,2425.0,2357.0,3254.0,2745.0,1663.0,3083.0,2667.55,2437.866666666667,76.02411897991685,349.88471409580234,320.94523883002955,2681.0
2022-05-19,3289.0,4385.0,3370.0,2800.0,1664.0,3189.0,3095.0,3085.0,2939.0,2403.0,2307.0,3327.0,2758.0,1667.0,3133.0,2724.9,2458.6,80.49637673009184,353.19472786195564,335.0091422986985,2571.0
2022-05-20,3344.0,4526.0,3382.0,2816.0,1662.0,3289.0,3189.0,3095.0,3052.0,2404.0,2213.0,3370.0,2800.0,1664.0,3174.714285714286,2780.15,2478.5333333333333,103.80866098377612,359.55517474265105,351.39569017480403,2566.0
2022-05-23,3369.0,4602.0,3377.0,2818.0,1664.0,3344.0,3289.0,3189.0,3117.0,2412.0,2128.0,3382.0,2816.0,1662.0,3210.714285714286,2833.25,2497.2833333333333,122.47545915506822,364.388438634563,368.27790223799263,2633.0
2022-05-24,3253.0,4288.0,3321.0,2828.0,1662.0,3369.0,3344.0,3289.0,3104.0,2485.0,2061.0,3377.0,2818.0,1664.0,3232.0,2878.1,2515.05,113.45336780666094,357.696710695128,378.6233057104366,2560.0
2022-05-25,3127.0,3987.0,3218.0,2833.0,1656.0,3253.0,3369.0,3344.0,3085.0,2644.0,2055.0,3321.0,2828.0,1662.0,3238.0,2914.25,2532.5666666666666,105.1934725478417,343.51401947949165,382.26108597800953,2514.0
2022-05-26,2933.0,3478.0,3140.0,2823.0,1652.0,3127.0,3253.0,3369.0,3095.0,2718.0,2031.0,3218.0,2833.0,1656.0,3214.8571428571427,2939.65,2547.45,150.12264827072647,323.6403583902305,380.13652431544085,2410.0
2022-05-27,2681.0,2818.0,3048.0,2796.0,1647.0,2933.0,3127.0,3253.0,3189.0,2831.0,2035.0,3140.0,2823.0,1652.0,3142.285714285714,2953.55,2557.65,252.55013646517347,304.8002754177668,375.2603988554243,2342.0
2022-05-30,2571.0,2594.0,2944.0,2774.0,1640.0,2681.0,2933.0,3127.0,3289.0,2939.0,2068.0,3048.0,2796.0,1647.0,3039.714285714286,2961.9,2564.883333333333,319.8659689545668,290.9246420783753,371.1752791513557,2320.0
2022-05-31,2566.0,2668.0,2873.0,2743.0,1614.0,2571.0,2681.0,2933.0,3344.0,3052.0,2137.0,2944.0,2774.0,1640.0,2928.5714285714284,2969.6,2572.583333333333,331.4693837761756,277.32432087247275,366.2111223845768,2260.0
2022-06-01,2633.0,2927.0,2851.0,2703.0,1595.0,2566.0,2571.0,2681.0,3369.0,3117.0,2115.0,2873.0,2743.0,1614.0,2823.428571428572,2977.0,2580.6666666666665,281.4343364166681,265.43251694666475,362.00906752694834,2284.0
2022-06-06,2560.0,2757.0,2841.0,2660.0,1565.0,2633.0,2566.0,2571.0,3253.0,3104.0,2142.0,2851.0,2703.0,1595.0,2724.428571428572,2972.8,2586.083333333333,220.41162790172783,271.57253562404463,359.1695832723057,2387.0
2022-06-07,2514.0,2668.0,2815.0,2632.0,1537.0,2560.0,2633.0,2566.0,3127.0,3085.0,2239.0,2841.0,2660.0,1565.0,2636.8571428571427,2962.6,2588.7833333333333,141.4348242966102,285.1384520581449,357.9870318485441,2462.0
2022-06-08,2410.0,2457.0,2747.0,2585.0,1510.0,2514.0,2560.0,2633.0,2933.0,3095.0,2307.0,2815.0,2632.0,1537.0,2562.1428571428573,2941.55,2586.3166666666666,86.32386416172865,309.83535101219746,358.7118900405677,2578.0
2022-06-09,2342.0,2369.0,2674.0,2527.0,1469.0,2410.0,2514.0,2560.0,2681.0,3189.0,2356.0,2747.0,2585.0,1510.0,2513.714285714286,2911.7,2580.2833333333333,102.1676959475981,337.60723052872004,359.7418138038019,2596.0
2022-06-10,2320.0,2371.0,2629.0,2495.0,1417.0,2342.0,2410.0,2514.0,2571.0,3289.0,2404.0,2674.0,2527.0,1469.0,2477.8571428571427,2875.1,2573.65,121.01849524134198,360.49876268129634,360.8271488620438,2484.0
2022-06-13,2260.0,2246.0,2600.0,2463.0,1400.0,2320.0,2342.0,2410.0,2566.0,3344.0,2425.0,2629.0,2495.0,1417.0,2434.1428571428573,2832.25,2565.866666666667,137.9546164159736,380.60462632363743,362.4961234937583,2349.0
2022-06-14,2284.0,2308.0,2629.0,2451.0,1372.0,2260.0,2320.0,2342.0,2633.0,3369.0,2403.0,2600.0,2463.0,1400.0,2384.285714285714,2791.25,2559.116666666667,115.31654157971712,393.7303211456816,363.9322944885916,2354.0
2022-06-15,2387.0,2551.0,2706.0,2454.0,1349.0,2284.0,2260.0,2320.0,2560.0,3253.0,2404.0,2629.0,2451.0,1372.0,2359.5714285714284,2756.35,2555.7166666666667,86.25902299250049,397.2415776988093,364.5817241933539,2331.0
2022-06-16,2462.0,2702.0,2790.0,2460.0,1341.0,2387.0,2284.0,2260.0,2514.0,3127.0,2412.0,2706.0,2454.0,1349.0,2352.1428571428573,2724.7,2553.616666666667,71.76449579802316,394.04382604237367,364.7554598360463,2295.0
2022-06-17,2578.0,2987.0,2862.0,2467.0,1343.0,2462.0,2387.0,2284.0,2410.0,2933.0,2485.0,2790.0,2460.0,1341.0,2376.1428571428573,2694.15,2553.1666666666665,111.45466727394005,379.5718190138469,364.70764547325615,2204.0
2022-06-20,2596.0,3031.0,2872.0,2470.0,1336.0,2578.0,2462.0,2387.0,2342.0,2681.0,2644.0,2862.0,2467.0,1343.0,2412.428571428572,2659.5,2553.2833333333333,136.9231623245479,353.1210467873828,364.7204219099497,2186.0
2022-06-21,2484.0,2710.0,2851.0,2471.0,1336.0,2596.0,2578.0,2462.0,2320.0,2571.0,2718.0,2872.0,2470.0,1336.0,2435.8571428571427,2616.5,2552.25,132.42913648619208,315.76765275487264,364.8292205532216,2240.0
2022-06-22,2349.0,2343.0,2797.0,2475.0,1338.0,2484.0,2596.0,2578.0,2260.0,2566.0,2831.0,2851.0,2471.0,1336.0,2448.5714285714284,2565.5,2548.483333333333,115.9825520539826,266.33526556619574,365.7558457503375,2214.0
2022-06-23,2354.0,2419.0,2732.0,2466.0,1339.0,2349.0,2484.0,2596.0,2284.0,2633.0,2939.0,2797.0,2475.0,1338.0,2458.5714285714284,2520.55,2544.9333333333334,101.54778373236344,215.14021743481564,366.6057720363596,2159.0
2022-06-24,2331.0,2396.0,2695.0,2449.0,1334.0,2354.0,2349.0,2484.0,2387.0,2560.0,3052.0,2732.0,2466.0,1339.0,2450.5714285714284,2480.75,2541.383333333333,109.98160019273584,164.7785994664048,367.6447756645349,2098.0
2022-06-27,2295.0,2332.0,2652.0,2439.0,1334.0,2331.0,2354.0,2349.0,2462.0,2514.0,3117.0,2695.0,2449.0,1334.0,2426.714285714286,2448.85,2538.233333333333,124.2735078844522,130.8893767552306,368.9521289358656,2043.0
2022-06-28,2204.0,2152.0,2566.0,2416.0,1313.0,2295.0,2331.0,2354.0,2578.0,2410.0,3104.0,2652.0,2439.0,1334.0,2373.285714285714,2425.0,2534.6833333333334,128.70860407100454,129.81565877490243,371.1565292555413,2073.0
2022-06-29,2186.0,2200.0,2510.0,2359.0,1297.0,2204.0,2295.0,2331.0,2596.0,2342.0,3085.0,2566.0,2416.0,1313.0,2314.714285714286,2405.75,2531.633333333333,100.71033426899562,135.449301060945,373.2869104510688,2067.0
2022-06-30,2240.0,2434.0,2485.0,2306.0,1285.0,2186.0,2204.0,2295.0,2484.0,2320.0,3095.0,2510.0,2359.0,1297.0,2279.8571428571427,2389.45,2529.6666666666665,69.8508615347299,134.7635258322534,374.52599043872016,2081.0
2022-07-01,2214.0,2381.0,2477.0,2290.0,1276.0,2240.0,2186.0,2204.0,2349.0,2260.0,3189.0,2485.0,2306.0,1285.0,2260.5714285714284,2368.5,2527.2833333333333,66.11569945396278,127.26908914828816,376.09510569941415,2013.0
2022-07-04,2159.0,2228.0,2469.0,2282.0,1256.0,2214.0,2240.0,2186.0,2354.0,2284.0,3289.0,2477.0,2290.0,1276.0,2232.714285714286,2348.45,2524.8166666666666,61.07840394584873,127.0989978841729,378.0446342433736,2002.0
2022-07-05,2098.0,2084.0,2441.0,2265.0,1239.0,2159.0,2214.0,2240.0,2331.0,2387.0,3344.0,2469.0,2282.0,1256.0,2199.428571428572,2327.65,2522.9,62.06946952906627,132.50512403201506,379.9390985987727,2010.0
2022-07-06,2043.0,2000.0,2363.0,2247.0,1219.0,2098.0,2159.0,2214.0,2295.0,2462.0,3369.0,2441.0,2265.0,1239.0,2163.428571428572,2309.3,2521.483333333333,69.97584617294358,145.2953797215304,381.59138193667553,2150.0
2022-07-07,2073.0,2205.0,2278.0,2203.0,1200.0,2043.0,2098.0,2159.0,2204.0,2578.0,3253.0,2363.0,2247.0,1219.0,2144.714285714286,2295.85,2521.6833333333334,74.67644493795706,154.2817910598463,381.3490101129207,2162.0
2022-07-08,2067.0,2270.0,2223.0,2163.0,1185.0,2073.0,2043.0,2098.0,2186.0,2596.0,3127.0,2278.0,2203.0,1200.0,2127.714285714286,2283.2,2521.883333333333,77.21337165222718,162.35814861304308,381.1031753029209,2145.0
2022-07-11,2081.0,2365.0,2172.0,2152.0,1180.0,2067.0,2073.0,2043.0,2240.0,2484.0,2933.0,2223.0,2163.0,1185.0,2105.0,2274.25,2522.7166666666667,60.18582335844039,168.52108254803056,380.0648513647613,2113.0
2022-07-12,2013.0,2249.0,2096.0,2123.0,1176.0,2081.0,2067.0,2073.0,2214.0,2349.0,2681.0,2172.0,2152.0,1180.0,2076.285714285714,2260.7,2522.35,45.72641208212862,178.3066843509031,380.5536477469892,2118.0
2022-07-13,2002.0,2334.0,2008.0,2077.0,1175.0,2013.0,2081.0,2067.0,2159.0,2354.0,2571.0,2096.0,2123.0,1176.0,2053.8571428571427,2241.45,2521.25,35.8256359395883,184.62407751970449,381.9819245434872,2146.0
2022-07-14,2010.0,2457.0,1920.0,2050.0,1172.0,2002.0,2013.0,2081.0,2098.0,2331.0,2566.0,2008.0,2077.0,1175.0,2041.2857142857144,2218.85,2519.133333333333,33.08934514166767,183.86873893594935,384.49087916122585,2114.0
2022-07-15,2150.0,2919.0,1885.0,2039.0,1181.0,2010.0,2002.0,2013.0,2043.0,2295.0,2633.0,1920.0,2050.0,1172.0,2056.5714285714284,2197.45,2519.7166666666667,52.83577431644972,163.66508646109318,383.8934391193087,2061.0
2022-07-18,2162.0,2967.0,1872.0,2037.0,1187.0,2150.0,2010.0,2002.0,2073.0,2204.0,2560.0,1885.0,2039.0,1181.0,2069.285714285714,2175.75,2520.05,66.41213314275703,134.151475657384,383.5684556496686,2007.0
2022-07-19,2145.0,2899.0,1889.0,2039.0,1200.0,2162.0,2150.0,2010.0,2067.0,2186.0,2514.0,1872.0,2037.0,1187.0,2080.428571428572,2158.8,2518.483333333333,72.25154471902765,112.88494375388,384.9254161375693,1945.0
2022-07-20,2113.0,2719.0,1972.0,2057.0,1206.0,2145.0,2162.0,2150.0,2081.0,2240.0,2410.0,1889.0,2039.0,1200.0,2085.0,2147.0,2515.25,73.29847656443235,103.93672163996648,387.5378877048798,1895.0
2022-07-21,2118.0,2653.0,2051.0,2073.0,1212.0,2113.0,2145.0,2162.0,2013.0,2214.0,2342.0,1972.0,2057.0,1206.0,2100.0,2135.2,2511.2833333333333,66.5407143534449,91.89845654737653,390.4029683334852,1872.0
2022-07-22,2146.0,2696.0,2093.0,2080.0,1211.0,2118.0,2113.0,2145.0,2002.0,2159.0,2320.0,2051.0,2073.0,1212.0,2120.5714285714284,2125.95,2506.983333333333,51.8261746702631,79.64690168091217,393.01673279883073,1817.0
2022-07-25,2114.0,2596.0,2100.0,2079.0,1212.0,2146.0,2118.0,2113.0,2010.0,2098.0,2260.0,2093.0,2080.0,1211.0,2135.428571428572,2116.9,2501.8,19.94874384398007,68.99877954679873,396.15460087772647,1731.0
2022-07-26,2061.0,2455.0,2088.0,2071.0,1211.0,2114.0,2146.0,2118.0,2150.0,2043.0,2284.0,2100.0,2079.0,1212.0,2122.714285714286,2109.75,2496.1,33.12458445382153,66.87448966849269,400.04159529489226,1603.0
2022-07-27,2007.0,2333.0,2076.0,2038.0,1205.0,2061.0,2114.0,2146.0,2162.0,2073.0,2387.0,2088.0,2071.0,1211.0,2100.5714285714284,2100.8,2489.483333333333,49.996190331055615,68.09946286209198,404.8450840634925,1560.0
2022-07-28,1945.0,2190.0,2065.0,2003.0,1196.0,2007.0,2061.0,2114.0,2145.0,2067.0,2462.0,2076.0,2038.0,1205.0,2072.0,2086.05,2481.7,72.4706837279729,68.31003239873195,410.8052571742661,1566.0
2022-07-29,1895.0,2081.0,2051.0,1971.0,1173.0,1945.0,2007.0,2061.0,2113.0,2081.0,2578.0,2065.0,2003.0,1196.0,2040.857142857143,2070.1,2471.866666666667,95.1935371955952,73.87749461457231,417.7279329763353,1564.0
2022-08-01,1872.0,2062.0,2044.0,1928.0,1154.0,1895.0,1945.0,2007.0,2118.0,2013.0,2596.0,2051.0,1971.0,1173.0,2005.7142857142856,2055.75,2459.0,106.68288567168344,83.00974895186904,424.1757310920074,1592.0
2022-08-02,1817.0,1971.0,2026.0,1866.0,1141.0,1872.0,1895.0,1945.0,2146.0,2002.0,2484.0,2044.0,1928.0,1154.0,1958.7142857142856,2041.7,2443.983333333333,107.04938780100738,97.92322449111028,430.7488745636311,1556.0
2022-08-03,1731.0,1790.0,2005.0,1805.0,1117.0,1817.0,1872.0,1895.0,2114.0,2010.0,2349.0,2026.0,1866.0,1141.0,1904.0,2026.1,2425.65,112.20665458577744,120.0560833856165,437.35583871831295,1477.0
2022-08-04,1603.0,1480.0,1983.0,1747.0,1095.0,1731.0,1817.0,1872.0,2061.0,2150.0,2354.0,2005.0,1805.0,1117.0,1838.571428571429,2002.6,2403.383333333333,136.3376411008733,152.11228539608547,444.7243325037279,1404.0
2022-08-05,1560.0,1411.0,1967.0,1700.0,1058.0,1603.0,1731.0,1817.0,2007.0,2162.0,2331.0,1983.0,1747.0,1095.0,1774.7142857142858,1977.25,2378.516666666667,148.44607807293457,180.42635908489203,449.5288490833207,1387.0
2022-08-08,1566.0,1465.0,1958.0,1671.0,1043.0,1560.0,1603.0,1731.0,1945.0,2145.0,2295.0,1967.0,1700.0,1058.0,1720.571428571429,1951.5,2352.6666666666665,145.06418940460924,200.4758812110997,450.9355121945658,1394.0
2022-08-09,1564.0,1510.0,1938.0,1636.0,1027.0,1566.0,1560.0,1603.0,1895.0,2113.0,2204.0,1958.0,1671.0,1043.0,1673.2857142857142,1929.05,2327.0,132.09808765421897,217.6325911641921,451.2730392259072,1320.0
2022-08-10,1592.0,1622.0,1932.0,1614.0,1008.0,1564.0,1566.0,1560.0,1872.0,2118.0,2186.0,1938.0,1636.0,1027.0,1633.2857142857142,1908.55,2302.116666666667,100.51486504609538,229.39175293760573,449.9285100149556,1279.0
2022-08-11,1556.0,1538.0,1927.0,1591.0,985.0,1592.0,1564.0,1566.0,1817.0,2146.0,2240.0,1932.0,1614.0,1008.0,1596.0,1885.85,2276.4666666666667,62.061797159469,240.9940543053379,447.8244006140079,1270.0
2022-08-12,1477.0,1314.0,1907.0,1593.0,978.0,1556.0,1592.0,1564.0,1731.0,2114.0,2214.0,1927.0,1591.0,985.0,1559.7142857142858,1852.2,2247.9333333333334,40.4751540483079,249.02136877236185,443.21314712595785,1271.0
2022-08-15,1404.0,1098.0,1885.0,1607.0,970.0,1477.0,1556.0,1592.0,1603.0,2061.0,2159.0,1907.0,1593.0,978.0,1531.2857142857142,1814.3,2216.516666666667,66.51494640480483,256.9456424185703,434.89759136115856,1213.0
2022-08-16,1387.0,1059.0,1850.0,1626.0,968.0,1404.0,1477.0,1556.0,1560.0,2007.0,2098.0,1885.0,1607.0,970.0,1506.571428571429,1776.4,2183.9,83.92825734487859,261.4629690998765,422.1026343181141,1123.0
2022-08-17,1394.0,1083.0,1805.0,1659.0,973.0,1387.0,1404.0,1477.0,1566.0,1945.0,2043.0,1850.0,1626.0,968.0,1482.0,1740.45,2150.983333333333,88.67355862936601,262.1748060881607,404.77105860843454,1082.0
2022-08-18,1320.0,867.0,1749.0,1698.0,968.0,1394.0,1387.0,1404.0,1564.0,1895.0,2073.0,1805.0,1659.0,973.0,1447.142857142857,1700.55,2118.766666666667,98.48253410531684,262.41499375486194,392.3064076893366,1017.0
2022-08-19,1279.0,756.0,1688.0,1735.0,960.0,1320.0,1394.0,1387.0,1592.0,1872.0,2067.0,1749.0,1698.0,968.0,1402.428571428571,1657.2,2087.9666666666667,92.63343014780057,256.50127731290775,384.2692808773256,965.0
2022-08-22,1270.0,747.0,1645.0,1751.0,955.0,1279.0,1320.0,1394.0,1556.0,1817.0,2081.0,1688.0,1735.0,960.0,1361.571428571429,1615.0,2060.25,75.00412687055189,246.6305568637881,382.2548012135836,1002.0
2022-08-23,1271.0,797.0,1572.0,1765.0,951.0,1270.0,1279.0,1320.0,1477.0,1731.0,2013.0,1645.0,1751.0,955.0,1332.142857142857,1575.5,2036.75,61.33359213191518,234.3996811565881,386.7608916218455,1086.0
2022-08-24,1213.0,680.0,1491.0,1773.0,947.0,1271.0,1270.0,1279.0,1404.0,1603.0,2002.0,1572.0,1765.0,951.0,1304.857142857143,1535.8,2014.1166666666663,66.32100866596205,224.5009905030176,394.6218997791436,1133.0
2022-08-25,1123.0,474.0,1424.0,1763.0,938.0,1213.0,1271.0,1270.0,1387.0,1560.0,2010.0,1491.0,1773.0,947.0,1267.142857142857,1494.7,1990.0666666666664,84.41845882548652,220.85815881642884,404.2710479690314,1114.0
2022-08-26,1082.0,411.0,1372.0,1744.0,933.0,1123.0,1213.0,1271.0,1394.0,1566.0,2150.0,1424.0,1763.0,938.0,1222.571428571429,1454.05,1964.2166666666667,88.54162324925457,218.10438712736493,411.9774179950205,1133.0
2022-08-30,1017.0,337.0,1284.0,1691.0,919.0,1082.0,1123.0,1213.0,1320.0,1564.0,2162.0,1372.0,1744.0,933.0,1179.2857142857142,1411.3,1938.5,105.42724866892046,215.65081424423823,422.18918965837815,1178.0
2022-08-31,965.0,302.0,1217.0,1626.0,902.0,1017.0,1082.0,1123.0,1279.0,1592.0,2145.0,1284.0,1691.0,919.0,1134.428571428571,1368.7,1912.6833333333332,121.5042621239234,215.44277540376268,433.6070818291845,1213.0
2022-09-01,1002.0,469.0,1230.0,1559.0,880.0,965.0,1017.0,1082.0,1270.0,1556.0,2113.0,1217.0,1626.0,902.0,1096.142857142857,1332.25,1889.2166666666667,113.63454370834025,212.5697099281524,444.2069715974879,1256.0
2022-09-02,1086.0,733.0,1271.0,1514.0,869.0,1002.0,965.0,1017.0,1271.0,1477.0,2118.0,1230.0,1559.0,880.0,1069.7142857142858,1306.4,1868.2833333333333,83.78089337809136,209.32231505250115,452.0334880224893,1408.0
2022-09-05,1133.0,844.0,1327.0,1498.0,863.0,1086.0,1002.0,965.0,1213.0,1404.0,2146.0,1271.0,1514.0,869.0,1058.2857142857142,1285.05,1848.5,64.12933360455557,203.79801016535797,457.8659599578556,1595.0
2022-09-06,1114.0,728.0,1413.0,1487.0,859.0,1133.0,1086.0,1002.0,1123.0,1387.0,2114.0,1327.0,1498.0,863.0,1057.0,1262.45,1829.4,62.689712074573634,195.91203047337643,464.2672812880202,1612.0
2022-09-07,1133.0,656.0,1577.0,1482.0,861.0,1114.0,1133.0,1086.0,1082.0,1394.0,2061.0,1413.0,1487.0,859.0,1064.2857142857142,1240.9,1810.2166666666667,68.7500649349832,184.36031654285003,468.9211234914577,1553.0
2022-09-08,1178.0,652.0,1757.0,1477.0,867.0,1133.0,1114.0,1133.0,1017.0,1320.0,2007.0,1577.0,1482.0,861.0,1087.2857142857142,1220.2,1790.0666666666666,76.75874387910379,165.0998422007937,469.6914193154109,1729.0
2022-09-09,1213.0,672.0,1865.0,1475.0,873.0,1178.0,1133.0,1114.0,965.0,1279.0,1945.0,1757.0,1477.0,867.0,1122.7142857142858,1203.05,1769.25,67.59613964740412,144.96986075148763,467.077158544381,1746.0
2022-09-12,1256.0,756.0,1922.0,1473.0,874.0,1213.0,1178.0,1133.0,1002.0,1270.0,1895.0,1865.0,1475.0,873.0,1159.0,1192.0,1747.2166666666667,59.71041226893988,130.71101109333682,459.3976192786212,1720.0
2022-09-13,1408.0,1079.0,2074.0,1484.0,884.0,1256.0,1213.0,1178.0,1086.0,1271.0,1872.0,1922.0,1473.0,874.0,1205.0,1192.2,1727.4166666666667,102.67424214472516,131.05507078681526,447.6461333849078,1816.0
2022-09-14,1595.0,1565.0,2145.0,1505.0,893.0,1408.0,1256.0,1213.0,1133.0,1213.0,1817.0,2074.0,1484.0,884.0,1271.0,1202.6,1712.6,173.04912597292702,153.6350426035004,436.75964766734586,1813.0
2022-09-15,1612.0,1637.0,2090.0,1529.0,900.0,1595.0,1408.0,1256.0,1114.0,1123.0,1731.0,2145.0,1505.0,893.0,1342.142857142857,1213.5,1700.3166666666666,198.27542171720924,174.27579473802146,428.8503153057591,1807.0
2022-09-16,1553.0,1519.0,1990.0,1551.0,905.0,1612.0,1595.0,1408.0,1133.0,1082.0,1603.0,2090.0,1529.0,900.0,1402.142857142857,1225.15,1686.9666666666667,187.7049356227413,188.9406130590987,420.5434323955964,1799.0
2022-09-20,1729.0,1994.0,2023.0,1580.0,921.0,1553.0,1612.0,1595.0,1178.0,1017.0,1560.0,1990.0,1551.0,905.0,1480.857142857143,1247.65,1676.9333333333334,193.48680279837652,219.94168485494632,412.0123770835688,1757.0
2022-09-21,1746.0,2021.0,2021.0,1605.0,934.0,1729.0,1553.0,1612.0,1213.0,965.0,1566.0,2023.0,1580.0,921.0,1557.0,1271.45,1667.7833333333333,174.44769989883903,246.62318903219895,404.0732896967136,1760.0
2022-09-22,1720.0,1929.0,1998.0,1637.0,952.0,1746.0,1729.0,1553.0,1256.0,1002.0,1564.0,2021.0,1605.0,934.0,1623.2857142857142,1293.9,1659.7166666666667,120.97067728131692,266.236321615514,397.9722369869864,1788.0
2022-09-23,1816.0,2206.0,1995.0,1652.0,966.0,1720.0,1746.0,1729.0,1408.0,1086.0,1592.0,1998.0,1637.0,952.0,1681.571428571429,1324.05,1653.55,95.58043234687274,289.7019293942105,392.5082499402825,1865.0
2022-09-26,1813.0,2195.0,1992.0,1657.0,974.0,1816.0,1720.0,1746.0,1595.0,1133.0,1556.0,1995.0,1652.0,966.0,1712.7142857142858,1358.55,1646.4333333333334,98.15245672881036,305.17147466196786,385.50347298515067,1996.0
2022-09-27,1807.0,2160.0,1998.0,1671.0,983.0,1813.0,1816.0,1720.0,1612.0,1114.0,1477.0,1992.0,1657.0,974.0,1740.571428571429,1394.8,1639.65,92.30178247257967,313.5374736270182,378.87101803263056,1992.0
2022-09-28,1799.0,2107.0,2022.0,1680.0,992.0,1807.0,1813.0,1816.0,1553.0,1133.0,1404.0,1998.0,1671.0,983.0,1775.7142857142858,1433.9,1633.65,42.23629673516973,312.7028015628509,373.3167794201158,1961.0
2022-09-29,1757.0,1954.0,2063.0,1674.0,1000.0,1799.0,1807.0,1813.0,1729.0,1178.0,1387.0,2022.0,1680.0,992.0,1779.7142857142858,1473.5,1627.9666666666667,38.20870008128161,300.0913018960684,368.6948104826449,1944.0
2022-09-30,1760.0,1955.0,2082.0,1663.0,1009.0,1757.0,1799.0,1807.0,1746.0,1213.0,1394.0,2063.0,1674.0,1000.0,1781.7142857142858,1511.4,1623.25,36.47699862335177,284.8898956291227,365.087898633755,1904.0
2022-10-03,1788.0,2041.0,2082.0,1663.0,1012.0,1760.0,1757.0,1799.0,1720.0,1256.0,1320.0,2082.0,1663.0,1009.0,1791.428571428571,1546.5,1618.5,24.33692080527735,272.704293290262,360.9679782971472,1873.0
2022-10-04,1865.0,2244.0,2110.0,1668.0,1017.0,1788.0,1760.0,1757.0,1816.0,1408.0,1279.0,2082.0,1663.0,1012.0,1798.428571428571,1583.1,1615.1333333333334,36.55980097888541,263.24431317893067,357.6406901861612,1818.0
2022-10-05,1996.0,2553.0,2205.0,1676.0,1024.0,1865.0,1788.0,1760.0,1813.0,1595.0,1270.0,2110.0,1668.0,1017.0,1824.571428571429,1627.2,1613.7166666666667,83.72346772330827,254.246999671776,355.9282965147399,1838.0
2022-10-06,1992.0,2506.0,2232.0,1690.0,1028.0,1996.0,1865.0,1788.0,1807.0,1612.0,1271.0,2205.0,1676.0,1024.0,1851.0,1670.15,1613.3666666666666,103.99679482238987,238.43133735223276,355.5391211479607,1843.0
2022-10-07,1961.0,2396.0,2235.0,1706.0,1033.0,1992.0,1996.0,1865.0,1799.0,1553.0,1213.0,2232.0,1690.0,1028.0,1874.142857142857,1709.3,1612.6833333333334,108.4272852674696,216.65740600991015,354.8181912896436,1875.0
2022-10-10,1944.0,2341.0,2228.0,1714.0,1034.0,1961.0,1992.0,1996.0,1757.0,1729.0,1123.0,2235.0,1706.0,1033.0,1900.857142857143,1745.85,1611.5833333333333,97.21184525118338,188.33348781237777,353.6659963944051,1871.0
2022-10-11,1904.0,2246.0,2196.0,1714.0,1032.0,1944.0,1961.0,1992.0,1760.0,1746.0,1082.0,2228.0,1714.0,1034.0,1921.4285714285716,1778.25,1607.4833333333331,75.17503384956323,151.82811437868125,348.709606331716,1837.0
2022-10-12,1873.0,2199.0,2147.0,1708.0,1024.0,1904.0,1944.0,1961.0,1788.0,1720.0,1017.0,2196.0,1714.0,1032.0,1933.571428571429,1801.5,1602.6666666666667,53.87905326701368,125.4602054752479,342.8673542331901,1819.0
2022-10-13,1818.0,2094.0,2088.0,1696.0,1020.0,1873.0,1904.0,1944.0,1865.0,1816.0,965.0,2147.0,1708.0,1024.0,1926.857142857143,1812.65,1597.2166666666667,65.51953543643917,115.66934498136428,336.6430535154764,1797.0
2022-10-14,1838.0,2166.0,2081.0,1690.0,1012.0,1818.0,1873.0,1904.0,1996.0,1813.0,1002.0,2088.0,1696.0,1020.0,1904.2857142857144,1823.95,1592.6333333333334,64.94283200299017,105.640141393701,331.3318765669499,1755.0
2022-10-17,1843.0,2186.0,2088.0,1678.0,996.0,1838.0,1818.0,1873.0,1992.0,1807.0,1086.0,2081.0,1690.0,1012.0,1883.0,1838.45,1588.05,55.06965286492861,84.22430890499133,325.79708902987005,1706.0
2022-10-18,1875.0,2247.0,2136.0,1678.0,990.0,1843.0,1838.0,1818.0,1961.0,1799.0,1133.0,2088.0,1678.0,996.0,1870.7142857142856,1845.75,1583.5333333333333,43.049251970680174,80.48267221155717,319.753319467887,1612.0
2022-10-19,1871.0,2209.0,2164.0,1678.0,972.0,1875.0,1843.0,1838.0,1944.0,1757.0,1114.0,2136.0,1678.0,990.0,1860.2857142857144,1852.0,1579.4833333333331,28.831200031130567,77.11167568087873,314.41489871040096,1534.0
2022-10-20,1837.0,2111.0,2161.0,1676.0,966.0,1871.0,1875.0,1843.0,1904.0,1760.0,1133.0,2164.0,1678.0,972.0,1850.7142857142856,1857.85,1575.75,22.27640220581008,70.74585723409375,309.89793973314147,1463.0
2022-10-21,1819.0,2071.0,2144.0,1678.0,961.0,1837.0,1871.0,1875.0,1873.0,1788.0,1178.0,2161.0,1676.0,966.0,1843.0,1858.0,1572.6166666666666,22.6200501030293,70.6555767530992,306.39434497517533,1377.0
2022-10-24,1797.0,2036.0,2113.0,1670.0,959.0,1819.0,1837.0,1871.0,1818.0,1865.0,1213.0,2144.0,1678.0,961.0,1840.0,1857.2,1570.15,27.38004139265573,71.27973063920271,303.9314611073455,1321.0
2022-10-25,1755.0,1955.0,2073.0,1658.0,953.0,1797.0,1819.0,1837.0,1838.0,1996.0,1256.0,2113.0,1670.0,959.0,1828.142857142857,1854.6,1567.8166666666666,42.29826068693222,74.09979046775831,301.9260483968938,1290.0
2022-10-26,1706.0,1885.0,2007.0,1632.0,940.0,1755.0,1797.0,1819.0,1843.0,1992.0,1408.0,2073.0,1658.0,953.0,1808.571428571429,1849.95,1565.05,61.57883062343018,80.42091571356134,299.84484264535126,1323.0
2022-10-27,1612.0,1748.0,1900.0,1572.0,922.0,1706.0,1755.0,1797.0,1875.0,1961.0,1595.0,2007.0,1632.0,940.0,1771.0,1842.7,1561.6333333333334,88.59834460453085,94.53826849759542,298.0880865526688,1337.0
2022-10-28,1534.0,1670.0,1817.0,1483.0,897.0,1612.0,1706.0,1755.0,1871.0,1944.0,1612.0,1900.0,1572.0,922.0,1722.857142857143,1831.4,1558.35,113.31582497812252,116.01152392847672,297.2747872802889,1356.0
2022-10-31,1463.0,1559.0,1745.0,1437.0,883.0,1534.0,1612.0,1706.0,1837.0,1904.0,1553.0,1817.0,1483.0,897.0,1669.428571428571,1815.15,1556.0166666666669,136.35597669683733,142.21343300234548,297.46775878088533,1393.0
2022-11-01,1377.0,1388.0,1696.0,1389.0,867.0,1463.0,1534.0,1612.0,1819.0,1873.0,1729.0,1745.0,1437.0,883.0,1606.2857142857142,1790.75,1552.9666666666667,156.41367617709736,171.96262598843578,298.3630462115433,1390.0
2022-11-02,1321.0,1286.0,1683.0,1332.0,855.0,1377.0,1463.0,1534.0,1797.0,1818.0,1746.0,1696.0,1389.0,867.0,1538.2857142857142,1757.0,1548.8833333333334,163.01299977374063,194.34207497415304,299.8544331395572,1355.0
2022-11-03,1290.0,1225.0,1699.0,1287.0,841.0,1321.0,1377.0,1463.0,1755.0,1838.0,1720.0,1683.0,1332.0,855.0,1471.857142857143,1721.9,1544.3166666666666,154.5050469201725,212.23519723967607,301.7010806914592,1325.0
2022-11-04,1323.0,1343.0,1700.0,1268.0,836.0,1290.0,1321.0,1377.0,1706.0,1843.0,1816.0,1699.0,1287.0,841.0,1417.142857142857,1690.0,1539.8333333333333,122.20942212913783,222.12277306882532,302.976486566909,1300.0
2022-11-07,1337.0,1404.0,1696.0,1251.0,826.0,1323.0,1290.0,1321.0,1612.0,1875.0,1813.0,1700.0,1268.0,836.0,1377.857142857143,1659.65,1536.1833333333334,88.75139167249324,227.0059760400369,304.0955186504331,1288.0
2022-11-08,1356.0,1493.0,1669.0,1241.0,818.0,1337.0,1323.0,1290.0,1534.0,1871.0,1807.0,1696.0,1251.0,826.0,1352.428571428571,1632.25,1534.1666666666667,56.02337947333881,229.02352786511744,304.89482302483225,1228.0
2022-11-09,1393.0,1637.0,1641.0,1232.0,803.0,1356.0,1337.0,1323.0,1463.0,1837.0,1799.0,1669.0,1241.0,818.0,1342.428571428571,1608.25,1533.9833333333331,35.47702140278515,227.6127540131883,304.9777147549871,1189.0
2022-11-10,1390.0,1652.0,1619.0,1227.0,797.0,1393.0,1356.0,1337.0,1377.0,1819.0,1757.0,1641.0,1232.0,803.0,1344.2857142857142,1586.85,1534.0333333333333,37.84932533832095,226.97351456895515,304.9534538901751,1177.0
2022-11-11,1355.0,1544.0,1637.0,1213.0,787.0,1390.0,1393.0,1356.0,1321.0,1797.0,1760.0,1619.0,1227.0,797.0,1349.142857142857,1562.7,1533.3833333333334,36.521357091490735,224.5271288262096,305.29835874617225,1149.0
2022-11-14,1325.0,1446.0,1667.0,1197.0,780.0,1355.0,1390.0,1393.0,1290.0,1755.0,1788.0,1637.0,1213.0,787.0,1354.142857142857,1536.8,1533.4666666666667,28.61484796052921,220.329084015596,305.2398038479033,1184.0
2022-11-15,1300.0,1371.0,1681.0,1186.0,772.0,1325.0,1355.0,1390.0,1323.0,1706.0,1865.0,1667.0,1197.0,780.0,1350.857142857143,1508.05,1533.8166666666666,33.662187349272514,211.2016933245357,304.954983711358,1242.0
2022-11-16,1288.0,1333.0,1688.0,1180.0,768.0,1300.0,1325.0,1355.0,1337.0,1612.0,1996.0,1681.0,1186.0,772.0,1343.857142857143,1478.9,1534.1166666666666,41.26107354966455,198.31020357535385,304.6998017870026,1324.0
2022-11-17,1228.0,1188.0,1650.0,1175.0,763.0,1288.0,1300.0,1325.0,1356.0,1534.0,1992.0,1688.0,1180.0,768.0,1325.571428571429,1448.45,1533.4,59.37130940906511,186.85527047759675,305.3789643449691,1347.0
2022-11-18,1189.0,1122.0,1594.0,1170.0,763.0,1228.0,1288.0,1300.0,1393.0,1463.0,1961.0,1650.0,1175.0,763.0,1296.428571428571,1416.95,1533.0,69.89243436128704,173.7428453657353,305.8211507910884,1327.0
2022-11-21,1177.0,1129.0,1549.0,1164.0,757.0,1189.0,1228.0,1288.0,1390.0,1377.0,1944.0,1594.0,1170.0,763.0,1266.0,1385.95,1533.9,68.72166082583404,156.85443301955712,304.6714095490572,1355.0
2022-11-22,1149.0,1092.0,1496.0,1160.0,753.0,1177.0,1189.0,1228.0,1355.0,1321.0,1904.0,1549.0,1164.0,757.0,1236.571428571429,1355.65,1535.0166666666669,68.36387238602875,139.3686044083405,303.1058153693749,1338.0
2022-11-23,1184.0,1219.0,1464.0,1163.0,752.0,1149.0,1177.0,1189.0,1325.0,1290.0,1873.0,1496.0,1160.0,753.0,1216.428571428571,1329.55,1537.8,57.944965679626826,117.46062050071266,299.00744279608944,1324.0
2022-11-24,1242.0,1384.0,1466.0,1174.0,747.0,1184.0,1149.0,1177.0,1300.0,1323.0,1818.0,1464.0,1163.0,752.0,1208.142857142857,1311.05,1542.4166666666667,47.143145742199216,98.1901887048086,292.0715196640526,1323.0
2022-11-25,1324.0,1613.0,1479.0,1182.0,745.0,1242.0,1184.0,1149.0,1288.0,1337.0,1838.0,1466.0,1174.0,747.0,1213.2857142857142,1300.55,1547.7833333333333,58.016418037473066,83.17418311491362,284.8421562107708,1340.0
2022-11-28,1347.0,1669.0,1496.0,1180.0,746.0,1324.0,1242.0,1184.0,1228.0,1356.0,1843.0,1479.0,1182.0,745.0,1230.2857142857142,1294.75,1552.1333333333334,77.28241344941014,74.88087029965077,279.6154421347734,1373.0
2022-11-29,1327.0,1589.0,1524.0,1177.0,745.0,1347.0,1324.0,1242.0,1189.0,1393.0,1875.0,1496.0,1180.0,746.0,1250.0,1292.25,1555.3666666666666,82.42572413994449,72.7959476893528,275.78202929780355,1385.0
2022-11-30,1355.0,1643.0,1568.0,1172.0,744.0,1327.0,1347.0,1324.0,1177.0,1390.0,1871.0,1524.0,1177.0,745.0,1275.428571428571,1293.95,1559.3833333333334,83.5999544314871,73.89143886021648,270.9575669866839,1386.0
2022-12-01,1338.0,1570.0,1602.0,1165.0,742.0,1355.0,1327.0,1347.0,1149.0,1355.0,1837.0,1568.0,1172.0,744.0,1302.428571428571,1296.35,1562.8,64.24136036033828,74.53312580387525,266.749727177276,1361.0
2022-12-02,1324.0,1519.0,1618.0,1162.0,741.0,1338.0,1355.0,1327.0,1184.0,1325.0,1819.0,1602.0,1165.0,742.0,1322.428571428571,1296.4,1565.2333333333331,37.42039169063124,74.55227766644148,263.82996364611944,1357.0
2022-12-05,1323.0,1502.0,1638.0,1158.0,737.0,1324.0,1338.0,1355.0,1242.0,1300.0,1797.0,1618.0,1162.0,741.0,1334.0,1295.7,1567.0666666666666,12.884098726515568,74.21597217787296,261.7145467007916,1401.0
2022-12-06,1340.0,1540.0,1657.0,1158.0,732.0,1323.0,1324.0,1338.0,1324.0,1288.0,1755.0,1638.0,1158.0,737.0,1336.2857142857142,1294.9,1568.4666666666667,12.216304483464109,73.61557329512529,260.2428765639098,1528.0
2022-12-07,1373.0,1635.0,1659.0,1158.0,735.0,1340.0,1323.0,1324.0,1347.0,1228.0,1706.0,1657.0,1158.0,732.0,1340.0,1293.9,1567.8833333333334,18.402898322310385,72.33758577517277,260.6475698135627,1560.0
2022-12-08,1385.0,1675.0,1661.0,1153.0,733.0,1373.0,1340.0,1323.0,1327.0,1189.0,1612.0,1659.0,1158.0,735.0,1348.2857142857142,1293.65,1564.3833333333334,23.830752440899342,71.99581493678681,261.68515768268367,1548.0
2022-12-09,1386.0,1683.0,1659.0,1152.0,732.0,1385.0,1373.0,1340.0,1355.0,1177.0,1534.0,1661.0,1153.0,733.0,1352.7142857142858,1295.2,1560.6166666666666,27.831123379520943,73.69967506885072,262.6130162952367,1596.0
2022-12-12,1361.0,1619.0,1643.0,1153.0,729.0,1386.0,1385.0,1373.0,1338.0,1149.0,1463.0,1659.0,1152.0,732.0,1356.0,1297.0,1557.4166666666667,27.153882472457557,74.895716973961,263.8741541133543,1723.0
2022-12-13,1357.0,1601.0,1633.0,1167.0,726.0,1361.0,1386.0,1385.0,1324.0,1184.0,1377.0,1643.0,1153.0,729.0,1360.7142857142858,1299.85,1551.2166666666667,23.257359306238715,76.09085635635665,264.1444193879252,1650.0
2022-12-14,1401.0,1723.0,1643.0,1170.0,719.0,1357.0,1361.0,1386.0,1323.0,1242.0,1321.0,1633.0,1167.0,726.0,1371.857142857143,1305.5,1545.4666666666667,20.723807335308067,79.29259605703936,263.5868921579999,1515.0
2022-12-15,1528.0,2095.0,1658.0,1167.0,713.0,1401.0,1357.0,1361.0,1340.0,1324.0,1290.0,1643.0,1170.0,719.0,1398.7142857142858,1320.5,1542.2666666666669,59.01049139969096,91.32331229435528,262.59570437233214,1250.0
2022-12-16,1560.0,2208.0,1652.0,1157.0,705.0,1528.0,1401.0,1357.0,1373.0,1347.0,1323.0,1658.0,1167.0,713.0,1425.428571428571,1339.05,1538.0,82.91533260469626,100.43194868059146,260.1409656972492,1176.0
2022-12-19,1548.0,2186.0,1645.0,1146.0,701.0,1560.0,1528.0,1401.0,1385.0,1327.0,1337.0,1652.0,1157.0,705.0,1448.7142857142858,1357.6,1533.5833333333333,92.05381448859082,103.15109000108885,257.6303548060928,1146.0
2022-12-20,1596.0,2365.0,1622.0,1131.0,691.0,1548.0,1560.0,1528.0,1386.0,1355.0,1356.0,1645.0,1146.0,701.0,1478.7142857142858,1379.95,1530.0666666666666,101.90144631898036,103.99720390974248,255.2641613904989,1130.0
2022-12-21,1723.0,2797.0,1598.0,1103.0,683.0,1596.0,1548.0,1560.0,1361.0,1338.0,1393.0,1622.0,1131.0,691.0,1530.428571428571,1406.9,1528.8,122.06672648302332,119.26392669419587,254.09292307996552,1139.0
2022-12-22,1650.0,2626.0,1563.0,1083.0,671.0,1723.0,1596.0,1548.0,1357.0,1324.0,1390.0,1598.0,1103.0,683.0,1572.2857142857142,1427.3,1527.0166666666669,101.12486388239932,124.35860709209948,252.8365514545152,1096.0
2022-12-23,1515.0,2261.0,1535.0,1062.0,663.0,1650.0,1723.0,1596.0,1401.0,1323.0,1355.0,1563.0,1083.0,671.0,1588.571428571429,1436.85,1522.9333333333334,74.65890690967923,123.33790769133697,250.98165688032827,1043.0
2023-01-03,1250.0,1635.0,1438.0,968.0,614.0,1515.0,1650.0,1723.0,1528.0,1340.0,1325.0,1535.0,1062.0,663.0,1548.857142857143,1432.0,1513.9666666666667,149.08881980373914,128.8413957668512,250.96167353187704,976.0
2023-01-04,1176.0,1516.0,1378.0,912.0,590.0,1250.0,1515.0,1650.0,1560.0,1373.0,1300.0,1438.0,968.0,614.0,1494.0,1424.45,1502.4833333333331,204.61264216398925,139.31655548272556,250.389831091688,946.0
2023-01-05,1146.0,1504.0,1332.0,871.0,571.0,1176.0,1250.0,1515.0,1548.0,1385.0,1288.0,1378.0,912.0,590.0,1436.571428571429,1414.0,1488.3166666666666,240.2428334989708,152.0560838361005,246.00154964832748,946.0
2023-01-06,1130.0,1512.0,1299.0,839.0,552.0,1146.0,1176.0,1250.0,1596.0,1386.0,1228.0,1332.0,871.0,571.0,1370.0,1403.6,1473.95,252.93147952227733,164.15922950468277,241.2115904261909,921.0
2023-01-09,1139.0,1596.0,1250.0,825.0,542.0,1130.0,1146.0,1176.0,1723.0,1361.0,1189.0,1299.0,839.0,552.0,1286.571428571429,1394.35,1460.25,209.71238808015184,173.80911338226457,236.3748549103708,874.0
2023-01-10,1096.0,1536.0,1189.0,803.0,534.0,1139.0,1130.0,1146.0,1650.0,1357.0,1177.0,1250.0,825.0,542.0,1207.428571428571,1383.0,1446.1166666666666,143.91416092337772,185.7173857462273,232.2765076125895,801.0
2023-01-11,1043.0,1470.0,1126.0,762.0,521.0,1096.0,1139.0,1130.0,1515.0,1401.0,1149.0,1189.0,803.0,534.0,1140.0,1368.15,1431.7666666666669,64.39202849209815,200.6133424223985,230.09507001006972,763.0
2023-01-12,976.0,1349.0,1084.0,715.0,508.0,1043.0,1096.0,1139.0,1250.0,1528.0,1184.0,1126.0,762.0,521.0,1100.857142857143,1348.3,1416.8166666666666,69.4608488560513,218.9143307563894,230.0813041017815,740.0
2023-01-13,946.0,1299.0,1069.0,686.0,500.0,976.0,1043.0,1096.0,1176.0,1560.0,1242.0,1084.0,715.0,508.0,1068.0,1326.35,1402.2833333333333,81.36952746571372,236.35483471832796,231.84427061976456,721.0
2023-01-16,946.0,1311.0,1071.0,673.0,488.0,946.0,976.0,1043.0,1146.0,1548.0,1324.0,1069.0,686.0,500.0,1039.428571428571,1304.35,1387.4166666666667,84.47062042082523,250.5611124109697,232.03004566305057,703.0
2023-01-17,921.0,1240.0,1078.0,661.0,468.0,946.0,946.0,976.0,1130.0,1596.0,1347.0,1071.0,673.0,488.0,1009.5714285714286,1282.35,1372.05,84.05723673552656,264.267064877442,231.877336435764,677.0
2023-01-18,874.0,1107.0,1075.0,657.0,458.0,921.0,946.0,946.0,1139.0,1723.0,1327.0,1078.0,661.0,468.0,971.7142857142856,1258.2,1355.3666666666666,75.26556159292197,278.758261619352,231.0863780587169,676.0
2023-01-19,801.0,893.0,1071.0,654.0,449.0,874.0,921.0,946.0,1096.0,1650.0,1355.0,1075.0,657.0,458.0,929.5714285714286,1228.2,1337.5333333333333,76.65258669876746,294.42693669673247,231.9050409598757,680.0
2023-01-20,763.0,787.0,1060.0,652.0,441.0,801.0,874.0,921.0,1043.0,1515.0,1338.0,1071.0,654.0,449.0,889.5714285714286,1189.95,1319.6333333333334,80.5540339209977,302.9961741985153,234.13794041386373,681.0
2023-01-23,740.0,735.0,1048.0,645.0,434.0,763.0,801.0,874.0,976.0,1250.0,1324.0,1060.0,652.0,441.0,855.8571428571429,1148.95,1301.65,87.44413182409059,305.75402480458,236.557860123996,668.0
2023-01-24,721.0,685.0,1035.0,649.0,433.0,740.0,763.0,801.0,946.0,1176.0,1323.0,1048.0,645.0,434.0,823.7142857142857,1107.6,1283.7166666666667,90.09941599087858,304.8665627001759,239.14055803476504,640.0
2023-01-25,703.0,631.0,1035.0,648.0,433.0,721.0,740.0,763.0,946.0,1146.0,1340.0,1035.0,649.0,433.0,789.0,1062.95,1266.1833333333334,81.53731252209529,294.79903502660886,242.54242974373105,621.0
2023-01-26,677.0,549.0,1045.0,645.0,432.0,703.0,721.0,740.0,921.0,1130.0,1373.0,1035.0,648.0,433.0,754.1428571428571,1010.65,1249.0333333333333,66.46409700333386,262.5591211617885,247.25043686731428,608.0
2023-01-27,676.0,534.0,1054.0,650.0,431.0,677.0,703.0,721.0,874.0,1139.0,1385.0,1045.0,645.0,432.0,725.8571428571429,961.95,1233.4333333333334,45.90725640319268,225.4348954914704,253.4124638532264,601.0
2023-01-30,680.0,533.0,1060.0,658.0,432.0,676.0,677.0,703.0,801.0,1096.0,1386.0,1054.0,650.0,431.0,708.5714285714286,920.2,1219.2,34.18019476653024,192.54079540378805,260.1384116587625,603.0
2023-01-31,681.0,532.0,1052.0,670.0,433.0,680.0,676.0,677.0,763.0,1043.0,1361.0,1060.0,658.0,432.0,696.8571428571429,891.75,1206.1666666666667,25.32079890396524,183.04841896120476,267.21020524170814,592.0
2023-02-01,668.0,499.0,1029.0,680.0,435.0,681.0,680.0,676.0,740.0,976.0,1357.0,1052.0,670.0,433.0,686.5714285714286,866.35,1194.35,18.608753700285057,176.66360391250467,275.0882031122576,602.0
2023-02-02,640.0,445.0,988.0,684.0,436.0,668.0,681.0,680.0,721.0,946.0,1401.0,1029.0,680.0,435.0,675.0,841.05,1183.0,18.814887722017502,170.63641710400182,283.68853773228733,616.0
2023-02-03,621.0,429.0,940.0,682.0,436.0,640.0,668.0,681.0,703.0,946.0,1528.0,988.0,684.0,436.0,663.2857142857143,815.6,1171.85,23.435829305364607,163.0619514172001,292.4243390482438,563.0
2023-02-06,608.0,419.0,907.0,680.0,436.0,621.0,640.0,668.0,677.0,921.0,1560.0,940.0,682.0,436.0,653.4285714285714,789.05,1159.9333333333334,30.2316453562231,150.36918602309518,300.61427882383464,541.0
2023-02-07,601.0,443.0,867.0,667.0,437.0,608.0,621.0,640.0,676.0,874.0,1548.0,907.0,680.0,436.0,642.7142857142857,764.3,1147.6666666666667,33.95935946436759,137.3624096284429,308.18752087423155,530.0
2023-02-08,603.0,474.0,856.0,651.0,437.0,601.0,608.0,621.0,680.0,801.0,1596.0,867.0,667.0,437.0,631.7142857142857,742.3,1135.1166666666666,32.29919651059613,125.0608693901338,314.8204272477179,538.0
2023-02-09,592.0,452.0,861.0,636.0,436.0,603.0,601.0,608.0,681.0,763.0,1723.0,856.0,651.0,437.0,619.0,723.1,1121.7666666666669,26.695817400084326,116.47583892213822,320.62916785102794,552.0
2023-02-10,602.0,486.0,864.0,628.0,436.0,592.0,603.0,601.0,668.0,740.0,1650.0,861.0,636.0,436.0,609.5714285714286,705.9,1108.6333333333334,16.02973427553734,106.82740630019164,325.5566272004473,594.0
2023-02-13,616.0,534.0,863.0,625.0,435.0,602.0,592.0,603.0,640.0,721.0,1515.0,864.0,628.0,436.0,606.1428571428571,689.4,1096.3166666666666,9.788233947013683,92.28639632877832,330.02642378374367,674.0
2023-02-14,563.0,382.0,848.0,627.0,432.0,616.0,602.0,592.0,621.0,703.0,1250.0,863.0,625.0,435.0,597.8571428571429,671.5,1083.6166666666666,17.004201161324314,78.72303214090151,335.69008566805536,816.0
2023-02-15,541.0,317.0,830.0,640.0,431.0,563.0,616.0,602.0,608.0,677.0,1176.0,848.0,627.0,432.0,588.2857142857143,654.85,1070.9666666666667,26.53120355160435,68.14402317680093,341.6458651515464,883.0
2023-02-16,530.0,275.0,818.0,660.0,434.0,541.0,563.0,616.0,601.0,676.0,1146.0,830.0,640.0,431.0,578.1428571428571,641.3,1058.3333333333333,33.513323576373814,64.39360870527952,347.44972403855905,935.0
2023-02-17,538.0,271.0,811.0,695.0,438.0,530.0,541.0,563.0,603.0,680.0,1130.0,818.0,660.0,434.0,568.8571428571429,630.05,1046.8333333333333,34.46944816986065,61.60696730919234,353.1116482901688,990.0
2023-02-20,552.0,284.0,809.0,727.0,448.0,538.0,530.0,541.0,592.0,681.0,1139.0,811.0,695.0,438.0,563.1428571428571,620.65,1036.2166666666667,33.28877974835808,58.19592588366339,358.3026886121212,1099.0
2023-02-21,594.0,303.0,843.0,807.0,462.0,552.0,538.0,530.0,602.0,668.0,1096.0,809.0,727.0,448.0,562.0,614.3,1026.5,31.838132273399808,53.40126156585811,362.30287451435447,1145.0
2023-02-22,674.0,390.0,951.0,872.0,473.0,594.0,552.0,538.0,616.0,640.0,1043.0,843.0,807.0,462.0,570.2857142857143,612.85,1018.5833333333334,50.38092987659075,51.21500088619102,364.7620209409311,1211.0
2023-02-23,816.0,573.0,1169.0,940.0,493.0,674.0,594.0,552.0,563.0,621.0,976.0,951.0,872.0,473.0,606.4285714285714,619.8,1012.45,105.20433632196124,67.2877559831379,365.0272534520132,1258.0
2023-02-24,883.0,636.0,1271.0,996.0,505.0,816.0,674.0,594.0,541.0,608.0,946.0,1169.0,940.0,493.0,655.2857142857143,630.15,1006.4666666666668,142.54205728566632,88.85190220979547,364.1420130247621,1298.0
2023-02-27,935.0,701.0,1317.0,1050.0,517.0,883.0,816.0,674.0,530.0,601.0,946.0,1271.0,996.0,505.0,713.1428571428571,642.9,999.9833333333332,163.8194418370474,111.73177468235085,361.8484321551165,1327.0
2023-02-28,990.0,729.0,1421.0,1105.0,536.0,935.0,883.0,816.0,538.0,603.0,921.0,1317.0,1050.0,517.0,777.7142857142857,658.35,994.0333333333332,172.14791535739593,136.00475030397553,358.9692856256752,1379.0
2023-03-01,1099.0,929.0,1515.0,1156.0,556.0,990.0,935.0,883.0,552.0,592.0,874.0,1421.0,1105.0,536.0,855.8571428571429,679.9,990.2333333333332,176.70260191576722,167.99746238680171,356.58366582679025,1424.0
2023-03-02,1145.0,1000.0,1556.0,1192.0,575.0,1099.0,990.0,935.0,594.0,602.0,801.0,1515.0,1156.0,556.0,934.5714285714286,705.15,986.7333333333332,162.7911311495351,197.11265146713728,353.96365161789635,1465.0
2023-03-03,1211.0,1195.0,1565.0,1189.0,584.0,1145.0,1099.0,990.0,674.0,616.0,763.0,1556.0,1192.0,575.0,1011.2857142857144,734.65,984.6166666666668,145.1007859910863,225.90316393018628,352.20285428284166,1587.0
2023-03-06,1258.0,1329.0,1582.0,1180.0,594.0,1211.0,1145.0,1099.0,816.0,563.0,740.0,1565.0,1189.0,584.0,1074.428571428571,767.15,983.5166666666668,142.0960439782853,251.97562016568088,351.2266394507909,1603.0
2023-03-07,1298.0,1471.0,1580.0,1161.0,601.0,1258.0,1211.0,1145.0,883.0,541.0,721.0,1582.0,1180.0,594.0,1133.7142857142858,802.0,983.1,135.3288763047192,274.9399934530899,350.83168498077475,1560.0
2023-03-08,1327.0,1550.0,1592.0,1161.0,612.0,1298.0,1258.0,1211.0,935.0,530.0,703.0,1580.0,1161.0,601.0,1189.7142857142858,838.2,982.8833333333332,119.58499667000368,294.33807987269233,350.611479970372,1535.0
2023-03-09,1379.0,1662.0,1624.0,1180.0,620.0,1327.0,1298.0,1258.0,990.0,538.0,677.0,1592.0,1161.0,612.0,1245.2857142857142,877.55,982.9833333333332,100.10779903965992,311.7813800523604,350.7254704889943,1542.0
2023-03-10,1424.0,1744.0,1654.0,1209.0,631.0,1379.0,1327.0,1298.0,1099.0,552.0,676.0,1624.0,1180.0,620.0,1291.7142857142858,918.65,983.6333333333332,96.24571728254584,327.33698634826675,351.5183996759534,1512.0
2023-03-13,1465.0,1821.0,1680.0,1235.0,650.0,1424.0,1379.0,1327.0,1145.0,594.0,680.0,1654.0,1209.0,631.0,1337.428571428571,961.1,984.95,90.78703494596296,340.79642016897253,353.1950258301995,1456.0
2023-03-14,1587.0,2110.0,1743.0,1263.0,665.0,1465.0,1424.0,1379.0,1211.0,674.0,681.0,1680.0,1235.0,650.0,1391.142857142857,1012.3,988.7166666666668,112.2191733044616,354.48555757083136,358.4395602630808,1484.0
2023-03-15,1603.0,2104.0,1768.0,1296.0,676.0,1587.0,1465.0,1424.0,1258.0,816.0,668.0,1743.0,1263.0,665.0,1440.428571428571,1065.4,992.8166666666668,119.52106807705404,359.67461903633864,364.0860157108028,1489.0
2023-03-16,1560.0,1976.0,1746.0,1312.0,688.0,1603.0,1587.0,1465.0,1298.0,883.0,640.0,1768.0,1296.0,676.0,1477.857142857143,1116.9,995.4666666666668,107.94817980773789,352.6502516658517,367.6683503093756,1456.0
2023-03-17,1535.0,1913.0,1723.0,1318.0,694.0,1560.0,1603.0,1587.0,1327.0,935.0,621.0,1746.0,1312.0,688.0,1507.571428571429,1166.75,995.5833333333334,85.87172049602046,336.61345549612497,367.841265123548,1402.0
2023-03-20,1542.0,1945.0,1697.0,1329.0,703.0,1535.0,1560.0,1603.0,1379.0,990.0,608.0,1723.0,1318.0,694.0,1530.857142857143,1216.25,995.2833333333332,64.68237413549281,313.4488752068041,367.3801933925996,1407.0
2023-03-21,1512.0,1881.0,1658.0,1335.0,705.0,1542.0,1535.0,1560.0,1424.0,1099.0,601.0,1697.0,1329.0,703.0,1543.428571428571,1262.15,994.6833333333332,46.42864468852634,283.29736562208114,366.4905248465076,1403.0
2023-03-22,1456.0,1752.0,1606.0,1337.0,706.0,1512.0,1542.0,1535.0,1465.0,1145.0,603.0,1658.0,1335.0,705.0,1542.142857142857,1301.25,992.35,49.01506085348223,249.8390797882992,363.026535193016,1389.0
2023-03-23,1484.0,1856.0,1584.0,1333.0,704.0,1456.0,1512.0,1542.0,1587.0,1211.0,592.0,1606.0,1337.0,706.0,1527.428571428571,1334.65,988.3666666666668,48.76425310559698,224.9667285341529,356.11905106450325,1412.0
2023-03-24,1489.0,1882.0,1572.0,1332.0,703.0,1484.0,1456.0,1512.0,1603.0,1258.0,602.0,1584.0,1333.0,704.0,1511.142857142857,1364.95,985.6833333333332,36.91625013193822,200.4028771197806,351.62742665376675,1473.0
2023-03-27,1456.0,1795.0,1565.0,1326.0,702.0,1489.0,1484.0,1456.0,1560.0,1298.0,616.0,1572.0,1332.0,703.0,1496.2857142857142,1391.0,984.7,34.84591934835938,173.64907140549712,350.2016997509913,1525.0
2023-03-28,1402.0,1646.0,1561.0,1315.0,700.0,1456.0,1489.0,1484.0,1535.0,1327.0,563.0,1565.0,1326.0,702.0,1477.2857142857142,1411.6,987.2333333333332,44.99894178643525,145.77538598092065,352.6942963341986,1560.0
2023-03-29,1407.0,1662.0,1598.0,1285.0,695.0,1402.0,1456.0,1489.0,1542.0,1379.0,541.0,1561.0,1315.0,700.0,1458.0,1427.0,991.0833333333334,41.428653530226114,125.93189471001772,356.0347674732431,1507.0
2023-03-30,1403.0,1676.0,1625.0,1237.0,691.0,1407.0,1402.0,1456.0,1512.0,1424.0,530.0,1598.0,1285.0,695.0,1442.428571428571,1439.9,995.3666666666668,38.10011873489631,107.3709261833279,359.4595739589407,1463.0
2023-03-31,1389.0,1665.0,1635.0,1198.0,687.0,1403.0,1407.0,1402.0,1456.0,1465.0,538.0,1625.0,1237.0,691.0,1432.857142857143,1448.8,999.6833333333332,42.3061404976116,93.93536411581636,362.6447807506105,1463.0
2023-04-03,1412.0,1723.0,1664.0,1187.0,683.0,1389.0,1403.0,1407.0,1484.0,1587.0,552.0,1635.0,1198.0,687.0,1422.571428571429,1456.5,1004.2333333333332,36.09643169271013,83.16660514003472,366.1183640534625,1435.0
2023-04-04,1473.0,1867.0,1724.0,1176.0,664.0,1412.0,1389.0,1403.0,1489.0,1603.0,594.0,1664.0,1187.0,683.0,1420.2857142857142,1465.25,1010.5166666666668,31.388502596208667,74.35184845323802,370.9234692716351,1412.0
2023-04-05,1525.0,1957.0,1813.0,1170.0,653.0,1473.0,1412.0,1389.0,1456.0,1560.0,674.0,1724.0,1176.0,664.0,1430.142857142857,1475.15,1018.55,49.86792078885626,67.87471042871411,376.8116656314405,1368.0
2023-04-06,1560.0,2041.0,1851.0,1161.0,643.0,1525.0,1473.0,1412.0,1402.0,1535.0,816.0,1813.0,1170.0,653.0,1452.7142857142858,1484.2,1028.2833333333333,67.60846664360103,66.43128622468552,383.1826617422756,1372.0
2023-04-11,1507.0,1911.0,1852.0,1131.0,636.0,1560.0,1525.0,1473.0,1407.0,1542.0,883.0,1851.0,1161.0,643.0,1467.0,1488.35,1037.6333333333334,66.900423516304,65.05081010048445,387.9555699997015,1432.0
2023-04-12,1463.0,1822.0,1812.0,1118.0,631.0,1507.0,1560.0,1525.0,1403.0,1512.0,935.0,1852.0,1131.0,636.0,1475.571428571429,1488.25,1046.25,60.909378431786415,65.09011971261825,391.6100457931455,1504.0
2023-04-13,1463.0,1888.0,1747.0,1105.0,628.0,1463.0,1507.0,1560.0,1389.0,1456.0,990.0,1812.0,1118.0,631.0,1486.142857142857,1482.05,1055.2833333333333,48.54698264365904,60.96372951011004,394.9092189895616,1517.0
2023-04-14,1435.0,1850.0,1702.0,1096.0,628.0,1463.0,1463.0,1507.0,1412.0,1484.0,1099.0,1747.0,1105.0,628.0,1489.428571428571,1473.65,1064.6333333333334,43.17351480881066,54.67056843150514,397.1790343292832,1510.0
2023-04-17,1412.0,1801.0,1675.0,1098.0,630.0,1435.0,1463.0,1463.0,1473.0,1489.0,1145.0,1702.0,1096.0,628.0,1480.7142857142858,1466.25,1074.8166666666666,52.245300540485246,52.33382221241497,398.1367404853527,1536.0
2023-04-18,1368.0,1678.0,1644.0,1113.0,633.0,1412.0,1435.0,1463.0,1525.0,1456.0,1211.0,1675.0,1098.0,630.0,1458.2857142857142,1457.9,1084.9,62.71553312563211,54.08073886127695,397.7667615703662,1581.0
2023-04-19,1372.0,1643.0,1657.0,1151.0,639.0,1368.0,1412.0,1435.0,1560.0,1402.0,1258.0,1644.0,1113.0,633.0,1431.428571428571,1449.4,1095.4333333333334,51.071378621296645,53.52362980367171,396.8455861025122,1576.0
2023-04-20,1432.0,1778.0,1677.0,1179.0,650.0,1372.0,1368.0,1412.0,1507.0,1407.0,1298.0,1657.0,1151.0,639.0,1420.7142857142858,1445.4,1107.2833333333333,39.02014131913845,51.552119768479095,396.0900039674626,1552.0
2023-04-21,1504.0,1962.0,1692.0,1201.0,660.0,1432.0,1372.0,1368.0,1463.0,1403.0,1327.0,1677.0,1179.0,650.0,1426.571428571429,1447.8,1120.6333333333334,48.37994468385802,53.16369952665521,395.7313746772692,1558.0
2023-04-24,1517.0,1993.0,1687.0,1212.0,664.0,1504.0,1432.0,1372.0,1463.0,1389.0,1379.0,1692.0,1201.0,660.0,1434.2857142857142,1449.45,1134.6333333333334,58.42007156704693,54.83225616169326,394.6277356161377,1545.0
2023-04-25,1510.0,1986.0,1667.0,1216.0,667.0,1517.0,1504.0,1432.0,1435.0,1412.0,1424.0,1687.0,1212.0,664.0,1445.0,1450.5,1148.5333333333333,65.07175526545652,55.82161437625243,392.8836230271551,1558.0
2023-04-26,1536.0,2100.0,1640.0,1203.0,667.0,1510.0,1517.0,1504.0,1412.0,1473.0,1465.0,1667.0,1216.0,667.0,1462.7142857142858,1454.5,1162.8,71.18219413518324,59.01159564903117,391.1194191036871,1598.0
2023-04-27,1581.0,2276.0,1612.0,1185.0,665.0,1536.0,1510.0,1517.0,1368.0,1525.0,1587.0,1640.0,1203.0,667.0,1493.142857142857,1463.45,1177.8,69.45125046009159,63.993811378359474,389.5836456387228,1640.0
2023-04-28,1576.0,2301.0,1586.0,1165.0,663.0,1581.0,1536.0,1510.0,1372.0,1560.0,1603.0,1612.0,1185.0,665.0,1522.2857142857142,1471.9,1192.9333333333334,50.30809837291582,67.22382096590052,387.07236071487154,1608.0
2023-05-02,1552.0,2268.0,1563.0,1144.0,661.0,1576.0,1581.0,1536.0,1432.0,1507.0,1560.0,1586.0,1165.0,663.0,1539.428571428571,1479.35,1208.1333333333334,31.250904748715367,67.44219747303877,382.87509432334735,1558.0
2023-05-03,1558.0,2325.0,1540.0,1123.0,657.0,1552.0,1576.0,1581.0,1504.0,1463.0,1535.0,1563.0,1144.0,661.0,1547.142857142857,1487.8,1223.75,27.485927134998278,66.10008360527252,377.5939719157645,1522.0
2023-05-04,1545.0,2325.0,1514.0,1105.0,651.0,1558.0,1552.0,1576.0,1517.0,1463.0,1542.0,1540.0,1123.0,657.0,1551.142857142857,1494.45,1239.3666666666666,24.21038738097984,64.74929383880628,371.01500571173807,1476.0
2023-05-05,1558.0,2384.0,1501.0,1096.0,645.0,1545.0,1558.0,1552.0,1510.0,1435.0,1512.0,1514.0,1105.0,651.0,1558.0,1498.7,1255.3166666666666,16.031219541702452,66.04392477732179,363.603131182411,1425.0
2023-05-09,1598.0,2509.0,1494.0,1097.0,640.0,1558.0,1545.0,1558.0,1536.0,1412.0,1456.0,1501.0,1096.0,645.0,1566.857142857143,1502.35,1271.9,18.74769827126699,69.50068155661985,355.95756269628765,1402.0
2023-05-10,1640.0,2630.0,1481.0,1114.0,638.0,1598.0,1558.0,1545.0,1581.0,1368.0,1484.0,1494.0,1097.0,640.0,1575.2857142857142,1506.35,1289.3666666666666,33.56940216773378,75.07208816228069,347.64510281913584,1384.0
2023-05-11,1608.0,2566.0,1445.0,1112.0,635.0,1640.0,1598.0,1558.0,1576.0,1372.0,1489.0,1481.0,1114.0,638.0,1579.857142857143,1511.4,1306.1333333333334,35.788399290884975,78.43965162697425,338.05918981623904,1365.0
2023-05-12,1558.0,2456.0,1402.0,1105.0,632.0,1608.0,1640.0,1598.0,1552.0,1432.0,1456.0,1445.0,1112.0,635.0,1580.7142857142858,1516.15,1321.8333333333333,35.07475010933633,78.23061387565056,327.16347267552646,1348.0
2023-05-15,1522.0,2385.0,1366.0,1098.0,628.0,1558.0,1608.0,1640.0,1558.0,1504.0,1402.0,1402.0,1105.0,632.0,1575.571428571429,1519.1,1337.8166666666666,41.08469764944936,77.22687015331483,312.56269834304044,1295.0
2023-05-16,1476.0,2295.0,1314.0,1091.0,623.0,1522.0,1558.0,1608.0,1545.0,1517.0,1407.0,1366.0,1098.0,628.0,1565.7142857142858,1521.15,1353.4,55.418752198442505,75.39947996465312,294.97596569718195,1215.0
2023-05-17,1425.0,2184.0,1260.0,1090.0,617.0,1476.0,1522.0,1558.0,1558.0,1510.0,1403.0,1314.0,1091.0,623.0,1546.7142857142858,1521.8,1368.3166666666666,77.07294009723749,74.45917284690583,274.554399639823,1172.0
2023-05-18,1402.0,2142.0,1235.0,1085.0,614.0,1425.0,1476.0,1522.0,1598.0,1536.0,1389.0,1260.0,1090.0,617.0,1518.7142857142858,1523.5,1382.7166666666667,89.87531045045502,71.07409032680093,251.9985937320669,1123.0
2023-05-19,1384.0,2105.0,1222.0,1077.0,612.0,1402.0,1425.0,1476.0,1640.0,1581.0,1412.0,1235.0,1085.0,614.0,1482.142857142857,1524.1,1396.5833333333333,84.20298603456449,69.7664525021133,227.18127546280112,977.0
2023-05-22,1365.0,2065.0,1220.0,1063.0,609.0,1384.0,1402.0,1425.0,1608.0,1576.0,1473.0,1222.0,1077.0,612.0,1447.428571428571,1520.75,1409.4333333333334,73.0156538988721,75.77173129307954,201.3521551796284,937.0
2023-05-23,1348.0,2040.0,1212.0,1043.0,604.0,1365.0,1384.0,1402.0,1558.0,1552.0,1525.0,1220.0,1063.0,609.0,1417.428571428571,1512.95,1420.6666666666667,62.38017084202188,85.04826802898172,176.94964012747707,919.0
2023-05-24,1295.0,1930.0,1184.0,1014.0,600.0,1348.0,1365.0,1384.0,1522.0,1558.0,1560.0,1212.0,1043.0,604.0,1385.0,1501.85,1428.65,57.79273310714832,97.99370280516112,159.11330841653313,939.0
2023-05-25,1215.0,1758.0,1141.0,980.0,594.0,1295.0,1348.0,1365.0,1476.0,1545.0,1507.0,1184.0,1014.0,600.0,1347.7142857142858,1487.1,1434.1833333333334,71.7953440591063,117.051001029883,144.9594322755514,1016.0
2023-05-26,1172.0,1683.0,1119.0,946.0,588.0,1215.0,1295.0,1348.0,1425.0,1558.0,1463.0,1141.0,980.0,594.0,1311.571428571429,1468.9,1438.1333333333334,88.20970684083667,135.8384876860543,133.93654792496662,1020.0
2023-05-30,1123.0,1594.0,1090.0,910.0,582.0,1172.0,1215.0,1295.0,1402.0,1598.0,1463.0,1119.0,946.0,588.0,1271.7142857142858,1446.0,1440.35,102.42674501921852,153.41412821782123,127.33191978687242,1040.0
2023-05-31,977.0,1218.0,1045.0,881.0,572.0,1123.0,1172.0,1215.0,1384.0,1640.0,1435.0,1090.0,910.0,582.0,1213.571428571429,1416.05,1438.3166666666666,137.55708771614138,182.42560848622816,133.69057262589584,1055.0
2023-06-01,937.0,1144.0,1030.0,847.0,559.0,977.0,1123.0,1172.0,1365.0,1608.0,1412.0,1045.0,881.0,572.0,1152.428571428571,1385.3,1434.85,153.25562212943268,208.3011736581428,143.74410231085304,1056.0
2023-06-02,919.0,1116.0,1030.0,819.0,545.0,937.0,977.0,1123.0,1348.0,1558.0,1368.0,1030.0,847.0,559.0,1091.142857142857,1353.35,1429.9833333333331,147.68934578071807,228.4492976109543,155.88190789517583,1074.0
2023-06-05,939.0,1178.0,1048.0,803.0,537.0,919.0,937.0,977.0,1295.0,1522.0,1372.0,1030.0,819.0,545.0,1040.2857142857142,1323.05,1424.6666666666667,125.40429855165118,241.5069956489027,166.897986366247,1079.0
2023-06-06,1016.0,1383.0,1108.0,781.0,526.0,939.0,919.0,937.0,1215.0,1476.0,1432.0,1048.0,803.0,537.0,1011.8571428571428,1295.95,1419.9666666666667,98.96536190575152,244.1501856601488,174.3306780539076,1094.0
2023-06-07,1020.0,1387.0,1139.0,766.0,515.0,1016.0,939.0,919.0,1172.0,1425.0,1504.0,1108.0,781.0,526.0,990.1428571428572,1267.05,1414.85,70.57485050499933,240.69930465863,181.4648329380135,1076.0
2023-06-08,1040.0,1460.0,1146.0,747.0,505.0,1020.0,1016.0,939.0,1123.0,1402.0,1517.0,1139.0,766.0,515.0,978.2857142857144,1237.05,1409.2,47.845983062651726,228.8698722441256,187.76795993902135,1065.0
2023-06-09,1055.0,1514.0,1146.0,736.0,501.0,1040.0,1020.0,1016.0,977.0,1384.0,1510.0,1146.0,747.0,505.0,989.4285714285714,1209.4,1403.05,55.90127351810384,214.6594365132825,193.23827611509375,1078.0
2023-06-12,1056.0,1532.0,1144.0,726.0,491.0,1055.0,1040.0,1020.0,937.0,1365.0,1536.0,1146.0,736.0,501.0,1006.4285714285714,1184.3,1396.2333333333331,55.39210877263305,200.64425182262968,198.166970059594,1138.0
2023-06-13,1074.0,1587.0,1144.0,722.0,481.0,1056.0,1055.0,1040.0,919.0,1348.0,1581.0,1144.0,726.0,491.0,1028.571428571429,1161.9,1387.6833333333334,44.534096086922446,185.38633913217825,200.8454580581801,1216.0
2023-06-14,1079.0,1580.0,1163.0,729.0,476.0,1074.0,1056.0,1055.0,939.0,1295.0,1576.0,1144.0,722.0,481.0,1048.571428571429,1142.05,1378.95,24.561875219112817,170.65307220387285,202.70805800377667,1240.0
2023-06-15,1094.0,1599.0,1184.0,740.0,471.0,1079.0,1074.0,1056.0,1016.0,1215.0,1552.0,1163.0,729.0,476.0,1059.7142857142858,1125.5,1371.1833333333334,25.01142596024861,157.2957322002397,204.57235193237344,1233.0
2023-06-16,1076.0,1528.0,1193.0,748.0,464.0,1094.0,1079.0,1074.0,1020.0,1172.0,1558.0,1184.0,740.0,471.0,1067.7142857142858,1109.2,1363.5333333333333,18.227399574038984,143.41349859387597,206.9113841816263,1183.0
2023-06-19,1065.0,1492.0,1193.0,751.0,460.0,1076.0,1094.0,1079.0,1040.0,1123.0,1545.0,1193.0,748.0,464.0,1071.2857142857142,1093.25,1355.5833333333333,13.804761083228312,128.17170843089116,209.09030501130223,1138.0
2023-06-20,1078.0,1540.0,1174.0,759.0,458.0,1065.0,1076.0,1094.0,1055.0,977.0,1558.0,1193.0,751.0,460.0,1074.571428571429,1078.9,1348.35,11.886366740064288,111.0708166701651,211.0849154379009,1112.0
2023-06-21,1138.0,1730.0,1157.0,761.0,455.0,1078.0,1065.0,1076.0,1056.0,937.0,1598.0,1174.0,759.0,458.0,1086.2857142857142,1068.4,1343.05,24.376999307374003,92.6995145617701,212.32477720923504,1091.0
2023-06-22,1216.0,1991.0,1140.0,751.0,456.0,1138.0,1078.0,1065.0,1074.0,919.0,1640.0,1157.0,761.0,455.0,1106.571428571429,1064.45,1338.5833333333333,53.78927136780513,83.79076384214993,212.1282224701933,1068.0
2023-06-23,1240.0,2080.0,1127.0,743.0,455.0,1216.0,1138.0,1078.0,1079.0,939.0,1608.0,1140.0,751.0,456.0,1129.571428571429,1065.7,1334.4333333333334,71.53054625551779,86.30368657118461,211.5705889869764,1044.0
2023-06-26,1233.0,2075.0,1113.0,741.0,454.0,1240.0,1216.0,1138.0,1094.0,1016.0,1558.0,1127.0,743.0,455.0,1149.428571428571,1068.75,1330.7166666666667,78.92160064021014,91.19722698916974,211.35744417701952,994.0
2023-06-27,1183.0,1937.0,1089.0,746.0,454.0,1233.0,1240.0,1216.0,1076.0,1020.0,1522.0,1113.0,741.0,454.0,1164.7142857142858,1071.75,1327.0666666666666,72.42401601148543,94.01896505206568,211.995592108536,993.0
2023-06-28,1138.0,1822.0,1058.0,752.0,452.0,1183.0,1233.0,1240.0,1065.0,1040.0,1476.0,1089.0,746.0,454.0,1175.142857142857,1079.8,1322.5833333333333,59.83429499155715,92.35720129782466,213.11795823978863,1009.0
2023-06-29,1112.0,1759.0,1041.0,750.0,448.0,1138.0,1183.0,1233.0,1078.0,1055.0,1425.0,1058.0,752.0,452.0,1180.0,1088.55,1317.7333333333331,51.42308171752414,86.20079069113886,214.56316415552783,1024.0
2023-06-30,1091.0,1704.0,1030.0,749.0,446.0,1112.0,1138.0,1183.0,1138.0,1056.0,1402.0,1041.0,750.0,448.0,1173.2857142857142,1097.15,1312.7666666666669,60.1490212879526,76.42008209467312,216.32730746441823,1032.0
2023-07-03,1068.0,1651.0,1014.0,747.0,444.0,1091.0,1112.0,1138.0,1216.0,1074.0,1384.0,1030.0,749.0,446.0,1152.142857142857,1103.6,1307.0333333333333,68.11614730593087,67.26491225773556,218.20313709832595,1088.0
2023-07-04,1044.0,1601.0,988.0,747.0,435.0,1068.0,1091.0,1112.0,1240.0,1079.0,1365.0,1014.0,747.0,444.0,1124.142857142857,1105.0,1299.8833333333334,66.24054290087894,65.61691052889239,219.69617631403733,1103.0
2023-07-05,994.0,1475.0,969.0,737.0,430.0,1044.0,1068.0,1091.0,1233.0,1094.0,1348.0,988.0,747.0,435.0,1090.0,1103.7,1291.0333333333333,62.25485255512389,67.61664385566635,221.1643277904661,1090.0
2023-07-06,993.0,1479.0,971.0,728.0,427.0,994.0,1044.0,1068.0,1183.0,1076.0,1295.0,969.0,737.0,430.0,1062.857142857143,1101.35,1281.5833333333333,56.06076635047889,70.69376135646658,221.59011570585525,1073.0
2023-07-07,1009.0,1522.0,984.0,724.0,424.0,993.0,994.0,1044.0,1138.0,1065.0,1215.0,971.0,728.0,427.0,1044.428571428571,1099.05,1273.2833333333333,47.8429971986056,72.99205075672548,222.32912628687143,1037.0
2023-07-10,1024.0,1555.0,996.0,724.0,422.0,1009.0,993.0,994.0,1112.0,1078.0,1172.0,984.0,724.0,424.0,1031.857142857143,1097.45,1265.9666666666667,37.5917924171782,74.3239530702462,223.2017379394985,1004.0
2023-07-11,1032.0,1550.0,1027.0,728.0,418.0,1024.0,1009.0,993.0,1091.0,1138.0,1123.0,996.0,724.0,422.0,1023.4285714285714,1095.35,1258.7833333333333,27.336527107133463,75.60372797818016,223.6880463735136,977.0
2023-07-12,1088.0,1665.0,1086.0,734.0,414.0,1032.0,1024.0,1009.0,1068.0,1216.0,977.0,1027.0,728.0,418.0,1026.2857142857142,1095.8,1253.0,33.189929625788125,75.52803592385052,223.54053968208925,978.0
2023-07-13,1103.0,1691.0,1101.0,743.0,411.0,1088.0,1032.0,1024.0,1044.0,1240.0,937.0,1086.0,734.0,414.0,1034.7142857142858,1096.25,1247.85,44.12752083713139,75.5435566236894,223.3747193713764,967.0
2023-07-14,1090.0,1655.0,1095.0,743.0,409.0,1103.0,1088.0,1032.0,994.0,1233.0,919.0,1101.0,743.0,411.0,1048.428571428571,1096.95,1243.2166666666667,44.28264198244951,75.41078730588494,223.723201532516,962.0
2023-07-17,1073.0,1614.0,1084.0,743.0,406.0,1090.0,1103.0,1088.0,993.0,1183.0,939.0,1095.0,743.0,409.0,1059.857142857143,1097.35,1238.2333333333331,37.37837419065088,75.25344895043366,224.1356555535052,1067.0
2023-07-18,1037.0,1529.0,1052.0,746.0,406.0,1073.0,1090.0,1103.0,1009.0,1138.0,1016.0,1084.0,743.0,406.0,1063.857142857143,1095.3,1231.65,32.163273938914614,76.35864132664548,224.1488477155472,1097.0
2023-07-19,1004.0,1468.0,993.0,754.0,404.0,1037.0,1073.0,1090.0,1024.0,1112.0,1020.0,1052.0,746.0,406.0,1061.0,1088.6,1223.3166666666666,36.84200501230622,78.26970913711837,223.14405863468363,1110.0
2023-07-20,977.0,1421.0,945.0,757.0,403.0,1004.0,1037.0,1073.0,1032.0,1091.0,1040.0,993.0,754.0,404.0,1053.142857142857,1076.65,1214.3166666666666,48.17824049440048,76.00711531781282,221.98507291904684,1127.0
2023-07-21,978.0,1442.0,924.0,758.0,400.0,977.0,1004.0,1037.0,1088.0,1068.0,1055.0,945.0,757.0,403.0,1037.428571428571,1063.55,1205.45,52.6461684039059,68.58761204695479,220.59491404313823,1150.0
2023-07-24,967.0,1422.0,910.0,757.0,400.0,978.0,977.0,1004.0,1103.0,1044.0,1056.0,924.0,758.0,400.0,1018.0,1050.25,1195.9666666666667,49.40985056976623,59.13933146649052,218.363091084614,1123.0
2023-07-25,962.0,1424.0,895.0,753.0,400.0,967.0,978.0,977.0,1090.0,994.0,1074.0,910.0,757.0,400.0,999.7142857142856,1039.2,1185.65,41.35099469055106,53.39781190064818,214.451118447526,1128.0
2023-07-26,1067.0,1734.0,916.0,742.0,399.0,962.0,967.0,978.0,1073.0,993.0,1079.0,895.0,753.0,400.0,998.8571428571428,1035.65,1177.1666666666667,39.60399210268338,48.63102215435089,208.739328696434,1136.0
2023-07-27,1097.0,1801.0,955.0,733.0,397.0,1067.0,962.0,967.0,1037.0,1009.0,1094.0,916.0,742.0,399.0,1007.4285714285714,1034.9,1169.5833333333333,53.34434410143498,47.49393313043269,203.0792858163749,1145.0
2023-07-28,1110.0,1830.0,975.0,726.0,396.0,1097.0,1067.0,962.0,1004.0,1024.0,1076.0,955.0,733.0,397.0,1022.5714285714286,1035.85,1162.1166666666666,65.79984078713537,48.84591778437602,196.69162749768745,1142.0
2023-07-31,1127.0,1873.0,996.0,719.0,394.0,1110.0,1097.0,1067.0,977.0,1032.0,1065.0,975.0,726.0,396.0,1044.0,1038.8,1155.15,72.56261663781655,52.53229583076189,190.19569092769467,1144.0
2023-08-01,1150.0,1920.0,1034.0,709.0,394.0,1127.0,1110.0,1097.0,978.0,1088.0,1078.0,996.0,719.0,394.0,1068.571428571429,1044.1,1148.35,75.54878587781893,58.13315024908177,182.69422680665156,1137.0
2023-08-02,1123.0,1808.0,1082.0,700.0,392.0,1150.0,1127.0,1110.0,967.0,1103.0,1138.0,1034.0,709.0,394.0,1090.857142857143,1050.55,1140.4333333333334,62.46980222851483,59.42396734251667,172.90884898264449,1129.0
2023-08-03,1128.0,1803.0,1112.0,695.0,391.0,1123.0,1150.0,1127.0,962.0,1090.0,1216.0,1082.0,700.0,392.0,1114.571428571429,1057.3,1131.9,26.626159710818893,60.20500066648012,159.98778555074028,1135.0
2023-08-04,1136.0,1818.0,1133.0,688.0,390.0,1128.0,1123.0,1150.0,1067.0,1073.0,1240.0,1112.0,695.0,391.0,1124.428571428571,1063.65,1124.0333333333333,17.174177737116704,61.52558303997476,147.28054247624317,1166.0
2023-08-07,1145.0,1832.0,1153.0,686.0,389.0,1136.0,1128.0,1123.0,1097.0,1037.0,1233.0,1133.0,688.0,390.0,1131.2857142857142,1069.7,1117.15,13.610220249203053,63.3437572214911,135.86331927871453,1233.0
2023-08-08,1142.0,1783.0,1195.0,689.0,392.0,1145.0,1136.0,1128.0,1110.0,1004.0,1183.0,1153.0,686.0,389.0,1135.857142857143,1075.2,1110.8166666666666,10.221359521606184,64.65992006757963,125.10192341824391,1247.0
2023-08-09,1144.0,1752.0,1233.0,696.0,393.0,1142.0,1145.0,1136.0,1127.0,977.0,1138.0,1195.0,689.0,392.0,1138.2857142857142,1078.0,1105.2833333333333,9.776064063066311,66.43160313228006,115.66199904292372,1237.0
2023-08-10,1137.0,1674.0,1292.0,706.0,401.0,1144.0,1142.0,1145.0,1150.0,978.0,1112.0,1233.0,696.0,393.0,1136.428571428571,1079.7,1100.4833333333331,8.30375703799924,67.53096755515432,107.88325323093532,1223.0
2023-08-11,1129.0,1592.0,1337.0,728.0,411.0,1137.0,1144.0,1142.0,1123.0,967.0,1091.0,1292.0,706.0,401.0,1137.2857142857142,1081.65,1095.9333333333334,6.87299754341871,68.40150429238848,100.45217542706172,1194.0
2023-08-14,1135.0,1570.0,1365.0,745.0,420.0,1129.0,1137.0,1144.0,1128.0,962.0,1068.0,1337.0,728.0,411.0,1138.2857142857142,1084.75,1091.7833333333333,5.707138386720335,69.38669294528113,93.2336397547986,1151.0
2023-08-15,1166.0,1597.0,1412.0,772.0,433.0,1135.0,1129.0,1137.0,1136.0,1067.0,1044.0,1365.0,745.0,420.0,1142.571428571429,1091.2,1088.4666666666667,11.759494643881578,70.69772571335434,86.65721808559516,1110.0
2023-08-16,1233.0,1701.0,1486.0,812.0,444.0,1166.0,1135.0,1129.0,1145.0,1097.0,994.0,1412.0,772.0,433.0,1155.142857142857,1102.65,1086.55,36.27408887626728,74.28485359528129,81.96432150641371,1080.0
2023-08-17,1247.0,1665.0,1522.0,859.0,459.0,1233.0,1166.0,1135.0,1142.0,1110.0,993.0,1486.0,812.0,444.0,1170.142857142857,1116.15,1085.75,49.3032405000259,74.78057375090549,80.10853336974054,1107.0
2023-08-18,1237.0,1598.0,1542.0,879.0,469.0,1247.0,1233.0,1166.0,1144.0,1127.0,1009.0,1522.0,859.0,459.0,1183.428571428571,1129.1,1086.1166666666666,53.441111337118535,71.97068116501919,80.7578703026892,1094.0
2023-08-21,1223.0,1538.0,1541.0,900.0,477.0,1237.0,1247.0,1233.0,1137.0,1150.0,1024.0,1542.0,879.0,469.0,1195.7142857142858,1141.9,1086.9666666666667,50.8091667769251,63.94067974540418,81.93692627266655,1086.0
2023-08-22,1194.0,1461.0,1516.0,909.0,484.0,1223.0,1237.0,1247.0,1129.0,1123.0,1032.0,1541.0,900.0,477.0,1205.0,1153.5,1088.15,41.70931151026902,48.849392605061134,82.97228963614509,1065.0
2023-08-23,1151.0,1364.0,1474.0,910.0,491.0,1194.0,1223.0,1237.0,1135.0,1128.0,1088.0,1516.0,909.0,484.0,1207.2857142857142,1157.7,1091.05,37.455370267810245,44.43220737956065,82.05732287428592,1083.0
2023-08-24,1110.0,1259.0,1456.0,906.0,500.0,1151.0,1194.0,1223.0,1166.0,1136.0,1103.0,1474.0,910.0,491.0,1199.2857142857142,1158.35,1093.9333333333334,51.201283465997285,43.58449144736638,79.55381222515136,1063.0
2023-08-25,1080.0,1174.0,1449.0,908.0,507.0,1110.0,1151.0,1194.0,1233.0,1145.0,1090.0,1456.0,906.0,500.0,1177.428571428571,1156.85,1096.6166666666666,65.16353055413455,45.79620186491292,76.19780050806229,1081.0
2023-08-29,1107.0,1205.0,1498.0,918.0,514.0,1080.0,1110.0,1151.0,1247.0,1142.0,1073.0,1449.0,908.0,507.0,1157.428571428571,1155.85,1099.4166666666667,61.641050020363096,46.69190733430153,73.34092474835843,1141.0
2023-08-30,1094.0,1123.0,1521.0,942.0,524.0,1107.0,1080.0,1110.0,1237.0,1144.0,1037.0,1498.0,918.0,514.0,1137.0,1153.05,1100.7166666666667,54.110997033817405,48.69721163517772,72.52400927217451,1186.0
2023-08-31,1086.0,1094.0,1503.0,962.0,534.0,1094.0,1107.0,1080.0,1223.0,1137.0,1004.0,1521.0,942.0,524.0,1117.428571428571,1151.2,1101.8166666666666,41.01161275719497,50.56585076063224,71.77566077879372,1209.0
2023-09-01,1065.0,1032.0,1478.0,980.0,541.0,1086.0,1094.0,1107.0,1194.0,1129.0,977.0,1503.0,962.0,534.0,1099.0,1148.05,1102.2333333333331,27.688746209612805,53.93707347201411,71.48269120038367,1235.0
2023-09-04,1083.0,1072.0,1478.0,995.0,548.0,1065.0,1086.0,1094.0,1151.0,1135.0,978.0,1478.0,980.0,541.0,1089.2857142857142,1145.4,1102.7,15.766148184165898,55.82906241837575,71.26015836004008,1290.0
2023-09-05,1063.0,997.0,1481.0,1008.0,557.0,1083.0,1065.0,1086.0,1110.0,1166.0,967.0,1478.0,995.0,548.0,1082.571428571429,1141.3,1102.8166666666666,15.479633316479886,58.7923195842263,71.18809928796,1340.0
2023-09-06,1081.0,1034.0,1466.0,1036.0,564.0,1063.0,1083.0,1065.0,1080.0,1233.0,962.0,1481.0,1008.0,557.0,1082.7142857142858,1138.25,1102.9333333333334,15.45654430648678,60.31659891979703,71.14579603737504,1381.0
2023-09-07,1141.0,1189.0,1473.0,1056.0,567.0,1081.0,1063.0,1083.0,1107.0,1247.0,1067.0,1466.0,1036.0,564.0,1087.571428571429,1138.1,1103.9666666666667,26.06311021883916,60.305276019416205,71.24247606229494,1439.0
2023-09-08,1186.0,1289.0,1489.0,1079.0,572.0,1141.0,1081.0,1063.0,1094.0,1237.0,1097.0,1473.0,1056.0,567.0,1100.7142857142858,1140.55,1105.5,45.66805698259036,61.24624585692969,72.01023938494859,1526.0
2023-09-11,1209.0,1324.0,1508.0,1099.0,575.0,1186.0,1141.0,1081.0,1086.0,1223.0,1110.0,1489.0,1079.0,572.0,1118.2857142857142,1144.55,1107.7166666666667,60.36200318549062,63.03839682029347,73.12517516522082,1584.0
2023-09-12,1235.0,1330.0,1575.0,1118.0,585.0,1209.0,1186.0,1141.0,1065.0,1194.0,1127.0,1508.0,1099.0,575.0,1142.571428571429,1149.55,1110.55,68.9392417104575,66.13103021943155,74.71809732456344,1569.0
2023-09-13,1290.0,1416.0,1623.0,1156.0,602.0,1235.0,1209.0,1186.0,1083.0,1151.0,1150.0,1575.0,1118.0,585.0,1172.142857142857,1155.75,1114.0833333333333,82.24035621560824,73.19036102764575,78.08932123153423,1593.0
2023-09-14,1340.0,1512.0,1642.0,1196.0,624.0,1290.0,1235.0,1209.0,1063.0,1110.0,1123.0,1623.0,1156.0,602.0,1211.7142857142858,1161.1,1117.45,87.44848823868934,82.45821908533804,83.31732784151369,1614.0
2023-09-15,1381.0,1602.0,1656.0,1221.0,634.0,1340.0,1290.0,1235.0,1081.0,1080.0,1128.0,1642.0,1196.0,624.0,1254.571428571429,1167.8,1120.2,86.21457174368278,94.3864397039577,89.14448375001675,1694.0
2023-09-18,1439.0,1749.0,1666.0,1240.0,645.0,1381.0,1340.0,1290.0,1141.0,1107.0,1136.0,1656.0,1221.0,634.0,1297.142857142857,1177.9,1123.5166666666669,94.00962463388484,111.44689554359395,97.03039741547474,1752.0
2023-09-19,1526.0,1942.0,1693.0,1286.0,652.0,1439.0,1381.0,1340.0,1186.0,1094.0,1145.0,1666.0,1240.0,645.0,1345.7142857142858,1193.05,1128.4,112.94204160497256,135.82824874776185,109.23884576346832,1716.0
2023-09-20,1584.0,2067.0,1707.0,1324.0,662.0,1526.0,1439.0,1381.0,1209.0,1086.0,1142.0,1693.0,1286.0,652.0,1399.2857142857142,1212.55,1135.0833333333333,125.52252691011113,161.53424763152884,123.91663294695287,1701.0
2023-09-21,1569.0,2007.0,1696.0,1350.0,669.0,1584.0,1526.0,1439.0,1235.0,1065.0,1144.0,1707.0,1324.0,662.0,1447.0,1233.45,1142.2666666666669,115.76700738982152,179.2241980255019,135.99250560941465,1737.0
2023-09-22,1593.0,2083.0,1685.0,1355.0,670.0,1569.0,1584.0,1526.0,1290.0,1083.0,1137.0,1696.0,1350.0,669.0,1490.2857142857142,1257.6,1150.2833333333333,103.25004323760156,193.67319190623087,147.83936445893377,1780.0
2023-09-25,1614.0,2148.0,1685.0,1354.0,678.0,1593.0,1569.0,1584.0,1340.0,1063.0,1129.0,1685.0,1355.0,670.0,1529.428571428571,1284.3,1159.0,87.51924958324517,204.4116332048247,159.2616438017835,1778.0
2023-09-26,1694.0,2394.0,1694.0,1339.0,681.0,1614.0,1593.0,1569.0,1381.0,1081.0,1135.0,1685.0,1354.0,678.0,1574.142857142857,1313.65,1169.4333333333334,78.54389127830594,219.2197347531777,173.10253321559165,1827.0
2023-09-27,1752.0,2576.0,1711.0,1318.0,681.0,1694.0,1614.0,1593.0,1439.0,1141.0,1166.0,1694.0,1339.0,681.0,1618.857142857143,1346.55,1181.2333333333331,77.87688696786222,233.43487201717525,187.90552680976364,1929.0
2023-09-28,1716.0,2493.0,1709.0,1294.0,680.0,1752.0,1694.0,1614.0,1526.0,1186.0,1233.0,1711.0,1318.0,681.0,1646.0,1378.05,1193.2666666666669,73.08214556234498,238.86870981002704,198.5298395081861,1991.0
2023-09-29,1701.0,2474.0,1701.0,1276.0,679.0,1716.0,1752.0,1694.0,1584.0,1209.0,1247.0,1709.0,1294.0,680.0,1662.7142857142858,1409.85,1205.0666666666666,69.84677106758248,237.32927936117937,207.2730015586833,1983.0
2023-10-02,1737.0,2610.0,1684.0,1263.0,677.0,1701.0,1716.0,1752.0,1569.0,1235.0,1237.0,1701.0,1276.0,679.0,1686.7142857142858,1442.55,1217.2,60.51918231905796,234.9679653417332,216.69480217148737,1948.0
2023-10-03,1780.0,2773.0,1656.0,1250.0,674.0,1737.0,1701.0,1716.0,1593.0,1290.0,1223.0,1684.0,1263.0,677.0,1713.428571428571,1478.4,1229.8,53.07182913387393,228.62274142072795,227.004576971712,1935.0
2023-10-04,1778.0,2801.0,1625.0,1244.0,673.0,1780.0,1737.0,1701.0,1614.0,1340.0,1194.0,1656.0,1250.0,674.0,1736.857142857143,1513.25,1242.2333333333331,34.97822451858241,217.72045693598392,236.2294465396585,1945.0
2023-10-05,1827.0,2982.0,1592.0,1236.0,674.0,1778.0,1780.0,1737.0,1694.0,1381.0,1151.0,1625.0,1244.0,673.0,1755.857142857143,1547.55,1254.55,43.01716158084408,209.8847992289136,247.06819377023248,1972.0
2023-10-06,1929.0,3309.0,1572.0,1233.0,675.0,1827.0,1778.0,1780.0,1752.0,1439.0,1110.0,1592.0,1236.0,674.0,1781.142857142857,1584.7,1268.3166666666666,78.0927409588917,208.2716091018843,261.0949234273841,2058.0
2023-10-09,1991.0,3485.0,1586.0,1232.0,678.0,1929.0,1827.0,1778.0,1716.0,1526.0,1080.0,1572.0,1233.0,675.0,1820.4285714285716,1623.8,1283.3333333333333,104.5496008964912,207.43003893511997,276.1419228982158,2105.0
2023-10-10,1983.0,3421.0,1612.0,1250.0,677.0,1991.0,1929.0,1827.0,1701.0,1584.0,1107.0,1586.0,1232.0,678.0,1860.7142857142856,1661.2,1298.5,105.18985104039972,200.97148265885755,289.0809223401294,2071.0
2023-10-11,1948.0,3304.0,1614.0,1261.0,681.0,1983.0,1991.0,1929.0,1737.0,1569.0,1094.0,1612.0,1250.0,677.0,1890.857142857143,1694.1,1313.6833333333334,93.40133577099616,190.59709502396288,298.8717479980588,2046.0
2023-10-12,1935.0,3278.0,1593.0,1266.0,684.0,1948.0,1983.0,1991.0,1780.0,1593.0,1086.0,1614.0,1261.0,681.0,1913.0,1723.85,1329.2,80.17688777528267,178.46753353568468,306.58920785455547,2017.0
2023-10-13,1945.0,3327.0,1567.0,1268.0,687.0,1935.0,1948.0,1983.0,1778.0,1614.0,1065.0,1593.0,1266.0,684.0,1936.857142857143,1752.05,1345.3333333333333,53.82820998763778,165.532466206531,313.1406608001104,1949.0
2023-10-16,1972.0,3418.0,1553.0,1269.0,690.0,1945.0,1935.0,1948.0,1827.0,1694.0,1083.0,1567.0,1268.0,687.0,1957.571428571429,1778.7,1361.9,24.316367209820548,155.05384463739583,319.6045596925567,1832.0
2023-10-17,2058.0,3659.0,1565.0,1277.0,690.0,1972.0,1945.0,1935.0,1929.0,1752.0,1063.0,1553.0,1269.0,690.0,1976.0,1805.3,1380.0833333333333,41.71330722919485,155.05384463739688,327.68961604432684,1662.0
2023-10-18,2105.0,3749.0,1619.0,1285.0,691.0,2058.0,1972.0,1945.0,1991.0,1716.0,1081.0,1565.0,1277.0,690.0,1992.2857142857144,1831.35,1399.1333333333334,64.54898472143998,159.6157474753086,336.0887930832556,1563.0
2023-10-19,2071.0,3633.0,1635.0,1287.0,689.0,2105.0,2058.0,1972.0,1983.0,1701.0,1141.0,1619.0,1285.0,691.0,2004.857142857143,1856.45,1415.8666666666666,70.71404521361723,155.6093201781703,344.16878332066995,1502.0
2023-10-20,2046.0,3556.0,1638.0,1287.0,686.0,2071.0,2105.0,2058.0,1948.0,1737.0,1186.0,1635.0,1287.0,689.0,2018.857142857143,1879.1,1431.6833333333334,67.19481272494343,148.02805566227877,351.0048283827777,1459.0
2023-10-23,2017.0,3473.0,1638.0,1279.0,684.0,2046.0,2071.0,2105.0,1935.0,1780.0,1209.0,1638.0,1287.0,686.0,2030.571428571429,1899.25,1446.8,56.42356819287888,137.06543769500527,356.40539667583795,1401.0
2023-10-24,1949.0,3276.0,1648.0,1266.0,681.0,2017.0,2046.0,2071.0,1945.0,1778.0,1235.0,1638.0,1279.0,684.0,2031.142857142857,1912.0,1460.5,55.42390751117184,128.56454451076456,359.6875998578844,1385.0
2023-10-25,1832.0,2940.0,1649.0,1247.0,678.0,1949.0,2017.0,2046.0,1972.0,1827.0,1290.0,1648.0,1266.0,681.0,2011.142857142857,1916.0,1471.8666666666666,92.9075321155763,124.50491429741952,360.4842537131701,1462.0
2023-10-26,1662.0,2465.0,1628.0,1227.0,671.0,1832.0,1949.0,2017.0,2058.0,1929.0,1340.0,1649.0,1247.0,678.0,1954.571428571429,1913.3,1480.85,157.63550482346756,129.55352480527463,358.35276744041363,1523.0
2023-10-27,1563.0,2226.0,1605.0,1184.0,671.0,1662.0,1832.0,1949.0,2105.0,1991.0,1381.0,1628.0,1227.0,671.0,1877.142857142857,1906.4,1488.1,199.09246475898144,144.292247302397,355.4819454758873,1559.0
2023-10-30,1502.0,2091.0,1575.0,1159.0,669.0,1563.0,1662.0,1832.0,2071.0,1983.0,1439.0,1605.0,1184.0,671.0,1795.857142857143,1894.65,1494.2,221.6329011161007,166.64910346055728,352.4650144917614,1530.0
2023-10-31,1459.0,2020.0,1534.0,1135.0,660.0,1502.0,1563.0,1662.0,2046.0,1948.0,1526.0,1575.0,1159.0,669.0,1712.0,1878.6,1499.4333333333334,222.26260744142897,191.8278833801334,349.5110078849704,1598.0
2023-11-01,1401.0,1899.0,1489.0,1119.0,652.0,1459.0,1502.0,1563.0,2017.0,1935.0,1584.0,1534.0,1135.0,660.0,1624.0,1859.75,1503.75,202.4401146018144,218.8529607317416,346.6090272866672,1643.0
2023-11-02,1385.0,1883.0,1461.0,1108.0,645.0,1401.0,1459.0,1502.0,1949.0,1945.0,1569.0,1489.0,1119.0,652.0,1543.428571428571,1837.65,1507.7666666666669,159.13606038318642,243.2869812857939,343.7540689024713,1655.0
2023-11-03,1462.0,2133.0,1448.0,1101.0,634.0,1385.0,1401.0,1459.0,1832.0,1972.0,1593.0,1461.0,1108.0,645.0,1490.571428571429,1814.3,1513.1833333333334,96.38958647565416,256.1297163137137,340.35651755115146,1662.0
2023-11-06,1523.0,2319.0,1448.0,1098.0,627.0,1462.0,1385.0,1401.0,1662.0,2058.0,1614.0,1448.0,1101.0,634.0,1470.7142857142858,1790.9,1519.75,64.09553880913434,260.4780827227949,336.5987212580308,1688.0
2023-11-07,1559.0,2427.0,1453.0,1097.0,615.0,1523.0,1462.0,1385.0,1563.0,2105.0,1694.0,1448.0,1098.0,627.0,1470.142857142857,1769.7,1526.8166666666666,63.14646617564074,261.2736214453221,332.8137613103057,1758.0
2023-11-08,1530.0,2318.0,1470.0,1104.0,607.0,1559.0,1523.0,1462.0,1502.0,2071.0,1752.0,1453.0,1097.0,615.0,1474.142857142857,1748.8,1532.8833333333334,66.3084423267859,262.97320255712987,329.42549332089715,1820.0
2023-11-09,1598.0,2486.0,1500.0,1116.0,601.0,1530.0,1559.0,1523.0,1459.0,2046.0,1716.0,1470.0,1104.0,607.0,1494.0,1731.95,1538.9666666666667,80.34508904300614,261.2051976189468,327.1561575340256,1817.0
2023-11-10,1643.0,2589.0,1530.0,1125.0,594.0,1598.0,1530.0,1559.0,1401.0,2017.0,1701.0,1500.0,1116.0,601.0,1528.571428571429,1716.85,1545.5666666666666,85.55477220830198,256.93502660153564,325.15453257873537,1796.0
2023-11-13,1655.0,2607.0,1548.0,1127.0,588.0,1643.0,1598.0,1530.0,1385.0,1949.0,1737.0,1530.0,1125.0,594.0,1567.142857142857,1701.0,1552.5333333333333,69.37201302017797,250.0522050755656,322.90138425655726,1755.0
2023-11-14,1662.0,2574.0,1607.0,1133.0,587.0,1655.0,1643.0,1598.0,1462.0,1832.0,1780.0,1548.0,1127.0,588.0,1595.7142857142858,1681.2,1559.85,59.30630738154057,235.55390488221107,320.2708506820573,1855.0
2023-11-15,1688.0,2574.0,1693.0,1141.0,588.0,1662.0,1655.0,1643.0,1523.0,1662.0,1778.0,1607.0,1133.0,587.0,1619.2857142857142,1660.35,1568.0833333333333,58.37155210574655,213.48888175165771,317.03981954186696,2102.0
2023-11-16,1758.0,2664.0,1800.0,1178.0,593.0,1688.0,1662.0,1655.0,1559.0,1563.0,1827.0,1693.0,1141.0,588.0,1647.7142857142858,1644.7,1578.2,71.17282788092211,192.21372424847252,313.1661604768222,2259.0
2023-11-17,1820.0,2763.0,1874.0,1205.0,599.0,1758.0,1688.0,1662.0,1530.0,1502.0,1929.0,1800.0,1178.0,593.0,1689.142857142857,1633.4,1590.0333333333333,75.50370536474136,173.069928063757,308.5549681362785,2391.0
2023-11-20,1817.0,2707.0,1915.0,1217.0,605.0,1820.0,1758.0,1688.0,1598.0,1459.0,1991.0,1874.0,1205.0,599.0,1720.428571428571,1623.4,1602.3166666666666,76.80463775677022,154.5231714867052,302.5174314443406,2696.0
2023-11-21,1796.0,2586.0,1969.0,1232.0,614.0,1817.0,1820.0,1758.0,1643.0,1401.0,1983.0,1915.0,1217.0,605.0,1742.2857142857142,1615.75,1613.8,72.76151520711012,140.72663870816743,296.4122644366661,2937.0
2023-11-22,1755.0,2415.0,2008.0,1247.0,623.0,1796.0,1817.0,1820.0,1655.0,1385.0,1948.0,1969.0,1232.0,614.0,1756.571428571429,1611.9,1624.8166666666666,61.75180737664453,135.45358498099748,288.95536525100533,3192.0
2023-11-23,1855.0,2679.0,2034.0,1265.0,648.0,1755.0,1796.0,1817.0,1662.0,1462.0,1935.0,2008.0,1247.0,623.0,1784.142857142857,1621.55,1637.6333333333334,55.23111614364523,145.6981288034819,281.61224493471906,3346.0
2023-11-24,2102.0,3385.0,2064.0,1279.0,670.0,1855.0,1755.0,1796.0,1688.0,1523.0,1945.0,2034.0,1265.0,648.0,1843.2857142857144,1648.5,1654.9166666666667,119.44833511565456,180.0890130784584,277.66662682021087,3143.0
2023-11-27,2259.0,3819.0,2095.0,1292.0,680.0,2102.0,1855.0,1755.0,1758.0,1559.0,1972.0,2064.0,1279.0,670.0,1914.857142857143,1686.35,1674.5166666666669,189.4267040057276,222.28532517795315,278.11730799367035,2848.0
2023-11-28,2391.0,4179.0,2106.0,1321.0,695.0,2259.0,2102.0,1855.0,1820.0,1530.0,2058.0,2095.0,1292.0,680.0,1996.4285714285716,1732.95,1696.65,253.78196491138507,265.5894090706961,281.44926538018683,2495.0
2023-11-29,2696.0,5040.0,2131.0,1360.0,723.0,2391.0,2259.0,2102.0,1817.0,1598.0,2105.0,2106.0,1321.0,695.0,2122.0,1797.7,1723.5666666666666,349.58546880555326,330.3618590193682,298.2949493976619,2483.0
2023-11-30,2937.0,5629.0,2219.0,1425.0,751.0,2696.0,2391.0,2259.0,1796.0,1643.0,2071.0,2131.0,1360.0,723.0,2285.0,1875.3,1753.5,429.1903229726093,402.6810282671792,327.5251057785482,2509.0
2023-12-01,3192.0,6237.0,2341.0,1489.0,773.0,2937.0,2696.0,2391.0,1755.0,1655.0,2046.0,2219.0,1425.0,751.0,2490.285714285714,1961.8,1786.9333333333334,474.6892717998851,486.346486841589,368.4426164030367,2551.0
2023-12-04,3346.0,6582.0,2441.0,1526.0,800.0,3192.0,2937.0,2696.0,1855.0,1662.0,2017.0,2341.0,1489.0,773.0,2703.285714285714,2052.95,1822.55,476.6297354990626,564.3544495588224,412.3067981039187,2438.0
2023-12-05,3143.0,5946.0,2425.0,1565.0,831.0,3346.0,3192.0,2937.0,2102.0,1688.0,1949.0,2441.0,1526.0,800.0,2852.0,2132.15,1854.35,416.3428074716023,601.3227765343231,438.9416325431596,2411.0
2023-12-06,2848.0,5161.0,2311.0,1552.0,851.0,3143.0,3346.0,3192.0,2259.0,1758.0,1832.0,2425.0,1565.0,831.0,2936.1428571428573,2198.05,1880.3166666666664,326.3063124179678,604.073581697846,450.910735337861,2348.0
2023-12-07,2495.0,4203.0,2197.0,1538.0,862.0,2848.0,3143.0,3346.0,2391.0,1820.0,1662.0,2311.0,1552.0,851.0,2951.0,2242.9,1899.5666666666664,298.5341968128101,590.3202431508561,452.1055961348958,2288.0
2023-12-08,2483.0,4259.0,2104.0,1521.0,872.0,2495.0,2848.0,3143.0,2696.0,1817.0,1563.0,2197.0,1538.0,862.0,2920.5714285714284,2284.9,1917.9333333333332,337.2075805508458,575.0775599864788,453.0651117446785,2219.0
2023-12-11,2509.0,4398.0,2049.0,1506.0,884.0,2483.0,2495.0,2848.0,2937.0,1796.0,1502.0,2104.0,1521.0,872.0,2859.428571428572,2327.6,1935.7666666666669,370.85615232093465,557.2748920085675,454.9485486523676,2150.0
2023-12-12,2551.0,4592.0,1996.0,1480.0,895.0,2509.0,2483.0,2495.0,3192.0,1755.0,1459.0,2049.0,1506.0,884.0,2767.8571428571427,2372.05,1952.85,353.79675359893434,536.4561565447265,458.5312892489785,2087.0
2023-12-13,2438.0,4306.0,1953.0,1463.0,903.0,2551.0,2509.0,2483.0,3346.0,1855.0,1401.0,1996.0,1480.0,895.0,2638.1428571428573,2409.55,1967.0833333333333,260.7070057692055,511.7677798829461,460.1394516575845,2094.0
2023-12-14,2411.0,4276.0,1915.0,1442.0,906.0,2438.0,2551.0,2509.0,3143.0,2102.0,1385.0,1953.0,1463.0,903.0,2533.5714285714284,2442.2,1981.1166666666663,146.04549193414718,488.3044348074629,460.6323248541681,2093.0
2023-12-15,2348.0,4113.0,1900.0,1426.0,908.0,2411.0,2438.0,2551.0,2848.0,2259.0,1462.0,1915.0,1442.0,906.0,2462.1428571428573,2468.6,1993.7,68.10880650701958,466.68961848321055,460.1623626503918,2091.0
2023-12-18,2288.0,3936.0,1906.0,1419.0,907.0,2348.0,2411.0,2438.0,2495.0,2391.0,1523.0,1900.0,1426.0,908.0,2432.5714285714284,2492.15,2004.9333333333332,92.157215566408,443.3797558467705,458.9613131906002,2086.0
2023-12-19,2219.0,3730.0,1915.0,1408.0,903.0,2288.0,2348.0,2411.0,2483.0,2696.0,1559.0,1906.0,1419.0,907.0,2394.8571428571427,2513.3,2013.6833333333332,118.37148948885634,417.7739378634096,457.936324922588,2110.0
2023-12-20,2150.0,3530.0,1917.0,1397.0,896.0,2219.0,2288.0,2348.0,2509.0,2937.0,1530.0,1915.0,1408.0,903.0,2343.5714285714284,2533.05,2020.3166666666664,136.98279349716333,388.33876624466245,456.96305868816125,2022.0
2023-12-21,2087.0,3361.0,1915.0,1378.0,888.0,2150.0,2219.0,2288.0,2551.0,3192.0,1598.0,1917.0,1397.0,896.0,2277.285714285714,2544.65,2026.5,132.0551832703739,370.0533780842767,455.2824230582077,1875.0
2023-12-22,2094.0,3398.0,1909.0,1369.0,879.0,2087.0,2150.0,2219.0,2438.0,3346.0,1643.0,1915.0,1378.0,888.0,2228.1428571428573,2544.25,2033.05,126.15523317382984,370.5610078331522,453.3430408772748,1664.0
2024-01-02,2093.0,3484.0,1872.0,1308.0,808.0,2094.0,2087.0,2150.0,2411.0,3143.0,1655.0,1909.0,1369.0,879.0,2182.714285714286,2535.95,2038.9833333333331,104.77867831086574,379.0483200693204,451.72946349787753,1554.0
2024-01-03,2091.0,3569.0,1808.0,1271.0,745.0,2093.0,2094.0,2087.0,2348.0,2848.0,1662.0,1872.0,1308.0,808.0,2146.0,2520.95,2044.1666666666667,79.0864505883725,390.8388381013668,450.4899843378211,1460.0
2024-01-04,2086.0,3651.0,1727.0,1236.0,716.0,2091.0,2093.0,2094.0,2288.0,2495.0,1688.0,1808.0,1271.0,745.0,2117.1428571428573,2490.45,2049.3,50.2242589838475,400.1499028324849,449.1584711472996,1360.0
2024-01-05,2110.0,3798.0,1666.0,1212.0,695.0,2086.0,2091.0,2093.0,2219.0,2483.0,1758.0,1727.0,1236.0,716.0,2101.5714285714284,2449.1,2054.016666666667,22.780526353725215,394.2626562398062,448.2695349772168,1324.0
2024-01-08,2022.0,3599.0,1605.0,1194.0,680.0,2110.0,2086.0,2091.0,2150.0,2509.0,1820.0,1666.0,1212.0,695.0,2083.285714285714,2390.6,2055.5666666666666,28.164482868294986,363.8599209933224,447.9906312075144,1308.0
2024-01-09,1875.0,3249.0,1534.0,1162.0,661.0,2022.0,2110.0,2086.0,2087.0,2551.0,1817.0,1605.0,1194.0,680.0,2053.0,2317.05,2053.633333333333,83.37465642108347,304.38453432598186,448.52398105554016,1357.0
2024-01-10,1664.0,2696.0,1464.0,1135.0,644.0,1875.0,2022.0,2110.0,2094.0,2438.0,1796.0,1534.0,1162.0,661.0,1991.571428571429,2243.1,2048.3166666666666,165.7979263469624,270.9882304688404,451.25777111168986,1503.0
2024-01-11,1554.0,2424.0,1421.0,1108.0,625.0,1664.0,1875.0,2022.0,2093.0,2411.0,1755.0,1464.0,1135.0,644.0,1914.571428571429,2178.4,2041.75,225.3189274065085,273.4276388447433,455.5882628582821,1518.0
2024-01-12,1460.0,2172.0,1410.0,1088.0,616.0,1554.0,1664.0,1875.0,2091.0,2348.0,1855.0,1421.0,1108.0,625.0,1824.4285714285716,2126.65,2033.8333333333333,265.5935849770337,306.3187667155008,461.5624961509517,1473.0
2024-01-15,1360.0,1880.0,1412.0,1078.0,605.0,1460.0,1554.0,1664.0,2086.0,2288.0,2102.0,1410.0,1088.0,616.0,1720.7142857142858,2070.5,2024.0833333333333,287.29120782794337,338.76734758455245,469.5799165451915,1507.0
2024-01-16,1324.0,1779.0,1421.0,1060.0,600.0,1360.0,1460.0,1554.0,2110.0,2219.0,2259.0,1412.0,1078.0,605.0,1608.428571428571,2011.25,2013.2833333333333,262.2974501991067,360.93969098218366,478.1712724737857,1499.0
2024-01-17,1308.0,1733.0,1446.0,1039.0,596.0,1324.0,1360.0,1460.0,2022.0,2150.0,2391.0,1421.0,1060.0,600.0,1506.428571428571,1949.1,2000.7833333333333,207.841171044028,370.0106541851517,486.7092575783,1518.0
2024-01-18,1357.0,1853.0,1492.0,1029.0,593.0,1308.0,1324.0,1360.0,1875.0,2087.0,2696.0,1446.0,1039.0,596.0,1432.428571428571,1895.05,1988.3166666666664,133.75332661639837,373.7703312547862,493.5265518131964,1460.0
2024-01-19,1503.0,2244.0,1550.0,1030.0,594.0,1357.0,1308.0,1324.0,1664.0,2094.0,2937.0,1492.0,1029.0,593.0,1409.428571428571,1849.65,1978.85,95.7354987153996,362.78575307138937,497.3464783141793,1397.0
2024-01-22,1518.0,2272.0,1576.0,1027.0,594.0,1503.0,1357.0,1308.0,1554.0,2093.0,3192.0,1550.0,1030.0,594.0,1404.2857142857142,1808.15,1970.05,87.26724144014176,350.0263561504984,500.7974124384789,1398.0
2024-01-23,1473.0,2099.0,1613.0,1033.0,596.0,1518.0,1503.0,1357.0,1460.0,2091.0,3346.0,1576.0,1027.0,594.0,1406.142857142857,1767.4,1960.9833333333331,88.77580107857897,338.4724819725032,504.8410889985424,1388.0
2024-01-24,1507.0,2145.0,1663.0,1050.0,597.0,1473.0,1518.0,1503.0,1360.0,2086.0,3143.0,1613.0,1033.0,596.0,1427.142857142857,1731.8,1953.6166666666663,93.31207240836213,325.6755893119388,508.2323668368204,1407.0
2024-01-25,1499.0,2086.0,1690.0,1062.0,597.0,1507.0,1473.0,1518.0,1324.0,2110.0,2848.0,1663.0,1050.0,597.0,1452.142857142857,1699.25,1948.0666666666664,84.05638697015677,314.00148759284605,511.3913512411853,1436.0
2024-01-26,1518.0,2135.0,1696.0,1065.0,596.0,1499.0,1507.0,1473.0,1308.0,2022.0,2495.0,1690.0,1062.0,597.0,1482.142857142857,1670.8,1945.6666666666667,57.23177605558581,302.59015185559736,513.0917143597471,1516.0
2024-01-29,1460.0,1970.0,1686.0,1065.0,597.0,1518.0,1499.0,1507.0,1357.0,1875.0,2483.0,1696.0,1065.0,596.0,1496.857142857143,1639.1,1943.95,22.236820601801828,288.81753482267254,514.56390701911,1487.0
2024-01-30,1397.0,1824.0,1636.0,1061.0,595.0,1460.0,1518.0,1499.0,1503.0,1664.0,2509.0,1686.0,1065.0,597.0,1481.7142857142858,1604.3,1942.2,43.388609433490345,272.7310416007391,516.2681539468153,1473.0
2024-01-31,1398.0,1891.0,1566.0,1055.0,591.0,1397.0,1460.0,1518.0,1518.0,1554.0,2551.0,1636.0,1061.0,595.0,1464.571428571429,1569.65,1941.1833333333332,49.88271959593086,250.78115328329045,517.2948702320111,1545.0
2024-02-01,1388.0,1924.0,1497.0,1048.0,588.0,1398.0,1397.0,1460.0,1473.0,1460.0,2438.0,1566.0,1055.0,591.0,1452.428571428571,1534.75,1940.9666666666667,57.28541740809441,222.0658686065723,517.5276285645775,1572.0
2024-02-02,1407.0,2030.0,1444.0,1041.0,585.0,1388.0,1398.0,1397.0,1507.0,1360.0,2411.0,1497.0,1048.0,588.0,1438.142857142857,1499.6,1941.3333333333333,53.76934867695002,177.35613888442344,517.1346959790094,1585.0
2024-02-05,1436.0,2142.0,1419.0,1037.0,582.0,1407.0,1388.0,1398.0,1499.0,1324.0,2348.0,1444.0,1041.0,585.0,1429.142857142857,1470.3,1940.9,46.69199992657667,128.06704658515045,517.5538848552924,1582.0
2024-02-06,1516.0,2371.0,1428.0,1041.0,577.0,1436.0,1407.0,1388.0,1518.0,1308.0,2288.0,1419.0,1037.0,582.0,1428.857142857143,1452.35,1940.7833333333333,46.05948534750218,86.90119919220233,517.6504642201496,1581.0
2024-02-07,1487.0,2263.0,1445.0,1047.0,574.0,1516.0,1436.0,1407.0,1460.0,1357.0,2219.0,1428.0,1041.0,577.0,1432.7142857142858,1443.5,1939.5833333333333,50.05901279395485,71.9367412163782,518.6330237044571,1610.0
2024-02-08,1473.0,2196.0,1474.0,1050.0,570.0,1487.0,1516.0,1436.0,1397.0,1503.0,2150.0,1445.0,1047.0,574.0,1443.571428571429,1439.45,1938.6333333333332,49.25734172979978,67.53359787613319,519.4475542168936,1629.0
2024-02-09,1545.0,2381.0,1509.0,1053.0,568.0,1473.0,1487.0,1516.0,1398.0,1518.0,2087.0,1474.0,1050.0,570.0,1464.571428571429,1443.7,1937.75,57.27377859270546,71.45561743591583,520.0813047585096,1632.0
2024-02-12,1572.0,2453.0,1526.0,1048.0,569.0,1545.0,1473.0,1487.0,1388.0,1473.0,2094.0,1509.0,1053.0,568.0,1490.857142857143,1454.3,1936.5666666666664,58.48483726981456,74.06263352191004,520.8435259567553,1676.0
2024-02-13,1585.0,2476.0,1550.0,1047.0,567.0,1572.0,1545.0,1473.0,1407.0,1507.0,2093.0,1526.0,1048.0,569.0,1516.2857142857142,1467.35,1935.4,54.50906434014955,72.88005647342334,521.5628145214315,1752.0
2024-02-14,1582.0,2436.0,1582.0,1052.0,566.0,1585.0,1572.0,1545.0,1436.0,1499.0,2091.0,1550.0,1047.0,567.0,1537.142857142857,1481.05,1934.0666666666664,45.92540535633077,66.8529218350655,522.3752098702594,1866.0
2024-02-15,1581.0,2394.0,1623.0,1058.0,567.0,1582.0,1585.0,1572.0,1516.0,1518.0,2086.0,1582.0,1052.0,566.0,1546.428571428571,1492.25,1932.2833333333333,47.48282897658343,63.66431289845921,523.4111094999937,1871.0
2024-02-16,1610.0,2448.0,1646.0,1071.0,572.0,1581.0,1582.0,1585.0,1487.0,1460.0,2110.0,1623.0,1058.0,567.0,1564.0,1497.6,1929.8166666666664,44.48969918232461,68.89610790314228,524.5937731580028,1899.0
2024-02-19,1629.0,2457.0,1681.0,1090.0,577.0,1610.0,1581.0,1582.0,1473.0,1397.0,2022.0,1646.0,1071.0,572.0,1586.2857142857142,1503.15,1926.6333333333332,26.905478287983307,74.84037398983486,525.8494650439397,2041.0
2024-02-20,1632.0,2409.0,1706.0,1129.0,596.0,1629.0,1610.0,1581.0,1545.0,1398.0,1875.0,1681.0,1090.0,577.0,1598.7142857142858,1511.1,1923.55,24.655724728856136,79.75284188958275,527.0442179050167,2111.0
2024-02-21,1676.0,2543.0,1673.0,1154.0,613.0,1632.0,1629.0,1610.0,1572.0,1388.0,1664.0,1706.0,1129.0,596.0,1613.571428571429,1519.55,1921.55,35.027880052220254,87.83865292318438,527.7636356217979,2203.0
2024-02-22,1752.0,2790.0,1624.0,1174.0,618.0,1676.0,1632.0,1629.0,1585.0,1407.0,1554.0,1673.0,1154.0,613.0,1637.428571428571,1532.2,1921.5,60.17158006583645,101.82730478605144,527.7798237644874,2297.0
2024-02-23,1866.0,3145.0,1595.0,1189.0,628.0,1752.0,1676.0,1632.0,1582.0,1436.0,1460.0,1624.0,1174.0,618.0,1678.0,1549.6,1921.6833333333332,99.47696550793516,126.11039441274872,527.7582424078004,2291.0
2024-02-26,1871.0,3163.0,1578.0,1198.0,639.0,1866.0,1752.0,1676.0,1581.0,1516.0,1360.0,1595.0,1189.0,628.0,1719.428571428571,1570.15,1917.8333333333333,111.95215814930012,143.08564788814752,527.2628767919566,2176.0
2024-02-27,1899.0,3224.0,1581.0,1220.0,667.0,1871.0,1866.0,1752.0,1610.0,1487.0,1324.0,1578.0,1198.0,639.0,1760.7142857142858,1595.25,1911.8333333333333,117.9967715458276,154.67414814782566,525.359640068041,2251.0
2024-02-28,2041.0,3596.0,1627.0,1239.0,686.0,1899.0,1871.0,1866.0,1629.0,1473.0,1308.0,1581.0,1220.0,667.0,1819.571428571429,1627.4,1906.0,141.71668584757086,176.76490482824977,521.880627950972,2345.0
2024-02-29,2111.0,3743.0,1681.0,1257.0,708.0,2041.0,1899.0,1871.0,1632.0,1545.0,1357.0,1627.0,1239.0,686.0,1888.0,1663.55,1896.25,151.36710342739588,197.8956330466661,512.247047952046,2377.0
2024-03-01,2203.0,3977.0,1723.0,1267.0,722.0,2111.0,2041.0,1899.0,1676.0,1572.0,1503.0,1681.0,1257.0,708.0,1963.2857142857144,1703.35,1884.0166666666669,159.20501906421782,222.14250404921856,495.460425882645,2315.0
2024-03-04,2297.0,4205.0,1773.0,1282.0,741.0,2203.0,2111.0,2041.0,1752.0,1585.0,1518.0,1723.0,1267.0,722.0,2041.142857142857,1746.4,1869.1,171.44914559078234,249.3651729365565,468.1330645251283,2370.0
2024-03-05,2291.0,4148.0,1805.0,1297.0,753.0,2297.0,2203.0,2111.0,1866.0,1582.0,1473.0,1773.0,1282.0,741.0,2101.8571428571427,1785.15,1851.5166666666669,174.31717124390204,270.9583916397407,429.9779454993158,2350.0
2024-03-06,2176.0,3769.0,1823.0,1312.0,758.0,2291.0,2297.0,2203.0,1871.0,1581.0,1507.0,1805.0,1297.0,753.0,2145.428571428572,1819.6,1835.4,142.1452978972056,274.82863560292253,397.6574712070343,2374.0
2024-03-07,2251.0,3979.0,1840.0,1317.0,759.0,2176.0,2291.0,2297.0,1899.0,1610.0,1499.0,1823.0,1312.0,758.0,2195.714285714286,1858.5,1825.45,94.82389692778376,278.22699933308206,378.9186409252938,2419.0
2024-03-08,2345.0,4245.0,1861.0,1318.0,762.0,2251.0,2176.0,2291.0,2041.0,1629.0,1518.0,1840.0,1317.0,759.0,2239.1428571428573,1898.5,1822.95,80.7226291515725,288.1150172377195,374.8997798282204,2392.0
2024-03-11,2377.0,4314.0,1893.0,1316.0,764.0,2345.0,2251.0,2176.0,2111.0,1632.0,1460.0,1861.0,1318.0,762.0,2277.1428571428573,1938.75,1821.1833333333332,72.5406290098331,296.21771420785007,371.97500789323067,2284.0
2024-03-12,2315.0,4092.0,1949.0,1306.0,766.0,2377.0,2345.0,2251.0,2203.0,1676.0,1397.0,1893.0,1316.0,764.0,2293.1428571428573,1975.25,1817.95,65.46864025731871,295.30838029707513,366.7007011682444,2240.0
2024-03-13,2370.0,4189.0,2043.0,1301.0,769.0,2315.0,2377.0,2345.0,2297.0,1752.0,1398.0,1949.0,1306.0,766.0,2303.5714285714284,2014.65,1814.9333333333332,71.70275946074216,292.6349036634276,361.2723685722164,2196.0
2024-03-14,2350.0,4042.0,2133.0,1314.0,777.0,2370.0,2315.0,2377.0,2291.0,1866.0,1388.0,2043.0,1301.0,769.0,2312.0,2053.1,1813.4666666666667,73.42569940649294,283.0201592224741,358.87066111960644,2123.0
2024-03-15,2374.0,4019.0,2234.0,1326.0,781.0,2350.0,2370.0,2315.0,2176.0,1871.0,1407.0,2133.0,1314.0,777.0,2340.285714285714,2091.3,1812.85,44.89882806826992,271.3865179135886,357.85684217507907,1989.0
2024-03-18,2419.0,4089.0,2298.0,1338.0,783.0,2374.0,2350.0,2370.0,2251.0,1899.0,1436.0,2234.0,1326.0,781.0,2364.285714285714,2130.8,1814.0333333333333,32.37135712175263,257.70476784184854,359.7687094423017,1845.0
2024-03-19,2392.0,3990.0,2306.0,1351.0,788.0,2419.0,2374.0,2350.0,2345.0,2041.0,1516.0,2298.0,1338.0,783.0,2371.0,2168.8,1815.7666666666669,32.5781112609772,235.34601625781053,362.3323395638034,1821.0
2024-03-20,2284.0,3690.0,2251.0,1370.0,790.0,2392.0,2419.0,2374.0,2377.0,2111.0,1487.0,2306.0,1351.0,788.0,2357.714285714286,2199.2,1816.85,45.94458359702536,205.7468040296667,363.65316056159145,1714.0
2024-03-21,2240.0,3588.0,2204.0,1379.0,795.0,2284.0,2392.0,2419.0,2315.0,2203.0,1473.0,2251.0,1370.0,790.0,2347.0,2223.6,1818.35,63.105731382598165,176.8247422553914,365.2328175519597,1711.0
2024-03-22,2196.0,3482.0,2165.0,1383.0,795.0,2240.0,2284.0,2392.0,2370.0,2297.0,1545.0,2204.0,1379.0,795.0,2322.1428571428573,2240.1,1820.1666666666667,83.50734213514107,155.8527982964815,366.85919187974633,1669.0
2024-03-25,2123.0,3295.0,2120.0,1386.0,792.0,2196.0,2240.0,2284.0,2350.0,2291.0,1572.0,2165.0,1383.0,795.0,2289.714285714286,2252.7,1820.65,110.57533523306218,132.94522021851407,367.2449801205221,1628.0
2024-03-26,1989.0,2964.0,2044.0,1375.0,784.0,2123.0,2196.0,2240.0,2374.0,2176.0,1585.0,2120.0,1386.0,792.0,2234.714285714286,2257.2,1818.9166666666667,150.28385839882284,121.36140026254688,366.18163926915696,1594.0
2024-03-27,1845.0,2638.0,1941.0,1353.0,779.0,1989.0,2123.0,2196.0,2419.0,2251.0,1582.0,2044.0,1375.0,784.0,2152.714285714286,2247.4,1814.8166666666664,185.45414014046017,145.29259045838162,364.4567116033979,1570.0
2024-03-28,1821.0,2637.0,1879.0,1331.0,772.0,1845.0,1989.0,2123.0,2392.0,2345.0,1581.0,1941.0,1353.0,779.0,2071.1428571428573,2232.9,1810.4,188.21922375378017,171.6936991149966,362.71622189683313,1587.0
2024-04-02,1714.0,2394.0,1816.0,1303.0,763.0,1821.0,1845.0,1989.0,2284.0,2377.0,1610.0,1879.0,1331.0,772.0,1989.7142857142856,2208.45,1803.8,203.46475066188785,207.3013253061478,360.7698829927056,1690.0
2024-04-03,1711.0,2437.0,1772.0,1284.0,752.0,1714.0,1821.0,1845.0,2240.0,2315.0,1629.0,1816.0,1303.0,763.0,1914.142857142857,2179.15,1798.6166666666666,192.9805072811129,233.8407634087341,359.81464586440245,1729.0
2024-04-04,1669.0,2354.0,1733.0,1273.0,745.0,1711.0,1714.0,1821.0,2196.0,2370.0,1632.0,1772.0,1284.0,752.0,1838.857142857143,2148.05,1795.1833333333334,165.5419670571255,258.2682153355919,360.0561863718316,1730.0
2024-04-05,1628.0,2274.0,1695.0,1261.0,735.0,1669.0,1711.0,1714.0,2123.0,2350.0,1676.0,1733.0,1273.0,745.0,1768.142857142857,2120.65,1794.5833333333333,124.59591830049044,283.02896913287987,360.30840328837786,1779.0
2024-04-08,1594.0,2198.0,1667.0,1258.0,733.0,1628.0,1669.0,1711.0,1989.0,2374.0,1752.0,1695.0,1261.0,735.0,1711.7142857142858,2087.8,1795.25,93.45536240315192,304.4225940850527,359.8924804127219,1844.0
2024-04-09,1570.0,2153.0,1633.0,1259.0,727.0,1594.0,1628.0,1669.0,1845.0,2419.0,1866.0,1667.0,1258.0,733.0,1672.428571428571,2049.05,1797.0833333333333,85.55477220832745,318.939274041806,358.4329496272983,1901.0
2024-04-10,1587.0,2202.0,1631.0,1260.0,724.0,1570.0,1594.0,1628.0,1821.0,2392.0,1871.0,1633.0,1259.0,727.0,1639.0,2009.55,1800.8666666666666,59.609842587723165,325.0471180419328,354.9220714976069,1919.0
2024-04-11,1690.0,2475.0,1677.0,1261.0,724.0,1587.0,1570.0,1594.0,1714.0,2284.0,1899.0,1631.0,1260.0,724.0,1635.571428571429,1978.3,1806.9666666666667,55.0964522235221,324.1781673872001,349.6940050603318,1882.0
2024-04-12,1729.0,2552.0,1713.0,1272.0,722.0,1690.0,1587.0,1570.0,1711.0,2240.0,2041.0,1677.0,1261.0,724.0,1638.142857142857,1946.25,1813.9833333333331,59.4514607934573,314.96998603876506,343.6845465163051,1804.0
2024-04-15,1730.0,2529.0,1736.0,1280.0,721.0,1729.0,1690.0,1587.0,1669.0,2196.0,2111.0,1713.0,1272.0,722.0,1646.857142857143,1915.25,1820.2,68.50894971079309,303.440425957484,338.6144650368576,1774.0
2024-04-16,1779.0,2631.0,1754.0,1311.0,724.0,1730.0,1729.0,1690.0,1628.0,2123.0,2203.0,1736.0,1280.0,721.0,1668.428571428571,1885.5,1824.8,83.67567775416458,284.68422025667945,336.0976855577585,1743.0
2024-04-17,1844.0,2760.0,1805.0,1337.0,729.0,1779.0,1730.0,1729.0,1594.0,1989.0,2297.0,1754.0,1311.0,724.0,1704.142857142857,1856.75,1830.2333333333331,98.62965843907804,255.5104025073517,333.6802674776387,1721.0
2024-04-18,1901.0,2845.0,1876.0,1365.0,735.0,1844.0,1779.0,1730.0,1570.0,1845.0,2291.0,1805.0,1337.0,729.0,1751.428571428571,1832.2,1837.3666666666663,102.85403434456018,222.88033135577024,330.4734132061939,1684.0
2024-04-19,1919.0,2839.0,1916.0,1394.0,741.0,1901.0,1844.0,1779.0,1587.0,1821.0,2176.0,1876.0,1365.0,735.0,1798.857142857143,1813.95,1844.2333333333331,90.15806225998692,197.4291278568344,327.76181754368747,1685.0
2024-04-22,1882.0,2702.0,1928.0,1410.0,744.0,1919.0,1901.0,1844.0,1690.0,1714.0,2251.0,1916.0,1394.0,741.0,1826.2857142857144,1796.05,1850.6166666666663,80.17421506883734,171.26325534560274,324.6389437287278,1688.0
2024-04-23,1804.0,2458.0,1914.0,1430.0,751.0,1882.0,1919.0,1901.0,1729.0,1711.0,2345.0,1928.0,1410.0,744.0,1837.0,1776.45,1855.3833333333332,69.27722088343852,143.21697745579186,321.7592579188522,1774.0
2024-04-24,1774.0,2345.0,1910.0,1456.0,751.0,1804.0,1882.0,1919.0,1730.0,1669.0,2377.0,1914.0,1430.0,751.0,1843.2857142857144,1759.0,1860.6166666666663,59.21631049441368,117.77096416347096,317.7480129245615,1876.0
2024-04-25,1743.0,2230.0,1896.0,1488.0,750.0,1774.0,1804.0,1882.0,1779.0,1628.0,2315.0,1910.0,1456.0,751.0,1838.142857142857,1746.7,1866.3833333333332,66.80675757093925,104.59450523956384,312.2841541574695,2083.0
2024-04-26,1721.0,2172.0,1878.0,1495.0,751.0,1743.0,1774.0,1804.0,1844.0,1594.0,2370.0,1896.0,1488.0,750.0,1820.571428571429,1740.5,1871.7666666666669,79.9017253523674,102.1064975508342,306.8090758754392,2203.0
2024-04-29,1684.0,2080.0,1858.0,1492.0,750.0,1721.0,1743.0,1774.0,1901.0,1570.0,2350.0,1878.0,1495.0,751.0,1789.571428571429,1733.65,1876.7,85.4026875901371,101.01134641839148,301.22750566554254,2166.0
2024-04-30,1685.0,2100.0,1845.0,1485.0,746.0,1684.0,1721.0,1743.0,1919.0,1587.0,2374.0,1858.0,1492.0,750.0,1756.142857142857,1732.2,1881.3333333333333,70.8553187169162,101.5151531338183,295.9725517888816,2129.0
2024-05-01,1688.0,2116.0,1847.0,1478.0,742.0,1685.0,1684.0,1721.0,1882.0,1690.0,2419.0,1845.0,1485.0,746.0,1728.428571428571,1731.05,1885.5333333333333,47.52142374009173,101.89751042872456,291.29700997880434,2066.0
2024-05-02,1774.0,2372.0,1863.0,1466.0,732.0,1688.0,1685.0,1684.0,1804.0,1729.0,2392.0,1847.0,1478.0,742.0,1724.142857142857,1736.3,1889.8333333333333,40.387409636451125,101.23505737687135,287.6308348823783,1993.0
2024-05-03,1876.0,2673.0,1884.0,1458.0,729.0,1774.0,1688.0,1685.0,1774.0,1730.0,2284.0,1863.0,1466.0,732.0,1738.7142857142858,1748.7,1896.3166666666664,69.37269944705224,102.45260778573989,282.73941357492623,1889.0
2024-05-07,2083.0,3239.0,1949.0,1461.0,722.0,1876.0,1774.0,1688.0,1743.0,1779.0,2240.0,1884.0,1458.0,729.0,1787.2857142857142,1773.15,1906.4833333333331,147.69079669556572,120.3727871851883,278.19042933167896,1817.0
2024-05-08,2203.0,3541.0,2005.0,1477.0,711.0,2083.0,1876.0,1774.0,1721.0,1844.0,2196.0,1949.0,1461.0,722.0,1856.142857142857,1804.8,1917.45,210.598693072414,144.87184899618444,276.6641741430024,1844.0
2024-05-09,2166.0,3405.0,2020.0,1488.0,709.0,2203.0,2083.0,1876.0,1684.0,1901.0,2123.0,2005.0,1477.0,711.0,1925.0,1833.75,1927.35,223.34577079795463,156.4466867321532,274.7140778632636,1847.0
2024-05-10,2129.0,3292.0,2026.0,1485.0,703.0,2166.0,2203.0,2083.0,1685.0,1919.0,1989.0,2020.0,1488.0,709.0,1988.4285714285716,1855.7,1936.4166666666667,206.21740723716323,165.7373000611936,272.1891348699188,1829.0
2024-05-13,2066.0,3108.0,2017.0,1485.0,701.0,2129.0,2166.0,2203.0,1688.0,1882.0,1845.0,2026.0,1485.0,703.0,2042.4285714285716,1872.55,1944.4833333333331,158.37808891263296,169.27134087641866,268.6565756680995,1804.0
2024-05-14,1993.0,2931.0,1978.0,1475.0,698.0,2066.0,2129.0,2166.0,1774.0,1804.0,1821.0,2017.0,1485.0,701.0,2073.714285714286,1885.7,1951.35,111.08512394512368,167.82387384271237,264.4408764140592,1796.0
2024-05-15,1889.0,2699.0,1905.0,1453.0,694.0,1993.0,2066.0,2129.0,1876.0,1774.0,1714.0,1978.0,1475.0,698.0,2075.5714285714284,1891.2,1956.0,107.27201738703542,165.93486356810072,260.76419635695095,1797.0
2024-05-16,1817.0,2558.0,1845.0,1425.0,693.0,1889.0,1993.0,2066.0,2083.0,1743.0,1711.0,1905.0,1453.0,694.0,2037.571428571429,1889.85,1959.1333333333332,144.76401157614373,166.44811899142996,257.8819508320876,1784.0
2024-05-17,1844.0,2675.0,1825.0,1405.0,690.0,1817.0,1889.0,1993.0,2203.0,1721.0,1669.0,1845.0,1425.0,693.0,1986.2857142857144,1887.0,1962.6666666666667,139.89962388049415,166.73489831401577,254.7572235243675,1790.0
2024-05-20,1847.0,2708.0,1811.0,1392.0,691.0,1844.0,1817.0,1889.0,2166.0,1684.0,1628.0,1825.0,1405.0,690.0,1940.7142857142856,1883.4,1965.5166666666669,122.47273749112702,166.7848914020561,252.4418705813088,1801.0
2024-05-21,1829.0,2655.0,1822.0,1382.0,688.0,1847.0,1844.0,1817.0,2129.0,1685.0,1594.0,1811.0,1392.0,691.0,1897.857142857143,1880.75,1966.8,95.01653991354382,167.2287670417724,251.53210530664143,1815.0
2024-05-22,1804.0,2584.0,1831.0,1371.0,686.0,1829.0,1847.0,1844.0,2066.0,1688.0,1570.0,1822.0,1382.0,688.0,1860.4285714285716,1880.75,1965.7666666666669,64.42012403707173,167.2287670417724,252.0799823748718,1808.0
2024-05-23,1796.0,2584.0,1832.0,1345.0,686.0,1804.0,1829.0,1847.0,1993.0,1774.0,1587.0,1831.0,1371.0,686.0,1832.2857142857144,1881.85,1964.5166666666669,31.441555759390145,166.56064961447413,252.7429518651421,1813.0
2024-05-24,1797.0,2613.0,1824.0,1326.0,688.0,1796.0,1804.0,1829.0,1889.0,1876.0,1690.0,1832.0,1345.0,686.0,1819.142857142857,1884.55,1962.8166666666664,21.412057128534883,164.6177310268147,253.5329010619635,1852.0
2024-05-28,1784.0,2608.0,1801.0,1309.0,708.0,1797.0,1796.0,1804.0,1817.0,2083.0,1729.0,1824.0,1326.0,688.0,1814.4285714285716,1887.7,1958.5333333333333,25.25111972999441,161.9038376060761,254.3592459272752,1869.0
2024-05-29,1790.0,2674.0,1762.0,1293.0,712.0,1784.0,1797.0,1796.0,1844.0,2203.0,1730.0,1801.0,1309.0,708.0,1806.7142857142856,1893.0,1953.1833333333332,22.845234993412724,156.5304745845997,254.4738334699573,1881.0
2024-05-30,1801.0,2750.0,1718.0,1286.0,718.0,1790.0,1784.0,1797.0,1847.0,2166.0,1779.0,1762.0,1293.0,712.0,1800.142857142857,1898.8,1946.4833333333331,14.36927940001502,150.4486623403342,253.0732118675611,1883.0
2024-05-31,1815.0,2820.0,1693.0,1278.0,720.0,1801.0,1790.0,1784.0,1829.0,2129.0,1844.0,1718.0,1286.0,718.0,1798.142857142857,1905.15,1938.45,9.990471650979972,143.60775341917045,249.38129712535397,1831.0
2024-06-03,1808.0,2816.0,1681.0,1272.0,722.0,1815.0,1801.0,1790.0,1804.0,2066.0,1901.0,1693.0,1278.0,720.0,1798.7142857142858,1906.85,1930.4,10.483547200459936,142.16753460172572,245.5746771022825,1836.0
2024-06-04,1813.0,2839.0,1679.0,1265.0,717.0,1808.0,1815.0,1801.0,1796.0,1993.0,1919.0,1681.0,1272.0,722.0,1801.142857142857,1903.7,1924.35,11.65373432891909,143.5780000740334,243.8871526348428,1942.0
2024-06-05,1852.0,2945.0,1702.0,1258.0,714.0,1813.0,1808.0,1815.0,1797.0,1889.0,1882.0,1679.0,1265.0,717.0,1809.0,1892.15,1917.7,22.18107301280718,137.56042691351087,240.2419895840739,1948.0
2024-06-06,1869.0,2977.0,1731.0,1255.0,716.0,1852.0,1813.0,1808.0,1784.0,1817.0,1804.0,1702.0,1258.0,714.0,1821.142857142857,1875.45,1909.7666666666669,28.56237951937787,116.4982380711387,233.66159556702988,1948.0
2024-06-07,1881.0,2998.0,1750.0,1254.0,714.0,1869.0,1852.0,1813.0,1790.0,1844.0,1774.0,1731.0,1255.0,716.0,1834.142857142857,1861.2,1901.5,32.46756623373973,94.4276944210726,225.4820448336528,1961.0
2024-06-10,1883.0,2985.0,1769.0,1257.0,714.0,1881.0,1869.0,1852.0,1801.0,1847.0,1743.0,1750.0,1254.0,714.0,1845.857142857143,1848.9,1894.3,33.2987916268581,70.76566220536245,218.85435912603444,1943.0
2024-06-11,1831.0,2784.0,1807.0,1271.0,711.0,1883.0,1881.0,1869.0,1815.0,1829.0,1721.0,1769.0,1257.0,714.0,1848.142857142857,1837.15,1885.3166666666664,31.317878660741204,48.97612200154919,209.8753053250991,1984.0
2024-06-12,1836.0,2726.0,1864.0,1297.0,708.0,1831.0,1883.0,1881.0,1808.0,1804.0,1684.0,1807.0,1271.0,711.0,1852.142857142857,1829.3,1876.75,26.79818757196528,32.488216487228456,200.88403139072452,1997.0
2024-06-13,1942.0,2985.0,1920.0,1313.0,708.0,1836.0,1831.0,1883.0,1813.0,1796.0,1685.0,1864.0,1297.0,708.0,1870.571428571429,1831.95,1869.55,37.58039002305665,39.10239594213896,190.21837807090387,1973.0
2024-06-14,1948.0,2957.0,1950.0,1335.0,711.0,1942.0,1836.0,1831.0,1852.0,1797.0,1688.0,1920.0,1313.0,708.0,1884.2857142857144,1838.5,1861.7,46.20142236523399,46.70005071557173,176.37405358967706,1926.0
2024-06-17,1948.0,2938.0,1960.0,1346.0,716.0,1948.0,1942.0,1836.0,1869.0,1784.0,1774.0,1950.0,1335.0,711.0,1895.571428571429,1843.7,1854.3,51.22127534158377,52.74376989894493,162.51751404963946,1964.0
2024-06-18,1961.0,2966.0,1954.0,1362.0,725.0,1948.0,1948.0,1942.0,1881.0,1790.0,1876.0,1960.0,1346.0,716.0,1907.0,1849.4,1848.9166666666667,56.11892134862,58.91778392941257,153.1205675018346,2031.0
2024-06-19,1943.0,2927.0,1919.0,1374.0,734.0,1961.0,1948.0,1948.0,1883.0,1801.0,2083.0,1954.0,1362.0,725.0,1915.571428571429,1855.1,1843.9666666666667,56.423568192895175,62.25998123315685,144.84029389108844,2050.0
2024-06-20,1984.0,3079.0,1867.0,1389.0,744.0,1943.0,1961.0,1948.0,1831.0,1815.0,2203.0,1919.0,1374.0,734.0,1937.4285714285716,1864.1,1840.4333333333332,47.05973913674235,67.29111930141605,138.55652541276046,2158.0
2024-06-21,1997.0,3142.0,1827.0,1398.0,753.0,1984.0,1943.0,1961.0,1836.0,1808.0,2166.0,1867.0,1389.0,744.0,1960.4285714285716,1874.15,1838.3333333333333,21.77810171444813,71.46532099738045,135.1133443417146,2179.0
2024-06-24,1973.0,3093.0,1792.0,1405.0,757.0,1997.0,1984.0,1943.0,1942.0,1813.0,2129.0,1827.0,1398.0,753.0,1964.857142857143,1882.95,1838.0666666666664,20.521765448956412,72.29652026274071,134.82642534661042,2064.0
2024-06-25,1926.0,2990.0,1735.0,1412.0,760.0,1973.0,1997.0,1984.0,1948.0,1852.0,2066.0,1792.0,1405.0,757.0,1961.7142857142856,1890.05,1839.4166666666667,24.777101563820853,68.96335792895992,135.30170826667594,2021.0
2024-06-26,1964.0,3145.0,1683.0,1412.0,763.0,1926.0,1973.0,1997.0,1948.0,1869.0,1993.0,1735.0,1412.0,760.0,1964.0,1898.75,1841.8,24.02776172123529,66.61268647934776,136.22809884619204,1966.0
2024-06-27,2031.0,3371.0,1672.0,1399.0,763.0,1964.0,1926.0,1973.0,1961.0,1881.0,1889.0,1683.0,1412.0,763.0,1974.0,1910.25,1847.0833333333333,34.746702481421714,68.67074378967838,137.3302701786397,1940.0
2024-06-28,2050.0,3443.0,1667.0,1385.0,763.0,2031.0,1964.0,1926.0,1943.0,1883.0,1817.0,1672.0,1399.0,763.0,1989.2857142857144,1922.0,1852.7333333333331,41.680188282170334,71.55932393547003,138.60428572952677,1894.0
2024-07-01,2158.0,3791.0,1662.0,1369.0,762.0,2050.0,2031.0,1964.0,1984.0,1831.0,1844.0,1667.0,1385.0,763.0,2014.142857142857,1939.5,1860.8833333333332,75.86705163513703,83.93888754386627,141.95381102059255,1939.0
2024-07-02,2179.0,3888.0,1640.0,1351.0,755.0,2158.0,2050.0,2031.0,1997.0,1836.0,1847.0,1662.0,1369.0,762.0,2040.142857142857,1957.8,1870.0666666666664,97.19984322934116,94.18045388897696,144.43377071961692,1947.0
2024-07-03,2064.0,3580.0,1607.0,1340.0,749.0,2179.0,2158.0,2050.0,1973.0,1942.0,1829.0,1640.0,1351.0,755.0,2053.1428571428573,1968.4,1877.9,92.70459997832796,93.57428796639654,141.93107661279652,1997.0
2024-07-04,2021.0,3486.0,1568.0,1337.0,745.0,2064.0,2179.0,2158.0,1926.0,1948.0,1804.0,1607.0,1340.0,749.0,2066.714285714286,1976.0,1885.4166666666667,76.53259498564653,91.21922696678716,137.2123544947083,1993.0
2024-07-05,1966.0,3339.0,1546.0,1335.0,742.0,2021.0,2064.0,2179.0,1964.0,1948.0,1796.0,1568.0,1337.0,745.0,2067.0,1980.25,1891.7333333333331,76.08766873371955,88.49970264593154,131.86110651902652,1942.0
2024-07-08,1940.0,3276.0,1531.0,1334.0,739.0,1966.0,2021.0,2064.0,2031.0,1961.0,1797.0,1546.0,1335.0,742.0,2054.0,1983.1,1895.9,89.80163324423609,86.08802105065693,129.3035713324061,1890.0
2024-07-09,1894.0,3119.0,1536.0,1347.0,737.0,1940.0,1966.0,2021.0,2050.0,1943.0,1784.0,1531.0,1334.0,739.0,2031.7142857142856,1986.25,1898.65,108.3923648690432,81.24613351122417,127.43490528398532,1912.0
2024-07-10,1939.0,3215.0,1579.0,1353.0,735.0,1894.0,1940.0,1966.0,2158.0,1984.0,1790.0,1536.0,1347.0,737.0,2000.4285714285716,1991.4,1902.1333333333332,96.85875823908844,74.1778800905922,125.58992546587308,1902.0
2024-07-11,1947.0,3183.0,1638.0,1361.0,740.0,1939.0,1894.0,1940.0,2179.0,1997.0,1801.0,1579.0,1353.0,735.0,1967.2857142857144,1991.65,1904.9333333333332,57.10725081141049,74.01086335622817,124.66753980173996,1896.0
2024-07-12,1997.0,3296.0,1678.0,1364.0,741.0,1947.0,1939.0,1894.0,2064.0,1973.0,1815.0,1638.0,1361.0,740.0,1957.7142857142856,1994.1,1907.4833333333331,41.7441184907612,73.29744735985805,124.96446839631776,1869.0
2024-07-15,1993.0,3263.0,1702.0,1368.0,742.0,1997.0,1947.0,1939.0,2021.0,1926.0,1808.0,1678.0,1364.0,741.0,1953.7142857142856,1996.35,1909.0166666666669,35.551438253663626,72.49411954371587,125.44706381259545,1864.0
2024-07-16,1942.0,3099.0,1713.0,1366.0,743.0,1993.0,1997.0,1947.0,1966.0,1964.0,1813.0,1702.0,1368.0,742.0,1950.2857142857144,1995.4,1909.4,35.32569549073406,73.10367547817656,125.51321086518048,1834.0
2024-07-17,1890.0,2940.0,1713.0,1370.0,747.0,1942.0,1993.0,1997.0,1940.0,2031.0,1852.0,1713.0,1366.0,743.0,1943.142857142857,1992.75,1909.5333333333333,42.148264382718345,76.0061458733685,125.4878570216232,1808.0
2024-07-18,1912.0,3007.0,1714.0,1370.0,749.0,1890.0,1942.0,1993.0,1894.0,2050.0,1869.0,1713.0,1370.0,747.0,1945.7142857142856,1989.15,1911.3333333333333,39.088422351178174,78.118179702278,124.72065962720616,1797.0
2024-07-19,1902.0,2973.0,1714.0,1374.0,752.0,1912.0,1890.0,1942.0,1939.0,2158.0,1881.0,1714.0,1370.0,749.0,1940.4285714285716,1984.4,1913.4666666666667,42.50042016598256,80.46862742707447,123.41970101593311,1762.0
2024-07-22,1896.0,2957.0,1712.0,1374.0,756.0,1902.0,1912.0,1890.0,1947.0,2179.0,1883.0,1714.0,1374.0,752.0,1933.142857142857,1980.55,1916.0166666666669,45.45484415485576,82.84956246110936,121.40204835432137,1708.0
2024-07-23,1869.0,2854.0,1728.0,1380.0,757.0,1896.0,1902.0,1912.0,1997.0,2064.0,1831.0,1712.0,1374.0,756.0,1914.857142857143,1977.7,1918.4833333333331,41.01393491415195,85.75430018370633,118.8492124951892,1668.0
2024-07-24,1864.0,2803.0,1765.0,1385.0,758.0,1869.0,1896.0,1902.0,1993.0,2021.0,1836.0,1728.0,1380.0,757.0,1896.4285714285716,1972.7,1921.4833333333331,26.444010934145776,89.43159691246112,115.04081687824852,1675.0
2024-07-25,1834.0,2696.0,1785.0,1387.0,760.0,1864.0,1869.0,1896.0,1942.0,1966.0,1942.0,1765.0,1385.0,758.0,1881.0,1962.85,1923.9666666666667,26.925824035664487,93.43180738686333,111.40002231482488,1677.0
2024-07-26,1808.0,2614.0,1792.0,1386.0,759.0,1834.0,1864.0,1869.0,1890.0,1940.0,1948.0,1785.0,1387.0,760.0,1869.2857142857144,1950.75,1925.9666666666667,37.94168457740165,97.14767651688008,108.12076842569968,1685.0
2024-07-29,1797.0,2582.0,1792.0,1383.0,759.0,1808.0,1834.0,1864.0,1912.0,1894.0,1948.0,1792.0,1386.0,759.0,1852.857142857143,1932.7,1926.35,41.12755998689754,89.87892440738317,107.6124283981861,1698.0
2024-07-30,1762.0,2499.0,1772.0,1377.0,760.0,1797.0,1808.0,1834.0,1902.0,1939.0,1961.0,1792.0,1383.0,759.0,1832.857142857143,1911.85,1924.45,46.88435620910869,77.21008592416703,109.50619903508064,1683.0
2024-07-31,1708.0,2377.0,1739.0,1363.0,762.0,1762.0,1797.0,1808.0,1896.0,1947.0,1943.0,1772.0,1377.0,760.0,1806.0,1894.05,1918.2,57.36142722538508,81.21930999328553,110.99500675893444,1670.0
2024-08-01,1668.0,2289.0,1713.0,1352.0,761.0,1708.0,1762.0,1797.0,1869.0,1997.0,1984.0,1739.0,1363.0,762.0,1777.2857142857142,1876.4,1909.2833333333333,69.57661073884432,90.05460331900333,109.2029818408371,1655.0
2024-08-02,1675.0,2327.0,1705.0,1342.0,759.0,1668.0,1708.0,1762.0,1864.0,1993.0,1997.0,1713.0,1352.0,761.0,1750.2857142857142,1861.85,1901.1,66.93956051472664,97.97597718450488,108.03008055665444,1670.0
2024-08-05,1677.0,2351.0,1697.0,1330.0,758.0,1675.0,1668.0,1708.0,1834.0,1942.0,1973.0,1705.0,1342.0,759.0,1727.857142857143,1848.7,1893.5666666666664,60.1759325407003,104.3753852813337,107.62747533190732,1728.0
2024-08-06,1685.0,2402.0,1678.0,1320.0,759.0,1677.0,1675.0,1668.0,1808.0,1890.0,1926.0,1697.0,1330.0,758.0,1710.2857142857142,1838.25,1887.2166666666667,49.96570252254581,109.91665502837456,108.51729404725032,1692.0
2024-08-07,1698.0,2473.0,1651.0,1309.0,756.0,1685.0,1677.0,1675.0,1797.0,1912.0,1964.0,1678.0,1320.0,759.0,1696.142857142857,1826.2,1882.3,32.17363605722879,111.48924895062252,110.3113160136838,1691.0
2024-08-08,1683.0,2459.0,1620.0,1302.0,756.0,1698.0,1685.0,1677.0,1762.0,1902.0,2031.0,1651.0,1309.0,756.0,1684.857142857143,1813.0,1878.8666666666663,13.8735788633064,112.06107357383766,113.26546987789165,1708.0
2024-08-09,1670.0,2437.0,1599.0,1301.0,755.0,1683.0,1698.0,1685.0,1708.0,1896.0,2050.0,1620.0,1302.0,756.0,1679.428571428571,1796.65,1876.4166666666667,10.27711280561114,107.56700482169376,116.1787476796954,1735.0
2024-08-12,1655.0,2413.0,1584.0,1294.0,756.0,1670.0,1683.0,1698.0,1668.0,1869.0,2158.0,1599.0,1301.0,755.0,1677.571428571429,1779.75,1873.2666666666669,13.389761547015263,101.47381046615216,119.58485628665676,1759.0
2024-08-13,1670.0,2477.0,1563.0,1292.0,756.0,1655.0,1670.0,1683.0,1675.0,1864.0,2179.0,1584.0,1294.0,756.0,1676.857142857143,1766.15,1870.3166666666664,13.68001670843546,96.6988134689865,122.39398618028753,1768.0
2024-08-14,1728.0,2650.0,1560.0,1297.0,757.0,1670.0,1655.0,1670.0,1677.0,1834.0,2064.0,1563.0,1292.0,756.0,1684.142857142857,1758.05,1868.6333333333332,23.688454089346028,92.47103387146213,123.65986245307732,1762.0
2024-08-15,1692.0,2542.0,1554.0,1300.0,756.0,1728.0,1670.0,1655.0,1685.0,1808.0,2021.0,1560.0,1297.0,757.0,1685.142857142857,1747.05,1866.7666666666669,23.877664398827868,86.05657563789119,125.48392653723492,1721.0
2024-08-16,1691.0,2537.0,1552.0,1304.0,754.0,1692.0,1728.0,1670.0,1698.0,1797.0,1966.0,1554.0,1300.0,756.0,1684.142857142857,1736.5,1865.0166666666669,23.39108499285689,78.67822543682813,127.2078895946883,1755.0
2024-08-19,1708.0,2594.0,1544.0,1305.0,754.0,1691.0,1692.0,1728.0,1683.0,1762.0,1940.0,1552.0,1304.0,754.0,1687.7142857142858,1727.1,1863.5333333333333,25.0380662573001,69.28955264148144,128.52652125790948,1827.0
2024-08-20,1735.0,2691.0,1521.0,1309.0,755.0,1708.0,1691.0,1692.0,1670.0,1708.0,1894.0,1544.0,1305.0,754.0,1697.0,1720.4,1862.7166666666667,29.09753712372971,60.80547066795272,129.19438667378628,1814.0
2024-08-21,1759.0,2788.0,1487.0,1310.0,754.0,1735.0,1708.0,1691.0,1655.0,1668.0,1939.0,1521.0,1309.0,755.0,1711.857142857143,1715.15,1862.2,30.591003968644856,51.58873295996264,129.5516126452167,1919.0
2024-08-22,1768.0,2847.0,1444.0,1313.0,753.0,1759.0,1735.0,1708.0,1670.0,1675.0,1947.0,1487.0,1310.0,754.0,1725.857142857143,1711.85,1861.65,30.667184260643737,45.315589277556334,129.88545475119773,1947.0
2024-08-23,1762.0,2851.0,1414.0,1318.0,753.0,1768.0,1759.0,1735.0,1728.0,1677.0,1997.0,1444.0,1313.0,753.0,1730.7142857142858,1709.55,1860.7666666666669,33.61405601686344,41.15500225391212,130.38734557846823,1902.0
2024-08-27,1721.0,2755.0,1381.0,1317.0,748.0,1762.0,1768.0,1759.0,1692.0,1685.0,1993.0,1414.0,1318.0,753.0,1734.857142857143,1705.75,1859.3166666666664,29.59407920192117,35.818071005003205,131.463404931378,1919.0
2024-08-28,1755.0,2883.0,1350.0,1316.0,746.0,1721.0,1762.0,1768.0,1691.0,1698.0,1942.0,1381.0,1317.0,748.0,1744.0,1705.4,1858.35,22.920151250228848,35.269488826723766,132.02180418269668,1941.0
2024-08-29,1827.0,3119.0,1331.0,1312.0,745.0,1755.0,1721.0,1762.0,1708.0,1683.0,1890.0,1350.0,1316.0,746.0,1761.0,1711.35,1857.9333333333332,33.47138081007895,44.54834747946455,132.0816217429707,1958.0
2024-08-30,1814.0,3099.0,1316.0,1306.0,744.0,1827.0,1755.0,1721.0,1735.0,1670.0,1912.0,1331.0,1312.0,745.0,1772.2857142857142,1718.65,1857.0166666666669,36.43127907771088,48.827596812864456,132.19432174098208,1941.0
2024-09-02,1919.0,3248.0,1305.0,1280.0,741.0,1814.0,1827.0,1755.0,1759.0,1655.0,1902.0,1316.0,1306.0,744.0,1795.142857142857,1730.85,1857.65,65.38967444336622,65.11388808116251,132.40203605887515,1963.0
2024-09-03,1947.0,3349.0,1300.0,1280.0,737.0,1919.0,1814.0,1827.0,1768.0,1670.0,1896.0,1305.0,1280.0,741.0,1820.7142857142856,1744.35,1858.7166666666667,85.05040522285162,79.71414389451749,132.8667092592114,1927.0
2024-09-04,1902.0,3224.0,1300.0,1271.0,732.0,1947.0,1919.0,1814.0,1762.0,1728.0,1869.0,1300.0,1280.0,737.0,1840.7142857142856,1755.2,1859.9,85.40240879841284,85.75031072519556,132.93182909459247,1890.0
2024-09-05,1919.0,3285.0,1294.0,1266.0,727.0,1902.0,1947.0,1919.0,1721.0,1692.0,1864.0,1300.0,1271.0,732.0,1869.0,1766.25,1861.2833333333333,70.66116330771611,92.00278885929934,133.11064489853533,1896.0
2024-09-06,1941.0,3356.0,1294.0,1260.0,724.0,1919.0,1902.0,1947.0,1755.0,1691.0,1834.0,1294.0,1266.0,727.0,1895.571428571429,1779.15,1861.2666666666669,53.5470420684968,97.63103205972428,133.10042935234486,1901.0
2024-09-09,1958.0,3404.0,1302.0,1259.0,719.0,1941.0,1919.0,1902.0,1827.0,1708.0,1808.0,1294.0,1260.0,724.0,1914.2857142857144,1793.55,1861.4333333333332,48.21380952145381,101.8334424439953,133.2170863305031,1890.0
2024-09-10,1941.0,3342.0,1317.0,1258.0,714.0,1958.0,1941.0,1919.0,1814.0,1735.0,1797.0,1302.0,1259.0,719.0,1932.4285714285716,1807.85,1861.3166666666664,19.577684088912736,101.43355356817789,133.14303404278246,1976.0
2024-09-11,1963.0,3375.0,1356.0,1259.0,710.0,1941.0,1958.0,1941.0,1919.0,1759.0,1762.0,1317.0,1258.0,714.0,1938.7142857142856,1822.5,1861.35,21.5152216327022,101.63479511930112,133.16866137674657,1977.0
2024-09-12,1927.0,3225.0,1402.0,1263.0,709.0,1963.0,1941.0,1958.0,1947.0,1768.0,1708.0,1356.0,1259.0,710.0,1935.857142857143,1832.45,1861.0833333333333,21.559441639547792,101.63737139041424,133.01832315052897,1999.0
2024-09-13,1890.0,3089.0,1428.0,1264.0,707.0,1927.0,1963.0,1941.0,1902.0,1762.0,1668.0,1402.0,1263.0,709.0,1934.142857142857,1842.35,1859.5166666666669,24.916049522528088,96.76301762007331,132.09645829384897,2014.0
2024-09-16,1896.0,3097.0,1442.0,1265.0,707.0,1890.0,1927.0,1963.0,1919.0,1721.0,1675.0,1428.0,1264.0,707.0,1930.857142857143,1852.6,1857.8333333333333,28.503967977735133,90.54478391786162,130.953370749774,2016.0
2024-09-17,1901.0,3090.0,1466.0,1266.0,706.0,1896.0,1890.0,1927.0,1941.0,1755.0,1677.0,1442.0,1265.0,707.0,1925.142857142857,1862.25,1856.6333333333332,30.096669646475867,84.39872473466448,130.20791283545358,2091.0
2024-09-18,1890.0,3024.0,1502.0,1270.0,706.0,1901.0,1896.0,1890.0,1958.0,1827.0,1685.0,1466.0,1266.0,706.0,1915.4285714285716,1870.0,1856.0333333333333,28.663897983677263,79.04562306865242,129.96557127757896,2110.0
2024-09-19,1976.0,3253.0,1528.0,1276.0,707.0,1890.0,1901.0,1896.0,1941.0,1814.0,1698.0,1502.0,1270.0,706.0,1920.4285714285716,1880.85,1856.2333333333331,35.985446793835614,77.89214878343721,130.1436451063795,2084.0
2024-09-20,1977.0,3235.0,1538.0,1289.0,707.0,1976.0,1890.0,1901.0,1963.0,1919.0,1683.0,1528.0,1276.0,707.0,1922.4285714285716,1891.3,1855.3333333333333,39.007935700555,75.95088440631412,129.0970816756463,2030.0
2024-09-23,1999.0,3275.0,1552.0,1301.0,708.0,1977.0,1976.0,1890.0,1927.0,1947.0,1670.0,1538.0,1289.0,707.0,1932.7142857142856,1903.15,1854.4833333333331,48.7022048977694,73.15252630811445,127.95649309154716,1978.0
2024-09-24,2014.0,3301.0,1560.0,1312.0,711.0,1999.0,1977.0,1976.0,1890.0,1902.0,1655.0,1552.0,1301.0,708.0,1950.4285714285716,1917.8,1852.0833333333333,52.942916249030624,63.449607024593945,123.43780313555187,1941.0
2024-09-25,2016.0,3315.0,1543.0,1317.0,713.0,2014.0,1999.0,1977.0,1896.0,1919.0,1670.0,1560.0,1312.0,711.0,1967.571428571429,1930.85,1849.3666666666663,51.79722367996001,54.39840845192001,117.78520621136316,1928.0
2024-09-26,2091.0,3580.0,1498.0,1314.0,712.0,2016.0,2014.0,1999.0,1901.0,1941.0,1728.0,1543.0,1317.0,713.0,1994.7142857142856,1944.05,1849.8166666666664,60.19887674952167,59.6493922852267,118.66738755888218,1907.0
2024-09-27,2110.0,3689.0,1446.0,1306.0,710.0,2091.0,2016.0,2014.0,1890.0,1958.0,1692.0,1498.0,1314.0,712.0,2026.142857142857,1958.85,1851.3,53.47095339660677,62.34393145664442,121.36892909285294,1860.0
2024-09-30,2084.0,3649.0,1414.0,1296.0,711.0,2110.0,2091.0,2016.0,1976.0,1941.0,1691.0,1446.0,1306.0,710.0,2041.571428571429,1967.1,1853.2666666666669,52.15635833035987,67.49729039393756,124.18246098307358,1799.0
2024-10-01,2030.0,3524.0,1386.0,1283.0,713.0,2084.0,2110.0,2091.0,1977.0,1963.0,1708.0,1414.0,1296.0,711.0,2049.1428571428573,1971.25,1854.7666666666669,44.50628634034392,68.73662549331186,125.78113445705635,1790.0
2024-10-02,1978.0,3399.0,1364.0,1272.0,713.0,2030.0,2084.0,2110.0,1999.0,1927.0,1735.0,1386.0,1283.0,713.0,2046.142857142857,1975.05,1856.1666666666667,48.936791106576365,66.77966519987854,126.68941960377494,1809.0
2024-10-03,1941.0,3299.0,1367.0,1260.0,712.0,1978.0,2030.0,2084.0,2014.0,1890.0,1759.0,1364.0,1272.0,713.0,2035.7142857142856,1976.15,1856.2,62.75538299809262,65.9842684600495,126.7118444559034,1814.0
2024-10-04,1928.0,3243.0,1388.0,1258.0,712.0,1941.0,1978.0,2030.0,2016.0,1896.0,1768.0,1367.0,1260.0,712.0,2023.142857142857,1975.5,1855.8833333333332,74.98539540343009,66.41139724631515,126.50465144077324,1766.0
2024-10-07,1907.0,3161.0,1415.0,1257.0,715.0,1928.0,1941.0,1978.0,2091.0,1901.0,1762.0,1388.0,1258.0,712.0,1996.857142857143,1972.95,1854.3833333333332,79.35663923374962,68.07694949561775,125.33116696346022,1676.0
2024-10-08,1860.0,2989.0,1441.0,1264.0,717.0,1907.0,1928.0,1941.0,2110.0,1890.0,1721.0,1415.0,1257.0,715.0,1961.142857142857,1968.9,1852.1666666666667,76.14115963442892,72.35286339947103,124.00713028521918,1594.0
2024-10-09,1799.0,2786.0,1457.0,1270.0,716.0,1860.0,1907.0,1928.0,2084.0,1976.0,1755.0,1441.0,1264.0,717.0,1920.4285714285716,1960.7,1849.7833333333333,75.6942471236655,81.74099016822184,123.62492366592538,1576.0
2024-10-10,1790.0,2755.0,1455.0,1274.0,717.0,1799.0,1860.0,1907.0,2030.0,1977.0,1827.0,1457.0,1270.0,716.0,1886.142857142857,1953.85,1848.1166666666663,72.05883839249542,90.03348792180303,123.747568600182,1546.0
2024-10-11,1809.0,2835.0,1435.0,1269.0,718.0,1790.0,1799.0,1860.0,1978.0,1999.0,1814.0,1455.0,1274.0,717.0,1862.0,1949.8,1846.4,64.0156230931141,94.7548637829388,123.56062122957124,1480.0
2024-10-14,1814.0,2878.0,1409.0,1262.0,719.0,1809.0,1790.0,1799.0,1941.0,2014.0,1919.0,1435.0,1269.0,718.0,1843.857142857143,1945.7,1844.9333333333332,55.29746399075834,98.889145804237,123.41165325116437,1445.0
2024-10-15,1766.0,2773.0,1364.0,1260.0,720.0,1814.0,1809.0,1790.0,1928.0,2016.0,1947.0,1409.0,1262.0,719.0,1820.7142857142856,1938.95,1842.7666666666669,47.57350202831245,106.42144372356228,123.64086410580336,1417.0
2024-10-16,1676.0,2552.0,1309.0,1257.0,723.0,1766.0,1814.0,1809.0,1907.0,2091.0,1902.0,1364.0,1260.0,720.0,1787.7142857142858,1928.25,1839.55,56.94065415182675,121.31771033984244,125.44421746301778,1410.0
2024-10-17,1594.0,2322.0,1288.0,1254.0,725.0,1676.0,1766.0,1814.0,1860.0,2110.0,1919.0,1309.0,1257.0,723.0,1749.7142857142858,1909.15,1835.05,83.31209253106489,141.7537802336244,129.334728645836,1382.0
2024-10-18,1576.0,2276.0,1285.0,1250.0,727.0,1594.0,1676.0,1766.0,1799.0,2084.0,1941.0,1288.0,1254.0,725.0,1717.857142857143,1889.1,1830.75,101.88952934662244,158.96603410790647,133.58912786877372,1402.0
2024-10-21,1546.0,2191.0,1278.0,1250.0,726.0,1576.0,1594.0,1676.0,1790.0,2030.0,1958.0,1285.0,1250.0,727.0,1683.0,1866.45,1826.3833333333332,114.10083259994263,174.04067129022928,138.53581702528754,1395.0
2024-10-22,1480.0,2008.0,1260.0,1249.0,729.0,1546.0,1576.0,1594.0,1809.0,1978.0,1941.0,1278.0,1250.0,726.0,1636.0,1839.75,1821.1,121.09500402576592,190.405073738224,145.54289949432209,1388.0
2024-10-23,1445.0,1921.0,1238.0,1249.0,731.0,1480.0,1546.0,1576.0,1814.0,1941.0,1963.0,1260.0,1249.0,729.0,1583.2857142857142,1811.2,1815.8166666666664,110.55121631430306,204.84772264704125,153.27304667211484,1378.0
2024-10-24,1417.0,1859.0,1216.0,1245.0,727.0,1445.0,1480.0,1546.0,1766.0,1928.0,1927.0,1238.0,1249.0,731.0,1533.428571428571,1777.5,1810.9666666666667,91.46558030730964,211.71989937053183,161.14442061014554,1374.0
2024-10-25,1410.0,1856.0,1201.0,1240.0,728.0,1417.0,1445.0,1480.0,1676.0,1907.0,1890.0,1216.0,1245.0,727.0,1495.428571428571,1742.5,1806.6666666666667,76.37158534179885,211.71989937053056,168.30709086711846,1405.0
2024-10-28,1382.0,1786.0,1190.0,1234.0,723.0,1410.0,1417.0,1445.0,1594.0,1860.0,1896.0,1201.0,1240.0,728.0,1465.142857142857,1707.4,1801.7833333333333,72.71503414340722,210.31039717020204,176.2550243704093,1427.0
2024-10-29,1402.0,1859.0,1195.0,1221.0,722.0,1382.0,1410.0,1417.0,1576.0,1799.0,1901.0,1190.0,1234.0,723.0,1440.2857142857142,1676.0,1797.2,56.41723816268834,206.45606133788084,183.00132443716677,1451.0
2024-10-30,1395.0,1846.0,1202.0,1207.0,720.0,1402.0,1382.0,1410.0,1546.0,1790.0,1890.0,1195.0,1221.0,722.0,1418.7142857142858,1646.85,1792.3666666666666,33.4550159951968,202.69507173401053,189.72120193397308,1495.0
2024-10-31,1388.0,1853.0,1204.0,1182.0,719.0,1395.0,1402.0,1382.0,1480.0,1809.0,1976.0,1202.0,1207.0,720.0,1405.571428571429,1619.2,1787.2,21.188496429741843,198.1239909487637,196.43688769539256,1558.0
2024-11-01,1378.0,1848.0,1199.0,1163.0,718.0,1388.0,1395.0,1402.0,1445.0,1814.0,1977.0,1204.0,1182.0,719.0,1396.0,1591.7,1782.1166666666666,14.479871086010592,191.050310265708,203.01524461975103,1634.0
2024-11-04,1374.0,1849.0,1195.0,1154.0,715.0,1378.0,1388.0,1395.0,1417.0,1766.0,1999.0,1199.0,1163.0,718.0,1389.857142857143,1565.05,1777.1833333333334,13.145703625533072,181.6994264683813,209.2855070145148,1630.0
2024-11-05,1405.0,1967.0,1191.0,1136.0,710.0,1374.0,1378.0,1388.0,1410.0,1676.0,2014.0,1195.0,1154.0,715.0,1389.142857142857,1542.3,1773.0166666666669,11.950293879664803,170.995260014304,214.1904341710675,1692.0
2024-11-06,1427.0,2060.0,1185.0,1118.0,707.0,1405.0,1374.0,1378.0,1382.0,1594.0,2016.0,1191.0,1136.0,710.0,1395.571428571429,1523.7,1768.9666666666667,18.02643561420829,161.57582544555294,218.42680709219772,1785.0
2024-11-07,1451.0,2162.0,1178.0,1098.0,705.0,1427.0,1405.0,1374.0,1402.0,1576.0,2091.0,1185.0,1118.0,707.0,1402.571428571429,1506.75,1764.35,27.802021166691837,149.49947192299263,222.20206295094584,1756.0
2024-11-08,1495.0,2316.0,1176.0,1079.0,703.0,1451.0,1427.0,1405.0,1395.0,1546.0,2110.0,1178.0,1098.0,705.0,1416.857142857143,1491.05,1761.0666666666666,44.14909803318327,131.49043391257246,224.73033683457257,1627.0
2024-11-11,1558.0,2517.0,1182.0,1064.0,701.0,1495.0,1451.0,1427.0,1388.0,1480.0,2084.0,1176.0,1079.0,703.0,1441.142857142857,1478.25,1758.85,66.65190312719434,108.92144682723168,226.0850166325887,1616.0
2024-11-12,1634.0,2753.0,1194.0,1051.0,697.0,1558.0,1495.0,1451.0,1378.0,1445.0,2030.0,1182.0,1064.0,701.0,1477.7142857142858,1471.65,1757.6166666666666,91.74187391029274,93.47123114959798,226.5684385447981,1576.0
2024-11-13,1630.0,2746.0,1208.0,1036.0,693.0,1634.0,1558.0,1495.0,1374.0,1417.0,1978.0,1194.0,1051.0,697.0,1514.2857142857142,1469.35,1755.8666666666666,94.49111825230963,88.61820829883227,227.15084711404447,1537.0
2024-11-14,1692.0,2936.0,1213.0,1029.0,687.0,1630.0,1634.0,1558.0,1405.0,1410.0,1941.0,1208.0,1036.0,693.0,1555.2857142857142,1474.25,1754.75,101.19570854819813,98.07777526019864,227.2998188013222,1529.0
2024-11-15,1785.0,3229.0,1212.0,1019.0,685.0,1692.0,1630.0,1634.0,1427.0,1382.0,1928.0,1213.0,1029.0,687.0,1606.428571428571,1484.7,1755.0333333333333,115.06933727519548,118.49810125056932,227.3272088576308,1581.0
2024-11-18,1756.0,3162.0,1202.0,1009.0,681.0,1785.0,1692.0,1630.0,1451.0,1402.0,1907.0,1212.0,1019.0,685.0,1650.0,1495.2,1754.9333333333334,103.57766812075626,132.6719737984224,227.32541199313457,1509.0
2024-11-19,1627.0,2808.0,1171.0,999.0,678.0,1756.0,1785.0,1692.0,1495.0,1395.0,1860.0,1202.0,1009.0,681.0,1668.857142857143,1502.55,1753.3666666666666,79.98422463508874,135.82011129272934,227.8864545298544,1419.0
2024-11-20,1616.0,2810.0,1138.0,992.0,675.0,1627.0,1756.0,1785.0,1558.0,1388.0,1799.0,1171.0,999.0,678.0,1677.142857142857,1511.1,1751.05,68.80995221484787,137.37995716832023,228.5750572124097,1354.0
2024-11-21,1576.0,2724.0,1106.0,987.0,671.0,1616.0,1627.0,1756.0,1634.0,1378.0,1790.0,1138.0,992.0,675.0,1668.857142857143,1519.05,1746.8666666666666,77.77837868248692,136.24377339704134,229.45665124867327,1298.0
2024-11-22,1537.0,2626.0,1083.0,984.0,670.0,1576.0,1616.0,1627.0,1630.0,1374.0,1809.0,1106.0,987.0,671.0,1655.571428571429,1525.4,1742.25,92.13912875439634,133.83194489237226,230.86533054456905,1237.0
2024-11-25,1529.0,2613.0,1068.0,984.0,668.0,1537.0,1576.0,1616.0,1692.0,1405.0,1814.0,1083.0,984.0,670.0,1632.2857142857142,1532.75,1735.75,101.51800215678496,129.50873776655226,231.2944139666996,1180.0
2024-11-26,1581.0,2779.0,1056.0,985.0,664.0,1529.0,1537.0,1576.0,1785.0,1427.0,1766.0,1068.0,984.0,668.0,1603.142857142857,1541.7,1729.65,76.592925198588,126.13864552439044,230.45340901971767,1160.0
2024-11-27,1509.0,2569.0,1044.0,988.0,662.0,1581.0,1529.0,1537.0,1756.0,1451.0,1676.0,1056.0,985.0,664.0,1567.857142857143,1547.4,1723.1,44.68567470465135,121.65672153534268,231.0559914532331,1167.0
2024-11-28,1419.0,2312.0,1028.0,989.0,661.0,1509.0,1581.0,1529.0,1627.0,1495.0,1594.0,1044.0,988.0,662.0,1538.142857142857,1548.95,1714.7666666666669,63.84989838527531,119.70071230492692,232.8802243000734,1168.0
2024-11-29,1354.0,2133.0,1018.0,980.0,659.0,1419.0,1509.0,1581.0,1616.0,1558.0,1576.0,1028.0,989.0,661.0,1500.7142857142858,1547.75,1704.9833333333331,84.16395563762411,121.60976198692846,235.52994639687265,1156.0
2024-12-02,1298.0,1973.0,1009.0,979.0,657.0,1354.0,1419.0,1509.0,1576.0,1634.0,1546.0,1018.0,980.0,659.0,1461.0,1543.95,1693.9833333333331,105.58251117806992,128.32666991127502,238.90090787878373,1106.0
2024-12-03,1237.0,1792.0,1005.0,979.0,653.0,1298.0,1354.0,1419.0,1537.0,1630.0,1480.0,1009.0,979.0,657.0,1418.142857142857,1535.55,1682.25,128.08126140778825,142.60489214311264,243.8011571696999,1055.0
2024-12-04,1180.0,1609.0,1014.0,982.0,651.0,1237.0,1298.0,1354.0,1529.0,1692.0,1445.0,1005.0,979.0,653.0,1368.2857142857142,1523.2,1669.2,144.5979648147655,161.89164667501723,249.4100700670369,1051.0
2024-12-05,1160.0,1530.0,1040.0,979.0,650.0,1180.0,1237.0,1298.0,1581.0,1785.0,1417.0,1014.0,982.0,651.0,1308.142857142857,1508.65,1656.4166666666667,127.97581616778356,180.70571452820303,255.5531250396112,1071.0
2024-12-06,1167.0,1535.0,1067.0,974.0,644.0,1160.0,1180.0,1237.0,1509.0,1756.0,1410.0,1040.0,979.0,650.0,1259.2857142857142,1492.25,1644.3666666666666,100.94175595480274,196.22701005130384,261.33269701870586,1053.0
2024-12-09,1168.0,1532.0,1079.0,971.0,640.0,1167.0,1160.0,1180.0,1419.0,1627.0,1382.0,1067.0,974.0,644.0,1223.428571428571,1472.75,1632.2333333333331,76.33229360906132,208.3526552443199,266.3044241609236,1028.0
2024-12-10,1156.0,1503.0,1077.0,967.0,632.0,1168.0,1167.0,1160.0,1354.0,1616.0,1402.0,1079.0,971.0,640.0,1195.142857142857,1448.85,1619.8166666666666,53.00449217261784,216.15181677405928,270.88921318355733,976.0
2024-12-11,1106.0,1377.0,1053.0,962.0,628.0,1156.0,1168.0,1167.0,1298.0,1576.0,1395.0,1077.0,967.0,632.0,1167.7142857142858,1422.65,1606.75,38.638125755601685,224.6298182858793,276.4864679313447,990.0
2024-12-12,1055.0,1252.0,1021.0,961.0,626.0,1106.0,1156.0,1168.0,1237.0,1537.0,1388.0,1053.0,962.0,628.0,1141.7142857142858,1390.8,1591.4,44.96188862328154,229.5351366291384,281.1654437864996,994.0
2024-12-13,1051.0,1263.0,995.0,959.0,618.0,1055.0,1106.0,1156.0,1180.0,1529.0,1378.0,1021.0,961.0,626.0,1123.2857142857142,1354.1,1575.9666666666667,52.46495428924329,221.7364248499813,285.02869119135784,997.0
2024-12-16,1071.0,1340.0,977.0,955.0,608.0,1051.0,1055.0,1106.0,1160.0,1581.0,1374.0,995.0,959.0,618.0,1110.571428571429,1319.85,1560.5,52.86730918964341,208.9238781041866,286.856752770731,1029.0
2024-12-17,1053.0,1308.0,959.0,949.0,600.0,1071.0,1051.0,1055.0,1167.0,1509.0,1405.0,977.0,955.0,608.0,1094.2857142857142,1291.15,1544.4833333333331,50.07232863807207,203.8741291245732,287.9331073249209,1072.0
2024-12-18,1028.0,1237.0,957.0,947.0,593.0,1053.0,1071.0,1051.0,1168.0,1419.0,1427.0,959.0,949.0,600.0,1074.2857142857142,1261.75,1528.0166666666669,43.21155048409071,196.83839885333555,288.7606769126864,1043.0
2024-12-19,976.0,1079.0,964.0,944.0,586.0,1028.0,1053.0,1071.0,1156.0,1354.0,1451.0,957.0,947.0,593.0,1048.571428571429,1231.75,1509.4333333333334,39.9118075380387,192.08848701078296,287.792084004788,1015.0
2024-12-20,990.0,1115.0,976.0,940.0,579.0,976.0,1028.0,1053.0,1106.0,1298.0,1495.0,964.0,944.0,586.0,1032.0,1204.4,1490.7666666666669,35.98147671605143,185.15524069785548,284.4815901622512,966.0
2024-12-23,994.0,1132.0,980.0,932.0,573.0,990.0,976.0,1028.0,1055.0,1237.0,1558.0,976.0,940.0,579.0,1023.2857142857144,1177.65,1472.6,36.85880394929448,174.1080351239497,280.7347019542764,969.0
2024-12-24,997.0,1147.0,988.0,923.0,569.0,994.0,990.0,976.0,1051.0,1180.0,1634.0,980.0,932.0,573.0,1015.5714285714286,1148.45,1455.3833333333334,35.725141207374165,150.23647149878843,277.62986527100475,1048.0
2025-01-02,1029.0,1261.0,1000.0,899.0,554.0,997.0,994.0,990.0,1071.0,1160.0,1630.0,988.0,923.0,569.0,1009.5714285714286,1124.45,1439.5666666666666,27.42782737088072,125.99100845104454,274.36480519134494,1093.0
2025-01-03,1072.0,1375.0,1040.0,884.0,549.0,1029.0,997.0,994.0,1053.0,1167.0,1692.0,1000.0,899.0,554.0,1012.2857142857144,1107.1,1425.0833333333333,32.846685706565225,105.5242052551046,270.3535219599691,1080.0
2025-01-06,1043.0,1290.0,1061.0,867.0,539.0,1072.0,1029.0,997.0,1028.0,1168.0,1785.0,1040.0,884.0,549.0,1014.4285714285714,1091.55,1410.3333333333333,34.49085455044798,88.81825025821968,266.5657082900195,1063.0
2025-01-07,1015.0,1218.0,1061.0,856.0,532.0,1043.0,1072.0,1029.0,976.0,1156.0,1756.0,1061.0,867.0,539.0,1020.0,1077.4,1395.4666666666667,30.121974260237906,75.78320880529054,263.24986304931303,1023.0
2025-01-08,966.0,1100.0,1037.0,846.0,524.0,1015.0,1043.0,1072.0,990.0,1106.0,1627.0,1061.0,856.0,532.0,1016.5714285714286,1063.85,1380.5666666666666,35.06592430865263,69.73051510512497,261.80788445267274,987.0
2025-01-09,969.0,1164.0,992.0,830.0,515.0,966.0,1015.0,1043.0,994.0,1055.0,1616.0,1037.0,846.0,524.0,1013.0,1053.3,1366.7333333333331,38.8200978875777,67.1464228775216,261.25115305344355,957.0
2025-01-10,1048.0,1448.0,953.0,819.0,508.0,969.0,966.0,1015.0,997.0,1051.0,1576.0,992.0,830.0,515.0,1020.2857142857144,1047.7,1354.3666666666666,40.08205868680562,62.27282925274561,258.42213308859425,928.0
2025-01-13,1093.0,1615.0,926.0,809.0,502.0,1048.0,969.0,966.0,1029.0,1071.0,1537.0,953.0,819.0,508.0,1029.428571428571,1044.0,1342.4333333333334,48.76083518173301,56.76637255114368,253.55822830514845,893.0
2025-01-14,1080.0,1604.0,906.0,798.0,494.0,1093.0,1048.0,969.0,1072.0,1053.0,1529.0,926.0,809.0,502.0,1030.571428571429,1039.6,1330.2,50.00285706123997,49.60836092502762,248.06818362864803,824.0
2025-01-15,1063.0,1581.0,894.0,783.0,477.0,1080.0,1093.0,1048.0,1043.0,1028.0,1581.0,906.0,798.0,494.0,1033.428571428571,1034.95,1318.4833333333331,51.38371059282105,41.88012340986636,243.69920968739964,778.0
2025-01-16,1023.0,1482.0,896.0,765.0,464.0,1063.0,1080.0,1093.0,1015.0,976.0,1509.0,894.0,783.0,477.0,1034.571428571429,1030.8,1307.6,50.99299671804736,38.44011062999987,242.03776144664943,761.0
2025-01-17,987.0,1393.0,897.0,747.0,453.0,1023.0,1063.0,1080.0,966.0,990.0,1419.0,896.0,765.0,464.0,1037.571428571429,1027.4,1297.4833333333331,46.72564300560007,39.18700106687167,242.5490683655071,746.0
2025-01-20,957.0,1327.0,893.0,727.0,446.0,987.0,1023.0,1063.0,969.0,994.0,1354.0,897.0,747.0,453.0,1035.857142857143,1022.7,1287.1666666666667,49.78094873688054,41.76009175206935,243.6635751463711,726.0
2025-01-21,928.0,1284.0,874.0,703.0,436.0,957.0,987.0,1023.0,1048.0,997.0,1298.0,893.0,727.0,446.0,1018.7142857142856,1015.55,1276.8666666666666,63.636243042566,45.15875505234826,245.5911213176498,715.0
2025-01-22,893.0,1236.0,843.0,674.0,428.0,928.0,957.0,987.0,1093.0,1029.0,1237.0,874.0,703.0,436.0,990.1428571428572,1007.55,1267.0833333333333,69.36480512823012,51.851483255280286,249.02973014718424,735.0
2025-01-23,824.0,1081.0,804.0,654.0,418.0,893.0,928.0,957.0,1080.0,1072.0,1180.0,843.0,674.0,428.0,953.5714285714286,997.35,1256.7333333333331,80.65948413518149,65.80455511335974,254.35773997857845,738.0
2025-01-24,778.0,983.0,774.0,639.0,411.0,824.0,893.0,928.0,1063.0,1043.0,1160.0,804.0,654.0,418.0,912.8571428571428,987.45,1246.0833333333333,87.82829569000423,82.06959498520435,260.82881532522333,753.0
2025-01-27,761.0,958.0,759.0,629.0,398.0,778.0,824.0,893.0,1023.0,1015.0,1167.0,774.0,639.0,411.0,875.4285714285714,976.0,1235.2666666666669,88.88730157313665,96.4157663454618,267.29294959643005,771.0
2025-01-28,746.0,931.0,748.0,619.0,389.0,761.0,778.0,824.0,987.0,966.0,1168.0,759.0,629.0,398.0,841.0,963.6,1224.6666666666667,85.06076259553966,109.0931036461077,273.9044536284856,793.0
2025-01-29,726.0,876.0,751.0,612.0,384.0,746.0,761.0,778.0,957.0,969.0,1156.0,748.0,619.0,389.0,808.0,950.05,1213.4,76.98268203521376,120.91557515792488,280.31460533854994,815.0
2025-01-30,715.0,841.0,767.0,605.0,381.0,726.0,746.0,761.0,928.0,1048.0,1106.0,751.0,612.0,384.0,777.5714285714286,934.35,1202.0666666666666,62.35077423433162,130.15710142982468,286.525584781654,809.0
2025-01-31,735.0,874.0,800.0,603.0,377.0,715.0,726.0,746.0,893.0,1093.0,1055.0,767.0,605.0,381.0,755.0,917.5,1191.1833333333334,37.07649749731296,133.1779577146101,291.69844491935044,801.0
2025-02-03,738.0,861.0,830.0,602.0,372.0,735.0,715.0,726.0,824.0,1080.0,1051.0,800.0,603.0,377.0,742.7142857142857,902.25,1180.5166666666669,21.2893892641312,135.49320239302955,296.4147055792303,776.0
2025-02-04,753.0,844.0,901.0,605.0,371.0,738.0,735.0,715.0,778.0,1063.0,1071.0,830.0,602.0,372.0,739.1428571428571,889.15,1170.1666666666667,15.76312756015779,136.67875320959294,300.359850093232,780.0
2025-02-05,771.0,812.0,988.0,619.0,376.0,753.0,738.0,735.0,761.0,1023.0,1053.0,901.0,605.0,371.0,740.5714285714286,879.4,1159.6,18.319908504702216,137.85820327607502,303.0979704006995,792.0
2025-02-06,793.0,812.0,1029.0,649.0,388.0,771.0,753.0,738.0,746.0,987.0,1028.0,988.0,619.0,376.0,747.2857142857143,870.6,1149.0333333333333,27.13370773115419,137.45445178593036,304.6650823927565,806.0
2025-02-07,815.0,840.0,1035.0,677.0,398.0,793.0,771.0,753.0,726.0,957.0,976.0,1029.0,649.0,388.0,760.0,858.95,1138.4333333333334,35.16153201063506,131.366692486025,305.0446128342801,841.0
2025-02-10,809.0,810.0,1028.0,694.0,408.0,815.0,793.0,771.0,715.0,928.0,990.0,1035.0,677.0,398.0,773.4285714285714,844.75,1127.0,32.99422748937466,119.55394069968132,304.30871924770173,904.0
2025-02-11,801.0,779.0,1011.0,710.0,419.0,809.0,815.0,793.0,735.0,893.0,994.0,1028.0,694.0,408.0,782.8571428571429,830.8,1114.3833333333334,29.41897670684237,106.18980028322466,301.8190102888795,941.0
2025-02-12,776.0,711.0,983.0,724.0,438.0,801.0,809.0,815.0,738.0,824.0,997.0,1011.0,710.0,419.0,788.2857142857143,816.45,1100.0833333333333,22.440397246327056,91.54146313919512,297.07102909521694,981.0
2025-02-13,780.0,711.0,974.0,741.0,455.0,776.0,801.0,809.0,753.0,778.0,1029.0,983.0,724.0,438.0,792.1428571428571,804.3,1085.9166666666667,17.033580279682393,77.77504673555056,291.58888470520225,1002.0
2025-02-14,792.0,716.0,980.0,765.0,472.0,780.0,776.0,801.0,771.0,761.0,1072.0,974.0,741.0,455.0,795.1428571428571,794.55,1070.9166666666667,14.322808982332328,64.80779274115183,282.9017492302272,1039.0
2025-02-17,806.0,725.0,997.0,781.0,486.0,792.0,780.0,776.0,793.0,746.0,1043.0,980.0,765.0,472.0,797.0,787.0,1054.6,14.832396974242531,52.51666402181294,268.9043179337186,1112.0
2025-02-18,841.0,757.0,1042.0,813.0,499.0,806.0,792.0,780.0,815.0,726.0,1015.0,997.0,781.0,486.0,800.7142857142857,782.65,1039.35,21.738708070465943,42.955638070981806,253.9842398020111,1159.0
2025-02-19,904.0,867.0,1104.0,839.0,511.0,841.0,806.0,792.0,809.0,715.0,966.0,1042.0,813.0,499.0,814.2857142857143,783.2,1027.3,44.99153359510637,44.48607114924532,242.52368746796665,1229.0
2025-02-20,941.0,917.0,1144.0,866.0,523.0,904.0,841.0,806.0,801.0,735.0,969.0,1104.0,839.0,511.0,834.2857142857143,789.05,1016.05,64.8400963543358,56.26672850648168,230.08962329008244,1276.0
2025-02-21,981.0,991.0,1170.0,886.0,534.0,941.0,904.0,841.0,776.0,738.0,1048.0,1144.0,866.0,523.0,863.5714285714286,799.2,1006.1333333333332,78.89836741627664,70.64186920085488,218.05445336607528,1262.0
2025-02-24,1002.0,1039.0,1177.0,895.0,540.0,981.0,941.0,904.0,780.0,753.0,1093.0,1170.0,886.0,534.0,895.2857142857143,811.25,997.2166666666668,84.15009266328494,83.21808697621174,206.61698714902604,1228.0
2025-02-25,1039.0,1159.0,1156.0,904.0,543.0,1002.0,981.0,941.0,792.0,771.0,1080.0,1177.0,895.0,540.0,930.5714285714286,825.9,989.05,85.3987844231618,95.94400779391856,194.5744966478716,1286.0
2025-02-26,1112.0,1397.0,1128.0,907.0,547.0,1039.0,1002.0,981.0,806.0,793.0,1063.0,1156.0,904.0,543.0,974.2857142857144,845.2,981.2333333333332,89.23697717448353,112.2317151910176,179.20449134305804,1400.0
2025-02-27,1159.0,1573.0,1092.0,903.0,546.0,1112.0,1039.0,1002.0,841.0,815.0,1023.0,1128.0,907.0,547.0,1019.7142857142856,867.4,975.4,91.0013082061967,127.93600373863782,167.01580154617662,1424.0
2025-02-28,1229.0,1818.0,1063.0,895.0,547.0,1159.0,1112.0,1039.0,904.0,809.0,987.0,1092.0,903.0,546.0,1066.142857142857,892.1,972.2333333333332,104.09039112142167,147.25698982599474,160.12139109755407,1436.0
2025-03-03,1276.0,1980.0,1045.0,887.0,547.0,1229.0,1159.0,1112.0,941.0,801.0,957.0,1063.0,895.0,547.0,1114.0,919.0,970.9333333333332,113.54587912675474,165.61972931032108,157.2604302991167,1559.0
2025-03-04,1262.0,1969.0,1024.0,876.0,548.0,1276.0,1229.0,1159.0,981.0,776.0,928.0,1045.0,887.0,547.0,1154.142857142857,944.45,970.3333333333334,108.23651351158594,177.45376714419592,156.05547326022736,1650.0
2025-03-05,1228.0,1894.0,1000.0,868.0,549.0,1262.0,1276.0,1229.0,1002.0,780.0,893.0,1024.0,876.0,548.0,1186.428571428571,967.3,970.1833333333332,86.89238007032917,183.2714696261532,155.7989242654459,1669.0
2025-03-06,1286.0,2082.0,992.0,864.0,553.0,1228.0,1262.0,1276.0,1039.0,792.0,824.0,1000.0,868.0,549.0,1221.7142857142858,991.95,971.95,64.246178318809,191.5610319124206,158.79070811310424,1658.0
2025-03-07,1400.0,,,,,1286.0,1228.0,1262.0,1112.0,806.0,778.0,992.0,864.0,553.0,1262.857142857143,1021.2,975.95,73.78443506013704,207.1484593486269,166.44634957891307,1650.0
2025-03-10,1424.0,,,,,1400.0,1286.0,1228.0,1159.0,841.0,761.0,,,,1300.7142857142858,1051.95,980.2333333333332,79.38663675480134,219.28195620199432,174.55545150389193,1637.0
2025-03-11,1436.0,,,,,1424.0,1400.0,1286.0,1229.0,904.0,746.0,,,,1330.2857142857142,1083.7,984.7,86.4594592583064,226.87397382684588,182.68137492851503,1635.0
2025-03-12,1559.0,,,,,1436.0,1424.0,1400.0,1276.0,941.0,726.0,,,,1370.7142857142858,1122.85,991.4166666666666,117.4545504804818,238.2546790836396,196.00875902833792,1643.0
2025-03-13,1650.0,,,,,1559.0,1436.0,1424.0,1262.0,981.0,715.0,,,,1426.142857142857,1166.35,1000.4833333333332,145.74455801324714,251.42086230061648,213.22451695988903,1652.0
2025-03-14,1669.0,,,,,1650.0,1559.0,1436.0,1228.0,1002.0,735.0,,,,1489.142857142857,1210.2,1010.7166666666668,141.05841410733603,259.0569130722292,229.962273373592,1642.0
2025-03-17,1658.0,,,,,1669.0,1650.0,1559.0,1286.0,1039.0,738.0,,,,1542.2857142857142,1252.8,1020.8333333333334,120.32000981509776,259.1434473718683,244.6473883628795,1634.0
2025-03-18,1650.0,,,,,1658.0,1669.0,1650.0,1400.0,1112.0,753.0,,,,1578.0,1293.25,1030.4833333333331,107.46317198619144,254.5807440933924,257.72916356404346,1621.0
2025-03-19,1637.0,,,,,1650.0,1658.0,1669.0,1424.0,1159.0,771.0,,,,1608.428571428571,1329.9,1040.2166666666667,84.23549755073239,248.2782607012344,269.3591321830473,1602.0
2025-03-20,1635.0,2670.0,1357.0,1010.0,593.0,1637.0,1650.0,1658.0,1436.0,1229.0,793.0,,,,1636.857142857143,1364.6,1050.3333333333333,36.2648984162817,239.4028536082601,280.0781771412101,1598.0
2025-03-21,1643.0,2676.0,,1012.0,596.0,1635.0,1637.0,1650.0,1559.0,1276.0,815.0,1357.0,1010.0,593.0,1648.857142857143,1397.7,1061.45,11.964232409278209,229.1180114218081,290.13430116391413,1587.0
2025-03-24,1652.0,2690.0,,1013.0,599.0,1643.0,1635.0,1637.0,1650.0,1262.0,809.0,,1012.0,596.0,1649.142857142857,1430.2,1072.4833333333331,12.019824893755994,215.74487857552617,299.7975866111355,1583.0
2025-03-25,1642.0,2630.0,,1015.0,601.0,1652.0,1643.0,1635.0,1669.0,1228.0,801.0,,1013.0,599.0,1645.2857142857142,1460.35,1083.2833333333333,8.3609067633319,199.73832223289327,308.4688315802832,1540.0
2025-03-26,1634.0,2581.0,,,603.0,1642.0,1652.0,1643.0,1658.0,1286.0,776.0,,1015.0,601.0,1641.857142857143,1486.45,1093.9,7.104659772048169,185.4148903916237,316.31108373707514,1489.0
2025-03-27,1621.0,,,1007.0,607.0,1634.0,1642.0,1652.0,1650.0,1400.0,780.0,,,603.0,1637.7142857142858,1509.55,1103.7666666666669,9.586697132231375,170.66479148501134,323.4058879513319,1401.0
2025-03-28,1602.0,2472.0,1497.0,,614.0,1621.0,1634.0,1642.0,1637.0,1424.0,792.0,,1007.0,607.0,1632.7142857142858,1528.2,1112.6,16.590301240136363,158.32764163358922,329.70033646390795,1342.0
2025-03-31,1598.0,2465.0,1501.0,,614.0,1602.0,1621.0,1634.0,1635.0,1436.0,806.0,1497.0,,614.0,1627.428571428571,1544.3,1121.85,21.038513436538874,147.32138159030265,335.4499040625893,1259.0
2025-04-01,1587.0,,,,,1598.0,1602.0,1621.0,1643.0,1559.0,841.0,1501.0,,614.0,1619.428571428571,1560.55,1131.3833333333334,24.49392538881358,131.63285264222014,340.4524950891627,1269.0
2025-04-02,1583.0,,,,,1587.0,1598.0,1602.0,1652.0,1650.0,904.0,,,,1609.571428571429,1578.3,1141.6666666666667,23.042403975123232,105.83756173342285,344.6645958258927,1274.0
2025-04-03,1540.0,,,,,1583.0,1587.0,1598.0,1642.0,1669.0,941.0,,,,1595.0,1591.0,1151.1833333333334,30.243456592576678,81.31549991427134,347.6860307644056,1282.0
2025-04-04,1489.0,,,,,1540.0,1583.0,1587.0,1634.0,1658.0,981.0,,,,1574.2857142857142,1595.45,1158.5333333333333,45.091441485480445,72.24189992833314,350.1205829409012,1263.0
2025-04-07,1401.0,,,,,1489.0,1540.0,1583.0,1621.0,1650.0,1002.0,,,,1542.857142857143,1594.3,1163.6666666666667,74.3088791720744,75.23583972376127,351.39902793855947,1241.0
2025-04-08,1342.0,,,,,1401.0,1489.0,1540.0,1602.0,1637.0,1039.0,,,,1505.7142857142858,1589.6,1168.0333333333333,100.26583712929616,87.57036268649736,351.9691322495531,1261.0
2025-04-09,1259.0,,,,,1342.0,1401.0,1489.0,1598.0,1635.0,1112.0,,,,1457.2857142857142,1574.6,1171.3,126.65795709405148,114.60752248660712,351.8873230674833,1261.0
2025-04-10,1269.0,,,,,1259.0,1342.0,1401.0,1587.0,1643.0,1159.0,,,,1411.857142857143,1555.55,1175.4,129.37855125100936,131.7914920183113,351.5631052160602,1300.0
2025-04-11,1274.0,,,,,1269.0,1259.0,1342.0,1583.0,1652.0,1229.0,,,,1367.7142857142858,1535.8,1180.1833333333334,112.9213801511418,143.01439014821182,350.90814345245525,1353.0
2025-04-14,1282.0,,,,,1274.0,1269.0,1259.0,1540.0,1642.0,1276.0,,,,1330.857142857143,1517.0,1185.6,86.27751458989856,150.61662730603024,349.9116208028639,1373.0
2025-04-15,1263.0,,,,,1282.0,1274.0,1269.0,1489.0,1634.0,1262.0,,,,1298.571428571429,1497.65,1191.1833333333334,53.1690923465226,157.3398182948084,348.40102023955177,1403.0
2025-04-16,1241.0,,,,,1263.0,1282.0,1274.0,1401.0,1621.0,1228.0,,,,1275.7142857142858,1477.85,1196.9833333333331,31.956816099836693,163.67016736168176,346.2428603763369,1398.0
2025-04-17,1261.0,,,,,1241.0,1263.0,1282.0,1342.0,1602.0,1286.0,,,,1264.142857142857,1459.15,1204.2666666666669,12.992671927291074,166.11735705753202,342.84358575564863,1386.0
2025-04-22,1261.0,,,,,1261.0,1241.0,1263.0,1259.0,1598.0,1400.0,,,,1264.428571428571,1440.05,1212.3166666666666,12.882250616762372,165.826629503893,338.3055730171594,1411.0
2025-04-23,1300.0,,,,,1261.0,1261.0,1241.0,1269.0,1587.0,1424.0,,,,1268.857142857143,1422.45,1221.3,18.721009333817545,160.74938814646617,333.2365322720231,1421.0
2025-04-24,1353.0,,,,,1300.0,1261.0,1261.0,1274.0,1583.0,1436.0,,,,1280.142857142857,1408.0,1231.4166666666667,37.11436636232504,152.76607504351176,327.7308368347939,1406.0
2025-04-25,1373.0,,,,,1353.0,1300.0,1261.0,1282.0,1540.0,1559.0,,,,1293.142857142857,1394.95,1242.2,51.15476051952759,143.298538208248,321.4022665588363,1374.0
2025-04-28,1403.0,,,,,1373.0,1353.0,1300.0,1263.0,1489.0,1650.0,,,,1313.142857142857,1384.05,1253.6666666666667,63.32568876169888,133.129329679983,314.4727449949156,1316.0
2025-04-29,1398.0,,,,,1403.0,1373.0,1353.0,1241.0,1401.0,1669.0,,,,1335.571428571429,1373.85,1264.7166666666667,61.28582528573051,122.97979080872284,307.5100710307144,1299.0
2025-04-30,1386.0,,,,,1398.0,1403.0,1373.0,1261.0,1342.0,1658.0,,,,1353.428571428571,1363.25,1275.5166666666669,53.67450401217595,111.21665674183323,299.9848861541328,1304.0
2025-05-01,1411.0,,,,,1386.0,1398.0,1403.0,1261.0,1259.0,1650.0,,,,1374.857142857143,1354.45,1286.4833333333331,38.39022693095521,98.85687421184168,292.49311112657165,1280.0
2025-05-02,1421.0,,,,,1411.0,1386.0,1398.0,1300.0,1269.0,1637.0,,,,1392.142857142857,1346.35,1297.3166666666666,23.369699551846352,84.7791403092019,285.01891056302674,1267.0
2025-05-06,1406.0,,,,,1421.0,1411.0,1386.0,1353.0,1274.0,1635.0,,,,1399.7142857142858,1339.65,1307.5333333333333,15.997023532690957,73.16979172473381,277.5230921322945,1305.0
2025-05-07,1374.0,,,,,1406.0,1421.0,1411.0,1373.0,1282.0,1643.0,,,,1399.857142857143,1333.9,1316.85,15.720777879722212,64.86252668844513,269.9888776742475,1388.0
2025-05-08,1316.0,,,,,1374.0,1406.0,1421.0,1403.0,1263.0,1652.0,,,,1387.428571428571,1329.65,1325.3,35.17507234230557,62.99229276154788,261.6295284739368,1347.0
2025-05-09,1299.0,,,,,1316.0,1374.0,1406.0,1398.0,1241.0,1642.0,,,,1373.2857142857142,1327.5,1333.6,47.83901575672468,63.28174260682559,252.45299612846765,1340.0
2025-05-12,1304.0,,,,,1299.0,1316.0,1374.0,1386.0,1261.0,1634.0,,,,1361.571428571429,1329.75,1342.4,53.866678453565136,61.49272528637865,241.6584787235608,1337.0
2025-05-13,1280.0,,,,,1304.0,1299.0,1316.0,1411.0,1261.0,1621.0,,,,1342.857142857143,1330.3,1350.7333333333331,56.52264611472351,60.96772226254547,230.2895647132576,1341.0
2025-05-14,1267.0,,,,,1280.0,1304.0,1299.0,1421.0,1300.0,1602.0,,,,1320.857142857143,1329.95,1358.65,50.70972481168626,61.32697097044002,218.6255854427193,1340.0
2025-05-15,1305.0,,,,,1267.0,1280.0,1304.0,1406.0,1353.0,1598.0,,,,1306.428571428571,1331.1,1366.9666666666667,34.09231165947071,60.59173124053315,206.3951259661937,1296.0
2025-05-16,1388.0,,,,,1305.0,1267.0,1280.0,1374.0,1373.0,1587.0,,,,1308.428571428571,1337.35,1376.0833333333333,38.80230724608801,59.63686161382192,194.50731254317984,1303.0
2025-05-19,1347.0,,,,,1388.0,1305.0,1267.0,1316.0,1403.0,1583.0,,,,1312.857142857143,1342.65,1383.4666666666667,41.48665878500727,55.16604123236948,184.430637061762,1353.0
2025-05-20,1340.0,,,,,1347.0,1388.0,1305.0,1299.0,1398.0,1540.0,,,,1318.7142857142858,1346.6,1390.1166666666666,42.09399911989264,51.73352776222818,175.16695103376338,1418.0
2025-05-21,1337.0,,,,,1340.0,1347.0,1388.0,1304.0,1386.0,1489.0,,,,1323.428571428571,1350.4,1396.05,42.01926995581675,47.75309303830792,166.90892929369463,1422.0
2025-05-22,1341.0,,,,,1337.0,1340.0,1347.0,1280.0,1411.0,1401.0,,,,1332.142857142857,1352.45,1401.7,37.60509084078389,46.33456706662575,158.88897093488615,1430.0
2025-05-23,1340.0,,,,,1341.0,1337.0,1340.0,1267.0,1421.0,1342.0,,,,1342.571428571429,1351.8,1406.7166666666667,24.295796226640952,46.41755566240733,151.83857303033452,1489.0
2025-05-27,1296.0,,,,,1340.0,1341.0,1337.0,1305.0,1406.0,1259.0,,,,1341.2857142857142,1347.95,1409.7833333333333,26.731468881679064,47.74105041497574,147.58382756316237,1626.0
2025-05-28,1303.0,,,,,1296.0,1340.0,1341.0,1388.0,1374.0,1269.0,,,,1329.142857142857,1342.95,1412.1833333333334,20.570436484032363,46.90132418721941,144.57670436944116,1633.0
2025-05-29,1353.0,,,,,1303.0,1296.0,1340.0,1347.0,1316.0,1274.0,,,,1330.0,1340.7,1414.25,21.54065922855547,45.1688061898904,142.78900221145685,1691.0
2025-05-30,1418.0,,,,,1353.0,1303.0,1296.0,1340.0,1299.0,1282.0,,,,1341.142857142857,1342.3,1416.6166666666666,39.91419368023868,47.37098823440478,141.63082730443557,1680.0
2025-06-02,1422.0,,,,,1418.0,1353.0,1303.0,1337.0,1304.0,1263.0,,,,1353.2857142857142,1342.85,1419.2833333333333,50.07898523238571,48.26601179634771,140.16903737826328,1738.0
2025-06-03,1430.0,,,,,1422.0,1418.0,1353.0,1341.0,1280.0,1241.0,,,,1366.0,1343.3,1422.65,57.22761571130444,49.06826608746682,137.904391469023,1904.0
2025-06-04,1489.0,,,,,1430.0,1422.0,1418.0,1340.0,1267.0,1261.0,,,,1387.2857142857142,1347.45,1426.0333333333333,71.79998673564519,57.44514545921621,136.98211768319453,1968.0
2025-06-05,1626.0,,,,,1489.0,1430.0,1422.0,1296.0,1305.0,1261.0,,,,1434.428571428571,1360.05,1429.8,103.30030194028038,84.73144883124108,139.34103998366572,1975.0
2025-06-06,1633.0,,,,,1626.0,1489.0,1430.0,1303.0,1388.0,1300.0,,,,1481.571428571429,1375.9,1433.2833333333333,108.49402002393072,103.6049683831477,141.7845215987006,1952.0
2025-06-09,1691.0,,,,,1633.0,1626.0,1489.0,1353.0,1347.0,1353.0,,,,1529.857142857143,1395.5,1437.5333333333333,116.64394336531244,123.46680781314492,145.63682094793117,1874.0
2025-06-10,1680.0,,,,,1691.0,1633.0,1626.0,1418.0,1340.0,1373.0,,,,1567.2857142857142,1414.3,1439.55,116.80427258982778,136.71641798759143,148.16315159824973,1751.0
2025-06-11,1738.0,,,,,1680.0,1691.0,1633.0,1422.0,1337.0,1403.0,,,,1612.428571428571,1437.2,1441.0166666666669,112.27177909409416,150.68146954137268,150.69561774995327,1689.0
2025-06-12,1904.0,,,,,1738.0,1680.0,1691.0,1430.0,1341.0,1398.0,,,,1680.142857142857,1469.05,1444.9333333333334,126.00718044544222,177.71043123129047,159.51715987249054,1674.0
2025-06-13,1968.0,,,,,1904.0,1738.0,1680.0,1489.0,1340.0,1386.0,,,,1748.571428571429,1502.2,1450.1,134.6697901570842,205.20839215421225,171.13268714704907,1681.0
2025-06-16,1975.0,,,,,1968.0,1904.0,1738.0,1626.0,1296.0,1411.0,,,,1798.428571428571,1531.55,1455.5166666666669,145.86621398032202,228.65383512152275,182.343361306162,1665.0
2025-06-17,1952.0,,,,,1975.0,1968.0,1904.0,1633.0,1303.0,1421.0,,,,1844.0,1561.8,1460.7666666666669,134.9950616380739,242.5508302668728,191.9393766109116,1553.0
2025-06-18,1874.0,,,,,1952.0,1975.0,1968.0,1691.0,1353.0,1406.0,,,,1870.142857142857,1588.5,1464.75,116.93934121505148,246.21374966948457,198.00082391542315,1521.0
2025-06-19,1751.0,,,,,1874.0,1952.0,1975.0,1680.0,1418.0,1374.0,,,,1880.2857142857144,1609.2,1466.55,99.47313588052543,241.31080635385976,200.12821525805103,1489.0
2025-06-20,1689.0,,,,,1751.0,1874.0,1952.0,1738.0,1422.0,1316.0,,,,1873.2857142857144,1626.6,1467.1666666666667,112.07990347027194,233.3699119198232,200.7653294623457,1458.0
2025-06-23,1674.0,,,,,1689.0,1751.0,1874.0,1904.0,1430.0,1299.0,,,,1840.4285714285716,1643.3,1467.7,133.2827284920534,223.52418920082744,201.2794919963407,1443.0
2025-06-24,1681.0,,,,,1674.0,1689.0,1751.0,1968.0,1489.0,1304.0,,,,1799.428571428571,1662.55,1468.4833333333331,131.6318820839126,208.08537594988115,202.0277285605729,1434.0
2025-06-25,1665.0,,,,,1681.0,1674.0,1689.0,1975.0,1626.0,1280.0,,,,1755.142857142857,1680.65,1469.2166666666667,113.63601038906434,190.1341008756256,202.6695642169462,1436.0
2025-06-26,1553.0,,,,,1665.0,1681.0,1674.0,1952.0,1633.0,1267.0,,,,1698.142857142857,1690.65,1468.4,97.33520872296693,176.7854111032372,202.22367210423693,1436.0
2025-06-27,1521.0,,,,,1553.0,1665.0,1681.0,1874.0,1691.0,1305.0,,,,1647.7142857142858,1695.8,1467.1166666666666,81.13510190974945,169.78642931324237,201.6307324290792,1431.0
2025-06-30,1489.0,,,,,1521.0,1553.0,1665.0,1751.0,1680.0,1388.0,,,,1610.2857142857142,1699.15,1465.4833333333331,85.84232500291105,164.68415543890342,201.03920619963284,1423.0
2025-07-01,1458.0,,,,,1489.0,1521.0,1553.0,1689.0,1738.0,1347.0,,,,1577.2857142857142,1700.55,1463.4,94.50346428520696,162.37852949851035,200.44756700604796,1465.0
2025-07-02,1443.0,,,,,1458.0,1489.0,1521.0,1674.0,1904.0,1340.0,,,,1544.2857142857142,1698.25,1461.7833333333333,95.4301040652548,165.82199555704193,200.21032090996232,1663.0
2025-07-03,1434.0,,,,,1443.0,1458.0,1489.0,1681.0,1968.0,1337.0,,,,1509.0,1688.65,1460.8666666666666,81.03291512301591,175.50026990530614,200.20950608720776,1783.0
2025-07-04,1436.0,,,,,1434.0,1443.0,1458.0,1665.0,1975.0,1341.0,,,,1476.2857142857142,1678.8,1461.45,46.36706548731868,184.1054045920246,200.0830696130054,1866.0
2025-07-07,1436.0,,,,,1436.0,1434.0,1443.0,1553.0,1952.0,1340.0,,,,1459.571428571429,1666.05,1463.0166666666669,33.370931176992514,191.88167269383075,199.49907536990327,1906.0
2025-07-08,1431.0,,,,,1436.0,1436.0,1434.0,1521.0,1874.0,1296.0,,,,1446.7142857142858,1653.6,1465.8833333333334,20.68585898398412,198.87933395322145,197.74586427067987,2030.0
2025-07-09,1423.0,,,,,1431.0,1436.0,1436.0,1489.0,1751.0,1303.0,,,,1437.2857142857142,1637.85,1468.45,10.950103282858723,204.24424877554645,196.1399902179863,2052.0
2025-07-10,1465.0,,,,,1423.0,1431.0,1436.0,1458.0,1689.0,1353.0,,,,1438.2857142857142,1615.9,1471.6333333333334,13.237752650605271,197.61789286129851,194.4734713873493,2016.0
2025-07-11,1663.0,,,,,1465.0,1423.0,1431.0,1443.0,1674.0,1418.0,,,,1469.7142857142858,1600.65,1477.9833333333331,86.2278266874366,179.9994956133065,194.3968064593182,2035.0
2025-07-14,1783.0,,,,,1663.0,1465.0,1423.0,1434.0,1681.0,1422.0,,,,1519.571428571429,1591.05,1486.65,143.8075764611154,163.3315887840709,196.23263822586767,2120.0
2025-07-15,1866.0,,,,,1783.0,1663.0,1465.0,1436.0,1665.0,1430.0,,,,1581.0,1586.75,1497.0666666666666,187.3935253239392,154.20590302030507,199.5324931413637,2258.0
2025-07-16,1906.0,,,,,1866.0,1783.0,1663.0,1436.0,1553.0,1489.0,,,,1648.142857142857,1588.35,1507.8166666666666,209.6587930991925,157.47456770436355,203.92525148222688,2257.0
2025-07-17,2030.0,,,,,1906.0,1866.0,1783.0,1431.0,1521.0,1626.0,,,,1733.7142857142858,1602.3,1520.6333333333334,227.72330746303788,182.9400534543676,212.14984843758245,2226.0
2025-07-18,2052.0,,,,,2030.0,1906.0,1866.0,1423.0,1489.0,1633.0,,,,1823.571428571429,1620.45,1533.1666666666667,207.92214660208663,208.25072818471975,220.9261067252282,2109.0
2025-07-21,2016.0,,,,,2052.0,2030.0,1906.0,1465.0,1458.0,1691.0,,,,1902.2857142857144,1637.55,1544.2166666666667,144.03323029277652,226.15120116741863,228.2220960845844,1995.0
2025-07-22,2035.0,,,,,2016.0,2052.0,2030.0,1663.0,1443.0,1680.0,,,,1955.4285714285716,1655.25,1555.25,104.13109868951877,242.95935874131865,235.6844791852269,2003.0
2025-07-23,2120.0,,,,,2035.0,2016.0,2052.0,1783.0,1434.0,1738.0,,,,2003.571428571429,1678.0,1567.2,87.73797570580811,264.2867262731967,245.79437458222887,2018.0
2025-07-24,2258.0,,,,,2120.0,2035.0,2016.0,1866.0,1436.0,1904.0,,,,2059.5714285714284,1713.25,1581.5333333333333,108.04606601331211,292.2711205280644,260.40148055155885,1970.0
2025-07-25,2257.0,,,,,2258.0,2120.0,2035.0,1906.0,1436.0,1968.0,,,,2109.714285714286,1750.05,1596.05,106.33079561086112,312.4306196666023,273.2759470212046,1921.0
2025-07-28,2226.0,,,,,2257.0,2258.0,2120.0,2030.0,1431.0,1975.0,,,,2137.714285714286,1786.9,1609.6333333333334,107.6393891437457,323.2945373722409,283.96788829358485,1994.0
2025-07-29,2109.0,,,,,2226.0,2257.0,2258.0,2052.0,1423.0,1952.0,,,,2145.8571428571427,1819.45,1621.1,102.08726425862407,321.2025881458208,290.04743621386143,2008.0
2025-07-30,1995.0,,,,,2109.0,2226.0,2257.0,2016.0,1465.0,1874.0,,,,2142.8571428571427,1847.05,1630.9166666666667,106.741789022904,310.69692035130413,292.60010841816893,2051.0
2025-07-31,2003.0,,,,,1995.0,2109.0,2226.0,2035.0,1663.0,1751.0,,,,2138.285714285714,1875.5,1641.4,112.65243640761638,296.6160907016904,294.5010258679661,2038.0
2025-08-01,2018.0,,,,,2003.0,1995.0,2109.0,2120.0,1783.0,1689.0,,,,2123.714285714286,1904.6,1653.1,121.64937907187212,279.27074205583534,295.2978789089614,2017.0
2025-08-04,1970.0,,,,,2018.0,2003.0,1995.0,2258.0,1866.0,1674.0,,,,2082.5714285714284,1931.3,1664.2833333333333,117.28719330892994,256.7288350319035,294.3647047091871,2025.0
2025-08-05,1921.0,,,,,1970.0,2018.0,2003.0,2257.0,1906.0,1681.0,,,,2034.571428571429,1955.8,1674.5666666666666,101.72652414334377,228.27559520986375,292.3353870660702,2039.0
2025-08-06,1994.0,,,,,1921.0,1970.0,2018.0,2226.0,2030.0,1665.0,,,,2001.4285714285716,1984.35,1686.4666666666667,56.8649193054878,190.75563728994123,290.5283595169518,2044.0
2025-08-07,2008.0,,,,,1994.0,1921.0,1970.0,2109.0,2052.0,1553.0,,,,1987.0,2011.5,1698.8166666666666,32.70066258249104,146.44183325236344,288.1347667070148,2022.0
2025-08-08,2051.0,,,,,2008.0,1994.0,1921.0,1995.0,2016.0,1521.0,,,,1995.0,2030.9,1711.25,40.824829046393546,121.40402317099188,286.9460248660635,1964.0
2025-08-11,2038.0,,,,,2051.0,2008.0,1994.0,2003.0,2035.0,1489.0,,,,2000.0,2043.65,1722.0833333333333,43.98863489585223,106.47078917414883,286.8052130383675,1927.0
2025-08-12,2017.0,,,,,2038.0,2051.0,2008.0,2018.0,2120.0,1458.0,,,,1999.857142857143,2051.2,1733.25,43.92200880132244,98.24652129905742,284.99132457803023,1893.0
2025-08-13,2025.0,,,,,2017.0,2038.0,2051.0,1970.0,2258.0,1443.0,,,,2007.7142857142856,2057.15,1744.6666666666667,42.589960811268014,92.42081959566598,282.68192981922607,1944.0
2025-08-14,2039.0,,,,,2025.0,2017.0,2038.0,1921.0,2257.0,1434.0,,,,2024.571428571429,2057.6,1756.3666666666666,19.80620393427996,92.30350395355022,280.03819150351427,2041.0
2025-08-15,2044.0,,,,,2039.0,2025.0,2017.0,1994.0,2226.0,1436.0,,,,2031.7142857142856,2057.2,1768.0833333333333,15.488859283540856,92.34637313710128,277.0556018151751,2046.0
2025-08-18,2022.0,,,,,2044.0,2039.0,2025.0,2008.0,2109.0,1436.0,,,,2033.7142857142856,2057.5,1779.45,12.539461521080634,92.2151374718119,273.157769336964,2017.0
2025-08-19,1964.0,,,,,2022.0,2044.0,2039.0,2051.0,1995.0,1431.0,,,,2021.2857142857144,2053.95,1790.5833333333333,27.152128742304384,94.4660757821662,266.65513128297624,2025.0
2025-08-20,1927.0,,,,,1964.0,2022.0,2044.0,2038.0,2003.0,1423.0,,,,2005.4285714285716,2044.3,1800.9833333333331,43.34688432809181,97.1824653882839,259.3856817962337,2024.0
2025-08-21,1893.0,,,,,1927.0,1964.0,2022.0,2017.0,2018.0,1465.0,,,,1987.7142857142856,2026.05,1809.9833333333331,59.97697971087491,88.85439005235668,252.8647050094989,1986.0
2025-08-22,1944.0,,,,,1893.0,1927.0,1964.0,2025.0,1970.0,1663.0,,,,1976.142857142857,2010.4,1818.75,59.395366181295145,72.00248533720232,248.1180435988377,1940.0
2025-08-26,2041.0,,,,,1944.0,1893.0,1927.0,2039.0,1921.0,1783.0,,,,1976.4285714285716,2001.15,1829.0666666666664,59.75186787278144,51.9334341146861,244.1793496638329,1963.0
2025-08-27,2046.0,,,,,2041.0,1944.0,1893.0,2044.0,1994.0,1866.0,,,,1976.7142857142856,1998.0,1839.3333333333333,60.13239361530005,46.69385173093689,240.03076544804463,1979.0
2025-08-28,2017.0,,,,,2046.0,2041.0,1944.0,2022.0,2008.0,1906.0,,,,1976.0,1999.1,1848.1333333333332,59.53150426455406,46.878229713265405,236.6237424271244,2019.0
2025-08-29,2025.0,,,,,2017.0,2046.0,2041.0,1964.0,2051.0,2030.0,,,,1984.7142857142856,2000.2,1854.7833333333333,61.89968843679296,47.23134552388977,235.8806859888932,2079.0
2025-09-01,2024.0,,,,,2025.0,2017.0,2046.0,1927.0,2038.0,2052.0,,,,1998.571428571429,2000.5,1861.3,57.52928860693177,47.36921051970598,235.04924114470933,2112.0
2025-09-02,1986.0,,,,,2024.0,2025.0,2017.0,1893.0,2017.0,2016.0,,,,2011.857142857143,2001.3,1866.2166666666667,35.67178423455691,46.96034161084864,234.51132686795808,2111.0
2025-09-03,1940.0,,,,,1986.0,2024.0,2025.0,1944.0,2025.0,2035.0,,,,2011.2857142857144,2002.25,1870.55,36.94912847739019,45.41721792676885,233.41164807613777,2126.0
2025-09-04,1963.0,,,,,1940.0,1986.0,2024.0,2041.0,2039.0,2120.0,,,,2000.142857142857,2000.7,1874.3,38.23361771805173,46.23521100675515,233.0531546264661,2153.0
2025-09-05,1979.0,,,,,1963.0,1940.0,1986.0,2046.0,2044.0,2258.0,,,,1990.571428571429,1999.25,1875.55,32.84741056693786,46.44847173280127,233.41600492666257,2154.0
2025-09-08,2019.0,,,,,1979.0,1963.0,1940.0,2017.0,2022.0,2257.0,,,,1990.857142857143,1997.65,1876.4,33.12314684844206,45.10371089876235,233.8508288834638,2180.0
2025-09-09,2079.0,,,,,2019.0,1979.0,1963.0,2025.0,1964.0,2226.0,,,,1998.571428571429,1999.7,1878.1333333333332,46.13334709606829,47.8804432112143,234.9767725027534,2205.0
2025-09-10,2112.0,,,,,2079.0,2019.0,1979.0,2024.0,1927.0,2109.0,,,,2011.142857142857,2004.45,1880.8,63.09101513271746,54.00728508361052,236.73061282993996,2203.0
2025-09-11,2111.0,,,,,2112.0,2079.0,2019.0,1986.0,1893.0,1995.0,,,,2029.0,2008.75,1884.75,71.86793443532787,58.92892686151516,238.58521023392095,2172.0
2025-09-12,2126.0,,,,,2111.0,2112.0,2079.0,1940.0,1944.0,2003.0,,,,2055.5714285714284,2013.1,1891.0,67.74426702154425,64.25025086985522,239.930074559146,2200.0
2025-09-15,2153.0,,,,,2126.0,2111.0,2112.0,1963.0,2041.0,2018.0,,,,2082.714285714286,2018.55,1898.7333333333331,62.31830733076739,71.25083563681666,240.78514697888,2240.0
2025-09-16,2154.0,,,,,2153.0,2126.0,2111.0,1979.0,2046.0,1970.0,,,,2107.714285714286,2025.15,1906.7333333333331,46.99544050832963,77.43267024357361,241.16552207879752,2266.0
2025-09-17,2180.0,,,,,2154.0,2153.0,2126.0,2019.0,2017.0,1921.0,,,,2130.714285714286,2035.95,1915.05,33.92007412391555,83.29622156084454,241.85220483394735,2259.0
2025-09-18,2205.0,,,,,2180.0,2154.0,2153.0,2079.0,2025.0,1994.0,,,,2148.714285714286,2049.85,1924.05,35.306818443069936,87.25960963516795,242.43618241170915,2220.0
2025-09-19,2203.0,,,,,2205.0,2180.0,2154.0,2112.0,2024.0,2008.0,,,,2161.714285714286,2065.35,1934.8833333333332,36.27540160915136,85.4457507181449,240.0860080115629,2134.0
2025-09-22,2172.0,,,,,2203.0,2205.0,2180.0,2111.0,1986.0,2051.0,,,,2170.428571428572,2076.75,1945.7333333333331,28.57071427679332,83.59292024919036,235.73533469250867,1980.0
2025-09-23,2200.0,,,,,2172.0,2203.0,2205.0,2126.0,1940.0,2038.0,,,,2181.0,2084.7,1957.5833333333333,22.420228961076663,87.48419406112419,230.1922035277514,1909.0
2025-09-24,2240.0,,,,,2200.0,2172.0,2203.0,2153.0,1963.0,2017.0,,,,2193.428571428572,2094.4,1970.6166666666663,27.784031042179745,93.51464844441452,223.46660855983083,1901.0
2025-09-25,2266.0,,,,,2240.0,2200.0,2172.0,2154.0,1979.0,2025.0,,,,2209.428571428572,2106.85,1984.3333333333333,33.04470276690056,99.07746836107832,215.6537295606913,1932.0
2025-09-26,2259.0,,,,,2266.0,2240.0,2200.0,2180.0,2019.0,2039.0,,,,2220.714285714286,2118.55,1998.0833333333333,34.76451392687448,102.65500474890884,206.05728113156744,1947.0
2025-09-29,2220.0,,,,,2259.0,2266.0,2240.0,2205.0,2079.0,2044.0,,,,2222.8571428571427,2128.35,2011.15,34.09021644318614,102.5091908587953,194.3342241550753,1963.0
2025-09-30,2134.0,,,,,2220.0,2259.0,2266.0,2203.0,2112.0,2022.0,,,,2213.0,2135.75,2022.7833333333333,47.94788837895189,96.87967306215614,179.65863031403865,1923.0
2025-10-01,1980.0,,,,,2134.0,2220.0,2259.0,2172.0,2111.0,1964.0,,,,2185.5714285714284,2137.75,2031.9333333333332,100.94199182840693,92.95945635767508,162.13384998427384,1936.0
2025-10-02,1909.0,,,,,1980.0,2134.0,2220.0,2200.0,2126.0,1927.0,,,,2144.0,2135.05,2040.0333333333333,144.52335451407322,98.89679628677642,142.09879192538924,2144.0
2025-10-03,1901.0,,,,,1909.0,1980.0,2134.0,2240.0,2153.0,1893.0,,,,2095.5714285714284,2131.15,2047.3,162.6538831823152,106.61157979960272,121.90789799356152,2022.0
2025-10-06,1932.0,,,,,1901.0,1909.0,1980.0,2266.0,2154.0,1944.0,,,,2047.857142857143,2126.8,2051.7833333333333,153.0309648093377,113.01122440759526,112.08593731874194,1997.0
2025-10-07,1947.0,,,,,1932.0,1901.0,1909.0,2259.0,2180.0,2041.0,,,,2003.2857142857144,2120.2,2054.516666666667,123.959286711022,119.61147630205228,107.31854874131932,2046.0
2025-10-08,1963.0,,,,,1947.0,1932.0,1901.0,2220.0,2205.0,2046.0,,,,1966.571428571429,2112.75,2056.133333333333,78.97015711195161,124.68185830132676,105.13904702358514,2069.0
2025-10-09,1923.0,,,,,1963.0,1947.0,1932.0,2134.0,2203.0,2017.0,,,,1936.4285714285716,2103.35,2056.4166666666665,28.646449127591264,131.7095188982914,104.74978931515813,2071.0
2025-10-10,1936.0,,,,,1923.0,1963.0,1947.0,1980.0,2172.0,2025.0,,,,1930.142857142857,2093.85,2054.85,21.404271936776745,136.74573985473648,105.84876083110112,2094.0
2025-10-13,2144.0,,,,,1936.0,1923.0,1963.0,1909.0,2200.0,2024.0,,,,1963.7142857142856,2093.4,2056.383333333333,81.79998835720397,136.5555217716003,106.4713045874477,2057.0
2025-10-14,2022.0,,,,,2144.0,1936.0,1923.0,1901.0,2240.0,1986.0,,,,1981.0,2086.8,2056.483333333333,79.07802054511691,136.66231914350914,106.4355445386128,1991.0
2025-10-15,1997.0,,,,,2022.0,2144.0,1936.0,1932.0,2266.0,1940.0,,,,1990.2857142857144,2077.65,2055.85,76.12646120265075,136.2193567665505,106.6783260752876,1976.0
2025-10-16,2046.0,,,,,1997.0,2022.0,2144.0,1947.0,2259.0,1963.0,,,,2004.4285714285716,2069.7,2054.616666666667,75.94045286244328,132.9974673284699,106.35136706608093,1950.0
2025-10-17,2069.0,,,,,2046.0,1997.0,2022.0,1963.0,2220.0,1979.0,,,,2019.571428571429,2063.0,2051.4666666666667,76.86537396179308,129.2512852425073,102.9705349769268,1961.0
2025-10-20,2071.0,,,,,2069.0,2046.0,1997.0,1923.0,2134.0,2019.0,,,,2040.7142857142856,2057.95,2048.366666666667,65.37000914210336,126.71662334349335,99.4164271571293,1983.0
2025-10-21,2094.0,,,,,2071.0,2069.0,2046.0,1936.0,1980.0,2079.0,,,,2063.285714285714,2052.65,2046.1666666666667,48.21380952146385,122.6129017852864,96.84622909738796,1966.0
2025-10-23,2057.0,,,,,2094.0,2071.0,2069.0,2144.0,1909.0,2112.0,,,,2050.8571428571427,2043.5,2045.3,32.63652642582295,114.45270225131974,96.50648524790208,1945.0
2025-10-24,1991.0,,,,,2057.0,2094.0,2071.0,2022.0,1901.0,2111.0,,,,2046.4285714285716,2029.75,2045.2333333333331,38.737824508090746,102.17573870026534,96.54319603448636,1958.0
2025-10-27,1976.0,,,,,1991.0,2057.0,2094.0,1997.0,1932.0,2126.0,,,,2043.4285714285716,2015.6,2044.7833333333333,43.69918818032711,87.26451017933636,96.8059550742691,2003.0
2025-10-28,1950.0,,,,,1976.0,1991.0,2057.0,2046.0,1947.0,2153.0,,,,2029.7142857142856,2002.1,2043.65,56.07053381148937,73.82974724963258,97.52024127131472,2063.0
2025-10-29,1961.0,,,,,1950.0,1976.0,1991.0,2069.0,1963.0,2154.0,,,,2014.2857142857144,1993.45,2043.5,58.27439199086841,67.41893767994206,97.6422907819192,2104.0
2025-10-30,1983.0,,,,,1961.0,1950.0,1976.0,2071.0,1923.0,2180.0,,,,2001.7142857142856,1993.6,2044.5333333333333,53.27824535935906,67.39076931947625,96.64691401534176,2084.0
2025-10-31,1966.0,,,,,1983.0,1961.0,1950.0,2094.0,1936.0,2205.0,,,,1983.4285714285716,1996.45,2044.0666666666664,35.236615155540946,64.77936237314233,96.9621395038468,2072.0
2025-11-03,1945.0,,,,,1966.0,1983.0,1961.0,2057.0,2144.0,2203.0,,,,1967.4285714285716,1998.65,2043.0166666666669,16.93966885606217,62.05708322943154,97.69764698280622,2030.0
2025-11-04,1958.0,,,,,1945.0,1966.0,1983.0,1991.0,2022.0,2172.0,,,,1962.7142857142856,1999.95,2041.4666666666667,13.536546651150028,60.847933840261305,98.30469179732412,2077.0
2025-11-05,2003.0,,,,,1958.0,1945.0,1966.0,1976.0,1997.0,2200.0,,,,1966.571428571429,2002.75,2040.8833333333332,20.173060773046892,59.557910783030096,98.42937615561648,2125.0
2025-11-06,2063.0,,,,,2003.0,1958.0,1945.0,1950.0,2046.0,2240.0,,,,1982.7142857142856,2007.75,2041.65,40.086216607525,60.238888470886025,98.41934235271484,2153.0
2025-11-07,2104.0,,,,,2063.0,2003.0,1958.0,1961.0,2069.0,2266.0,,,,2003.142857142857,2016.8,2042.9666666666667,59.10281598319568,60.4323022719816,98.72079558134809,2216.0
2025-11-10,2084.0,,,,,2104.0,2063.0,2003.0,1983.0,2071.0,2259.0,,,,2017.571428571429,2024.2,2043.7166666666667,65.3627241957244,59.06339145802424,98.86098640392314,2260.0
2025-11-11,2072.0,,,,,2084.0,2104.0,2063.0,1966.0,2094.0,2220.0,,,,2032.7142857142856,2020.6,2044.1833333333332,63.68075137149927,53.2890825196581,98.92840959995772,2270.0
2025-11-12,2030.0,,,,,2072.0,2084.0,2104.0,1945.0,2057.0,2134.0,,,,2044.857142857143,2021.0,2044.3166666666664,51.01120325128059,53.33015341394919,98.90339262853742,2275.0
2025-11-13,2077.0,,,,,2030.0,2072.0,2084.0,1958.0,1991.0,1980.0,,,,2061.8571428571427,2025.0,2046.2,34.348355474609235,54.424259296728174,98.42278225992638,2295.0
2025-11-14,2125.0,,,,,2077.0,2030.0,2072.0,2003.0,1976.0,1909.0,,,,2079.285714285714,2028.95,2049.5,30.208797204986684,58.72547640458026,97.6749191476332,2309.0
2025-11-17,2153.0,,,,,2125.0,2077.0,2030.0,2063.0,1950.0,1901.0,,,,2092.1428571428573,2033.15,2053.833333333333,39.76358707590942,64.46400464394397,96.37289278248822,2401.0
2025-11-18,2216.0,,,,,2153.0,2125.0,2077.0,2104.0,1961.0,1932.0,,,,2108.1428571428573,2040.4,2058.366666666667,61.77223910309621,76.05635030061786,97.50948961490776,2480.0
2025-11-19,2260.0,,,,,2216.0,2153.0,2125.0,2084.0,1983.0,1947.0,,,,2133.285714285714,2048.7,2062.016666666667,82.61096433629119,89.99421034008019,100.8886769723487,2560.0
2025-11-20,2270.0,,,,,2260.0,2216.0,2153.0,2072.0,1966.0,1963.0,,,,2161.5714285714284,2059.35,2065.75,91.54390047559824,102.7302420496361,104.3703680591454,2583.0
2025-11-21,2275.0,,,,,2270.0,2260.0,2216.0,2030.0,1945.0,1923.0,,,,2196.5714285714284,2073.55,2070.05,78.80536602469535,111.99552387671169,107.59283338865096,2600.0
2025-11-24,2295.0,,,,,2275.0,2270.0,2260.0,2077.0,1958.0,1936.0,,,,2227.714285714286,2089.5,2074.55,65.65494214887326,119.81411040703767,111.2604860797382,2845.0
2025-11-25,2309.0,,,,,2295.0,2275.0,2270.0,2125.0,2003.0,2144.0,,,,2254.0,2107.45,2079.3,53.36040979353296,124.61075183820478,115.08380144885668,2814.0
2025-11-26,2401.0,,,,,2309.0,2295.0,2275.0,2153.0,2063.0,2022.0,,,,2289.428571428572,2129.45,2086.2166666666667,57.30868794769346,135.7383221690244,121.66417960458855,2727.0
2025-11-27,2480.0,,,,,2401.0,2309.0,2295.0,2216.0,2104.0,1997.0,,,,2327.1428571428573,2154.3,2095.2166666666667,82.33555038464972,152.03188723699083,130.32906093531534,2694.0
2025-11-28,2560.0,,,,,2480.0,2401.0,2309.0,2260.0,2084.0,2046.0,,,,2370.0,2184.0,2105.1666666666665,113.6749752584107,170.24038731653422,142.30287187762562,2557.0
2025-12-01,2583.0,,,,,2560.0,2480.0,2401.0,2270.0,2072.0,2069.0,,,,2414.714285714286,2215.9,2115.233333333333,128.3909579964195,182.43698263120527,154.10115175344532,2430.0
2025-12-02,2600.0,,,,,2583.0,2560.0,2480.0,2275.0,2030.0,2071.0,,,,2461.1428571428573,2248.0,2124.9166666666665,128.2100211520526,190.95246032786096,165.7645145794844,2294.0
2025-12-03,2845.0,,,,,2600.0,2583.0,2560.0,2295.0,2077.0,2094.0,,,,2539.714285714286,2290.1,2137.6833333333334,170.85833731068453,224.04531966358624,189.90751465984783,2205.0
2025-12-04,2814.0,,,,,2845.0,2600.0,2583.0,2309.0,2125.0,2057.0,,,,2611.8571428571427,2327.65,2149.383333333333,163.66981860993712,245.8526034671588,208.96671470139364,2193.0
2025-12-05,2727.0,,,,,2814.0,2845.0,2600.0,2401.0,2153.0,1991.0,,,,2658.428571428572,2358.8,2159.65,138.04692093977516,255.31004886731932,221.787868186162,2204.0
2025-12-08,2694.0,,,,,2727.0,2814.0,2845.0,2480.0,2216.0,1976.0,,,,2689.0,2389.3,2169.116666666667,113.45189876477804,257.18314179015385,232.20469430328723,2121.0
2025-12-09,2557.0,,,,,2694.0,2727.0,2814.0,2560.0,2260.0,1950.0,,,,2688.5714285714284,2413.55,2175.85,114.0246422823556,248.40575359893472,237.52593613954843,2071.0
2025-12-10,2430.0,,,,,2557.0,2694.0,2727.0,2583.0,2270.0,1961.0,,,,2666.714285714286,2433.55,2180.45,147.41066705603387,231.42157362018855,239.7576760404652,2023.0
2025-12-11,2294.0,,,,,2430.0,2557.0,2694.0,2600.0,2275.0,1983.0,,,,2623.0,2444.4,2182.35,204.7225765110762,218.5544373955046,240.2053376535871,1979.0
2025-12-12,2205.0,,,,,2294.0,2430.0,2557.0,2845.0,2295.0,1966.0,,,,2531.5714285714284,2448.4,2182.35,230.3597600441951,213.0642107317399,240.2053376535871,1889.0
2025-12-15,2193.0,,,,,2205.0,2294.0,2430.0,2814.0,2309.0,1945.0,,,,2442.8571428571427,2450.4,2182.1833333333334,222.92257891581167,210.31540224399893,240.19423578416797,1877.0
2025-12-16,2204.0,,,,,2193.0,2205.0,2294.0,2727.0,2401.0,1958.0,,,,2368.1428571428573,2449.8,2182.7166666666667,198.07694512607037,211.03519287450945,240.20676768759765,1882.0
2025-12-17,2121.0,,,,,2204.0,2193.0,2205.0,2694.0,2480.0,2003.0,,,,2286.285714285714,2442.85,2181.4,154.59594031508354,219.72477401465645,240.3269101220237,1851.0
2025-12-18,2071.0,,,,,2121.0,2204.0,2193.0,2557.0,2560.0,2063.0,,,,2216.8571428571427,2432.9,2178.583333333333,117.41582597961946,232.12018211988956,240.61864416725837,1830.0
2025-12-19,2023.0,,,,,2071.0,2121.0,2204.0,2430.0,2583.0,2104.0,,,,2158.714285714286,2420.3,2174.5333333333333,92.38094010800144,247.47420918254983,241.1667590065084,1776.0
2025-12-22,1979.0,,,,,2023.0,2071.0,2121.0,2294.0,2600.0,2084.0,,,,2113.714285714286,2404.5,2169.866666666667,92.2184260071603,265.33781844045296,242.21138454301808,1718.0
2025-12-23,1889.0,,,,,1979.0,2023.0,2071.0,2205.0,2845.0,2072.0,,,,2068.5714285714284,2383.5,2164.35,114.69068131697684,288.8706685662226,244.80575662055475,1688.0
2025-12-24,1877.0,,,,,1889.0,1979.0,2023.0,2193.0,2814.0,2030.0,,,,2023.4285714285716,2357.3,2160.0666666666666,119.63535868470883,310.1770462171587,247.5784324733776,1659.0
2026-01-02,1882.0,,,,,1877.0,1889.0,1979.0,2204.0,2727.0,2077.0,,,,1977.4285714285716,2327.4,2158.4333333333334,98.70808332799062,326.13855628358004,249.10506711679503,1608.0
2026-01-05,1851.0,,,,,1882.0,1877.0,1889.0,2121.0,2694.0,2125.0,,,,1938.857142857143,2291.95,2157.4666666666667,85.06552096556295,337.84775066822573,250.199545222138,1566.0
2026-01-06,1830.0,,,,,1851.0,1882.0,1877.0,2071.0,2557.0,2153.0,,,,1904.4285714285716,2254.3,2156.2833333333333,70.12811405529241,345.5748985767283,251.5970744128268,1532.0
2026-01-07,1776.0,,,,,1830.0,1851.0,1882.0,2023.0,2430.0,2216.0,,,,1869.142857142857,2213.1,2153.6833333333334,62.21850895949321,351.2632690881956,254.7405121512078,1567.0
2026-01-08,1718.0,,,,,1776.0,1830.0,1851.0,1979.0,2294.0,2260.0,,,,1831.857142857143,2156.75,2149.866666666667,63.60143753990547,334.5579762517751,259.5595661145399,1650.0
2026-01-09,1688.0,,,,,1718.0,1776.0,1830.0,1889.0,2205.0,2270.0,,,,1803.142857142857,2100.45,2145.2833333333333,77.38309154552088,312.12404332420635,265.2801583785808,1729.0
2026-01-12,1659.0,,,,,1688.0,1718.0,1776.0,1877.0,2193.0,2275.0,,,,1772.0,2047.05,2140.883333333333,86.08329299772929,289.8537698473743,271.15384910967447,1803.0
2026-01-13,1608.0,,,,,1659.0,1688.0,1718.0,1882.0,2204.0,2295.0,,,,1732.857142857143,1992.75,2135.4166666666665,89.93780920063072,262.7325786702783,278.5596909325108,1761.0
2026-01-14,1566.0,,,,,1608.0,1659.0,1688.0,1851.0,2121.0,2309.0,,,,1692.142857142857,1943.2,2125.7833333333333,92.02613500418786,243.45897741551252,288.08921003369744,1762.0
2026-01-15,1532.0,,,,,1566.0,1608.0,1659.0,1830.0,2071.0,2401.0,,,,1649.571428571429,1898.3,2117.616666666667,86.37873415537615,231.4671967210272,297.86056865850645,1780.0
2026-01-16,1567.0,,,,,1532.0,1566.0,1608.0,1776.0,2023.0,2480.0,,,,1619.7142857142858,1861.95,2110.45,69.95406656207216,222.98441649585183,305.87697898203044,1999.0
2026-01-19,1650.0,,,,,1567.0,1532.0,1566.0,1718.0,1979.0,2560.0,,,,1610.0,1834.2,2103.85,57.674373280797006,212.3251230889365,311.5116138977928,2016.0
2026-01-20,1729.0,,,,,1650.0,1567.0,1532.0,1688.0,1889.0,2583.0,,,,1615.857142857143,1811.0,2098.1833333333334,68.06229639437375,195.76059492735175,315.22660623244263,2002.0
2026-01-21,1803.0,,,,,1729.0,1650.0,1567.0,1659.0,1877.0,2600.0,,,,1636.428571428571,1790.95,2093.7166666666667,98.3138802388477,172.55006138568947,317.5087929740003,2148.0
2026-01-22,1761.0,,,,,1803.0,1729.0,1650.0,1608.0,1882.0,2845.0,,,,1658.2857142857142,1772.95,2088.1666666666665,107.51699754877946,154.09855868718614,320.4009758267317,2124.0
2026-01-23,1762.0,,,,,1761.0,1803.0,1729.0,1566.0,1851.0,2814.0,,,,1686.2857142857142,1757.5,2083.25,104.96938329137204,137.20767969911643,323.139085602555,2028.0
2026-01-26,1780.0,,,,,1762.0,1761.0,1803.0,1532.0,1830.0,2727.0,,,,1721.7142857142858,1745.35,2079.733333333333,83.96768085740526,122.42216646547062,325.30094888367665,1955.0
2026-01-27,1999.0,,,,,1780.0,1762.0,1761.0,1567.0,1776.0,2694.0,,,,1783.428571428571,1746.35,2080.116666666667,106.92186733444902,124.4953074575163,325.1901707849253,1936.0
2026-01-28,2016.0,,,,,1999.0,1780.0,1762.0,1650.0,1718.0,2557.0,,,,1835.7142857142856,1752.7,2081.2166666666667,119.54317809298608,134.9538322616275,324.8540267574847,1923.0
2026-01-29,2002.0,,,,,2016.0,1999.0,1780.0,1729.0,1688.0,2430.0,,,,1874.7142857142856,1758.95,2081.9,123.39599437814628,143.62908186676208,324.63991525420715,1895.0
2026-01-30,2148.0,,,,,2002.0,2016.0,1999.0,1803.0,1659.0,2294.0,,,,1924.0,1772.25,2084.65,154.86445686470552,166.1701331704624,324.4867564088453,1882.0
2026-02-02,2124.0,,,,,2148.0,2002.0,2016.0,1761.0,1608.0,2205.0,,,,1975.857142857143,1785.9,2087.2833333333333,151.93466641008314,183.30845445226703,324.148485104385,1958.0
2026-02-03,2028.0,,,,,2124.0,2148.0,2002.0,1762.0,1566.0,2193.0,,,,2013.857142857143,1795.8,2088.6666666666665,119.29016244914486,191.00085422789147,323.7077917864571,2095.0
2026-02-04,1955.0,,,,,2028.0,2124.0,2148.0,1780.0,1532.0,2204.0,,,,2038.857142857143,1804.75,2088.616666666667,70.4519424180539,194.1914072032381,323.7285477044888,2083.0
2026-02-05,1936.0,,,,,1955.0,2028.0,2124.0,1999.0,1567.0,2121.0,,,,2029.857142857143,1815.65,2087.5,79.79646728068076,195.18150122654467,324.1441665030447,2100.0
2026-02-06,1923.0,,,,,1936.0,1955.0,2028.0,2016.0,1650.0,2071.0,,,,2016.571428571429,1827.4,2085.1666666666665,89.6248796240172,194.16336041156416,324.82668999184926,2095.0
2026-02-09,1895.0,,,,,1923.0,1936.0,1955.0,2002.0,1729.0,2023.0,,,,2001.2857142857144,1839.2,2081.6833333333334,100.93515127003695,190.5276882765214,325.7406419518397,2063.0
2026-02-10,1882.0,,,,,1895.0,1923.0,1936.0,2148.0,1803.0,1979.0,,,,1963.2857142857144,1852.9,2078.3166666666666,85.36532138543419,182.71919785056352,326.7585793962068,2019.0
2026-02-11,1958.0,,,,,1882.0,1895.0,1923.0,2124.0,1761.0,1889.0,,,,1939.571428571429,1872.5,2076.4166666666665,48.27993766516986,170.9710655729607,327.127160869468,2043.0
2026-02-12,2095.0,,,,,1958.0,1882.0,1895.0,2028.0,1762.0,1877.0,,,,1949.142857142857,1900.65,2077.5,70.33592863638889,157.79876425370412,327.0784646440148,2112.0
2026-02-13,2083.0,,,,,2095.0,1958.0,1882.0,1955.0,1780.0,1882.0,,,,1967.4285714285716,1926.45,2077.6,86.81946237808332,141.7419727607235,327.0792263947234,2129.0
2026-02-16,2100.0,,,,,2083.0,2095.0,1958.0,1936.0,1999.0,1851.0,,,,1990.857142857143,1948.95,2077.1833333333334,98.29450403664464,130.84642464393886,327.0337406355986,2121.0
2026-02-17,2095.0,,,,,2100.0,2083.0,2095.0,1923.0,2016.0,1830.0,,,,2015.4285714285716,1967.25,2076.2166666666667,99.98809452939648,123.8738216259088,326.8915277335014,2117.0
2026-02-18,2063.0,,,,,2095.0,2100.0,2083.0,1895.0,2002.0,1776.0,,,,2039.4285714285716,1980.25,2073.6666666666665,85.35583780632454,119.28730245215915,326.3789866670967,2140.0
2026-02-19,2019.0,,,,,2063.0,2095.0,2100.0,1882.0,2148.0,1718.0,,,,2059.0,1993.15,2069.65,52.70357356638396,107.71857827348278,325.5288174907668,2187.0
2026-02-20,2043.0,,,,,2019.0,2063.0,2095.0,1958.0,2124.0,1688.0,,,,2071.1428571428573,2007.2,2065.866666666667,30.79192844145139,93.34971034261486,324.47827571721547,2242.0
2026-02-23,2112.0,,,,,2043.0,2019.0,2063.0,2095.0,2028.0,1659.0,,,,2073.5714285714284,2023.8,2063.15,33.53534027887093,79.2800499229608,323.37813438233286,2233.0
2026-02-24,2129.0,,,,,2112.0,2043.0,2019.0,2083.0,1955.0,1608.0,,,,2080.1428571428573,2030.3,2060.383333333333,39.64184897903768,82.40726845815611,322.06837318438727,2138.0
2026-02-25,2121.0,,,,,2129.0,2112.0,2043.0,2100.0,1936.0,1566.0,,,,2083.1428571428573,2035.55,2057.25,42.11266069101836,84.75939631188822,320.51942086639684,2010.0
2026-02-26,2117.0,,,,,2121.0,2129.0,2112.0,2095.0,1923.0,1532.0,,,,2086.285714285714,2041.3,2052.516666666667,43.9268873080269,86.25122424759219,317.4391969894375,2066.0
2026-02-27,2140.0,,,,,2117.0,2121.0,2129.0,2063.0,1895.0,1567.0,,,,2097.285714285714,2040.9,2046.85,46.67873993485127,85.74742592421934,312.6777636773894,1919.0
2026-03-02,2187.0,,,,,2140.0,2117.0,2121.0,2019.0,1882.0,1650.0,,,,2121.285714285714,2044.05,2040.6333333333332,42.74230646450402,90.01197288780999,305.9377341472112,1926.0
2026-03-03,2242.0,,,,,2187.0,2140.0,2117.0,2043.0,1958.0,1729.0,,,,2149.714285714286,2054.75,2034.95,47.86687889594469,100.1519240690608,298.77503724599296,1972.0
2026-03-04,2233.0,,,,,2242.0,2187.0,2140.0,2112.0,2095.0,1803.0,,,,2167.0,2068.65,2028.8333333333333,53.49454800881741,104.7645354818848,290.65741769868094,2028.0
2026-03-05,2138.0,,,,,2233.0,2242.0,2187.0,2129.0,2083.0,1761.0,,,,2168.285714285714,2078.75,2017.05,52.52845034111611,100.97153064105927,270.651469230446,2038.0
2026-03-06,2010.0,,,,,2138.0,2233.0,2242.0,2121.0,2100.0,1762.0,,,,2152.428571428572,2083.1,2003.65,79.17671615414055,95.64182084598386,249.61080383232544,2024.0
2026-03-09,2066.0,,,,,2010.0,2138.0,2233.0,2117.0,2095.0,1780.0,,,,2145.1428571428573,2091.65,1992.6333333333332,85.10469742505678,84.99181075100927,231.04031247531225,2064.0
2026-03-10,1919.0,,,,,2066.0,2010.0,2138.0,2140.0,2063.0,1999.0,,,,2113.5714285714284,2093.5,1979.7166666666667,120.8261245797168,80.47065499788124,212.0478912700619,2057.0
2026-03-11,1926.0,,,,,1919.0,2066.0,2010.0,2187.0,2019.0,2016.0,,,,2076.285714285714,2091.9,1969.2,133.9486397662883,83.56522822573746,198.1220134245048,2056.0
2026-03-12,1972.0,,,,,1926.0,1919.0,2066.0,2242.0,2043.0,2002.0,,,,2037.7142857142856,2085.75,1961.5666666666664,115.9406662704626,87.74656988346752,188.66447364517035,2037.0
2026-03-13,2028.0,,,,,1972.0,1926.0,1919.0,2233.0,2112.0,2148.0,,,,2008.4285714285716,2083.0,1957.1333333333332,78.11072726768293,88.69403350251805,183.78252316038947,1989.0
2026-03-16,2038.0,,,,,2028.0,1972.0,1926.0,2138.0,2129.0,2124.0,,,,1994.142857142857,2079.9,1954.35,56.66400553976148,89.1509069529004,181.21163065525312,2001.0
2026-03-17,2024.0,,,,,2038.0,2028.0,1972.0,2010.0,2121.0,2028.0,,,,1996.142857142857,2076.35,1951.5333333333333,57.55701107432634,89.9282023558,178.7358117319257,2014.0
2026-03-18,2064.0,,,,,2024.0,2038.0,2028.0,2066.0,2117.0,1955.0,,,,1995.857142857143,2076.4,1949.2,57.15601039094772,89.92066678905255,176.2810544825556,2031.0
2026-03-19,2057.0,,,,,2064.0,2024.0,2038.0,1919.0,2140.0,1936.0,,,,2015.571428571429,2078.3,1948.1333333333332,49.51719278142716,89.04114956461333,175.41538755787823,2017.0
2026-03-20,2056.0,,,,,2057.0,2064.0,2024.0,1926.0,2187.0,1923.0,,,,2034.142857142857,2078.95,1947.8833333333332,31.381674968207143,88.81706509804269,175.24792043219642,1995.0
2026-03-23,2037.0,,,,,2056.0,2057.0,2064.0,1972.0,2242.0,1895.0,,,,2043.4285714285716,2075.2,1948.1166666666663,15.554818576668511,88.93143426257294,175.35891442993918,2030.0
2026-03-24,1989.0,,,,,2037.0,2056.0,2057.0,2028.0,2233.0,1882.0,,,,2037.857142857143,2068.2,1948.2833333333333,25.68675775200529,89.97754105739439,175.39351317328433,2066.0
2026-03-25,2001.0,,,,,1989.0,2037.0,2056.0,2038.0,2138.0,1958.0,,,,2032.571428571429,2062.2,1950.15,29.21675970431556,90.27187007209923,175.34786974388655,2095.0
2026-03-26,2014.0,,,,,2001.0,1989.0,2037.0,2024.0,2010.0,2095.0,,,,2031.142857142857,2057.05,1952.4333333333332,29.94121224127136,89.91836941300066,175.27115715674267,2139.0
2026-03-27,2031.0,,,,,2014.0,2001.0,1989.0,2064.0,2066.0,2083.0,,,,2026.4285714285716,2051.6,1954.9166666666667,26.279631801448573,87.90688853912208,175.31185691541614,2161.0
2026-03-30,2017.0,,,,,2031.0,2014.0,2001.0,2057.0,1919.0,2100.0,,,,2020.7142857142856,2043.1,1957.6833333333332,22.61794483528681,82.15639770710787,174.95360078994824,2201.0
2026-03-31,1995.0,,,,,2017.0,2031.0,2014.0,2056.0,1926.0,2095.0,,,,2012.0,2030.75,1960.4333333333332,18.046236911536376,68.03472410621166,174.20778229579577,2250.0
2026-04-01,2030.0,,,,,1995.0,2017.0,2031.0,2037.0,1972.0,2063.0,,,,2011.0,2020.6,1964.6666666666667,16.563010998425455,48.6560430605848,172.7298926625005,2354.0
2026-04-02,2066.0,,,,,2030.0,1995.0,2017.0,1989.0,2028.0,2019.0,,,,2022.0,2017.0,1970.4666666666667,23.593784492262348,41.67543767329635,170.1299071613344,2484.0
2026-04-07,2095.0,,,,,2066.0,2030.0,1995.0,2001.0,2038.0,2043.0,,,,2035.4285714285716,2021.25,1977.25,34.07275129708583,45.11607835698368,166.75706729105988,2523.0
2026-04-08,2139.0,,,,,2095.0,2066.0,2030.0,2014.0,2024.0,2112.0,,,,2053.285714285714,2024.9,1985.25,50.00238089570155,51.43713587833371,162.69485058467325,2567.0
2026-04-09,2161.0,,,,,2139.0,2095.0,2066.0,2031.0,2064.0,2129.0,,,,2071.8571428571427,2037.0,1994.4666666666667,62.839553816129865,53.631294870360655,156.5074825380077,2633.0
2026-04-10,2201.0,,,,,2161.0,2139.0,2095.0,2017.0,2057.0,2121.0,,,,2098.1428571428573,2050.75,2005.05,73.62614701184849,58.68907815543615,148.29727645300477,2640.0
2026-04-13,2250.0,,,,,2201.0,2161.0,2139.0,1995.0,2056.0,2117.0,,,,2134.5714285714284,2064.65,2017.0166666666669,77.09054663804919,70.73990536129183,138.09631761144814,2675.0
2026-04-14,2354.0,,,,,2250.0,2201.0,2161.0,2030.0,2037.0,2140.0,,,,2180.8571428571427,2080.95,2030.1333333333332,98.21308224371364,95.18540080450462,131.86311169533843,2673.0
2026-04-15,2484.0,,,,,2354.0,2250.0,2201.0,2066.0,1989.0,2187.0,,,,2240.5714285714284,2103.25,2044.0333333333333,136.3926404941022,130.34443238063616,135.03206984636645,2665.0
2026-04-16,2523.0,,,,,2484.0,2354.0,2250.0,2095.0,2001.0,2242.0,,,,2301.714285714286,2128.2,2057.266666666667,154.9319359005944,158.98745399029045,142.34368371576377,2666.0
2026-04-17,2567.0,,,,,2523.0,2484.0,2354.0,2139.0,2014.0,2233.0,,,,2362.8571428571427,2153.35,2070.0,164.1923958566417,185.81775876832495,152.98665057522214,2677.0
2026-04-20,2633.0,,,,,2567.0,2523.0,2484.0,2161.0,2031.0,2138.0,,,,2430.285714285714,2182.15,2084.5333333333333,164.39760165091482,212.7796673606404,164.14673744067204,2670.0
2026-04-21,2640.0,,,,,2633.0,2567.0,2523.0,2201.0,2017.0,2010.0,,,,2493.0,2211.35,2099.1666666666665,144.93446795017937,233.6088217061744,173.76061525103046,2686.0
2026-04-22,2675.0,,,,,2640.0,2633.0,2567.0,2250.0,1995.0,2066.0,,,,2553.714285714286,2243.25,2114.083333333333,111.28598936332064,251.4285239020805,184.0108039998944,2730.0
2026-04-23,2673.0,,,,,2675.0,2640.0,2633.0,2354.0,2030.0,1919.0,,,,2599.285714285714,2277.45,2125.3166666666666,75.40272825682904,261.3486227849296,196.98193082979228,2832.0
2026-04-24,2665.0,,,,,2673.0,2675.0,2640.0,2484.0,2066.0,1926.0,,,,2625.1428571428573,2310.65,2136.133333333333,58.39642846223289,266.50610242840554,208.3672984741916,2991.0
2026-04-27,2666.0,,,,,2665.0,2673.0,2675.0,2523.0,2095.0,1972.0,,,,2645.5714285714284,2343.25,2147.2,38.24420279756009,268.18117893849904,218.5087206885241,3034.0
2026-04-28,2677.0,,,,,2666.0,2665.0,2673.0,2567.0,2139.0,2028.0,,,,2661.285714285714,2375.55,2156.016666666667,17.613577014336723,267.4956910621994,228.9638037907167,2978.0
2026-04-29,2670.0,,,,,2677.0,2666.0,2665.0,2633.0,2161.0,2038.0,,,,2666.5714285714284,2408.2,2165.116666666667,12.52806373524107,261.206431773802,238.3284367953113,3001.0
2026-04-30,2686.0,,,,,2670.0,2677.0,2666.0,2640.0,2201.0,2024.0,,,,2673.1428571428573,2442.75,2176.083333333333,7.197883286870942,249.09433321958076,246.89696551781805,3063.0
2026-05-01,2730.0,,,,,2686.0,2670.0,2677.0,2675.0,2250.0,2064.0,,,,2681.0,2477.75,2189.0,22.759613353523875,236.92789820401285,255.2653654134193,3189.0
2026-05-05,2832.0,,,,,2730.0,2686.0,2670.0,2673.0,2354.0,2057.0,,,,2703.714285714286,2516.05,2203.9333333333334,60.87340493658415,228.63196695954957,266.18853180267183,3195.0
2026-05-06,2991.0,,,,,2832.0,2730.0,2686.0,2665.0,2484.0,2056.0,,,,2750.285714285714,2560.85,2221.733333333333,121.16478350538468,229.5685369511648,282.3047918123439,3151.0
2026-05-07,3034.0,,,,,2991.0,2832.0,2730.0,2666.0,2523.0,2037.0,,,,2802.8571428571427,2605.6,2240.7166666666667,153.90952815581272,230.23955488052653,297.8301240108966,3092.0
2026-05-08,2978.0,,,,,3034.0,2991.0,2832.0,2677.0,2567.0,1989.0,,,,2845.8571428571427,2646.45,2258.983333333333,154.93055279859524,219.42903780398677,308.8621266468589,3054.0
2026-05-11,3001.0,,,,,2978.0,3034.0,2991.0,2670.0,2633.0,2001.0,,,,2893.1428571428573,2686.45,2276.366666666667,142.31002374093347,206.488555818998,320.75704764790913,3005.0
2026-05-12,3063.0,,,,,3001.0,2978.0,3034.0,2686.0,2640.0,2014.0,,,,2947.0,2727.1,2292.5,120.52109082370436,195.7933658356905,335.4860122371172,2964.0
2026-05-13,3189.0,,,,,3063.0,3001.0,2978.0,2730.0,2675.0,2031.0,,,,3012.5714285714284,2768.85,2310.9333333333334,106.87197503378228,201.0043924631488,353.6716789582653,2991.0
2026-05-14,3195.0,,,,,3189.0,3063.0,3001.0,2832.0,2673.0,2017.0,,,,3064.428571428572,2804.4,2329.1833333333334,91.6330674354048,210.61823782680705,370.4562689105477,3085.0
2026-05-15,3151.0,,,,,3195.0,3189.0,3063.0,2991.0,2665.0,1995.0,,,,3087.285714285714,2835.8,2346.7833333333333,90.208488672485,213.25388871633328,383.9797881185913,3124.0
2026-05-18,3092.0,,,,,3151.0,3195.0,3189.0,3034.0,2666.0,2030.0,,,,3095.5714285714284,2862.05,2363.9333333333334,87.10885363127456,210.7219357602177,393.9404526396989,3226.0
2026-05-19,3054.0,,,,,3092.0,3151.0,3195.0,2978.0,2677.0,2066.0,,,,3106.428571428572,2883.1,2381.1833333333334,73.71986874392479,207.64212634141992,401.1744407622272,3224.0
2026-05-20,3005.0,,,,,3054.0,3092.0,3151.0,3001.0,2670.0,2095.0,,,,3107.0,2901.35,2397.2166666666667,72.77591176574693,201.0879030097275,406.6162598425487,3222.0
2026-05-21,2964.0,,,,,3005.0,3054.0,3092.0,3063.0,2686.0,2139.0,,,,3092.8571428571427,2915.8,2411.4166666666665,90.2689104314361,194.2333376989951,411.336527311332,3205.0
2026-05-22,2991.0,,,,,2964.0,3005.0,3054.0,3189.0,2730.0,2161.0,,,,3064.5714285714284,2931.7,2425.7833333333333,86.04428538619794,186.1595523935752,416.3285897374204,3124.0
2026-05-26,3085.0,,,,,2991.0,2964.0,3005.0,3195.0,2832.0,2201.0,,,,3048.8571428571427,2952.7,2441.85,65.95308577930183,178.0012122963084,422.9161404633162,3037.0
2026-05-27,3124.0,,,,,3085.0,2991.0,2964.0,3151.0,2991.0,2250.0,,,,3045.0,2975.6,2458.633333333333,59.45306271899784,168.37658294495375,429.732394721909,2981.0
2026-05-28,3226.0,,,,,3124.0,3085.0,2991.0,3092.0,3034.0,2354.0,,,,3064.1428571428573,3003.05,2476.733333333333,90.5491184780134,161.7553301814625,438.8581820529066,2916.0
2026-05-29,3224.0,,,,,3226.0,3124.0,3085.0,3054.0,2978.0,2484.0,,,,3088.428571428572,3030.75,2494.016666666667,108.41103440588913,148.62204802082283,447.58737397810086,2818.0
2026-06-01,3222.0,,,,,3224.0,3226.0,3124.0,3005.0,3001.0,2523.0,,,,3119.428571428572,3057.55,2510.35,111.55844080251508,130.3923128990634,456.0362320202568,2720.0
2026-06-02,3205.0,,,,,3222.0,3224.0,3226.0,2964.0,3063.0,2567.0,,,,3153.8571428571427,3081.3,2526.55,90.86515388463717,109.11418451863874,463.2245648253189,2670.0
2026-06-03,3124.0,,,,,3205.0,3222.0,3224.0,2991.0,3189.0,2633.0,,,,3172.8571428571427,3095.9,2542.983333333333,59.69485899538438,92.23020398072214,466.6834840593396,2653.0
2026-06-04,3037.0,,,,,3124.0,3205.0,3222.0,3085.0,3195.0,2640.0,,,,3166.0,3098.2,2560.1,72.78965127912036,90.02373955918728,465.63638610806055,2659.0
2026-06-05,2981.0,,,,,3037.0,3124.0,3205.0,3124.0,3151.0,2675.0,,,,3145.5714285714284,3095.55,2575.35,101.1020229650309,92.7517768308132,464.16109217760095,2722.0
2026-06-08,2916.0,,,,,2981.0,3037.0,3124.0,3226.0,3092.0,2673.0,,,,3101.285714285714,3092.45,2591.9666666666667,125.05693941257567,97.78681161754672,458.0719714994838,2684.0
2026-06-09,2818.0,,,,,2916.0,2981.0,3037.0,3224.0,3054.0,2665.0,,,,3043.285714285714,3083.3,2606.833333333333,150.2661131523246,114.01020268291406,450.5041306707295,2667.0
2026-06-15,2720.0,,,,,2818.0,2916.0,2981.0,3222.0,3005.0,2666.0,,,,2971.5714285714284,3066.15,2619.3,169.33877006646006,140.04896700048954,442.92465212223647,2634.0
2026-06-16,2670.0,,,,,2720.0,2818.0,2916.0,3205.0,2964.0,2677.0,,,,2895.1428571428573,3040.2,2630.0,167.14308099293788,162.3892659144061,436.10016731501065,2591.0
2026-06-17,2653.0,,,,,2670.0,2720.0,2818.0,3124.0,2991.0,2670.0,,,,2827.8571428571427,3013.1,2640.25,153.94092868308832,179.51803897045647,429.12167390721,2524.0
2026-06-18,2659.0,,,,,2653.0,2670.0,2720.0,3037.0,3085.0,2686.0,,,,2773.8571428571427,2988.5,2650.833333333333,133.25843134230416,192.8423135485193,421.4270818430052,2490.0
2026-06-19,2722.0,,,,,2659.0,2653.0,2670.0,2981.0,3124.0,2730.0,,,,2736.8571428571427,2970.0,2661.8,97.24955624823284,200.00526308866537,414.4001505136539,2501.0
2026-06-22,2684.0,,,,,2722.0,2659.0,2653.0,2916.0,3226.0,2832.0,,,,2703.714285714286,2951.5,2672.25,57.38383711383125,208.7475181069169,406.72481118549234,2562.0
2026-06-23,2667.0,,,,,2684.0,2722.0,2659.0,2818.0,3224.0,2991.0,,,,2682.1428571428573,2934.6,2682.4333333333334,28.245522190454093,217.67924253724075,398.601809152772,2650.0
2026-06-24,2634.0,,,,,2667.0,2684.0,2722.0,2720.0,3222.0,3034.0,,,,2669.8571428571427,2918.1,2692.383333333333,27.73342490830782,227.6136847241219,389.5660815842155,2717.0
2026-06-25,2591.0,,,,,2634.0,2667.0,2684.0,2670.0,3205.0,2978.0,,,,2658.5714285714284,2898.1,2702.4166666666665,40.705679959365085,238.1984798219359,378.7453100527862,2797.0
2026-06-26,2524.0,,,,,2591.0,2634.0,2667.0,2653.0,3124.0,3001.0,,,,2640.1428571428573,2870.05,2711.133333333333,65.37437972028007,247.86615127398017,368.20040907488567,2875.0
2026-06-29,2490.0,,,,,2524.0,2591.0,2634.0,2659.0,3037.0,3063.0,,,,2616.0,2838.35,2719.0666666666666,85.39125638300717,254.1409213305557,357.9094131516717,2871.0
2026-06-30,2501.0,,,,,2490.0,2524.0,2591.0,2722.0,2981.0,3189.0,,,,2584.428571428572,2802.1,2726.9,80.37590257214805,247.55815903595183,347.5894080810641,2910.0
2026-07-01,2562.0,,,,,2501.0,2490.0,2524.0,2684.0,2916.0,3195.0,,,,2567.0,2769.0,2735.983333333333,67.3597307991578,231.9428241705629,335.63925810592497,2944.0
2026-07-02,2650.0,,,,,2562.0,2501.0,2490.0,2667.0,2818.0,3151.0,,,,2564.5714285714284,2740.4,2746.9,63.33997458914909,207.07801733444256,321.48372655649706,2960.0
2026-07-03,2717.0,,,,,2650.0,2562.0,2501.0,2634.0,2720.0,3092.0,,,,2576.428571428572,2716.0,2758.35,83.16821737270848,175.8486191077735,307.4453968331169,2980.0
2026-07-06,2797.0,,,,,2717.0,2650.0,2562.0,2591.0,2670.0,3054.0,,,,2605.8571428571427,2699.65,2770.5333333333333,118.23624454375783,149.0818478837259,293.721790807993,2929.0
2026-07-07,2875.0,,,,,2797.0,2717.0,2650.0,2524.0,2653.0,3005.0,,,,2656.0,2691.55,2783.5333333333333,148.3329588010318,133.3600093928776,280.2693901827673,2840.0
2026-07-08,2871.0,,,,,2875.0,2797.0,2717.0,2490.0,2659.0,2964.0,,,,2710.428571428572,2686.05,2795.733333333333,147.16641050509617,122.6310147942961,267.37270797844184,2752.0
2026-07-09,2910.0,,,,,2871.0,2875.0,2797.0,2501.0,2722.0,2991.0,,,,2768.8571428571427,2685.75,2808.2166666666667,130.3960998540413,122.04480411116036,254.40599420410504,2671.0
2026-07-10,2944.0,,,,,2910.0,2871.0,2875.0,2562.0,2684.0,3085.0,,,,2823.428571428572,2692.05,2820.6,107.2828926139738,132.07114310897182,242.1354992560431,2670.0
2026-07-13,2960.0,,,,,2944.0,2910.0,2871.0,2650.0,2667.0,3124.0,,,,2867.714285714286,2704.05,2832.4333333333334,85.54085629242083,145.01342043158814,230.8639900913024,2715.0
2026-07-14,2980.0,,,,,2960.0,2944.0,2910.0,2717.0,2634.0,3226.0,,,,2905.285714285714,2719.55,2842.866666666667,63.13402222183649,157.23481434501338,222.8832229518837,2725.0
2026-07-15,2929.0,,,,,2980.0,2960.0,2944.0,2797.0,2591.0,3224.0,,,,2924.1428571428573,2733.35,2850.2833333333333,41.35790360352924,163.08934425808462,218.0915755152113,2743.0
2026-07-16,2840.0,,,,,2929.0,2980.0,2960.0,2875.0,2524.0,3222.0,,,,2919.1428571428573,2742.4,2855.5666666666666,49.586384459971846,163.7669718002913,213.8266656379079,2696.0
2026-07-17,2752.0,,,,,2840.0,2929.0,2980.0,2871.0,2490.0,3205.0,,,,2902.1428571428573,2743.9,2858.65,79.94670844055278,163.70766628354897,210.90899515492603,2664.0
2026-07-20,2671.0,,,,,2752.0,2840.0,2929.0,2910.0,2501.0,3124.0,,,,2868.0,2743.25,2859.2833333333333,118.00706193558568,163.98359192632188,210.276016481474,2632.0
2026-07-21,2670.0,,,,,2671.0,2752.0,2840.0,2944.0,2562.0,3037.0,,,,2828.8571428571427,2743.4,2859.7833333333333,133.07695589574695,163.91152941050254,209.78084542521296,2673.0
2026-07-22,2715.0,,,,,2670.0,2671.0,2752.0,2960.0,2650.0,2981.0,,,,2793.8571428571427,2747.45,2860.45,124.79774112730762,162.05634984881544,209.24654382251424,2732.0
2026-07-23,2725.0,,,,,2715.0,2670.0,2671.0,2980.0,2717.0,2916.0,,,,2757.428571428572,2754.15,2861.3166666666666,95.08742844152034,157.966110622719,208.56356927649412,2843.0
2026-07-24,2743.0,,,,,2725.0,2715.0,2670.0,2929.0,2797.0,2818.0,,,,2730.8571428571427,2765.1,2862.616666666667,57.84873542678634,148.4782103454055,207.5598416194225,2936.0
2026-07-27,2696.0,,,,,2743.0,2725.0,2715.0,2840.0,2875.0,2720.0,,,,2710.285714285714,2775.4,2863.116666666667,32.70939867846607,134.9157241821172,207.1138302975863,3063.0
2026-07-28,2664.0,,,,,2696.0,2743.0,2725.0,2752.0,2871.0,2670.0,,,,2697.714285714286,2783.55,2862.9,30.86375590516268,121.74800333391808,207.31852999992148,3057.0
2026-07-29,2632.0,,,,,2664.0,2696.0,2743.0,2671.0,2910.0,2653.0,,,,2692.1428571428573,2787.05,2862.266666666667,38.950518060031975,115.90989013705966,207.97480833968143,3089.0
2026-07-30,2673.0,,,,,2632.0,2664.0,2696.0,2670.0,2944.0,2659.0,,,,2692.5714285714284,2788.2,2862.05,38.68185251881993,114.58510971512554,208.1682358256228,3083.0
2026-07-31,2732.0,,,,,2673.0,2632.0,2664.0,2715.0,2960.0,2722.0,,,,2695.0,2788.95,2862.083333333333,40.800326796101686,114.1427891537428,208.1468917160328,3046.0
2026-08-03,2843.0,,,,,2732.0,2673.0,2632.0,2725.0,2980.0,2684.0,,,,2711.8571428571427,2791.25,2862.266666666667,69.52560336891423,114.77523802268604,208.1247887292339,2939.0
2026-08-04,2936.0,,,,,2843.0,2732.0,2673.0,2743.0,2929.0,2667.0,,,,2739.428571428572,2794.3,2861.35,110.26612828797936,117.88625204432871,207.66880615735212,2844.0
2026-08-05,3063.0,,,,,2936.0,2843.0,2732.0,2696.0,2840.0,2634.0,,,,2791.8571428571427,2803.9,2861.833333333333,161.51514745417845,131.4934058783183,208.11072400599667,2863.0
2026-08-06,3057.0,,,,,3063.0,2936.0,2843.0,2664.0,2752.0,2591.0,,,,2848.0,2811.25,2863.15,177.20609470332056,141.4663341018529,209.10566828387743,2878.0
2026-08-07,3089.0,,,,,3057.0,3063.0,2936.0,2632.0,2671.0,2524.0,,,,2913.285714285714,2818.5,2864.616666666667,168.32578955280056,151.95445993699383,210.39358529773585,2815.0
2026-08-10,3083.0,,,,,3089.0,3057.0,3063.0,2673.0,2670.0,2490.0,,,,2971.8571428571427,2824.65,2864.95,139.673940031102,160.24562560744826,210.7287938945306,2776.0
2026-08-11,3046.0,,,,,3083.0,3089.0,3057.0,2732.0,2715.0,2501.0,,,,3016.714285714286,2827.95,2862.5666666666666,92.13525254704189,164.24291220790332,207.7898520112146,2791.0
2026-08-12,2939.0,,,,,3046.0,3083.0,3089.0,2843.0,2725.0,2562.0,,,,3030.428571428572,2828.45,2858.3,65.16608817185133,164.5815987028491,203.43068615076024,2841.0
2026-08-13,2844.0,,,,,2939.0,3046.0,3083.0,2936.0,2743.0,2650.0,,,,3017.285714285714,2828.65,2853.1833333333334,91.38693248257024,164.5988025153294,199.7718607002904,2882.0
2026-08-14,2863.0,,,,,2844.0,2939.0,3046.0,3063.0,2696.0,2717.0,,,,2988.714285714286,2834.2,2849.366666666667,104.96779551481713,163.74743067492193,197.30420173572472,2926.0
2026-08-17,2878.0,,,,,2863.0,2844.0,2939.0,3057.0,2664.0,2797.0,,,,2963.1428571428573,2844.55,2846.4333333333334,107.33658675933924,159.37261040522398,195.51048926439248,3056.0
2026-08-18,2815.0,,,,,2878.0,2863.0,2844.0,3089.0,2632.0,2875.0,,,,2924.0,2851.8,2843.266666666667,103.68863647158024,154.2293575712778,194.434413730982,3107.0
2026-08-19,2776.0,,,,,2815.0,2878.0,2863.0,3083.0,2673.0,2871.0,,,,2880.1428571428573,2854.85,2840.133333333333,89.13179113244736,151.96823594701985,193.97007166193924,3186.0
2026-08-20,2791.0,,,,,2776.0,2815.0,2878.0,3046.0,2732.0,2910.0,,,,2843.714285714286,2858.15,2836.8,55.999149653424695,149.69979608327944,193.04981354160256,3157.0
2026-08-21,2841.0,,,,,2791.0,2776.0,2815.0,2939.0,2843.0,2944.0,,,,2829.714285714286,2863.05,2832.733333333333,37.35288603628816,147.31722842044226,190.28291752161564,3331.0
2026-08-24,2882.0,,,,,2841.0,2791.0,2776.0,2844.0,2936.0,2960.0,,,,2835.1428571428573,2872.35,2828.7,42.2193816922755,141.9912061769535,186.53225285699332,3488.0
2026-08-25,2926.0,,,,,2882.0,2841.0,2791.0,2863.0,3063.0,2980.0,,,,2844.1428571428573,2885.45,2823.7,54.170805702685286,133.5950184227531,179.59382609893515,3628.0
2026-08-26,3056.0,,,,,2926.0,2882.0,2841.0,2878.0,3057.0,2929.0,,,,2869.5714285714284,2906.65,2820.9,97.31196764849136,124.59757326354894,174.4840044146839,3575.0
2026-08-27,3107.0,,,,,3056.0,2926.0,2882.0,2815.0,3089.0,2840.0,,,,2911.285714285714,2928.35,2818.983333333333,127.82242146264302,119.44973618092256,170.59154226912486,3584.0
2026-08-28,3186.0,,,,,3107.0,3056.0,2926.0,2776.0,3083.0,2752.0,,,,2969.8571428571427,2951.05,2818.6666666666665,147.86415902378724,123.25005604784737,169.87898650648492,3620.0
2026-09-01,3157.0,,,,,3186.0,3107.0,3056.0,2791.0,3046.0,2671.0,,,,3022.1428571428573,2966.75,2819.2166666666667,138.49118933640523,128.64307005700863,170.93443005580932,3521.0
2026-09-02,3331.0,,,,,3157.0,3186.0,3107.0,2841.0,2939.0,2670.0,,,,3092.1428571428573,2986.5,2824.116666666667,154.57406916150475,151.89383411486364,181.1894870735107,3507.0
2026-09-03,3488.0,,,,,3331.0,3157.0,3186.0,2882.0,2844.0,2715.0,,,,3178.714285714286,3007.75,2832.5666666666666,184.13737108087147,188.4817106861209,199.52455068902333,
2026-09-04,3628.0,,,,,3488.0,3331.0,3157.0,2926.0,2863.0,2725.0,,,,3279.0,3036.3,2844.4333333333334,212.5370555926744,234.0674891429676,224.21602527177524,
2026-09-07,3575.0,,,,,3628.0,3488.0,3331.0,3056.0,2878.0,2743.0,,,,3353.1428571428573,3060.6,2857.05,212.304363726106,263.23641565392336,243.19814234621637,
2026-09-08,3584.0,,,,,3575.0,3628.0,3488.0,3107.0,2815.0,2696.0,,,,3421.285714285714,3085.65,2871.45,196.06267219584544,288.14018426710857,259.94806684720584,
2026-09-09,3620.0,,,,,3584.0,3575.0,3628.0,3186.0,2776.0,2664.0,,,,3483.285714285714,3114.35,2887.2833333333333,176.94793423087995,311.6133358068,275.9117453877414,
2026-09-10,3521.0,,,,,3620.0,3584.0,3575.0,3157.0,2791.0,2632.0,,,,3535.285714285714,3143.45,2901.75,103.19514569611658,321.3978474038053,285.9910289572726,
2026-09-11,3507.0,,,,,3521.0,3620.0,3584.0,3331.0,2841.0,2673.0,,,,3560.428571428572,3176.6,2915.883333333333,55.5843417485877,323.0736269351977,294.614835696373,
