Date,BDI,BCI,Panamax,Supramax,Handysize,BDI_lag_1,BDI_lag_2,BDI_lag_3,BDI_lag_7,BDI_lag_14,BDI_lag_30,Panamax_lag_1,Supramax_lag_1,Handysize_lag_1
2010-01-04,3140.0,,,,,,,,,,,,,
2010-01-05,3270.0,,,,,3140.0,,,,,,,,
2010-01-06,3259.0,,,,,3270.0,3140.0,,,,,,,
2010-01-07,3149.0,,,,,3259.0,3270.0,3140.0,,,,,,
2010-01-08,3140.0,,,,,3149.0,3259.0,3270.0,,,,,,
2010-01-11,3148.0,,,,,3140.0,3149.0,3259.0,,,,,,
2010-01-12,3160.0,,,,,3148.0,3140.0,3149.0,,,,,,
2010-01-13,3175.0,,,,,3160.0,3148.0,3140.0,3140.0,,,,,
2010-01-14,3235.0,,,,,3175.0,3160.0,3148.0,3270.0,,,,,
2010-01-15,3299.0,,,,,3235.0,3175.0,3160.0,3259.0,,,,,
2010-01-18,3295.0,,,,,3299.0,3235.0,3175.0,3149.0,,,,,
2010-01-19,3208.0,,,,,3295.0,3299.0,3235.0,3140.0,,,,,
2010-01-20,3158.0,,,,,3208.0,3295.0,3299.0,3148.0,,,,,
2010-01-21,3170.0,,,,,3158.0,3208.0,3295.0,3160.0,,,,,
2010-01-22,3204.0,,,,,3170.0,3158.0,3208.0,3175.0,3140.0,,,,
2010-01-25,3223.0,,,,,3204.0,3170.0,3158.0,3235.0,3270.0,,,,
2010-01-26,3205.0,,,,,3223.0,3204.0,3170.0,3299.0,3259.0,,,,
2010-01-27,3118.0,,,,,3205.0,3223.0,3204.0,3295.0,3149.0,,,,
2010-01-28,2963.0,,,,,3118.0,3205.0,3223.0,3208.0,3140.0,,,,
2010-01-29,2848.0,,,,,2963.0,3118.0,3205.0,3158.0,3148.0,,,,
2010-02-01,2745.0,,,,,2848.0,2963.0,3118.0,3170.0,3160.0,,,,
2010-02-02,2691.0,,,,,2745.0,2848.0,2963.0,3204.0,3175.0,,,,
2010-02-03,2673.0,,,,,2691.0,2745.0,2848.0,3223.0,3235.0,,,,
2010-02-04,2685.0,,,,,2673.0,2691.0,2745.0,3205.0,3299.0,,,,
2010-02-05,2715.0,,,,,2685.0,2673.0,2691.0,3118.0,3295.0,,,,
2010-02-08,2722.0,,,,,2715.0,2685.0,2673.0,2963.0,3208.0,,,,
2010-02-09,2706.0,,,,,2722.0,2715.0,2685.0,2848.0,3158.0,,,,
2010-02-10,2630.0,,,,,2706.0,2722.0,2715.0,2745.0,3170.0,,,,
2010-02-11,2575.0,,,,,2630.0,2706.0,2722.0,2691.0,3204.0,,,,
2010-02-12,2571.0,,,,,2575.0,2630.0,2706.0,2673.0,3223.0,,,,
2010-02-15,2566.0,,,,,2571.0,2575.0,2630.0,2685.0,3205.0,3140.0,,,
2010-02-16,2598.0,,,,,2566.0,2571.0,2575.0,2715.0,3118.0,3270.0,,,
2010-02-17,2661.0,,,,,2598.0,2566.0,2571.0,2722.0,2963.0,3259.0,,,
2010-02-18,2704.0,,,,,2661.0,2598.0,2566.0,2706.0,2848.0,3149.0,,,
2010-02-19,2714.0,,,,,2704.0,2661.0,2598.0,2630.0,2745.0,3140.0,,,
2010-02-22,2721.0,,,,,2714.0,2704.0,2661.0,2575.0,2691.0,3148.0,,,
2010-02-23,2724.0,,,,,2721.0,2714.0,2704.0,2571.0,2673.0,3160.0,,,
2010-02-24,2707.0,,,,,2724.0,2721.0,2714.0,2566.0,2685.0,3175.0,,,
2010-02-25,2711.0,,,,,2707.0,2724.0,2721.0,2598.0,2715.0,3235.0,,,
2010-02-26,2738.0,,,,,2711.0,2707.0,2724.0,2661.0,2722.0,3299.0,,,
2010-03-01,2760.0,,,,,2738.0,2711.0,2707.0,2704.0,2706.0,3295.0,,,
2010-03-02,2792.0,,,,,2760.0,2738.0,2711.0,2714.0,2630.0,3208.0,,,
2010-03-03,2911.0,,,,,2792.0,2760.0,2738.0,2721.0,2575.0,3158.0,,,
2010-03-04,3121.0,,,,,2911.0,2792.0,2760.0,2724.0,2571.0,3170.0,,,
2010-03-05,3242.0,,,,,3121.0,2911.0,2792.0,2707.0,2566.0,3204.0,,,
2010-03-08,3259.0,,,,,3242.0,3121.0,2911.0,2711.0,2598.0,3223.0,,,
2010-03-09,3210.0,,,,,3259.0,3242.0,3121.0,2738.0,2661.0,3205.0,,,
2010-03-10,3230.0,,,,,3210.0,3259.0,3242.0,2760.0,2704.0,3118.0,,,
2010-03-11,3316.0,,,,,3230.0,3210.0,3259.0,2792.0,2714.0,2963.0,,,
2010-03-12,3506.0,,,,,3316.0,3230.0,3210.0,2911.0,2721.0,2848.0,,,
2010-03-15,3574.0,,,,,3506.0,3316.0,3230.0,3121.0,2724.0,2745.0,,,
2010-03-16,3498.0,,,,,3574.0,3506.0,3316.0,3242.0,2707.0,2691.0,,,
2010-03-17,3427.0,,,,,3498.0,3574.0,3506.0,3259.0,2711.0,2673.0,,,
2010-03-18,3396.0,,,,,3427.0,3498.0,3574.0,3210.0,2738.0,2685.0,,,
2010-03-19,3379.0,,,,,3396.0,3427.0,3498.0,3230.0,2760.0,2715.0,,,
2010-03-22,3337.0,,,,,3379.0,3396.0,3427.0,3316.0,2792.0,2722.0,,,
2010-03-23,3280.0,,,,,3337.0,3379.0,3396.0,3506.0,2911.0,2706.0,,,
2010-03-24,3243.0,,,,,3280.0,3337.0,3379.0,3574.0,3121.0,2630.0,,,
2010-03-25,3177.0,,,,,3243.0,3280.0,3337.0,3498.0,3242.0,2575.0,,,
2010-03-26,3098.0,,,,,3177.0,3243.0,3280.0,3427.0,3259.0,2571.0,,,
2010-03-29,3021.0,,,,,3098.0,3177.0,3243.0,3396.0,3210.0,2566.0,,,
2010-03-30,2982.0,,,,,3021.0,3098.0,3177.0,3379.0,3230.0,2598.0,,,
2010-03-31,2998.0,,,,,2982.0,3021.0,3098.0,3337.0,3316.0,2661.0,,,
2010-04-01,2991.0,,,,,2998.0,2982.0,3021.0,3280.0,3506.0,2704.0,,,
2010-04-02,2991.0,,,,,2991.0,2998.0,2982.0,3243.0,3574.0,2714.0,,,
2010-04-06,2981.0,,,,,2991.0,2991.0,2998.0,3177.0,3498.0,2721.0,,,
2010-04-07,2947.0,,,,,2981.0,2991.0,2991.0,3098.0,3427.0,2724.0,,,
2010-04-08,2922.0,,,,,2947.0,2981.0,2991.0,3021.0,3396.0,2707.0,,,
2010-04-09,2913.0,,,,,2922.0,2947.0,2981.0,2982.0,3379.0,2711.0,,,
2010-04-12,2911.0,,,,,2913.0,2922.0,2947.0,2998.0,3337.0,2738.0,,,
2010-04-13,2928.0,,,,,2911.0,2913.0,2922.0,2991.0,3280.0,2760.0,,,
2010-04-14,2966.0,,,,,2928.0,2911.0,2913.0,2991.0,3243.0,2792.0,,,
2010-04-15,3001.0,,,,,2966.0,2928.0,2911.0,2981.0,3177.0,2911.0,,,
2010-04-16,3009.0,,,,,3001.0,2966.0,2928.0,2947.0,3098.0,3121.0,,,
2010-04-19,3002.0,,,,,3009.0,3001.0,2966.0,2922.0,3021.0,3242.0,,,
2010-04-20,2998.0,,,,,3002.0,3009.0,3001.0,2913.0,2982.0,3259.0,,,
2010-04-21,3009.0,,,,,2998.0,3002.0,3009.0,2911.0,2998.0,3210.0,,,
2010-04-22,3006.0,,,,,3009.0,2998.0,3002.0,2928.0,2991.0,3230.0,,,
2010-04-23,3013.0,,,,,3006.0,3009.0,2998.0,2966.0,2991.0,3316.0,,,
2010-04-26,3020.0,,,,,3013.0,3006.0,3009.0,3001.0,2981.0,3506.0,,,
2010-04-27,3203.0,,,,,3020.0,3013.0,3006.0,3009.0,2947.0,3574.0,,,
2010-04-28,3329.0,,,,,3203.0,3020.0,3013.0,3002.0,2922.0,3498.0,,,
2010-04-29,3359.0,,,,,3329.0,3203.0,3020.0,2998.0,2913.0,3427.0,,,
2010-04-30,3354.0,,,,,3359.0,3329.0,3203.0,3009.0,2911.0,3396.0,,,
2010-05-04,3352.0,,,,,3354.0,3359.0,3329.0,3006.0,2928.0,3379.0,,,
2010-05-05,3379.0,,,,,3352.0,3354.0,3359.0,3013.0,2966.0,3337.0,,,
2010-05-06,3468.0,,,,,3379.0,3352.0,3354.0,3020.0,3001.0,3280.0,,,
2010-05-07,3608.0,,,,,3468.0,3379.0,3352.0,3203.0,3009.0,3243.0,,,
2010-05-10,3707.0,,,,,3608.0,3468.0,3379.0,3329.0,3002.0,3177.0,,,
2010-05-11,3822.0,,,,,3707.0,3608.0,3468.0,3359.0,2998.0,3098.0,,,
2010-05-12,3888.0,,,,,3822.0,3707.0,3608.0,3354.0,3009.0,3021.0,,,
2010-05-13,3914.0,,,,,3888.0,3822.0,3707.0,3352.0,3006.0,2982.0,,,
2010-05-14,3929.0,,,,,3914.0,3888.0,3822.0,3379.0,3013.0,2998.0,,,
2010-05-17,3922.0,,,,,3929.0,3914.0,3888.0,3468.0,3020.0,2991.0,,,
2010-05-18,3882.0,,,,,3922.0,3929.0,3914.0,3608.0,3203.0,2991.0,,,
2010-05-19,3832.0,,,,,3882.0,3922.0,3929.0,3707.0,3329.0,2981.0,,,
2010-05-20,3803.0,,,,,3832.0,3882.0,3922.0,3822.0,3359.0,2947.0,,,
2010-05-21,3844.0,,,,,3803.0,3832.0,3882.0,3888.0,3354.0,2922.0,,,
2010-05-24,3943.0,,,,,3844.0,3803.0,3832.0,3914.0,3352.0,2913.0,,,
2010-05-25,4187.0,,,,,3943.0,3844.0,3803.0,3929.0,3379.0,2911.0,,,
2010-05-26,4209.0,,,,,4187.0,3943.0,3844.0,3922.0,3468.0,2928.0,,,
2010-05-27,4156.0,,,,,4209.0,4187.0,3943.0,3882.0,3608.0,2966.0,,,
2010-05-28,4078.0,,,,,4156.0,4209.0,4187.0,3832.0,3707.0,3001.0,,,
2010-06-01,4074.0,,,,,4078.0,4156.0,4209.0,3803.0,3822.0,3009.0,,,
2010-06-02,4041.0,,,,,4074.0,4078.0,4156.0,3844.0,3888.0,3002.0,,,
2010-06-03,3933.0,,,,,4041.0,4074.0,4078.0,3943.0,3914.0,2998.0,,,
2010-06-04,3844.0,,,,,3933.0,4041.0,4074.0,4187.0,3929.0,3009.0,,,
2010-06-07,3733.0,,,,,3844.0,3933.0,4041.0,4209.0,3922.0,3006.0,,,
2010-06-08,3579.0,,,,,3733.0,3844.0,3933.0,4156.0,3882.0,3013.0,,,
2010-06-09,3514.0,,,,,3579.0,3733.0,3844.0,4078.0,3832.0,3020.0,,,
2010-06-10,3423.0,,,,,3514.0,3579.0,3733.0,4074.0,3803.0,3203.0,,,
2010-06-11,3288.0,,,,,3423.0,3514.0,3579.0,4041.0,3844.0,3329.0,,,
2010-06-14,3115.0,,,,,3288.0,3423.0,3514.0,3933.0,3943.0,3359.0,,,
2010-06-15,3020.0,,,,,3115.0,3288.0,3423.0,3844.0,4187.0,3354.0,,,
2010-06-16,2893.0,,,,,3020.0,3115.0,3288.0,3733.0,4209.0,3352.0,,,
2010-06-17,2784.0,,,,,2893.0,3020.0,3115.0,3579.0,4156.0,3379.0,,,
2010-06-18,2694.0,,,,,2784.0,2893.0,3020.0,3514.0,4078.0,3468.0,,,
2010-06-21,2601.0,,,,,2694.0,2784.0,2893.0,3423.0,4074.0,3608.0,,,
2010-06-22,2547.0,,,,,2601.0,2694.0,2784.0,3288.0,4041.0,3707.0,,,
2010-06-23,2515.0,,,,,2547.0,2601.0,2694.0,3115.0,3933.0,3822.0,,,
2010-06-24,2502.0,,,,,2515.0,2547.0,2601.0,3020.0,3844.0,3888.0,,,
2010-06-25,2501.0,,,,,2502.0,2515.0,2547.0,2893.0,3733.0,3914.0,,,
2010-06-28,2482.0,,,,,2501.0,2502.0,2515.0,2784.0,3579.0,3929.0,,,
2010-06-29,2447.0,,,,,2482.0,2501.0,2502.0,2694.0,3514.0,3922.0,,,
2010-06-30,2406.0,,,,,2447.0,2482.0,2501.0,2601.0,3423.0,3882.0,,,
2010-07-01,2351.0,,,,,2406.0,2447.0,2482.0,2547.0,3288.0,3832.0,,,
2010-07-02,2280.0,,,,,2351.0,2406.0,2447.0,2515.0,3115.0,3803.0,,,
2010-07-05,2216.0,,,,,2280.0,2351.0,2406.0,2502.0,3020.0,3844.0,,,
2010-07-06,2127.0,,,,,2216.0,2280.0,2351.0,2501.0,2893.0,3943.0,,,
2010-07-07,2018.0,,,,,2127.0,2216.0,2280.0,2482.0,2784.0,4187.0,,,
2010-07-08,1940.0,,,,,2018.0,2127.0,2216.0,2447.0,2694.0,4209.0,,,
2010-07-09,1902.0,,,,,1940.0,2018.0,2127.0,2406.0,2601.0,4156.0,,,
2010-07-12,1840.0,,,,,1902.0,1940.0,2018.0,2351.0,2547.0,4078.0,,,
2010-07-13,1790.0,,,,,1840.0,1902.0,1940.0,2280.0,2515.0,4074.0,,,
2010-07-14,1709.0,,,,,1790.0,1840.0,1902.0,2216.0,2502.0,4041.0,,,
2010-07-15,1700.0,,,,,1709.0,1790.0,1840.0,2127.0,2501.0,3933.0,,,
2010-07-16,1720.0,,,,,1700.0,1709.0,1790.0,2018.0,2482.0,3844.0,,,
2010-07-19,1732.0,,,,,1720.0,1700.0,1709.0,1940.0,2447.0,3733.0,,,
2010-07-20,1761.0,,,,,1732.0,1720.0,1700.0,1902.0,2406.0,3579.0,,,
2010-07-21,1781.0,,,,,1761.0,1732.0,1720.0,1840.0,2351.0,3514.0,,,
2010-07-22,1801.0,,,,,1781.0,1761.0,1732.0,1790.0,2280.0,3423.0,,,
2010-07-23,1826.0,,,,,1801.0,1781.0,1761.0,1709.0,2216.0,3288.0,,,
2010-07-26,1841.0,,,,,1826.0,1801.0,1781.0,1700.0,2127.0,3115.0,,,
2010-07-27,1869.0,,,,,1841.0,1826.0,1801.0,1720.0,2018.0,3020.0,,,
2010-07-28,1901.0,,,,,1869.0,1841.0,1826.0,1732.0,1940.0,2893.0,,,
2010-07-29,1942.0,,,,,1901.0,1869.0,1841.0,1761.0,1902.0,2784.0,,,
2010-07-30,1967.0,,,,,1942.0,1901.0,1869.0,1781.0,1840.0,2694.0,,,
2010-08-02,1977.0,,,,,1967.0,1942.0,1901.0,1801.0,1790.0,2601.0,,,
2010-08-03,1964.0,,,,,1977.0,1967.0,1942.0,1826.0,1709.0,2547.0,,,
2010-08-04,1957.0,,,,,1964.0,1977.0,1967.0,1841.0,1700.0,2515.0,,,
2010-08-05,1978.0,,,,,1957.0,1964.0,1977.0,1869.0,1720.0,2502.0,,,
2010-08-06,2030.0,,,,,1978.0,1957.0,1964.0,1901.0,1732.0,2501.0,,,
2010-08-09,2114.0,,,,,2030.0,1978.0,1957.0,1942.0,1761.0,2482.0,,,
2010-08-10,2212.0,,,,,2114.0,2030.0,1978.0,1967.0,1781.0,2447.0,,,
2010-08-11,2378.0,,,,,2212.0,2114.0,2030.0,1977.0,1801.0,2406.0,,,
2010-08-12,2437.0,,,,,2378.0,2212.0,2114.0,1964.0,1826.0,2351.0,,,
2010-08-13,2468.0,,,,,2437.0,2378.0,2212.0,1957.0,1841.0,2280.0,,,
2010-08-16,2488.0,,,,,2468.0,2437.0,2378.0,1978.0,1869.0,2216.0,,,
2010-08-17,2515.0,,,,,2488.0,2468.0,2437.0,2030.0,1901.0,2127.0,,,
2010-08-18,2558.0,,,,,2515.0,2488.0,2468.0,2114.0,1942.0,2018.0,,,
2010-08-19,2644.0,,,,,2558.0,2515.0,2488.0,2212.0,1967.0,1940.0,,,
2010-08-20,2756.0,,,,,2644.0,2558.0,2515.0,2378.0,1977.0,1902.0,,,
2010-08-23,2841.0,,,,,2756.0,2644.0,2558.0,2437.0,1964.0,1840.0,,,
2010-08-24,2861.0,,,,,2841.0,2756.0,2644.0,2468.0,1957.0,1790.0,,,
2010-08-25,2773.0,,,,,2861.0,2841.0,2756.0,2488.0,1978.0,1709.0,,,
2010-08-26,2703.0,,,,,2773.0,2861.0,2841.0,2515.0,2030.0,1700.0,,,
2010-08-27,2712.0,,,,,2703.0,2773.0,2861.0,2558.0,2114.0,1720.0,,,
2010-08-31,2713.0,,,,,2712.0,2703.0,2773.0,2644.0,2212.0,1732.0,,,
2010-09-01,2741.0,,,,,2713.0,2712.0,2703.0,2756.0,2378.0,1761.0,,,
2010-09-02,2835.0,,,,,2741.0,2713.0,2712.0,2841.0,2437.0,1781.0,,,
2010-09-03,2876.0,,,,,2835.0,2741.0,2713.0,2861.0,2468.0,1801.0,,,
2010-09-06,2881.0,,,,,2876.0,2835.0,2741.0,2773.0,2488.0,1826.0,,,
2010-09-07,2918.0,,,,,2881.0,2876.0,2835.0,2703.0,2515.0,1841.0,,,
2010-09-08,2975.0,,,,,2918.0,2881.0,2876.0,2712.0,2558.0,1869.0,,,
2010-09-09,2988.0,,,,,2975.0,2918.0,2881.0,2713.0,2644.0,1901.0,,,
2010-09-10,2995.0,,,,,2988.0,2975.0,2918.0,2741.0,2756.0,1942.0,,,
2010-09-13,2976.0,,,,,2995.0,2988.0,2975.0,2835.0,2841.0,1967.0,,,
2010-09-14,2940.0,,,,,2976.0,2995.0,2988.0,2876.0,2861.0,1977.0,,,
2010-09-15,2840.0,,,,,2940.0,2976.0,2995.0,2881.0,2773.0,1964.0,,,
2010-09-16,2737.0,,,,,2840.0,2940.0,2976.0,2918.0,2703.0,1957.0,,,
2010-09-17,2676.0,,,,,2737.0,2840.0,2940.0,2975.0,2712.0,1978.0,,,
2010-09-20,2628.0,,,,,2676.0,2737.0,2840.0,2988.0,2713.0,2030.0,,,
2010-09-21,2562.0,,,,,2628.0,2676.0,2737.0,2995.0,2741.0,2114.0,,,
2010-09-22,2486.0,,,,,2562.0,2628.0,2676.0,2976.0,2835.0,2212.0,,,
2010-09-23,2461.0,,,,,2486.0,2562.0,2628.0,2940.0,2876.0,2378.0,,,
2010-09-24,2444.0,,,,,2461.0,2486.0,2562.0,2840.0,2881.0,2437.0,,,
2010-09-27,2451.0,,,,,2444.0,2461.0,2486.0,2737.0,2918.0,2468.0,,,
2010-09-28,2504.0,,,,,2451.0,2444.0,2461.0,2676.0,2975.0,2488.0,,,
2010-09-29,2468.0,,,,,2504.0,2451.0,2444.0,2628.0,2988.0,2515.0,,,
2010-09-30,2446.0,,,,,2468.0,2504.0,2451.0,2562.0,2995.0,2558.0,,,
2010-10-01,2452.0,,,,,2446.0,2468.0,2504.0,2486.0,2976.0,2644.0,,,
2010-10-04,2478.0,,,,,2452.0,2446.0,2468.0,2461.0,2940.0,2756.0,,,
2010-10-05,2569.0,,,,,2478.0,2452.0,2446.0,2444.0,2840.0,2841.0,,,
2010-10-06,2639.0,,,,,2569.0,2478.0,2452.0,2451.0,2737.0,2861.0,,,
2010-10-07,2662.0,,,,,2639.0,2569.0,2478.0,2504.0,2676.0,2773.0,,,
2010-10-08,2696.0,,,,,2662.0,2639.0,2569.0,2468.0,2628.0,2703.0,,,
2010-10-11,2695.0,,,,,2696.0,2662.0,2639.0,2446.0,2562.0,2712.0,,,
2010-10-12,2719.0,,,,,2695.0,2696.0,2662.0,2452.0,2486.0,2713.0,,,
2010-10-13,2748.0,,,,,2719.0,2695.0,2696.0,2478.0,2461.0,2741.0,,,
2010-10-14,2769.0,,,,,2748.0,2719.0,2695.0,2569.0,2444.0,2835.0,,,
2010-10-15,2762.0,,,,,2769.0,2748.0,2719.0,2639.0,2451.0,2876.0,,,
2010-10-18,2756.0,,,,,2762.0,2769.0,2748.0,2662.0,2504.0,2881.0,,,
2010-10-19,2744.0,,,,,2756.0,2762.0,2769.0,2696.0,2468.0,2918.0,,,
2010-10-20,2729.0,,,,,2744.0,2756.0,2762.0,2695.0,2446.0,2975.0,,,
2010-10-21,2720.0,,,,,2729.0,2744.0,2756.0,2719.0,2452.0,2988.0,,,
2010-10-22,2727.0,,,,,2720.0,2729.0,2744.0,2748.0,2478.0,2995.0,,,
2010-10-25,2748.0,,,,,2727.0,2720.0,2729.0,2769.0,2569.0,2976.0,,,
2010-10-26,2778.0,,,,,2748.0,2727.0,2720.0,2762.0,2639.0,2940.0,,,
2010-10-27,2784.0,,,,,2778.0,2748.0,2727.0,2756.0,2662.0,2840.0,,,
2010-10-28,2707.0,,,,,2784.0,2778.0,2748.0,2744.0,2696.0,2737.0,,,
2010-10-29,2678.0,,,,,2707.0,2784.0,2778.0,2729.0,2695.0,2676.0,,,
2010-11-01,2648.0,,,,,2678.0,2707.0,2784.0,2720.0,2719.0,2628.0,,,
2010-11-02,2600.0,,,,,2648.0,2678.0,2707.0,2727.0,2748.0,2562.0,,,
2010-11-03,2542.0,,,,,2600.0,2648.0,2678.0,2748.0,2769.0,2486.0,,,
2010-11-04,2510.0,,,,,2542.0,2600.0,2648.0,2778.0,2762.0,2461.0,,,
2010-11-05,2495.0,,,,,2510.0,2542.0,2600.0,2784.0,2756.0,2444.0,,,
2010-11-08,2482.0,,,,,2495.0,2510.0,2542.0,2707.0,2744.0,2451.0,,,
2010-11-09,2467.0,,,,,2482.0,2495.0,2510.0,2678.0,2729.0,2504.0,,,
2010-11-10,2454.0,,,,,2467.0,2482.0,2495.0,2648.0,2720.0,2468.0,,,
2010-11-11,2366.0,,,,,2454.0,2467.0,2482.0,2600.0,2727.0,2446.0,,,
2010-11-12,2313.0,,,,,2366.0,2454.0,2467.0,2542.0,2748.0,2452.0,,,
2010-11-15,2261.0,,,,,2313.0,2366.0,2454.0,2510.0,2778.0,2478.0,,,
2010-11-16,2219.0,,,,,2261.0,2313.0,2366.0,2495.0,2784.0,2569.0,,,
2010-11-17,2188.0,,,,,2219.0,2261.0,2313.0,2482.0,2707.0,2639.0,,,
2010-11-18,2164.0,,,,,2188.0,2219.0,2261.0,2467.0,2678.0,2662.0,,,
2010-11-19,2155.0,,,,,2164.0,2188.0,2219.0,2454.0,2648.0,2696.0,,,
2010-11-22,2179.0,,,,,2155.0,2164.0,2188.0,2366.0,2600.0,2695.0,,,
2010-11-23,2199.0,,,,,2179.0,2155.0,2164.0,2313.0,2542.0,2719.0,,,
2010-11-24,2213.0,,,,,2199.0,2179.0,2155.0,2261.0,2510.0,2748.0,,,
2010-11-25,2200.0,,,,,2213.0,2199.0,2179.0,2219.0,2495.0,2769.0,,,
2010-11-26,2170.0,,,,,2200.0,2213.0,2199.0,2188.0,2482.0,2762.0,,,
2010-11-29,2145.0,,,,,2170.0,2200.0,2213.0,2164.0,2467.0,2756.0,,,
2010-11-30,2099.0,,,,,2145.0,2170.0,2200.0,2155.0,2454.0,2744.0,,,
2010-12-01,2096.0,,,,,2099.0,2145.0,2170.0,2179.0,2366.0,2729.0,,,
2010-12-02,2133.0,,,,,2096.0,2099.0,2145.0,2199.0,2313.0,2720.0,,,
2010-12-03,2168.0,,,,,2133.0,2096.0,2099.0,2213.0,2261.0,2727.0,,,
2010-12-06,2179.0,,,,,2168.0,2133.0,2096.0,2200.0,2219.0,2748.0,,,
2010-12-07,2173.0,,,,,2179.0,2168.0,2133.0,2170.0,2188.0,2778.0,,,
2010-12-08,2144.0,,,,,2173.0,2179.0,2168.0,2145.0,2164.0,2784.0,,,
2010-12-09,2111.0,,,,,2144.0,2173.0,2179.0,2099.0,2155.0,2707.0,,,
2010-12-10,2095.0,,,,,2111.0,2144.0,2173.0,2096.0,2179.0,2678.0,,,
2010-12-13,2076.0,,,,,2095.0,2111.0,2144.0,2133.0,2199.0,2648.0,,,
2010-12-14,2069.0,,,,,2076.0,2095.0,2111.0,2168.0,2213.0,2600.0,,,
2010-12-15,2047.0,,,,,2069.0,2076.0,2095.0,2179.0,2200.0,2542.0,,,
2010-12-16,2028.0,,,,,2047.0,2069.0,2076.0,2173.0,2170.0,2510.0,,,
2010-12-17,1999.0,,,,,2028.0,2047.0,2069.0,2144.0,2145.0,2495.0,,,
2010-12-20,1955.0,,,,,1999.0,2028.0,2047.0,2111.0,2099.0,2482.0,,,
2010-12-21,1886.0,,,,,1955.0,1999.0,2028.0,2095.0,2096.0,2467.0,,,
2010-12-22,1830.0,,,,,1886.0,1955.0,1999.0,2076.0,2133.0,2454.0,,,
2010-12-23,1795.0,,,,,1830.0,1886.0,1955.0,2069.0,2168.0,2366.0,,,
2010-12-24,1773.0,,,,,1795.0,1830.0,1886.0,2047.0,2179.0,2313.0,,,
2011-01-04,1693.0,,,,,1773.0,1795.0,1830.0,2028.0,2173.0,2261.0,,,
2011-01-05,1621.0,,,,,1693.0,1773.0,1795.0,1999.0,2144.0,2219.0,,,
2011-01-06,1544.0,,,,,1621.0,1693.0,1773.0,1955.0,2111.0,2188.0,,,
2011-01-07,1519.0,,,,,1544.0,1621.0,1693.0,1886.0,2095.0,2164.0,,,
2011-01-10,1495.0,,,,,1519.0,1544.0,1621.0,1830.0,2076.0,2155.0,,,
2011-01-11,1480.0,,,,,1495.0,1519.0,1544.0,1795.0,2069.0,2179.0,,,
2011-01-12,1453.0,,,,,1480.0,1495.0,1519.0,1773.0,2047.0,2199.0,,,
2011-01-13,1446.0,,,,,1453.0,1480.0,1495.0,1693.0,2028.0,2213.0,,,
2011-01-14,1439.0,,,,,1446.0,1453.0,1480.0,1621.0,1999.0,2200.0,,,
2011-01-17,1439.0,,,,,1439.0,1446.0,1453.0,1544.0,1955.0,2170.0,,,
2011-01-18,1432.0,,,,,1439.0,1439.0,1446.0,1519.0,1886.0,2145.0,,,
2011-01-19,1411.0,,,,,1432.0,1439.0,1439.0,1495.0,1830.0,2099.0,,,
2011-01-20,1393.0,,,,,1411.0,1432.0,1439.0,1480.0,1795.0,2096.0,,,
2011-01-21,1370.0,,,,,1393.0,1411.0,1432.0,1453.0,1773.0,2133.0,,,
2011-01-24,1345.0,,,,,1370.0,1393.0,1411.0,1446.0,1693.0,2168.0,,,
2011-01-25,1292.0,,,,,1345.0,1370.0,1393.0,1439.0,1621.0,2179.0,,,
2011-01-26,1234.0,,,,,1292.0,1345.0,1370.0,1439.0,1544.0,2173.0,,,
2011-01-27,1186.0,,,,,1234.0,1292.0,1345.0,1432.0,1519.0,2144.0,,,
2011-01-28,1137.0,,,,,1186.0,1234.0,1292.0,1411.0,1495.0,2111.0,,,
2011-01-31,1107.0,,,,,1137.0,1186.0,1234.0,1393.0,1480.0,2095.0,,,
2011-02-01,1084.0,,,,,1107.0,1137.0,1186.0,1370.0,1453.0,2076.0,,,
2011-02-02,1064.0,,,,,1084.0,1107.0,1137.0,1345.0,1446.0,2069.0,,,
2011-02-03,1045.0,,,,,1064.0,1084.0,1107.0,1292.0,1439.0,2047.0,,,
2011-02-04,1043.0,,,,,1045.0,1064.0,1084.0,1234.0,1439.0,2028.0,,,
2011-02-07,1045.0,,,,,1043.0,1045.0,1064.0,1186.0,1432.0,1999.0,,,
2011-02-08,1064.0,,,,,1045.0,1043.0,1045.0,1137.0,1411.0,1955.0,,,
2011-02-09,1092.0,,,,,1064.0,1045.0,1043.0,1107.0,1393.0,1886.0,,,
2011-02-10,1136.0,,,,,1092.0,1064.0,1045.0,1084.0,1370.0,1830.0,,,
2011-02-11,1178.0,,,,,1136.0,1092.0,1064.0,1064.0,1345.0,1795.0,,,
2011-02-14,1206.0,,,,,1178.0,1136.0,1092.0,1045.0,1292.0,1773.0,,,
2011-02-15,1236.0,,,,,1206.0,1178.0,1136.0,1043.0,1234.0,1693.0,,,
2011-02-16,1271.0,,,,,1236.0,1206.0,1178.0,1045.0,1186.0,1621.0,,,
2011-02-17,1292.0,,,,,1271.0,1236.0,1206.0,1064.0,1137.0,1544.0,,,
2011-02-18,1301.0,,,,,1292.0,1271.0,1236.0,1092.0,1107.0,1519.0,,,
2011-02-21,1295.0,,,,,1301.0,1292.0,1271.0,1136.0,1084.0,1495.0,,,
2011-02-22,1279.0,,,,,1295.0,1301.0,1292.0,1178.0,1064.0,1480.0,,,
2011-02-23,1253.0,,,,,1279.0,1295.0,1301.0,1206.0,1045.0,1453.0,,,
2011-02-24,1242.0,,,,,1253.0,1279.0,1295.0,1236.0,1043.0,1446.0,,,
2011-02-25,1245.0,,,,,1242.0,1253.0,1279.0,1271.0,1045.0,1439.0,,,
2011-02-28,1251.0,,,,,1245.0,1242.0,1253.0,1292.0,1064.0,1439.0,,,
2011-03-01,1262.0,,,,,1251.0,1245.0,1242.0,1301.0,1092.0,1432.0,,,
2011-03-02,1281.0,,,,,1262.0,1251.0,1245.0,1295.0,1136.0,1411.0,,,
2011-03-03,1317.0,,,,,1281.0,1262.0,1251.0,1279.0,1178.0,1393.0,,,
2011-03-04,1346.0,,,,,1317.0,1281.0,1262.0,1253.0,1206.0,1370.0,,,
2011-03-07,1382.0,,,,,1346.0,1317.0,1281.0,1242.0,1236.0,1345.0,,,
2011-03-08,1424.0,,,,,1382.0,1346.0,1317.0,1245.0,1271.0,1292.0,,,
2011-03-09,1472.0,,,,,1424.0,1382.0,1346.0,1251.0,1292.0,1234.0,,,
2011-03-10,1538.0,,,,,1472.0,1424.0,1382.0,1262.0,1301.0,1186.0,,,
2011-03-11,1562.0,,,,,1538.0,1472.0,1424.0,1281.0,1295.0,1137.0,,,
2011-03-14,1559.0,,,,,1562.0,1538.0,1472.0,1317.0,1279.0,1107.0,,,
2011-03-15,1548.0,,,,,1559.0,1562.0,1538.0,1346.0,1253.0,1084.0,,,
2011-03-16,1538.0,,,,,1548.0,1559.0,1562.0,1382.0,1242.0,1064.0,,,
2011-03-17,1533.0,,,,,1538.0,1548.0,1559.0,1424.0,1245.0,1045.0,,,
2011-03-18,1531.0,,,,,1533.0,1538.0,1548.0,1472.0,1251.0,1043.0,,,
2011-03-21,1531.0,,,,,1531.0,1533.0,1538.0,1538.0,1262.0,1045.0,,,
2011-03-22,1543.0,,,,,1531.0,1531.0,1533.0,1562.0,1281.0,1064.0,,,
2011-03-23,1565.0,,,,,1543.0,1531.0,1531.0,1559.0,1317.0,1092.0,,,
2011-03-24,1583.0,,,,,1565.0,1543.0,1531.0,1548.0,1346.0,1136.0,,,
2011-03-25,1585.0,,,,,1583.0,1565.0,1543.0,1538.0,1382.0,1178.0,,,
2011-03-28,1585.0,,,,,1585.0,1583.0,1565.0,1533.0,1424.0,1206.0,,,
2011-03-29,1572.0,,,,,1585.0,1585.0,1583.0,1531.0,1472.0,1236.0,,,
2011-03-30,1545.0,,,,,1572.0,1585.0,1585.0,1531.0,1538.0,1271.0,,,
2011-03-31,1530.0,,,,,1545.0,1572.0,1585.0,1543.0,1562.0,1292.0,,,
2011-04-01,1520.0,,,,,1530.0,1545.0,1572.0,1565.0,1559.0,1301.0,,,
2011-04-04,1498.0,,,,,1520.0,1530.0,1545.0,1583.0,1548.0,1295.0,,,
2011-04-05,1462.0,,,,,1498.0,1520.0,1530.0,1585.0,1538.0,1279.0,,,
2011-04-06,1430.0,,,,,1462.0,1498.0,1520.0,1585.0,1533.0,1253.0,,,
2011-04-07,1401.0,,,,,1430.0,1462.0,1498.0,1572.0,1531.0,1242.0,,,
2011-04-08,1376.0,,,,,1401.0,1430.0,1462.0,1545.0,1531.0,1245.0,,,
2011-04-11,1359.0,,,,,1376.0,1401.0,1430.0,1530.0,1543.0,1251.0,,,
2011-04-12,1342.0,,,,,1359.0,1376.0,1401.0,1520.0,1565.0,1262.0,,,
2011-04-13,1324.0,,,,,1342.0,1359.0,1376.0,1498.0,1583.0,1281.0,,,
2011-04-14,1309.0,,,,,1324.0,1342.0,1359.0,1462.0,1585.0,1317.0,,,
2011-04-15,1296.0,,,,,1309.0,1324.0,1342.0,1430.0,1585.0,1346.0,,,
2011-04-18,1284.0,,,,,1296.0,1309.0,1324.0,1401.0,1572.0,1382.0,,,
2011-04-19,1271.0,,,,,1284.0,1296.0,1309.0,1376.0,1545.0,1424.0,,,
2011-04-20,1262.0,,,,,1271.0,1284.0,1296.0,1359.0,1530.0,1472.0,,,
2011-04-21,1254.0,,,,,1262.0,1271.0,1284.0,1342.0,1520.0,1538.0,,,
2011-04-26,1250.0,,,,,1254.0,1262.0,1271.0,1324.0,1498.0,1562.0,,,
2011-04-27,1259.0,,,,,1250.0,1254.0,1262.0,1309.0,1462.0,1559.0,,,
2011-04-28,1269.0,,,,,1259.0,1250.0,1254.0,1296.0,1430.0,1548.0,,,
2011-05-03,1292.0,,,,,1269.0,1259.0,1250.0,1284.0,1401.0,1538.0,,,
2011-05-04,1302.0,,,,,1292.0,1269.0,1259.0,1271.0,1376.0,1533.0,,,
2011-05-05,1314.0,,,,,1302.0,1292.0,1269.0,1262.0,1359.0,1531.0,,,
2011-05-06,1340.0,,,,,1314.0,1302.0,1292.0,1254.0,1342.0,1531.0,,,
2011-05-09,1348.0,,,,,1340.0,1314.0,1302.0,1250.0,1324.0,1543.0,,,
2011-05-10,1344.0,,,,,1348.0,1340.0,1314.0,1259.0,1309.0,1565.0,,,
2011-05-11,1334.0,,,,,1344.0,1348.0,1340.0,1269.0,1296.0,1583.0,,,
2011-05-12,1320.0,,,,,1334.0,1344.0,1348.0,1292.0,1284.0,1585.0,,,
2011-05-13,1306.0,,,,,1320.0,1334.0,1344.0,1302.0,1271.0,1585.0,,,
2011-05-16,1291.0,,,,,1306.0,1320.0,1334.0,1314.0,1262.0,1572.0,,,
2011-05-17,1274.0,,,,,1291.0,1306.0,1320.0,1340.0,1254.0,1545.0,,,
2011-05-18,1271.0,,,,,1274.0,1291.0,1306.0,1348.0,1250.0,1530.0,,,
2011-05-19,1329.0,,,,,1271.0,1274.0,1291.0,1344.0,1259.0,1520.0,,,
2011-05-20,1349.0,,,,,1329.0,1271.0,1274.0,1334.0,1269.0,1498.0,,,
2011-05-23,1369.0,,,,,1349.0,1329.0,1271.0,1320.0,1292.0,1462.0,,,
2011-05-24,1398.0,,,,,1369.0,1349.0,1329.0,1306.0,1302.0,1430.0,,,
2011-05-25,1446.0,,,,,1398.0,1369.0,1349.0,1291.0,1314.0,1401.0,,,
2011-05-26,1467.0,,,,,1446.0,1398.0,1369.0,1274.0,1340.0,1376.0,,,
2011-05-27,1474.0,,,,,1467.0,1446.0,1398.0,1271.0,1348.0,1359.0,,,
2011-05-31,1480.0,,,,,1474.0,1467.0,1446.0,1329.0,1344.0,1342.0,,,
2011-06-01,1485.0,,,,,1480.0,1474.0,1467.0,1349.0,1334.0,1324.0,,,
2011-06-02,1489.0,,,,,1485.0,1480.0,1474.0,1369.0,1320.0,1309.0,,,
2011-06-03,1489.0,,,,,1489.0,1485.0,1480.0,1398.0,1306.0,1296.0,,,
2011-06-06,1484.0,,,,,1489.0,1489.0,1485.0,1446.0,1291.0,1284.0,,,
2011-06-07,1456.0,,,,,1484.0,1489.0,1489.0,1467.0,1274.0,1271.0,,,
2011-06-08,1434.0,,,,,1456.0,1484.0,1489.0,1474.0,1271.0,1262.0,,,
2011-06-09,1428.0,,,,,1434.0,1456.0,1484.0,1480.0,1329.0,1254.0,,,
2011-06-10,1418.0,,,,,1428.0,1434.0,1456.0,1485.0,1349.0,1250.0,,,
2011-06-13,1412.0,,,,,1418.0,1428.0,1434.0,1489.0,1369.0,1259.0,,,
2011-06-14,1400.0,,,,,1412.0,1418.0,1428.0,1489.0,1398.0,1269.0,,,
2011-06-15,1405.0,,,,,1400.0,1412.0,1418.0,1484.0,1446.0,1292.0,,,
2011-06-16,1424.0,,,,,1405.0,1400.0,1412.0,1456.0,1467.0,1302.0,,,
2011-06-17,1423.0,,,,,1424.0,1405.0,1400.0,1434.0,1474.0,1314.0,,,
2011-06-20,1418.0,,,,,1423.0,1424.0,1405.0,1428.0,1480.0,1340.0,,,
2011-06-21,1409.0,,,,,1418.0,1423.0,1424.0,1418.0,1485.0,1348.0,,,
2011-06-22,1406.0,,,,,1409.0,1418.0,1423.0,1412.0,1489.0,1344.0,,,
2011-06-23,1414.0,,,,,1406.0,1409.0,1418.0,1400.0,1489.0,1334.0,,,
2011-06-24,1424.0,,,,,1414.0,1406.0,1409.0,1405.0,1484.0,1320.0,,,
2011-06-27,1442.0,,,,,1424.0,1414.0,1406.0,1424.0,1456.0,1306.0,,,
2011-06-28,1438.0,,,,,1442.0,1424.0,1414.0,1423.0,1434.0,1291.0,,,
2011-06-29,1420.0,,,,,1438.0,1442.0,1424.0,1418.0,1428.0,1274.0,,,
2011-06-30,1413.0,,,,,1420.0,1438.0,1442.0,1409.0,1418.0,1271.0,,,
2011-07-01,1422.0,,,,,1413.0,1420.0,1438.0,1406.0,1412.0,1329.0,,,
2011-07-04,1419.0,,,,,1422.0,1413.0,1420.0,1414.0,1400.0,1349.0,,,
2011-07-05,1428.0,,,,,1419.0,1422.0,1413.0,1424.0,1405.0,1369.0,,,
2011-07-06,1443.0,,,,,1428.0,1419.0,1422.0,1442.0,1424.0,1398.0,,,
2011-07-07,1453.0,,,,,1443.0,1428.0,1419.0,1438.0,1423.0,1446.0,,,
2011-07-08,1449.0,,,,,1453.0,1443.0,1428.0,1420.0,1418.0,1467.0,,,
2011-07-11,1437.0,,,,,1449.0,1453.0,1443.0,1413.0,1409.0,1474.0,,,
2011-07-12,1411.0,,,,,1437.0,1449.0,1453.0,1422.0,1406.0,1480.0,,,
2011-07-13,1383.0,,,,,1411.0,1437.0,1449.0,1419.0,1414.0,1485.0,,,
2011-07-14,1367.0,,,,,1383.0,1411.0,1437.0,1428.0,1424.0,1489.0,,,
2011-07-15,1353.0,,,,,1367.0,1383.0,1411.0,1443.0,1442.0,1489.0,,,
2011-07-18,1340.0,,,,,1353.0,1367.0,1383.0,1453.0,1438.0,1484.0,,,
2011-07-19,1330.0,,,,,1340.0,1353.0,1367.0,1449.0,1420.0,1456.0,,,
2011-07-20,1328.0,,,,,1330.0,1340.0,1353.0,1437.0,1413.0,1434.0,,,
2011-07-21,1325.0,,,,,1328.0,1330.0,1340.0,1411.0,1422.0,1428.0,,,
2011-07-22,1323.0,,,,,1325.0,1328.0,1330.0,1383.0,1419.0,1418.0,,,
2011-07-25,1317.0,,,,,1323.0,1325.0,1328.0,1367.0,1428.0,1412.0,,,
2011-07-26,1310.0,,,,,1317.0,1323.0,1325.0,1353.0,1443.0,1400.0,,,
2011-07-27,1296.0,,,,,1310.0,1317.0,1323.0,1340.0,1453.0,1405.0,,,
2011-07-28,1278.0,,,,,1296.0,1310.0,1317.0,1330.0,1449.0,1424.0,,,
2011-07-29,1264.0,,,,,1278.0,1296.0,1310.0,1328.0,1437.0,1423.0,,,
2011-08-01,1256.0,,,,,1264.0,1278.0,1296.0,1325.0,1411.0,1418.0,,,
2011-08-02,1253.0,,,,,1256.0,1264.0,1278.0,1323.0,1383.0,1409.0,,,
2011-08-03,1260.0,,,,,1253.0,1256.0,1264.0,1317.0,1367.0,1406.0,,,
2011-08-04,1268.0,,,,,1260.0,1253.0,1256.0,1310.0,1353.0,1414.0,,,
2011-08-05,1268.0,,,,,1268.0,1260.0,1253.0,1296.0,1340.0,1424.0,,,
2011-08-08,1264.0,,,,,1268.0,1268.0,1260.0,1278.0,1330.0,1442.0,,,
2011-08-09,1257.0,,,,,1264.0,1268.0,1268.0,1264.0,1328.0,1438.0,,,
2011-08-10,1265.0,,,,,1257.0,1264.0,1268.0,1256.0,1325.0,1420.0,,,
2011-08-11,1277.0,,,,,1265.0,1257.0,1264.0,1253.0,1323.0,1413.0,,,
2011-08-12,1287.0,,,,,1277.0,1265.0,1257.0,1260.0,1317.0,1422.0,,,
2011-08-15,1306.0,,,,,1287.0,1277.0,1265.0,1268.0,1310.0,1419.0,,,
2011-08-16,1344.0,,,,,1306.0,1287.0,1277.0,1268.0,1296.0,1428.0,,,
2011-08-17,1371.0,,,,,1344.0,1306.0,1287.0,1264.0,1278.0,1443.0,,,
2011-08-18,1414.0,,,,,1371.0,1344.0,1306.0,1257.0,1264.0,1453.0,,,
2011-08-19,1462.0,,,,,1414.0,1371.0,1344.0,1265.0,1256.0,1449.0,,,
2011-08-22,1515.0,,,,,1462.0,1414.0,1371.0,1277.0,1253.0,1437.0,,,
2011-08-23,1565.0,,,,,1515.0,1462.0,1414.0,1287.0,1260.0,1411.0,,,
2011-08-24,1602.0,,,,,1565.0,1515.0,1462.0,1306.0,1268.0,1383.0,,,
2011-08-25,1582.0,,,,,1602.0,1565.0,1515.0,1344.0,1268.0,1367.0,,,
2011-08-26,1541.0,,,,,1582.0,1602.0,1565.0,1371.0,1264.0,1353.0,,,
2011-08-30,1537.0,,,,,1541.0,1582.0,1602.0,1414.0,1257.0,1340.0,,,
2011-08-31,1619.0,,,,,1537.0,1541.0,1582.0,1462.0,1265.0,1330.0,,,
2011-09-01,1682.0,,,,,1619.0,1537.0,1541.0,1515.0,1277.0,1328.0,,,
2011-09-02,1740.0,,,,,1682.0,1619.0,1537.0,1565.0,1287.0,1325.0,,,
2011-09-05,1750.0,,,,,1740.0,1682.0,1619.0,1602.0,1306.0,1323.0,,,
2011-09-06,1767.0,,,,,1750.0,1740.0,1682.0,1582.0,1344.0,1317.0,,,
2011-09-07,1744.0,,,,,1767.0,1750.0,1740.0,1541.0,1371.0,1310.0,,,
2011-09-08,1782.0,,,,,1744.0,1767.0,1750.0,1537.0,1414.0,1296.0,,,
2011-09-09,1838.0,,,,,1782.0,1744.0,1767.0,1619.0,1462.0,1278.0,,,
2011-09-12,1876.0,,,,,1838.0,1782.0,1744.0,1682.0,1515.0,1264.0,,,
2011-09-13,1901.0,,,,,1876.0,1838.0,1782.0,1740.0,1565.0,1256.0,,,
2011-09-14,1927.0,,,,,1901.0,1876.0,1838.0,1750.0,1602.0,1253.0,,,
2011-09-15,1907.0,,,,,1927.0,1901.0,1876.0,1767.0,1582.0,1260.0,,,
2011-09-16,1814.0,,,,,1907.0,1927.0,1901.0,1744.0,1541.0,1268.0,,,
2011-09-19,1764.0,,,,,1814.0,1907.0,1927.0,1782.0,1537.0,1268.0,,,
2011-09-20,1795.0,,,,,1764.0,1814.0,1907.0,1838.0,1619.0,1264.0,,,
2011-09-21,1811.0,,,,,1795.0,1764.0,1814.0,1876.0,1682.0,1257.0,,,
2011-09-22,1884.0,,,,,1811.0,1795.0,1764.0,1901.0,1740.0,1265.0,,,
2011-09-23,1920.0,,,,,1884.0,1811.0,1795.0,1927.0,1750.0,1277.0,,,
2011-09-26,1928.0,,,,,1920.0,1884.0,1811.0,1907.0,1767.0,1287.0,,,
2011-09-27,1927.0,,,,,1928.0,1920.0,1884.0,1814.0,1744.0,1306.0,,,
2011-09-28,1920.0,,,,,1927.0,1928.0,1920.0,1764.0,1782.0,1344.0,,,
2011-09-29,1913.0,,,,,1920.0,1927.0,1928.0,1795.0,1838.0,1371.0,,,
2011-09-30,1899.0,,,,,1913.0,1920.0,1927.0,1811.0,1876.0,1414.0,,,
2011-10-03,1886.0,,,,,1899.0,1913.0,1920.0,1884.0,1901.0,1462.0,,,
2011-10-04,1885.0,,,,,1886.0,1899.0,1913.0,1920.0,1927.0,1515.0,,,
2011-10-05,1908.0,,,,,1885.0,1886.0,1899.0,1928.0,1907.0,1565.0,,,
2011-10-06,1967.0,,,,,1908.0,1885.0,1886.0,1927.0,1814.0,1602.0,,,
2011-10-07,2000.0,,,,,1967.0,1908.0,1885.0,1920.0,1764.0,1582.0,,,
2011-10-10,2032.0,,,,,2000.0,1967.0,1908.0,1913.0,1795.0,1541.0,,,
2011-10-11,2106.0,,,,,2032.0,2000.0,1967.0,1899.0,1811.0,1537.0,,,
2011-10-12,2127.0,,,,,2106.0,2032.0,2000.0,1886.0,1884.0,1619.0,,,
2011-10-13,2155.0,,,,,2127.0,2106.0,2032.0,1885.0,1920.0,1682.0,,,
2011-10-14,2173.0,,,,,2155.0,2127.0,2106.0,1908.0,1928.0,1740.0,,,
2011-10-17,2160.0,,,,,2173.0,2155.0,2127.0,1967.0,1927.0,1750.0,,,
2011-10-18,2136.0,,,,,2160.0,2173.0,2155.0,2000.0,1920.0,1767.0,,,
2011-10-19,2140.0,,,,,2136.0,2160.0,2173.0,2032.0,1913.0,1744.0,,,
2011-10-20,2161.0,,,,,2140.0,2136.0,2160.0,2106.0,1899.0,1782.0,,,
2011-10-21,2153.0,,,,,2161.0,2140.0,2136.0,2127.0,1886.0,1838.0,,,
2011-10-24,2153.0,,,,,2153.0,2161.0,2140.0,2155.0,1885.0,1876.0,,,
2011-10-25,2161.0,,,,,2153.0,2153.0,2161.0,2173.0,1908.0,1901.0,,,
2011-10-26,2145.0,,,,,2161.0,2153.0,2153.0,2160.0,1967.0,1927.0,,,
2011-10-27,2091.0,,,,,2145.0,2161.0,2153.0,2136.0,2000.0,1907.0,,,
2011-10-28,2018.0,,,,,2091.0,2145.0,2161.0,2140.0,2032.0,1814.0,,,
2011-10-31,1965.0,,,,,2018.0,2091.0,2145.0,2161.0,2106.0,1764.0,,,
2011-11-01,1912.0,,,,,1965.0,2018.0,2091.0,2153.0,2127.0,1795.0,,,
2011-11-02,1859.0,,,,,1912.0,1965.0,2018.0,2153.0,2155.0,1811.0,,,
2011-11-03,1817.0,,,,,1859.0,1912.0,1965.0,2161.0,2173.0,1884.0,,,
2011-11-04,1784.0,,,,,1817.0,1859.0,1912.0,2145.0,2160.0,1920.0,,,
2011-11-07,1766.0,,,,,1784.0,1817.0,1859.0,2091.0,2136.0,1928.0,,,
2011-11-08,1759.0,,,,,1766.0,1784.0,1817.0,2018.0,2140.0,1927.0,,,
2011-11-09,1802.0,,,,,1759.0,1766.0,1784.0,1965.0,2161.0,1920.0,,,
2011-11-10,1840.0,,,,,1802.0,1759.0,1766.0,1912.0,2153.0,1913.0,,,
2011-11-11,1835.0,,,,,1840.0,1802.0,1759.0,1859.0,2153.0,1899.0,,,
2011-11-14,1818.0,,,,,1835.0,1840.0,1802.0,1817.0,2161.0,1886.0,,,
2011-11-15,1846.0,,,,,1818.0,1835.0,1840.0,1784.0,2145.0,1885.0,,,
2011-11-16,1884.0,,,,,1846.0,1818.0,1835.0,1766.0,2091.0,1908.0,,,
2011-11-17,1898.0,,,,,1884.0,1846.0,1818.0,1759.0,2018.0,1967.0,,,
2011-11-18,1895.0,,,,,1898.0,1884.0,1846.0,1802.0,1965.0,2000.0,,,
2011-11-21,1874.0,,,,,1895.0,1898.0,1884.0,1840.0,1912.0,2032.0,,,
2011-11-22,1854.0,,,,,1874.0,1895.0,1898.0,1835.0,1859.0,2106.0,,,
2011-11-23,1830.0,,,,,1854.0,1874.0,1895.0,1818.0,1817.0,2127.0,,,
2011-11-24,1814.0,,,,,1830.0,1854.0,1874.0,1846.0,1784.0,2155.0,,,
2011-11-25,1807.0,,,,,1814.0,1830.0,1854.0,1884.0,1766.0,2173.0,,,
2011-11-28,1809.0,,,,,1807.0,1814.0,1830.0,1898.0,1759.0,2160.0,,,
2011-11-29,1828.0,,,,,1809.0,1807.0,1814.0,1895.0,1802.0,2136.0,,,
2011-11-30,1846.0,,,,,1828.0,1809.0,1807.0,1874.0,1840.0,2140.0,,,
2011-12-01,1862.0,,,,,1846.0,1828.0,1809.0,1854.0,1835.0,2161.0,,,
2011-12-02,1866.0,,,,,1862.0,1846.0,1828.0,1830.0,1818.0,2153.0,,,
2011-12-05,1856.0,,,,,1866.0,1862.0,1846.0,1814.0,1846.0,2153.0,,,
2011-12-06,1848.0,,,,,1856.0,1866.0,1862.0,1807.0,1884.0,2161.0,,,
2011-12-07,1849.0,,,,,1848.0,1856.0,1866.0,1809.0,1898.0,2145.0,,,
2011-12-08,1882.0,,,,,1849.0,1848.0,1856.0,1828.0,1895.0,2091.0,,,
2011-12-09,1922.0,,,,,1882.0,1849.0,1848.0,1846.0,1874.0,2018.0,,,
2011-12-12,1930.0,,,,,1922.0,1882.0,1849.0,1862.0,1854.0,1965.0,,,
2011-12-13,1922.0,,,,,1930.0,1922.0,1882.0,1866.0,1830.0,1912.0,,,
2011-12-14,1912.0,,,,,1922.0,1930.0,1922.0,1856.0,1814.0,1859.0,,,
2011-12-15,1889.0,,,,,1912.0,1922.0,1930.0,1848.0,1807.0,1817.0,,,
2011-12-16,1888.0,,,,,1889.0,1912.0,1922.0,1849.0,1809.0,1784.0,,,
2011-12-19,1885.0,,,,,1888.0,1889.0,1912.0,1882.0,1828.0,1766.0,,,
2011-12-20,1878.0,,,,,1885.0,1888.0,1889.0,1922.0,1846.0,1759.0,,,
2011-12-21,1856.0,,,,,1878.0,1885.0,1888.0,1930.0,1862.0,1802.0,,,
2011-12-22,1787.0,,,,,1856.0,1878.0,1885.0,1922.0,1866.0,1840.0,,,
2011-12-23,1738.0,,,,,1787.0,1856.0,1878.0,1912.0,1856.0,1835.0,,,
2012-01-03,1624.0,,,,,1738.0,1787.0,1856.0,1889.0,1848.0,1818.0,,,
2012-01-04,1552.0,,,,,1624.0,1738.0,1787.0,1888.0,1849.0,1846.0,,,
2012-01-05,1426.0,,,,,1552.0,1624.0,1738.0,1885.0,1882.0,1884.0,,,
2012-01-06,1347.0,,,,,1426.0,1552.0,1624.0,1878.0,1922.0,1898.0,,,
2012-01-09,1308.0,,,,,1347.0,1426.0,1552.0,1856.0,1930.0,1895.0,,,
2012-01-10,1258.0,,,,,1308.0,1347.0,1426.0,1787.0,1922.0,1874.0,,,
2012-01-11,1193.0,,,,,1258.0,1308.0,1347.0,1738.0,1912.0,1854.0,,,
2012-01-12,1105.0,,,,,1193.0,1258.0,1308.0,1624.0,1889.0,1830.0,,,
2012-01-13,1053.0,,,,,1105.0,1193.0,1258.0,1552.0,1888.0,1814.0,,,
2012-01-16,1013.0,,,,,1053.0,1105.0,1193.0,1426.0,1885.0,1807.0,,,
2012-01-17,974.0,,,,,1013.0,1053.0,1105.0,1347.0,1878.0,1809.0,,,
2012-01-18,926.0,,,,,974.0,1013.0,1053.0,1308.0,1856.0,1828.0,,,
2012-01-19,893.0,,,,,926.0,974.0,1013.0,1258.0,1787.0,1846.0,,,
2012-01-20,862.0,,,,,893.0,926.0,974.0,1193.0,1738.0,1862.0,,,
2012-01-23,841.0,,,,,862.0,893.0,926.0,1105.0,1624.0,1866.0,,,
2012-01-24,807.0,,,,,841.0,862.0,893.0,1053.0,1552.0,1856.0,,,
2012-01-25,784.0,,,,,807.0,841.0,862.0,1013.0,1426.0,1848.0,,,
2012-01-26,753.0,,,,,784.0,807.0,841.0,974.0,1347.0,1849.0,,,
2012-01-27,726.0,,,,,753.0,784.0,807.0,926.0,1308.0,1882.0,,,
2012-01-30,702.0,,,,,726.0,753.0,784.0,893.0,1258.0,1922.0,,,
2012-01-31,680.0,,,,,702.0,726.0,753.0,862.0,1193.0,1930.0,,,
2012-02-01,662.0,,,,,680.0,702.0,726.0,841.0,1105.0,1922.0,,,
2012-02-02,651.0,,,,,662.0,680.0,702.0,807.0,1053.0,1912.0,,,
2012-02-03,647.0,,,,,651.0,662.0,680.0,784.0,1013.0,1889.0,,,
2012-02-06,648.0,,,,,647.0,651.0,662.0,753.0,974.0,1888.0,,,
2012-02-07,660.0,,,,,648.0,647.0,651.0,726.0,926.0,1885.0,,,
2012-02-08,676.0,,,,,660.0,648.0,647.0,702.0,893.0,1878.0,,,
2012-02-09,695.0,,,,,676.0,660.0,648.0,680.0,862.0,1856.0,,,
2012-02-10,715.0,,,,,695.0,676.0,660.0,662.0,841.0,1787.0,,,
2012-02-13,729.0,,,,,715.0,695.0,676.0,651.0,807.0,1738.0,,,
2012-02-14,734.0,,,,,729.0,715.0,695.0,647.0,784.0,1624.0,,,
2012-02-15,731.0,,,,,734.0,729.0,715.0,648.0,753.0,1552.0,,,
2012-02-16,723.0,,,,,731.0,734.0,729.0,660.0,726.0,1426.0,,,
2012-02-17,717.0,,,,,723.0,731.0,734.0,676.0,702.0,1347.0,,,
2012-02-20,715.0,,,,,717.0,723.0,731.0,695.0,680.0,1308.0,,,
2012-02-21,706.0,,,,,715.0,717.0,723.0,715.0,662.0,1258.0,,,
2012-02-22,704.0,,,,,706.0,715.0,717.0,729.0,651.0,1193.0,,,
2012-02-23,706.0,,,,,704.0,706.0,715.0,734.0,647.0,1105.0,,,
2012-02-24,718.0,,,,,706.0,704.0,706.0,731.0,648.0,1053.0,,,
2012-02-27,730.0,,,,,718.0,706.0,704.0,723.0,660.0,1013.0,,,
2012-02-28,738.0,,,,,730.0,718.0,706.0,717.0,676.0,974.0,,,
2012-02-29,750.0,,,,,738.0,730.0,718.0,715.0,695.0,926.0,,,
2012-03-01,763.0,,,,,750.0,738.0,730.0,706.0,715.0,893.0,,,
2012-03-02,771.0,,,,,763.0,750.0,738.0,704.0,729.0,862.0,,,
2012-03-05,782.0,,,,,771.0,763.0,750.0,706.0,734.0,841.0,,,
2012-03-06,787.0,,,,,782.0,771.0,763.0,718.0,731.0,807.0,,,
2012-03-07,798.0,,,,,787.0,782.0,771.0,730.0,723.0,784.0,,,
2012-03-08,812.0,,,,,798.0,787.0,782.0,738.0,717.0,753.0,,,
2012-03-09,824.0,,,,,812.0,798.0,787.0,750.0,715.0,726.0,,,
2012-03-12,837.0,,,,,824.0,812.0,798.0,763.0,706.0,702.0,,,
2012-03-13,844.0,,,,,837.0,824.0,812.0,771.0,704.0,680.0,,,
2012-03-14,855.0,,,,,844.0,837.0,824.0,782.0,706.0,662.0,,,
2012-03-15,866.0,,,,,855.0,844.0,837.0,787.0,718.0,651.0,,,
2012-03-16,874.0,,,,,866.0,855.0,844.0,798.0,730.0,647.0,,,
2012-03-19,879.0,,,,,874.0,866.0,855.0,812.0,738.0,648.0,,,
2012-03-20,884.0,,,,,879.0,874.0,866.0,824.0,750.0,660.0,,,
2012-03-21,896.0,,,,,884.0,879.0,874.0,837.0,763.0,676.0,,,
2012-03-22,902.0,,,,,896.0,884.0,879.0,844.0,771.0,695.0,,,
2012-03-23,908.0,,,,,902.0,896.0,884.0,855.0,782.0,715.0,,,
2012-03-26,912.0,,,,,908.0,902.0,896.0,866.0,787.0,729.0,,,
2012-03-27,917.0,,,,,912.0,908.0,902.0,874.0,798.0,734.0,,,
2012-03-28,922.0,,,,,917.0,912.0,908.0,879.0,812.0,731.0,,,
2012-03-29,930.0,,,,,922.0,917.0,912.0,884.0,824.0,723.0,,,
2012-03-30,934.0,,,,,930.0,922.0,917.0,896.0,837.0,717.0,,,
2012-04-02,934.0,,,,,934.0,930.0,922.0,902.0,844.0,715.0,,,
2012-04-03,931.0,,,,,934.0,934.0,930.0,908.0,855.0,706.0,,,
2012-04-04,926.0,,,,,931.0,934.0,934.0,912.0,866.0,704.0,,,
2012-04-05,928.0,,,,,926.0,931.0,934.0,917.0,874.0,706.0,,,
2012-04-10,928.0,,,,,928.0,926.0,931.0,922.0,879.0,718.0,,,
2012-04-11,944.0,,,,,928.0,928.0,926.0,930.0,884.0,730.0,,,
2012-04-12,960.0,,,,,944.0,928.0,928.0,934.0,896.0,738.0,,,
2012-04-13,972.0,,,,,960.0,944.0,928.0,934.0,902.0,750.0,,,
2012-04-16,975.0,,,,,972.0,960.0,944.0,931.0,908.0,763.0,,,
2012-04-17,989.0,,,,,975.0,972.0,960.0,926.0,912.0,771.0,,,
2012-04-18,1006.0,,,,,989.0,975.0,972.0,928.0,917.0,782.0,,,
2012-04-19,1028.0,,,,,1006.0,989.0,975.0,928.0,922.0,787.0,,,
2012-04-20,1067.0,,,,,1028.0,1006.0,989.0,944.0,930.0,798.0,,,
2012-04-23,1090.0,,,,,1067.0,1028.0,1006.0,960.0,934.0,812.0,,,
2012-04-24,1116.0,,,,,1090.0,1067.0,1028.0,972.0,934.0,824.0,,,
2012-04-25,1137.0,,,,,1116.0,1090.0,1067.0,975.0,931.0,837.0,,,
2012-04-26,1148.0,,,,,1137.0,1116.0,1090.0,989.0,926.0,844.0,,,
2012-04-27,1156.0,,,,,1148.0,1137.0,1116.0,1006.0,928.0,855.0,,,
2012-04-30,1155.0,,,,,1156.0,1148.0,1137.0,1028.0,928.0,866.0,,,
2012-05-01,1152.0,,,,,1155.0,1156.0,1148.0,1067.0,944.0,874.0,,,
2012-05-02,1149.0,,,,,1152.0,1155.0,1156.0,1090.0,960.0,879.0,,,
2012-05-03,1157.0,,,,,1149.0,1152.0,1155.0,1116.0,972.0,884.0,,,
2012-05-04,1157.0,,,,,1157.0,1149.0,1152.0,1137.0,975.0,896.0,,,
2012-05-07,1157.0,,,,,1157.0,1157.0,1149.0,1148.0,989.0,902.0,,,
2012-05-08,1165.0,,,,,1157.0,1157.0,1157.0,1156.0,1006.0,908.0,,,
2012-05-09,1156.0,,,,,1165.0,1157.0,1157.0,1155.0,1028.0,912.0,,,
2012-05-10,1146.0,,,,,1156.0,1165.0,1157.0,1152.0,1067.0,917.0,,,
2012-05-11,1138.0,,,,,1146.0,1156.0,1165.0,1149.0,1090.0,922.0,,,
2012-05-14,1132.0,,,,,1138.0,1146.0,1156.0,1157.0,1116.0,930.0,,,
2012-05-15,1130.0,,,,,1132.0,1138.0,1146.0,1157.0,1137.0,934.0,,,
2012-05-16,1137.0,,,,,1130.0,1132.0,1138.0,1157.0,1148.0,934.0,,,
2012-05-17,1137.0,,,,,1137.0,1130.0,1132.0,1165.0,1156.0,931.0,,,
2012-05-18,1141.0,,,,,1137.0,1137.0,1130.0,1156.0,1155.0,926.0,,,
2012-05-21,1141.0,,,,,1141.0,1137.0,1137.0,1146.0,1152.0,928.0,,,
2012-05-22,1127.0,,,,,1141.0,1141.0,1137.0,1138.0,1149.0,928.0,,,
2012-05-23,1100.0,,,,,1127.0,1141.0,1141.0,1132.0,1157.0,944.0,,,
2012-05-24,1058.0,,,,,1100.0,1127.0,1141.0,1130.0,1157.0,960.0,,,
2012-05-25,1034.0,,,,,1058.0,1100.0,1127.0,1137.0,1157.0,972.0,,,
2012-05-28,1012.0,,,,,1034.0,1058.0,1100.0,1137.0,1165.0,975.0,,,
2012-05-29,986.0,,,,,1012.0,1034.0,1058.0,1141.0,1156.0,989.0,,,
2012-05-30,950.0,,,,,986.0,1012.0,1034.0,1141.0,1146.0,1006.0,,,
2012-05-31,923.0,,,,,950.0,986.0,1012.0,1127.0,1138.0,1028.0,,,
2012-06-01,904.0,,,,,923.0,950.0,986.0,1100.0,1132.0,1067.0,,,
2012-06-06,878.0,,,,,904.0,923.0,950.0,1058.0,1130.0,1090.0,,,
2012-06-07,872.0,,,,,878.0,904.0,923.0,1034.0,1137.0,1116.0,,,
2012-06-08,877.0,,,,,872.0,878.0,904.0,1012.0,1137.0,1137.0,,,
2012-06-11,884.0,,,,,877.0,872.0,878.0,986.0,1141.0,1148.0,,,
2012-06-12,893.0,,,,,884.0,877.0,872.0,950.0,1141.0,1156.0,,,
2012-06-13,902.0,,,,,893.0,884.0,877.0,923.0,1127.0,1155.0,,,
2012-06-14,912.0,,,,,902.0,893.0,884.0,904.0,1100.0,1152.0,,,
2012-06-15,924.0,,,,,912.0,902.0,893.0,878.0,1058.0,1149.0,,,
2012-06-18,938.0,,,,,924.0,912.0,902.0,872.0,1034.0,1157.0,,,
2012-06-19,954.0,,,,,938.0,924.0,912.0,877.0,1012.0,1157.0,,,
2012-06-20,972.0,,,,,954.0,938.0,924.0,884.0,986.0,1157.0,,,
2012-06-21,978.0,,,,,972.0,954.0,938.0,893.0,950.0,1165.0,,,
2012-06-22,978.0,,,,,978.0,972.0,954.0,902.0,923.0,1156.0,,,
2012-06-25,978.0,,,,,978.0,978.0,972.0,912.0,904.0,1146.0,,,
2012-06-26,981.0,,,,,978.0,978.0,978.0,924.0,878.0,1138.0,,,
2012-06-27,988.0,,,,,981.0,978.0,978.0,938.0,872.0,1132.0,,,
2012-06-28,994.0,,,,,988.0,981.0,978.0,954.0,877.0,1130.0,,,
2012-06-29,1004.0,,,,,994.0,988.0,981.0,972.0,884.0,1137.0,,,
2012-07-02,1013.0,,,,,1004.0,994.0,988.0,978.0,893.0,1137.0,,,
2012-07-03,1063.0,,,,,1013.0,1004.0,994.0,978.0,902.0,1141.0,,,
2012-07-04,1103.0,1369.0,1051.0,1284.0,716.0,1063.0,1013.0,1004.0,978.0,912.0,1141.0,,,
2012-07-05,1138.0,1455.0,1090.0,1293.0,715.0,1103.0,1063.0,1013.0,981.0,924.0,1127.0,1051.0,1284.0,716.0
2012-07-06,1157.0,1493.0,1129.0,1296.0,713.0,1138.0,1103.0,1063.0,988.0,938.0,1100.0,1090.0,1293.0,715.0
2012-07-09,1162.0,1501.0,1145.0,1299.0,709.0,1157.0,1138.0,1103.0,994.0,954.0,1058.0,1129.0,1296.0,713.0
2012-07-10,1160.0,1484.0,1160.0,1300.0,704.0,1162.0,1157.0,1138.0,1004.0,972.0,1034.0,1145.0,1299.0,709.0
2012-07-11,1146.0,1428.0,1175.0,1299.0,701.0,1160.0,1162.0,1157.0,1013.0,978.0,1012.0,1160.0,1300.0,704.0
2012-07-12,1121.0,1352.0,1187.0,1294.0,696.0,1146.0,1160.0,1162.0,1063.0,978.0,986.0,1175.0,1299.0,701.0
2012-07-13,1110.0,1320.0,1202.0,1287.0,692.0,1121.0,1146.0,1160.0,1103.0,978.0,950.0,1187.0,1294.0,696.0
2012-07-16,1102.0,1310.0,1209.0,1277.0,687.0,1110.0,1121.0,1146.0,1138.0,981.0,923.0,1202.0,1287.0,692.0
2012-07-17,1093.0,1301.0,1214.0,1261.0,680.0,1102.0,1110.0,1121.0,1157.0,988.0,904.0,1209.0,1277.0,687.0
2012-07-18,1074.0,1286.0,1206.0,1239.0,672.0,1093.0,1102.0,1110.0,1162.0,994.0,878.0,1214.0,1261.0,680.0
2012-07-19,1053.0,1276.0,1183.0,1212.0,666.0,1074.0,1093.0,1102.0,1160.0,1004.0,872.0,1206.0,1239.0,672.0
2012-07-20,1037.0,1276.0,1156.0,1192.0,657.0,1053.0,1074.0,1093.0,1146.0,1013.0,877.0,1183.0,1212.0,666.0
2012-07-23,1022.0,1275.0,1134.0,1173.0,647.0,1037.0,1053.0,1074.0,1121.0,1063.0,884.0,1156.0,1192.0,657.0
2012-07-24,1003.0,1261.0,1109.0,1156.0,640.0,1022.0,1037.0,1053.0,1110.0,1103.0,893.0,1134.0,1173.0,647.0
2012-07-25,982.0,1239.0,1088.0,1133.0,631.0,1003.0,1022.0,1037.0,1102.0,1138.0,902.0,1109.0,1156.0,640.0
2012-07-26,958.0,1224.0,1058.0,1099.0,617.0,982.0,1003.0,1022.0,1093.0,1157.0,912.0,1088.0,1133.0,631.0
2012-07-27,933.0,1209.0,1031.0,1069.0,602.0,958.0,982.0,1003.0,1074.0,1162.0,924.0,1058.0,1099.0,617.0
2012-07-30,915.0,1200.0,1010.0,1047.0,593.0,933.0,958.0,982.0,1053.0,1160.0,938.0,1031.0,1069.0,602.0
2012-07-31,897.0,1194.0,982.0,1032.0,580.0,915.0,933.0,958.0,1037.0,1146.0,954.0,1010.0,1047.0,593.0
2012-08-01,878.0,1181.0,954.0,1023.0,570.0,897.0,915.0,933.0,1022.0,1121.0,972.0,982.0,1032.0,580.0
2012-08-02,861.0,1178.0,931.0,1010.0,558.0,878.0,897.0,915.0,1003.0,1110.0,978.0,954.0,1023.0,570.0
2012-08-03,852.0,1200.0,910.0,995.0,552.0,861.0,878.0,897.0,982.0,1102.0,978.0,931.0,1010.0,558.0
2012-08-06,843.0,1214.0,890.0,982.0,544.0,852.0,861.0,878.0,958.0,1093.0,978.0,910.0,995.0,552.0
2012-08-07,836.0,1237.0,868.0,966.0,539.0,843.0,852.0,861.0,933.0,1074.0,981.0,890.0,982.0,544.0
2012-08-08,812.0,1204.0,840.0,946.0,538.0,836.0,843.0,852.0,915.0,1053.0,988.0,868.0,966.0,539.0
2012-08-09,790.0,1192.0,823.0,906.0,535.0,812.0,836.0,843.0,897.0,1037.0,994.0,840.0,946.0,538.0
2012-08-10,774.0,1169.0,814.0,886.0,531.0,790.0,812.0,836.0,878.0,1022.0,1004.0,823.0,906.0,535.0
2012-08-13,764.0,1158.0,804.0,877.0,523.0,774.0,790.0,812.0,861.0,1003.0,1013.0,814.0,886.0,531.0
2012-08-14,750.0,1147.0,803.0,865.0,512.0,764.0,774.0,790.0,852.0,982.0,1063.0,804.0,877.0,523.0
2012-08-15,728.0,1120.0,801.0,856.0,506.0,750.0,764.0,774.0,843.0,958.0,1103.0,803.0,865.0,512.0
2012-08-16,720.0,1105.0,801.0,847.0,502.0,728.0,750.0,764.0,836.0,933.0,1138.0,801.0,856.0,506.0
2012-08-17,714.0,1095.0,806.0,841.0,496.0,720.0,728.0,750.0,812.0,915.0,1157.0,801.0,847.0,502.0
2012-08-20,711.0,1087.0,819.0,838.0,490.0,714.0,720.0,728.0,790.0,897.0,1162.0,806.0,841.0,496.0
2012-08-21,709.0,1082.0,833.0,833.0,485.0,711.0,714.0,720.0,774.0,878.0,1160.0,819.0,838.0,490.0
2012-08-22,712.0,1091.0,843.0,833.0,481.0,709.0,711.0,714.0,764.0,861.0,1146.0,833.0,833.0,485.0
2012-08-23,715.0,1103.0,840.0,845.0,477.0,712.0,709.0,711.0,750.0,852.0,1121.0,843.0,833.0,481.0
2012-08-24,717.0,1124.0,828.0,853.0,474.0,715.0,712.0,709.0,728.0,843.0,1110.0,840.0,845.0,477.0
2012-08-27,717.0,,,,,717.0,715.0,712.0,720.0,836.0,1102.0,828.0,853.0,474.0
2012-08-28,724.0,1182.0,812.0,857.0,472.0,717.0,717.0,715.0,714.0,812.0,1093.0,,,
2012-08-29,718.0,1177.0,788.0,858.0,466.0,724.0,717.0,717.0,711.0,790.0,1074.0,812.0,857.0,472.0
2012-08-30,707.0,1169.0,758.0,855.0,463.0,718.0,724.0,717.0,709.0,774.0,1053.0,788.0,858.0,466.0
2012-08-31,703.0,1172.0,735.0,857.0,459.0,707.0,718.0,724.0,712.0,764.0,1037.0,758.0,855.0,463.0
2012-09-03,698.0,1180.0,714.0,852.0,458.0,703.0,707.0,718.0,715.0,750.0,1022.0,735.0,857.0,459.0
2012-09-04,693.0,1186.0,686.0,849.0,456.0,698.0,703.0,707.0,717.0,728.0,1003.0,714.0,852.0,458.0
2012-09-05,684.0,1188.0,647.0,845.0,455.0,693.0,698.0,703.0,717.0,720.0,982.0,686.0,849.0,456.0
2012-09-06,675.0,1186.0,617.0,837.0,457.0,684.0,693.0,698.0,724.0,714.0,958.0,647.0,845.0,455.0
2012-09-07,669.0,1186.0,599.0,832.0,458.0,675.0,684.0,693.0,718.0,711.0,933.0,617.0,837.0,457.0
2012-09-10,666.0,1188.0,582.0,827.0,461.0,669.0,675.0,684.0,707.0,709.0,915.0,599.0,832.0,458.0
2012-09-11,662.0,1187.0,566.0,821.0,466.0,666.0,669.0,675.0,703.0,712.0,897.0,582.0,827.0,461.0
2012-09-12,661.0,1186.0,545.0,825.0,471.0,662.0,666.0,669.0,698.0,715.0,878.0,566.0,821.0,466.0
2012-09-13,663.0,1198.0,527.0,828.0,475.0,661.0,662.0,666.0,693.0,717.0,861.0,545.0,825.0,471.0
2012-09-14,662.0,1204.0,502.0,834.0,477.0,663.0,661.0,662.0,684.0,717.0,852.0,527.0,828.0,475.0
2012-09-17,663.0,1219.0,483.0,839.0,479.0,662.0,663.0,661.0,675.0,724.0,843.0,502.0,834.0,477.0
2012-09-18,697.0,1326.0,474.0,843.0,480.0,663.0,662.0,663.0,669.0,718.0,836.0,483.0,839.0,479.0
2012-09-19,722.0,1421.0,468.0,845.0,480.0,697.0,663.0,662.0,666.0,707.0,812.0,474.0,843.0,480.0
2012-09-20,755.0,1531.0,468.0,850.0,482.0,722.0,697.0,663.0,662.0,703.0,790.0,468.0,845.0,480.0
2012-09-21,774.0,1584.0,467.0,847.0,484.0,755.0,722.0,697.0,661.0,698.0,774.0,468.0,850.0,482.0
2012-09-24,772.0,1578.0,461.0,847.0,486.0,774.0,755.0,722.0,663.0,693.0,764.0,467.0,847.0,484.0
2012-09-25,763.0,1568.0,441.0,847.0,483.0,772.0,774.0,755.0,662.0,684.0,750.0,461.0,847.0,486.0
2012-09-26,752.0,1549.0,426.0,844.0,479.0,763.0,772.0,774.0,663.0,675.0,728.0,441.0,847.0,483.0
2012-09-27,744.0,1548.0,418.0,836.0,476.0,752.0,763.0,772.0,697.0,669.0,720.0,426.0,844.0,479.0
2012-09-28,766.0,1621.0,425.0,830.0,472.0,744.0,752.0,763.0,722.0,666.0,714.0,418.0,836.0,476.0
2012-10-01,777.0,1660.0,439.0,825.0,467.0,766.0,744.0,752.0,755.0,662.0,711.0,425.0,830.0,472.0
2012-10-02,778.0,1676.0,463.0,818.0,454.0,777.0,766.0,744.0,774.0,661.0,709.0,439.0,825.0,467.0
2012-10-03,798.0,1738.0,496.0,810.0,448.0,778.0,777.0,766.0,772.0,663.0,712.0,463.0,818.0,454.0
2012-10-04,845.0,1873.0,544.0,802.0,445.0,798.0,778.0,777.0,763.0,662.0,715.0,496.0,810.0,448.0
2012-10-05,875.0,1932.0,598.0,795.0,444.0,845.0,798.0,778.0,752.0,663.0,717.0,544.0,802.0,445.0
2012-10-08,883.0,1921.0,647.0,791.0,444.0,875.0,845.0,798.0,744.0,697.0,717.0,598.0,795.0,444.0
2012-10-09,875.0,1829.0,712.0,789.0,442.0,883.0,875.0,845.0,766.0,722.0,724.0,647.0,791.0,444.0
2012-10-10,875.0,1775.0,784.0,787.0,442.0,875.0,883.0,875.0,777.0,755.0,718.0,712.0,789.0,442.0
2012-10-11,903.0,1833.0,843.0,783.0,444.0,875.0,875.0,883.0,778.0,774.0,707.0,784.0,787.0,442.0
2012-10-12,926.0,1914.0,871.0,776.0,444.0,903.0,875.0,875.0,798.0,772.0,703.0,843.0,783.0,444.0
2012-10-15,941.0,1960.0,885.0,768.0,444.0,926.0,903.0,875.0,845.0,763.0,698.0,871.0,776.0,444.0
2012-10-16,981.0,2103.0,904.0,754.0,443.0,941.0,926.0,903.0,875.0,752.0,693.0,885.0,768.0,444.0
2012-10-17,999.0,2162.0,904.0,746.0,443.0,981.0,941.0,926.0,883.0,744.0,684.0,904.0,754.0,443.0
2012-10-18,989.0,2135.0,895.0,740.0,444.0,999.0,981.0,941.0,875.0,766.0,675.0,904.0,746.0,443.0
2012-10-19,1010.0,2217.0,879.0,732.0,445.0,989.0,999.0,981.0,875.0,777.0,669.0,895.0,740.0,444.0
2012-10-22,1037.0,2332.0,861.0,721.0,445.0,1010.0,989.0,999.0,903.0,778.0,666.0,879.0,732.0,445.0
2012-10-23,1109.0,2587.0,843.0,716.0,442.0,1037.0,1010.0,989.0,926.0,798.0,662.0,861.0,721.0,445.0
2012-10-24,1088.0,2530.0,825.0,712.0,440.0,1109.0,1037.0,1010.0,941.0,845.0,661.0,843.0,716.0,442.0
2012-10-25,1051.0,2432.0,811.0,706.0,437.0,1088.0,1109.0,1037.0,981.0,875.0,663.0,825.0,712.0,440.0
2012-10-26,1049.0,2451.0,804.0,699.0,434.0,1051.0,1088.0,1109.0,999.0,883.0,662.0,811.0,706.0,437.0
2012-10-29,1048.0,2460.0,799.0,693.0,432.0,1049.0,1051.0,1088.0,989.0,875.0,663.0,804.0,699.0,434.0
2012-10-30,1043.0,2458.0,792.0,689.0,430.0,1048.0,1049.0,1051.0,1010.0,875.0,697.0,799.0,693.0,432.0
2012-10-31,1026.0,2419.0,782.0,678.0,429.0,1043.0,1048.0,1049.0,1037.0,903.0,722.0,792.0,689.0,430.0
2012-11-01,1000.0,2355.0,770.0,671.0,426.0,1026.0,1043.0,1048.0,1109.0,926.0,755.0,782.0,678.0,429.0
2012-11-02,986.0,2304.0,766.0,669.0,422.0,1000.0,1026.0,1043.0,1088.0,941.0,774.0,770.0,671.0,426.0
2012-11-05,971.0,2261.0,757.0,662.0,419.0,986.0,1000.0,1026.0,1051.0,981.0,772.0,766.0,669.0,422.0
2012-11-06,947.0,2186.0,747.0,654.0,416.0,971.0,986.0,1000.0,1049.0,999.0,763.0,757.0,662.0,419.0
2012-11-07,916.0,2098.0,737.0,647.0,412.0,947.0,971.0,986.0,1048.0,989.0,752.0,747.0,654.0,416.0
2012-11-08,916.0,2119.0,726.0,644.0,409.0,916.0,947.0,971.0,1043.0,1010.0,744.0,737.0,647.0,412.0
2012-11-09,940.0,2203.0,722.0,649.0,407.0,916.0,916.0,947.0,1026.0,1037.0,766.0,726.0,644.0,409.0
2012-11-12,965.0,2283.0,720.0,652.0,405.0,940.0,916.0,916.0,1000.0,1109.0,777.0,722.0,649.0,407.0
2012-11-13,985.0,2327.0,732.0,653.0,405.0,965.0,940.0,916.0,986.0,1088.0,778.0,720.0,652.0,405.0
2012-11-14,1011.0,2375.0,774.0,655.0,402.0,985.0,965.0,940.0,971.0,1051.0,798.0,732.0,653.0,405.0
2012-11-15,1024.0,2350.0,846.0,664.0,403.0,1011.0,985.0,965.0,947.0,1049.0,845.0,774.0,655.0,402.0
2012-11-16,1036.0,2347.0,886.0,674.0,405.0,1024.0,1011.0,985.0,916.0,1048.0,875.0,846.0,664.0,403.0
2012-11-19,1054.0,2369.0,902.0,687.0,407.0,1036.0,1024.0,1011.0,916.0,1043.0,883.0,886.0,674.0,405.0
2012-11-20,1066.0,2367.0,933.0,695.0,409.0,1054.0,1036.0,1024.0,940.0,1026.0,875.0,902.0,687.0,407.0
2012-11-21,1073.0,2335.0,963.0,706.0,416.0,1066.0,1054.0,1036.0,965.0,1000.0,875.0,933.0,695.0,409.0
2012-11-22,1084.0,2318.0,991.0,716.0,424.0,1073.0,1066.0,1054.0,985.0,986.0,903.0,963.0,706.0,416.0
2012-11-23,1090.0,2288.0,1013.0,724.0,431.0,1084.0,1073.0,1066.0,1011.0,971.0,926.0,991.0,716.0,424.0
2012-11-26,1094.0,2277.0,1021.0,732.0,434.0,1090.0,1084.0,1073.0,1024.0,947.0,941.0,1013.0,724.0,431.0
2012-11-27,1097.0,2275.0,1023.0,742.0,438.0,1094.0,1090.0,1084.0,1036.0,916.0,981.0,1021.0,732.0,434.0
2012-11-28,1104.0,2275.0,1009.0,751.0,442.0,1097.0,1094.0,1090.0,1054.0,916.0,999.0,1023.0,742.0,438.0
2012-11-29,1097.0,2241.0,994.0,760.0,446.0,1104.0,1097.0,1094.0,1066.0,940.0,989.0,1009.0,751.0,442.0
2012-11-30,1086.0,2199.0,980.0,766.0,448.0,1097.0,1104.0,1097.0,1073.0,965.0,1010.0,994.0,760.0,446.0
2012-12-03,1077.0,2166.0,973.0,772.0,448.0,1086.0,1097.0,1104.0,1084.0,985.0,1037.0,980.0,766.0,448.0
2012-12-04,1054.0,2095.0,962.0,771.0,447.0,1077.0,1086.0,1097.0,1090.0,1011.0,1109.0,973.0,772.0,448.0
2012-12-05,1022.0,2000.0,949.0,768.0,446.0,1054.0,1077.0,1086.0,1094.0,1024.0,1088.0,962.0,771.0,447.0
2012-12-06,990.0,1897.0,940.0,765.0,446.0,1022.0,1054.0,1077.0,1097.0,1036.0,1051.0,949.0,768.0,446.0
2012-12-07,966.0,1832.0,936.0,760.0,447.0,990.0,1022.0,1054.0,1104.0,1054.0,1049.0,940.0,765.0,446.0
2012-12-10,937.0,1762.0,928.0,751.0,447.0,966.0,990.0,1022.0,1097.0,1066.0,1048.0,936.0,760.0,447.0
2012-12-11,900.0,1652.0,914.0,751.0,447.0,937.0,966.0,990.0,1086.0,1073.0,1043.0,928.0,751.0,447.0
2012-12-12,826.0,1446.0,894.0,748.0,444.0,900.0,937.0,966.0,1077.0,1084.0,1026.0,914.0,751.0,447.0
2012-12-13,799.0,1407.0,871.0,746.0,443.0,826.0,900.0,937.0,1054.0,1090.0,1000.0,894.0,748.0,444.0
2012-12-14,784.0,1440.0,839.0,745.0,443.0,799.0,826.0,900.0,1022.0,1094.0,986.0,871.0,746.0,443.0
2012-12-17,766.0,1403.0,815.0,742.0,444.0,784.0,799.0,826.0,990.0,1097.0,971.0,839.0,745.0,443.0
2012-12-18,743.0,1315.0,793.0,738.0,444.0,766.0,784.0,799.0,966.0,1104.0,947.0,815.0,742.0,444.0
2012-12-19,720.0,1233.0,765.0,738.0,444.0,743.0,766.0,784.0,937.0,1097.0,916.0,793.0,738.0,444.0
2012-12-20,708.0,1226.0,734.0,735.0,445.0,720.0,743.0,766.0,900.0,1086.0,916.0,765.0,738.0,444.0
2012-12-21,700.0,1228.0,710.0,732.0,446.0,708.0,720.0,743.0,826.0,1077.0,940.0,734.0,735.0,445.0
2012-12-24,699.0,1235.0,699.0,,447.0,700.0,708.0,720.0,799.0,1054.0,965.0,710.0,732.0,446.0
2013-01-02,698.0,1237.0,685.0,737.0,446.0,699.0,700.0,708.0,784.0,1022.0,985.0,699.0,,447.0
2013-01-03,700.0,1254.0,675.0,739.0,447.0,698.0,699.0,700.0,766.0,990.0,1011.0,685.0,737.0,446.0
2013-01-04,706.0,1285.0,670.0,739.0,446.0,700.0,698.0,699.0,743.0,966.0,1024.0,675.0,739.0,447.0
2013-01-07,712.0,1319.0,670.0,739.0,443.0,706.0,700.0,698.0,720.0,937.0,1036.0,670.0,739.0,446.0
2013-01-08,734.0,1386.0,682.0,740.0,442.0,712.0,706.0,700.0,708.0,900.0,1054.0,670.0,739.0,443.0
2013-01-09,743.0,1384.0,717.0,741.0,443.0,734.0,712.0,706.0,700.0,826.0,1066.0,682.0,740.0,442.0
2013-01-10,751.0,1367.0,754.0,743.0,443.0,743.0,734.0,712.0,699.0,799.0,1073.0,717.0,741.0,443.0
2013-01-11,760.0,1367.0,772.0,745.0,448.0,751.0,743.0,734.0,698.0,784.0,1084.0,754.0,743.0,443.0
2013-01-14,762.0,1370.0,774.0,743.0,451.0,760.0,751.0,743.0,700.0,766.0,1090.0,772.0,745.0,448.0
2013-01-15,765.0,1365.0,768.0,740.0,454.0,762.0,760.0,751.0,706.0,743.0,1094.0,774.0,743.0,451.0
2013-01-16,781.0,1431.0,754.0,738.0,457.0,765.0,762.0,760.0,712.0,720.0,1097.0,768.0,740.0,454.0
2013-01-17,820.0,1573.0,743.0,735.0,464.0,781.0,765.0,762.0,734.0,708.0,1104.0,754.0,738.0,457.0
2013-01-18,837.0,1605.0,740.0,730.0,470.0,820.0,781.0,765.0,743.0,700.0,1097.0,743.0,735.0,464.0
2013-01-21,838.0,1604.0,736.0,728.0,474.0,837.0,820.0,781.0,751.0,699.0,1086.0,740.0,730.0,470.0
2013-01-22,825.0,1577.0,729.0,721.0,477.0,838.0,837.0,820.0,760.0,698.0,1077.0,736.0,728.0,474.0
2013-01-23,817.0,1564.0,727.0,713.0,478.0,825.0,838.0,837.0,762.0,700.0,1054.0,729.0,721.0,477.0
2013-01-24,808.0,1541.0,723.0,712.0,478.0,817.0,825.0,838.0,765.0,706.0,1022.0,727.0,713.0,478.0
2013-01-25,798.0,1520.0,718.0,711.0,475.0,808.0,817.0,825.0,781.0,712.0,990.0,723.0,712.0,478.0
2013-01-28,792.0,1507.0,713.0,710.0,472.0,798.0,808.0,817.0,820.0,734.0,966.0,718.0,711.0,475.0
2013-01-29,779.0,1491.0,703.0,695.0,467.0,792.0,798.0,808.0,837.0,743.0,937.0,713.0,710.0,472.0
2013-01-30,767.0,1477.0,690.0,688.0,461.0,779.0,792.0,798.0,838.0,751.0,900.0,703.0,695.0,467.0
2013-01-31,760.0,1468.0,677.0,684.0,455.0,767.0,779.0,792.0,825.0,760.0,826.0,690.0,688.0,461.0
2013-02-01,750.0,1454.0,664.0,682.0,449.0,760.0,767.0,779.0,817.0,762.0,799.0,677.0,684.0,455.0
2013-02-04,745.0,1461.0,653.0,681.0,444.0,750.0,760.0,767.0,808.0,765.0,784.0,664.0,682.0,449.0
2013-02-05,739.0,1466.0,651.0,677.0,438.0,745.0,750.0,760.0,798.0,781.0,766.0,653.0,681.0,444.0
2013-02-06,740.0,1484.0,657.0,674.0,431.0,739.0,745.0,750.0,792.0,820.0,743.0,651.0,677.0,438.0
2013-02-07,749.0,1481.0,695.0,671.0,425.0,740.0,739.0,745.0,779.0,837.0,720.0,657.0,674.0,431.0
2013-02-08,748.0,1461.0,723.0,669.0,421.0,749.0,740.0,739.0,767.0,838.0,708.0,695.0,671.0,425.0
2013-02-11,746.0,1453.0,737.0,666.0,418.0,748.0,749.0,740.0,760.0,825.0,700.0,723.0,669.0,421.0
2013-02-12,747.0,1448.0,749.0,668.0,417.0,746.0,748.0,749.0,750.0,817.0,699.0,737.0,666.0,418.0
2013-02-13,751.0,1448.0,782.0,664.0,414.0,747.0,746.0,748.0,745.0,808.0,698.0,749.0,668.0,417.0
2013-02-14,748.0,1429.0,808.0,667.0,412.0,751.0,747.0,746.0,739.0,798.0,700.0,782.0,664.0,414.0
2013-02-15,753.0,1434.0,832.0,672.0,412.0,748.0,751.0,747.0,740.0,792.0,706.0,808.0,667.0,412.0
2013-02-18,747.0,1408.0,845.0,679.0,411.0,753.0,748.0,751.0,749.0,779.0,712.0,832.0,672.0,412.0
2013-02-19,738.0,1377.0,859.0,687.0,411.0,747.0,753.0,748.0,748.0,767.0,734.0,845.0,679.0,411.0
2013-02-20,735.0,1355.0,875.0,695.0,410.0,738.0,747.0,753.0,746.0,760.0,743.0,859.0,687.0,411.0
2013-02-21,737.0,1344.0,892.0,705.0,411.0,735.0,738.0,747.0,747.0,750.0,751.0,875.0,695.0,410.0
2013-02-22,740.0,1335.0,909.0,717.0,412.0,737.0,735.0,738.0,751.0,745.0,760.0,892.0,705.0,411.0
2013-02-25,743.0,1323.0,922.0,724.0,414.0,740.0,737.0,735.0,748.0,739.0,762.0,909.0,717.0,412.0
2013-02-26,741.0,1291.0,939.0,734.0,419.0,743.0,740.0,737.0,753.0,740.0,765.0,922.0,724.0,414.0
2013-02-27,745.0,1264.0,961.0,745.0,426.0,741.0,743.0,740.0,747.0,749.0,781.0,939.0,734.0,419.0
2013-02-28,757.0,1249.0,990.0,764.0,436.0,745.0,741.0,743.0,738.0,748.0,820.0,961.0,745.0,426.0
2013-03-01,776.0,1243.0,1036.0,781.0,447.0,757.0,745.0,741.0,735.0,746.0,837.0,990.0,764.0,436.0
2013-03-04,789.0,1239.0,1058.0,801.0,454.0,776.0,757.0,745.0,737.0,747.0,838.0,1036.0,781.0,447.0
2013-03-05,806.0,1246.0,1080.0,818.0,466.0,789.0,776.0,757.0,740.0,751.0,825.0,1058.0,801.0,454.0
2013-03-06,820.0,1251.0,1090.0,837.0,472.0,806.0,789.0,776.0,743.0,748.0,817.0,1080.0,818.0,466.0
2013-03-07,834.0,1260.0,1112.0,852.0,478.0,820.0,806.0,789.0,741.0,753.0,808.0,1090.0,837.0,472.0
2013-03-08,843.0,1262.0,1124.0,864.0,483.0,834.0,820.0,806.0,745.0,747.0,798.0,1112.0,852.0,478.0
2013-03-11,847.0,1260.0,1128.0,876.0,485.0,843.0,834.0,820.0,757.0,738.0,792.0,1124.0,864.0,483.0
2013-03-12,865.0,1314.0,1131.0,889.0,486.0,847.0,843.0,834.0,776.0,735.0,779.0,1128.0,876.0,485.0
2013-03-13,875.0,1314.0,1138.0,903.0,490.0,865.0,847.0,843.0,789.0,737.0,767.0,1131.0,889.0,486.0
2013-03-14,880.0,1302.0,1147.0,913.0,494.0,875.0,865.0,847.0,806.0,740.0,760.0,1138.0,903.0,490.0
2013-03-15,892.0,1299.0,1162.0,925.0,506.0,880.0,875.0,865.0,820.0,743.0,750.0,1147.0,913.0,494.0
2013-03-18,899.0,1295.0,1172.0,937.0,513.0,892.0,880.0,875.0,834.0,741.0,745.0,1162.0,925.0,506.0
2013-03-19,912.0,1290.0,1184.0,950.0,522.0,899.0,892.0,880.0,843.0,745.0,739.0,1172.0,937.0,513.0
2013-03-20,923.0,1294.0,1190.0,959.0,532.0,912.0,899.0,892.0,847.0,757.0,740.0,1184.0,950.0,522.0
2013-03-21,930.0,1290.0,1202.0,968.0,539.0,923.0,912.0,899.0,865.0,776.0,749.0,1190.0,959.0,532.0
2013-03-22,933.0,1284.0,1208.0,978.0,542.0,930.0,923.0,912.0,875.0,789.0,748.0,1202.0,968.0,539.0
2013-03-25,935.0,1284.0,1210.0,981.0,543.0,933.0,930.0,923.0,880.0,806.0,746.0,1208.0,978.0,542.0
2013-03-26,931.0,1275.0,1204.0,977.0,545.0,935.0,933.0,930.0,892.0,820.0,747.0,1210.0,981.0,543.0
2013-03-27,922.0,1258.0,1191.0,965.0,547.0,931.0,935.0,933.0,899.0,834.0,751.0,1204.0,977.0,545.0
2013-03-28,910.0,1249.0,1176.0,944.0,547.0,922.0,931.0,935.0,912.0,843.0,748.0,1191.0,965.0,547.0
2013-04-02,896.0,1229.0,1155.0,933.0,543.0,910.0,922.0,931.0,923.0,847.0,753.0,1176.0,944.0,547.0
2013-04-03,877.0,1209.0,1129.0,924.0,537.0,896.0,910.0,922.0,930.0,865.0,747.0,1155.0,933.0,543.0
2013-04-04,866.0,1209.0,1106.0,915.0,529.0,877.0,896.0,910.0,933.0,875.0,738.0,1129.0,924.0,537.0
2013-04-05,861.0,1215.0,1094.0,912.0,525.0,866.0,877.0,896.0,935.0,880.0,735.0,1106.0,915.0,529.0
2013-04-08,858.0,1223.0,1084.0,907.0,523.0,861.0,866.0,877.0,931.0,892.0,737.0,1094.0,912.0,525.0
2013-04-09,856.0,1236.0,1077.0,902.0,518.0,858.0,861.0,866.0,922.0,899.0,740.0,1084.0,907.0,523.0
2013-04-10,859.0,1250.0,1080.0,900.0,518.0,856.0,858.0,861.0,910.0,912.0,743.0,1077.0,902.0,518.0
2013-04-11,865.0,1257.0,1095.0,901.0,521.0,859.0,856.0,858.0,896.0,923.0,741.0,1080.0,900.0,518.0
2013-04-12,875.0,1265.0,1112.0,902.0,526.0,865.0,859.0,856.0,877.0,930.0,745.0,1095.0,901.0,521.0
2013-04-15,876.0,1257.0,1125.0,902.0,528.0,875.0,865.0,859.0,866.0,933.0,757.0,1112.0,902.0,526.0
2013-04-16,880.0,1251.0,1143.0,900.0,531.0,876.0,875.0,865.0,861.0,935.0,776.0,1125.0,902.0,528.0
2013-04-17,885.0,1245.0,1167.0,899.0,537.0,880.0,876.0,875.0,858.0,931.0,789.0,1143.0,900.0,531.0
2013-04-18,885.0,1238.0,1180.0,898.0,538.0,885.0,880.0,876.0,856.0,922.0,806.0,1167.0,899.0,537.0
2013-04-19,888.0,1234.0,1196.0,902.0,539.0,885.0,885.0,880.0,859.0,910.0,820.0,1180.0,898.0,538.0
2013-04-22,889.0,1230.0,1202.0,902.0,540.0,888.0,885.0,885.0,865.0,896.0,834.0,1196.0,902.0,539.0
2013-04-23,885.0,1220.0,1193.0,903.0,540.0,889.0,888.0,885.0,875.0,877.0,843.0,1202.0,902.0,540.0
2013-04-24,879.0,1214.0,1165.0,905.0,543.0,885.0,889.0,888.0,876.0,866.0,847.0,1193.0,903.0,540.0
2013-04-25,872.0,1220.0,1121.0,904.0,544.0,879.0,885.0,889.0,880.0,861.0,865.0,1165.0,905.0,543.0
2013-04-26,871.0,1246.0,1082.0,900.0,545.0,872.0,879.0,885.0,885.0,858.0,875.0,1121.0,904.0,544.0
2013-04-29,868.0,1260.0,1058.0,895.0,545.0,871.0,872.0,879.0,885.0,856.0,880.0,1082.0,900.0,545.0
2013-04-30,863.0,1273.0,1028.0,888.0,544.0,868.0,871.0,872.0,888.0,859.0,892.0,1058.0,895.0,545.0
2013-05-01,862.0,1279.0,1018.0,884.0,545.0,863.0,868.0,871.0,889.0,865.0,899.0,1028.0,888.0,544.0
2013-05-02,873.0,1322.0,1010.0,880.0,546.0,862.0,863.0,868.0,885.0,875.0,912.0,1018.0,884.0,545.0
2013-05-03,878.0,1344.0,1006.0,876.0,546.0,873.0,862.0,863.0,879.0,876.0,923.0,1010.0,880.0,546.0
2013-05-07,889.0,1393.0,999.0,874.0,546.0,878.0,873.0,862.0,872.0,880.0,930.0,1006.0,876.0,546.0
2013-05-08,892.0,1408.0,995.0,872.0,548.0,889.0,878.0,873.0,871.0,885.0,933.0,999.0,874.0,546.0
2013-05-09,889.0,1398.0,995.0,869.0,551.0,892.0,889.0,878.0,868.0,885.0,935.0,995.0,872.0,548.0
2013-05-10,884.0,1382.0,994.0,866.0,551.0,889.0,892.0,889.0,863.0,888.0,931.0,995.0,869.0,551.0
2013-05-13,879.0,1370.0,993.0,861.0,553.0,884.0,889.0,892.0,862.0,889.0,922.0,994.0,866.0,551.0
2013-05-14,872.0,1360.0,988.0,857.0,555.0,879.0,884.0,889.0,873.0,885.0,910.0,993.0,861.0,553.0
2013-05-15,861.0,1338.0,974.0,854.0,555.0,872.0,879.0,884.0,878.0,879.0,896.0,988.0,857.0,555.0
2013-05-16,850.0,1334.0,951.0,853.0,554.0,861.0,872.0,879.0,889.0,872.0,877.0,974.0,854.0,555.0
2013-05-17,841.0,1326.0,930.0,851.0,553.0,850.0,861.0,872.0,892.0,871.0,866.0,951.0,853.0,554.0
2013-05-20,836.0,1317.0,917.0,852.0,555.0,841.0,850.0,861.0,889.0,868.0,861.0,930.0,851.0,553.0
2013-05-21,830.0,1321.0,899.0,851.0,554.0,836.0,841.0,850.0,884.0,863.0,858.0,917.0,852.0,555.0
2013-05-22,829.0,1333.0,880.0,853.0,552.0,830.0,836.0,841.0,879.0,862.0,856.0,899.0,851.0,554.0
2013-05-23,828.0,1339.0,863.0,855.0,551.0,829.0,830.0,836.0,872.0,873.0,859.0,880.0,853.0,552.0
2013-05-24,826.0,1350.0,854.0,857.0,546.0,828.0,829.0,830.0,861.0,878.0,865.0,863.0,855.0,551.0
2013-05-28,822.0,1346.0,838.0,858.0,545.0,826.0,828.0,829.0,850.0,889.0,875.0,854.0,857.0,546.0
2013-05-29,818.0,1348.0,821.0,859.0,543.0,822.0,826.0,828.0,841.0,892.0,876.0,838.0,858.0,545.0
2013-05-30,811.0,1339.0,806.0,865.0,537.0,818.0,822.0,826.0,836.0,889.0,880.0,821.0,859.0,543.0
2013-05-31,809.0,1336.0,795.0,871.0,533.0,811.0,818.0,822.0,830.0,884.0,885.0,806.0,865.0,537.0
2013-06-03,806.0,1333.0,786.0,873.0,529.0,809.0,811.0,818.0,829.0,879.0,885.0,795.0,871.0,533.0
2013-06-04,805.0,1338.0,776.0,877.0,526.0,806.0,809.0,811.0,828.0,872.0,888.0,786.0,873.0,529.0
2013-06-05,801.0,1335.0,768.0,880.0,521.0,805.0,806.0,809.0,826.0,861.0,889.0,776.0,877.0,526.0
2013-06-06,806.0,1344.0,764.0,885.0,521.0,801.0,805.0,806.0,822.0,850.0,885.0,768.0,880.0,521.0
2013-06-07,812.0,1352.0,764.0,889.0,524.0,806.0,801.0,805.0,818.0,841.0,879.0,764.0,885.0,521.0
2013-06-10,815.0,1359.0,766.0,890.0,525.0,812.0,806.0,801.0,811.0,836.0,872.0,764.0,889.0,524.0
2013-06-11,825.0,1379.0,777.0,892.0,525.0,815.0,812.0,806.0,809.0,830.0,871.0,766.0,890.0,525.0
2013-06-12,847.0,1427.0,808.0,895.0,525.0,825.0,815.0,812.0,806.0,829.0,868.0,777.0,892.0,525.0
2013-06-13,873.0,1484.0,833.0,895.0,528.0,847.0,825.0,815.0,805.0,828.0,863.0,808.0,895.0,525.0
2013-06-14,900.0,1537.0,859.0,900.0,533.0,873.0,847.0,825.0,801.0,826.0,862.0,833.0,895.0,528.0
2013-06-17,925.0,1588.0,878.0,900.0,539.0,900.0,873.0,847.0,806.0,822.0,873.0,859.0,900.0,533.0
2013-06-18,962.0,1674.0,892.0,903.0,544.0,925.0,900.0,873.0,812.0,818.0,878.0,878.0,900.0,539.0
2013-06-19,995.0,1757.0,909.0,909.0,547.0,962.0,925.0,900.0,815.0,811.0,889.0,892.0,903.0,544.0
2013-06-20,1012.0,1792.0,920.0,916.0,548.0,995.0,962.0,925.0,825.0,809.0,892.0,909.0,909.0,547.0
2013-06-21,1027.0,1822.0,927.0,923.0,552.0,1012.0,995.0,962.0,847.0,806.0,889.0,920.0,916.0,548.0
2013-06-24,1062.0,1912.0,937.0,930.0,552.0,1027.0,1012.0,995.0,873.0,805.0,884.0,927.0,923.0,552.0
2013-06-25,1090.0,1959.0,959.0,937.0,552.0,1062.0,1027.0,1012.0,900.0,801.0,879.0,937.0,930.0,552.0
2013-06-26,1125.0,2061.0,976.0,944.0,554.0,1090.0,1062.0,1027.0,925.0,806.0,872.0,959.0,937.0,552.0
2013-06-27,1151.0,2120.0,994.0,950.0,558.0,1125.0,1090.0,1062.0,962.0,812.0,861.0,976.0,944.0,554.0
2013-06-28,1171.0,2165.0,1007.0,954.0,564.0,1151.0,1125.0,1090.0,995.0,815.0,850.0,994.0,950.0,558.0
2013-07-01,1179.0,2176.0,1014.0,954.0,566.0,1171.0,1151.0,1125.0,1012.0,825.0,841.0,1007.0,954.0,564.0
2013-07-02,1170.0,2134.0,1016.0,952.0,569.0,1179.0,1171.0,1151.0,1027.0,847.0,836.0,1014.0,954.0,566.0
2013-07-03,1133.0,2020.0,1017.0,943.0,569.0,1170.0,1179.0,1171.0,1062.0,873.0,830.0,1016.0,952.0,569.0
2013-07-04,1103.0,1936.0,1012.0,932.0,568.0,1133.0,1170.0,1179.0,1090.0,900.0,829.0,1017.0,943.0,569.0
2013-07-05,1099.0,1929.0,1008.0,924.0,568.0,1103.0,1133.0,1170.0,1125.0,925.0,828.0,1012.0,932.0,568.0
2013-07-08,1115.0,1977.0,1002.0,920.0,568.0,1099.0,1103.0,1133.0,1151.0,962.0,826.0,1008.0,924.0,568.0
2013-07-09,1120.0,2012.0,1006.0,911.0,566.0,1115.0,1099.0,1103.0,1171.0,995.0,822.0,1002.0,920.0,568.0
2013-07-10,1130.0,2037.0,1024.0,904.0,564.0,1120.0,1115.0,1099.0,1179.0,1012.0,818.0,1006.0,911.0,566.0
2013-07-11,1139.0,2047.0,1062.0,901.0,561.0,1130.0,1120.0,1115.0,1170.0,1027.0,811.0,1024.0,904.0,564.0
2013-07-12,1149.0,2058.0,1097.0,897.0,561.0,1139.0,1130.0,1120.0,1133.0,1062.0,809.0,1062.0,901.0,561.0
2013-07-15,1151.0,2052.0,1118.0,894.0,560.0,1149.0,1139.0,1130.0,1103.0,1090.0,806.0,1097.0,897.0,561.0
2013-07-16,1152.0,2044.0,1136.0,895.0,559.0,1151.0,1149.0,1139.0,1099.0,1125.0,805.0,1118.0,894.0,560.0
2013-07-17,1151.0,2034.0,1153.0,894.0,556.0,1152.0,1151.0,1149.0,1115.0,1151.0,801.0,1136.0,895.0,559.0
2013-07-18,1146.0,2006.0,1165.0,897.0,550.0,1151.0,1152.0,1151.0,1120.0,1171.0,806.0,1153.0,894.0,556.0
2013-07-19,1138.0,1987.0,1172.0,898.0,544.0,1146.0,1151.0,1152.0,1130.0,1179.0,812.0,1165.0,897.0,550.0
2013-07-22,1135.0,1978.0,1170.0,902.0,541.0,1138.0,1146.0,1151.0,1139.0,1170.0,815.0,1172.0,898.0,544.0
2013-07-23,1127.0,1956.0,1159.0,907.0,539.0,1135.0,1138.0,1146.0,1149.0,1133.0,825.0,1170.0,902.0,541.0
2013-07-24,1117.0,1936.0,1145.0,914.0,539.0,1127.0,1135.0,1138.0,1151.0,1103.0,847.0,1159.0,907.0,539.0
2013-07-25,1092.0,1890.0,1123.0,917.0,535.0,1117.0,1127.0,1135.0,1152.0,1099.0,873.0,1145.0,914.0,539.0
2013-07-26,1082.0,1873.0,1104.0,917.0,534.0,1092.0,1117.0,1127.0,1151.0,1115.0,900.0,1123.0,917.0,535.0
2013-07-29,1075.0,1864.0,1090.0,919.0,534.0,1082.0,1092.0,1117.0,1146.0,1120.0,925.0,1104.0,917.0,534.0
2013-07-30,1067.0,1856.0,1075.0,916.0,532.0,1075.0,1082.0,1092.0,1138.0,1130.0,962.0,1090.0,919.0,534.0
2013-07-31,1062.0,1881.0,1057.0,912.0,531.0,1067.0,1075.0,1082.0,1135.0,1139.0,995.0,1075.0,916.0,532.0
2013-08-01,1066.0,1935.0,1041.0,909.0,530.0,1062.0,1067.0,1075.0,1127.0,1149.0,1012.0,1057.0,912.0,531.0
2013-08-02,1065.0,1950.0,1021.0,908.0,529.0,1066.0,1062.0,1067.0,1117.0,1151.0,1027.0,1041.0,909.0,530.0
2013-08-05,1058.0,1939.0,1009.0,908.0,527.0,1065.0,1066.0,1062.0,1092.0,1152.0,1062.0,1021.0,908.0,529.0
2013-08-06,1046.0,1907.0,992.0,907.0,526.0,1058.0,1065.0,1066.0,1082.0,1151.0,1090.0,1009.0,908.0,527.0
2013-08-07,1024.0,1853.0,977.0,911.0,525.0,1046.0,1058.0,1065.0,1075.0,1146.0,1125.0,992.0,907.0,526.0
2013-08-08,1012.0,1829.0,962.0,913.0,522.0,1024.0,1046.0,1058.0,1067.0,1138.0,1151.0,977.0,911.0,525.0
2013-08-09,1001.0,1813.0,948.0,911.0,521.0,1012.0,1024.0,1046.0,1062.0,1135.0,1171.0,962.0,913.0,522.0
2013-08-12,996.0,1805.0,940.0,910.0,518.0,1001.0,1012.0,1024.0,1066.0,1127.0,1179.0,948.0,911.0,521.0
2013-08-13,1007.0,1846.0,933.0,909.0,516.0,996.0,1001.0,1012.0,1065.0,1117.0,1170.0,940.0,910.0,518.0
2013-08-14,1060.0,2021.0,928.0,910.0,518.0,1007.0,996.0,1001.0,1058.0,1092.0,1133.0,933.0,909.0,516.0
2013-08-15,1091.0,2099.0,926.0,913.0,517.0,1060.0,1007.0,996.0,1046.0,1082.0,1103.0,928.0,910.0,518.0
2013-08-16,1102.0,2112.0,923.0,916.0,517.0,1091.0,1060.0,1007.0,1024.0,1075.0,1099.0,926.0,913.0,517.0
2013-08-19,1115.0,2140.0,917.0,917.0,519.0,1102.0,1091.0,1060.0,1012.0,1067.0,1115.0,923.0,916.0,517.0
2013-08-20,1145.0,2218.0,912.0,919.0,520.0,1115.0,1102.0,1091.0,1001.0,1062.0,1120.0,917.0,917.0,519.0
2013-08-21,1156.0,2268.0,905.0,920.0,522.0,1145.0,1115.0,1102.0,996.0,1066.0,1130.0,912.0,919.0,520.0
2013-08-22,1158.0,2284.0,904.0,925.0,525.0,1156.0,1145.0,1115.0,1007.0,1065.0,1139.0,905.0,920.0,522.0
2013-08-23,1165.0,2312.0,903.0,927.0,528.0,1158.0,1156.0,1145.0,1060.0,1058.0,1149.0,904.0,925.0,525.0
2013-08-27,1169.0,2335.0,904.0,929.0,531.0,1165.0,1158.0,1156.0,1091.0,1046.0,1151.0,903.0,927.0,528.0
2013-08-28,1146.0,2284.0,901.0,934.0,531.0,1169.0,1165.0,1158.0,1102.0,1024.0,1152.0,904.0,929.0,531.0
2013-08-29,1136.0,2256.0,904.0,937.0,530.0,1146.0,1169.0,1165.0,1115.0,1012.0,1151.0,901.0,934.0,531.0
2013-08-30,1132.0,2243.0,907.0,939.0,531.0,1136.0,1146.0,1169.0,1145.0,1001.0,1146.0,904.0,937.0,530.0
2013-09-02,1139.0,2263.0,912.0,939.0,534.0,1132.0,1136.0,1146.0,1156.0,996.0,1138.0,907.0,939.0,531.0
2013-09-03,1168.0,2344.0,921.0,939.0,534.0,1139.0,1132.0,1136.0,1158.0,1007.0,1135.0,912.0,939.0,534.0
2013-09-04,1215.0,2445.0,933.0,943.0,535.0,1168.0,1139.0,1132.0,1165.0,1060.0,1127.0,921.0,939.0,534.0
2013-09-05,1279.0,2660.0,961.0,952.0,534.0,1215.0,1168.0,1139.0,1169.0,1091.0,1117.0,933.0,943.0,535.0
2013-09-06,1352.0,2799.0,1020.0,959.0,537.0,1279.0,1215.0,1168.0,1146.0,1102.0,1092.0,961.0,952.0,534.0
2013-09-09,1478.0,3113.0,1105.0,965.0,540.0,1352.0,1279.0,1215.0,1136.0,1115.0,1082.0,1020.0,959.0,537.0
2013-09-10,1541.0,3255.0,1186.0,958.0,542.0,1478.0,1352.0,1279.0,1132.0,1145.0,1075.0,1105.0,965.0,540.0
2013-09-11,1628.0,3431.0,1241.0,954.0,543.0,1541.0,1478.0,1352.0,1139.0,1156.0,1067.0,1186.0,958.0,542.0
2013-09-12,1621.0,3397.0,1278.0,946.0,545.0,1628.0,1541.0,1478.0,1168.0,1158.0,1062.0,1241.0,954.0,543.0
2013-09-13,1636.0,3446.0,1306.0,940.0,544.0,1621.0,1628.0,1541.0,1215.0,1165.0,1066.0,1278.0,946.0,545.0
2013-09-16,1651.0,3480.0,1321.0,936.0,547.0,1636.0,1621.0,1628.0,1279.0,1169.0,1065.0,1306.0,940.0,544.0
2013-09-17,1740.0,3691.0,1349.0,934.0,548.0,1651.0,1636.0,1621.0,1352.0,1146.0,1058.0,1321.0,936.0,547.0
2013-09-18,1822.0,3838.0,1385.0,942.0,549.0,1740.0,1651.0,1636.0,1478.0,1136.0,1046.0,1349.0,934.0,548.0
2013-09-19,1860.0,3924.0,1415.0,951.0,554.0,1822.0,1740.0,1651.0,1541.0,1132.0,1024.0,1385.0,942.0,549.0
2013-09-20,1904.0,4018.0,1453.0,964.0,558.0,1860.0,1822.0,1740.0,1628.0,1139.0,1012.0,1415.0,951.0,554.0
2013-09-23,1947.0,4111.0,1509.0,971.0,561.0,1904.0,1860.0,1822.0,1621.0,1168.0,1001.0,1453.0,964.0,558.0
2013-09-24,2021.0,4253.0,1602.0,986.0,567.0,1947.0,1904.0,1860.0,1636.0,1215.0,996.0,1509.0,971.0,561.0
2013-09-25,2127.0,4329.0,1745.0,1012.0,576.0,2021.0,1947.0,1904.0,1651.0,1279.0,1007.0,1602.0,986.0,567.0
2013-09-26,2113.0,4193.0,1794.0,1046.0,585.0,2127.0,2021.0,1947.0,1740.0,1352.0,1060.0,1745.0,1012.0,576.0
2013-09-27,2046.0,3967.0,1800.0,1069.0,594.0,2113.0,2127.0,2021.0,1822.0,1478.0,1091.0,1794.0,1046.0,585.0
2013-09-30,2003.0,3853.0,1795.0,1079.0,597.0,2046.0,2113.0,2127.0,1860.0,1541.0,1102.0,1800.0,1069.0,594.0
2013-10-01,1994.0,3816.0,1786.0,1087.0,597.0,2003.0,2046.0,2113.0,1904.0,1628.0,1115.0,1795.0,1079.0,597.0
2013-10-02,2008.0,3810.0,1813.0,1093.0,599.0,1994.0,2003.0,2046.0,1947.0,1621.0,1145.0,1786.0,1087.0,597.0
2013-10-03,2047.0,3878.0,1862.0,1101.0,602.0,2008.0,1994.0,2003.0,2021.0,1636.0,1156.0,1813.0,1093.0,599.0
2013-10-04,2084.0,3943.0,1914.0,1113.0,609.0,2047.0,2008.0,1994.0,2127.0,1651.0,1158.0,1862.0,1101.0,602.0
2013-10-07,2115.0,4020.0,1947.0,1127.0,618.0,2084.0,2047.0,2008.0,2113.0,1740.0,1165.0,1914.0,1113.0,609.0
2013-10-08,2146.0,4085.0,1989.0,1145.0,622.0,2115.0,2084.0,2047.0,2046.0,1822.0,1169.0,1947.0,1127.0,618.0
2013-10-09,2125.0,3959.0,2016.0,1162.0,629.0,2146.0,2115.0,2084.0,2003.0,1860.0,1146.0,1989.0,1145.0,622.0
2013-10-10,2011.0,3621.0,2027.0,1175.0,630.0,2125.0,2146.0,2115.0,1994.0,1904.0,1136.0,2016.0,1162.0,629.0
2013-10-11,1985.0,3527.0,2024.0,1182.0,632.0,2011.0,2125.0,2146.0,2008.0,1947.0,1132.0,2027.0,1175.0,630.0
2013-10-14,1961.0,3455.0,2020.0,1185.0,634.0,1985.0,2011.0,2125.0,2047.0,2021.0,1139.0,2024.0,1182.0,632.0
2013-10-15,1963.0,3469.0,2021.0,1186.0,637.0,1961.0,1985.0,2011.0,2084.0,2127.0,1168.0,2020.0,1185.0,634.0
2013-10-16,1965.0,3478.0,2030.0,1199.0,634.0,1963.0,1961.0,1985.0,2115.0,2113.0,1215.0,2021.0,1186.0,637.0
2013-10-17,1960.0,3451.0,2059.0,1206.0,632.0,1965.0,1963.0,1961.0,2146.0,2046.0,1279.0,2030.0,1199.0,634.0
2013-10-18,1901.0,3264.0,2060.0,1213.0,634.0,1960.0,1965.0,1963.0,2125.0,2003.0,1352.0,2059.0,1206.0,632.0
2013-10-21,1878.0,3200.0,2054.0,1221.0,635.0,1901.0,1960.0,1965.0,2011.0,1994.0,1478.0,2060.0,1213.0,634.0
2013-10-22,1847.0,3110.0,2038.0,1228.0,636.0,1878.0,1901.0,1960.0,1985.0,2008.0,1541.0,2054.0,1221.0,635.0
2013-10-23,1786.0,2943.0,2010.0,1243.0,639.0,1847.0,1878.0,1901.0,1961.0,2047.0,1628.0,2038.0,1228.0,636.0
2013-10-24,1708.0,2775.0,1959.0,1252.0,644.0,1786.0,1847.0,1878.0,1963.0,2084.0,1621.0,2010.0,1243.0,639.0
2013-10-25,1671.0,2681.0,1904.0,1258.0,649.0,1708.0,1786.0,1847.0,1965.0,2115.0,1636.0,1959.0,1252.0,644.0
2013-10-28,1619.0,2526.0,1855.0,1260.0,653.0,1671.0,1708.0,1786.0,1960.0,2146.0,1651.0,1904.0,1258.0,649.0
2013-10-29,1551.0,2340.0,1790.0,1266.0,656.0,1619.0,1671.0,1708.0,1901.0,2125.0,1740.0,1855.0,1260.0,653.0
2013-10-30,1484.0,2164.0,1716.0,1268.0,660.0,1551.0,1619.0,1671.0,1878.0,2011.0,1822.0,1790.0,1266.0,656.0
2013-10-31,1504.0,2245.0,1667.0,1269.0,665.0,1484.0,1551.0,1619.0,1847.0,1985.0,1860.0,1716.0,1268.0,660.0
2013-11-01,1525.0,2316.0,1631.0,1273.0,669.0,1504.0,1484.0,1551.0,1786.0,1961.0,1904.0,1667.0,1269.0,665.0
2013-11-04,1552.0,2400.0,1612.0,1280.0,673.0,1525.0,1504.0,1484.0,1708.0,1963.0,1947.0,1631.0,1273.0,669.0
2013-11-05,1600.0,2553.0,1617.0,1285.0,678.0,1552.0,1525.0,1504.0,1671.0,1965.0,2021.0,1612.0,1280.0,673.0
2013-11-06,1602.0,2554.0,1614.0,1291.0,681.0,1600.0,1552.0,1525.0,1619.0,1960.0,2127.0,1617.0,1285.0,678.0
2013-11-07,1593.0,2533.0,1594.0,1305.0,685.0,1602.0,1600.0,1552.0,1551.0,1901.0,2113.0,1614.0,1291.0,681.0
2013-11-08,1581.0,2514.0,1565.0,1315.0,690.0,1593.0,1602.0,1600.0,1484.0,1878.0,2046.0,1594.0,1305.0,685.0
2013-11-11,1564.0,2506.0,1542.0,1320.0,692.0,1581.0,1593.0,1602.0,1504.0,1847.0,2003.0,1565.0,1315.0,690.0
2013-11-12,1543.0,2473.0,1510.0,1321.0,693.0,1564.0,1581.0,1593.0,1525.0,1786.0,1994.0,1542.0,1320.0,692.0
2013-11-13,1531.0,2455.0,1474.0,1325.0,696.0,1543.0,1564.0,1581.0,1552.0,1708.0,2008.0,1510.0,1321.0,693.0
2013-11-14,1517.0,2397.0,1438.0,1339.0,699.0,1531.0,1543.0,1564.0,1600.0,1671.0,2047.0,1474.0,1325.0,696.0
2013-11-15,1507.0,2377.0,1409.0,1354.0,703.0,1517.0,1531.0,1543.0,1602.0,1619.0,2084.0,1438.0,1339.0,699.0
2013-11-18,1500.0,2366.0,1382.0,1360.0,705.0,1507.0,1517.0,1531.0,1593.0,1551.0,2115.0,1409.0,1354.0,703.0
2013-11-19,1495.0,2366.0,1353.0,1363.0,708.0,1500.0,1507.0,1517.0,1581.0,1484.0,2146.0,1382.0,1360.0,705.0
2013-11-20,1527.0,2511.0,1346.0,1371.0,715.0,1495.0,1500.0,1507.0,1564.0,1504.0,2125.0,1353.0,1363.0,708.0
2013-11-21,1499.0,2447.0,1345.0,1378.0,721.0,1527.0,1495.0,1500.0,1543.0,1525.0,2011.0,1346.0,1371.0,715.0
2013-11-22,1483.0,2390.0,1362.0,1393.0,728.0,1499.0,1527.0,1495.0,1531.0,1552.0,1985.0,1345.0,1378.0,721.0
2013-11-25,1492.0,2391.0,1387.0,1404.0,732.0,1483.0,1499.0,1527.0,1517.0,1600.0,1961.0,1362.0,1393.0,728.0
2013-11-26,1512.0,2399.0,1427.0,1418.0,737.0,1492.0,1483.0,1499.0,1507.0,1602.0,1963.0,1387.0,1404.0,732.0
2013-11-27,1573.0,2496.0,1510.0,1441.0,745.0,1512.0,1492.0,1483.0,1500.0,1593.0,1965.0,1427.0,1418.0,737.0
2013-11-28,1719.0,2848.0,1613.0,1458.0,757.0,1573.0,1512.0,1492.0,1495.0,1581.0,1960.0,1510.0,1441.0,745.0
2013-11-29,1821.0,3089.0,1665.0,1475.0,764.0,1719.0,1573.0,1512.0,1527.0,1564.0,1901.0,1613.0,1458.0,757.0
2013-12-02,1865.0,3194.0,1695.0,1488.0,771.0,1821.0,1719.0,1573.0,1499.0,1543.0,1878.0,1665.0,1475.0,764.0
2013-12-03,1922.0,3316.0,1741.0,1507.0,776.0,1865.0,1821.0,1719.0,1483.0,1531.0,1847.0,1695.0,1488.0,771.0
2013-12-04,1994.0,3481.0,1795.0,1522.0,782.0,1922.0,1865.0,1821.0,1492.0,1517.0,1786.0,1741.0,1507.0,776.0
2013-12-05,2145.0,3843.0,1867.0,1531.0,786.0,1994.0,1922.0,1865.0,1512.0,1507.0,1708.0,1795.0,1522.0,782.0
2013-12-06,2176.0,3842.0,1923.0,1552.0,789.0,2145.0,1994.0,1922.0,1573.0,1500.0,1671.0,1867.0,1531.0,786.0
2013-12-09,2183.0,3831.0,1955.0,1557.0,792.0,2176.0,2145.0,1994.0,1719.0,1495.0,1619.0,1923.0,1552.0,789.0
2013-12-10,2237.0,4011.0,1997.0,1554.0,796.0,2183.0,2176.0,2145.0,1821.0,1527.0,1551.0,1955.0,1557.0,792.0
2013-12-11,2299.0,4210.0,2050.0,1560.0,803.0,2237.0,2183.0,2176.0,1865.0,1499.0,1484.0,1997.0,1554.0,796.0
2013-12-12,2337.0,4291.0,2085.0,1562.0,810.0,2299.0,2237.0,2183.0,1922.0,1483.0,1504.0,2050.0,1560.0,803.0
2013-12-13,2330.0,4246.0,2096.0,1553.0,814.0,2337.0,2299.0,2237.0,1994.0,1492.0,1525.0,2085.0,1562.0,810.0
2013-12-16,2292.0,4065.0,2082.0,1546.0,817.0,2330.0,2337.0,2299.0,2145.0,1512.0,1552.0,2096.0,1553.0,814.0
2013-12-17,2225.0,3818.0,2025.0,1541.0,821.0,2292.0,2330.0,2337.0,2176.0,1573.0,1600.0,2082.0,1546.0,817.0
2013-12-18,2156.0,3638.0,1946.0,1517.0,820.0,2225.0,2292.0,2330.0,2183.0,1719.0,1602.0,2025.0,1541.0,821.0
2013-12-19,2134.0,3596.0,1883.0,1499.0,818.0,2156.0,2225.0,2292.0,2237.0,1821.0,1593.0,1946.0,1517.0,820.0
2013-12-20,2208.0,3875.0,1858.0,1482.0,811.0,2134.0,2156.0,2225.0,2299.0,1865.0,1581.0,1883.0,1499.0,818.0
2013-12-23,2247.0,3996.0,1835.0,1468.0,805.0,2208.0,2134.0,2156.0,2337.0,1922.0,1564.0,1858.0,1482.0,811.0
2013-12-24,2277.0,4078.0,1825.0,1453.0,801.0,2247.0,2208.0,2134.0,2330.0,1994.0,1543.0,1835.0,1468.0,805.0
2014-01-02,2113.0,3733.0,1780.0,1330.0,773.0,2277.0,2247.0,2208.0,2292.0,2145.0,1531.0,1825.0,1453.0,801.0
2014-01-03,2036.0,3531.0,1750.0,1276.0,763.0,2113.0,2277.0,2247.0,2225.0,2176.0,1517.0,1780.0,1330.0,773.0
2014-01-06,1951.0,3287.0,1724.0,1239.0,750.0,2036.0,2113.0,2277.0,2156.0,2183.0,1507.0,1750.0,1276.0,763.0
2014-01-07,1876.0,3017.0,1692.0,1204.0,744.0,1951.0,2036.0,2113.0,2134.0,2237.0,1500.0,1724.0,1239.0,750.0
2014-01-08,1826.0,2818.0,1672.0,1191.0,741.0,1876.0,1951.0,2036.0,2208.0,2299.0,1495.0,1692.0,1204.0,744.0
2014-01-09,1706.0,2500.0,1645.0,1188.0,735.0,1826.0,1876.0,1951.0,2247.0,2337.0,1527.0,1672.0,1191.0,741.0
2014-01-10,1512.0,2101.0,1621.0,1190.0,730.0,1706.0,1826.0,1876.0,2277.0,2330.0,1499.0,1645.0,1188.0,735.0
2014-01-13,1395.0,1857.0,1598.0,1191.0,726.0,1512.0,1706.0,1826.0,2113.0,2292.0,1483.0,1621.0,1190.0,730.0
2014-01-14,1370.0,1832.0,1580.0,1189.0,725.0,1395.0,1512.0,1706.0,2036.0,2225.0,1492.0,1598.0,1191.0,726.0
2014-01-15,1374.0,1862.0,1572.0,1182.0,724.0,1370.0,1395.0,1512.0,1951.0,2156.0,1512.0,1580.0,1189.0,725.0
2014-01-16,1398.0,1929.0,1570.0,1175.0,722.0,1374.0,1370.0,1395.0,1876.0,2134.0,1573.0,1572.0,1182.0,724.0
2014-01-17,1421.0,2026.0,1564.0,1165.0,719.0,1398.0,1374.0,1370.0,1826.0,2208.0,1719.0,1570.0,1175.0,722.0
2014-01-20,1428.0,2082.0,1552.0,1154.0,719.0,1421.0,1398.0,1374.0,1706.0,2247.0,1821.0,1564.0,1165.0,719.0
2014-01-21,1369.0,1973.0,1530.0,1141.0,715.0,1428.0,1421.0,1398.0,1512.0,2277.0,1865.0,1552.0,1154.0,719.0
2014-01-22,1322.0,1880.0,1496.0,1130.0,715.0,1369.0,1428.0,1421.0,1395.0,2113.0,1922.0,1530.0,1141.0,715.0
2014-01-23,1271.0,1775.0,1468.0,1121.0,715.0,1322.0,1369.0,1428.0,1370.0,2036.0,1994.0,1496.0,1130.0,715.0
2014-01-24,1246.0,1723.0,1437.0,1112.0,712.0,1271.0,1322.0,1369.0,1374.0,1951.0,2145.0,1468.0,1121.0,715.0
2014-01-27,1217.0,1673.0,1413.0,1098.0,708.0,1246.0,1271.0,1322.0,1398.0,1876.0,2176.0,1437.0,1112.0,712.0
2014-01-28,1177.0,1577.0,1387.0,1079.0,705.0,1217.0,1246.0,1271.0,1421.0,1826.0,2183.0,1413.0,1098.0,708.0
2014-01-29,1148.0,1531.0,1369.0,1056.0,700.0,1177.0,1217.0,1246.0,1428.0,1706.0,2237.0,1387.0,1079.0,705.0
2014-01-30,1127.0,1527.0,1347.0,1018.0,691.0,1148.0,1177.0,1217.0,1369.0,1512.0,2299.0,1369.0,1056.0,700.0
2014-01-31,1110.0,1524.0,1337.0,996.0,684.0,1127.0,1148.0,1177.0,1322.0,1395.0,2337.0,1347.0,1018.0,691.0
2014-02-03,1093.0,1516.0,1326.0,975.0,682.0,1110.0,1127.0,1148.0,1271.0,1370.0,2330.0,1337.0,996.0,684.0
2014-02-04,1084.0,1513.0,1313.0,961.0,681.0,1093.0,1110.0,1127.0,1246.0,1374.0,2292.0,1326.0,975.0,682.0
2014-02-05,1086.0,1544.0,1307.0,948.0,677.0,1084.0,1093.0,1110.0,1217.0,1398.0,2225.0,1313.0,961.0,681.0
2014-02-06,1092.0,1575.0,1307.0,937.0,676.0,1086.0,1084.0,1093.0,1177.0,1421.0,2156.0,1307.0,948.0,677.0
2014-02-07,1091.0,1588.0,1304.0,929.0,674.0,1092.0,1086.0,1084.0,1148.0,1428.0,2134.0,1307.0,937.0,676.0
2014-02-10,1096.0,1611.0,1305.0,929.0,669.0,1091.0,1092.0,1086.0,1127.0,1369.0,2208.0,1304.0,929.0,674.0
2014-02-11,1091.0,1581.0,1322.0,928.0,667.0,1096.0,1091.0,1092.0,1110.0,1322.0,2247.0,1305.0,929.0,669.0
2014-02-12,1085.0,1548.0,1324.0,938.0,665.0,1091.0,1096.0,1091.0,1093.0,1271.0,2277.0,1322.0,928.0,667.0
2014-02-13,1097.0,1557.0,1313.0,965.0,668.0,1085.0,1091.0,1096.0,1084.0,1246.0,2113.0,1324.0,938.0,665.0
2014-02-14,1106.0,1554.0,1311.0,998.0,671.0,1097.0,1085.0,1091.0,1086.0,1217.0,2036.0,1313.0,965.0,668.0
2014-02-17,1130.0,1625.0,1308.0,1026.0,676.0,1106.0,1097.0,1085.0,1092.0,1177.0,1951.0,1311.0,998.0,671.0
2014-02-18,1146.0,1667.0,1298.0,1049.0,677.0,1130.0,1106.0,1097.0,1091.0,1148.0,1876.0,1308.0,1026.0,676.0
2014-02-19,1160.0,1690.0,1282.0,1068.0,678.0,1146.0,1130.0,1106.0,1096.0,1127.0,1826.0,1298.0,1049.0,677.0
2014-02-20,1164.0,1680.0,1261.0,1087.0,676.0,1160.0,1146.0,1130.0,1091.0,1110.0,1706.0,1282.0,1068.0,678.0
2014-02-21,1175.0,1701.0,1244.0,1098.0,677.0,1164.0,1160.0,1146.0,1085.0,1093.0,1512.0,1261.0,1087.0,676.0
2014-02-24,1174.0,1707.0,1222.0,1096.0,679.0,1175.0,1164.0,1160.0,1097.0,1084.0,1395.0,1244.0,1098.0,677.0
2014-02-25,1197.0,1775.0,1187.0,1096.0,679.0,1174.0,1175.0,1164.0,1106.0,1086.0,1370.0,1222.0,1096.0,679.0
2014-02-26,1222.0,1912.0,1154.0,1097.0,674.0,1197.0,1174.0,1175.0,1130.0,1092.0,1374.0,1187.0,1096.0,679.0
2014-02-27,1250.0,2049.0,1123.0,1100.0,673.0,1222.0,1197.0,1174.0,1146.0,1091.0,1398.0,1154.0,1097.0,674.0
2014-02-28,1258.0,2084.0,1099.0,1103.0,669.0,1250.0,1222.0,1197.0,1160.0,1096.0,1421.0,1123.0,1100.0,673.0
2014-03-03,1276.0,2180.0,1080.0,1107.0,666.0,1258.0,1250.0,1222.0,1164.0,1091.0,1428.0,1099.0,1103.0,669.0
2014-03-04,1325.0,2326.0,1062.0,1115.0,662.0,1276.0,1258.0,1250.0,1175.0,1085.0,1369.0,1080.0,1107.0,666.0
2014-03-05,1391.0,2596.0,1053.0,1116.0,661.0,1325.0,1276.0,1258.0,1174.0,1097.0,1322.0,1062.0,1115.0,662.0
2014-03-06,1480.0,2830.0,1056.0,1122.0,663.0,1391.0,1325.0,1276.0,1197.0,1106.0,1271.0,1053.0,1116.0,661.0
2014-03-07,1543.0,2980.0,1075.0,1131.0,663.0,1480.0,1391.0,1325.0,1222.0,1130.0,1246.0,1056.0,1122.0,663.0
2014-03-10,1562.0,3023.0,1088.0,1137.0,663.0,1543.0,1480.0,1391.0,1250.0,1146.0,1217.0,1075.0,1131.0,663.0
2014-03-11,1580.0,3045.0,1104.0,1149.0,666.0,1562.0,1543.0,1480.0,1258.0,1160.0,1177.0,1088.0,1137.0,663.0
2014-03-12,1453.0,2600.0,1102.0,1159.0,668.0,1580.0,1562.0,1543.0,1276.0,1164.0,1148.0,1104.0,1149.0,666.0
2014-03-13,1468.0,2654.0,1106.0,1173.0,668.0,1453.0,1580.0,1562.0,1325.0,1175.0,1127.0,1102.0,1159.0,668.0
2014-03-14,1477.0,2677.0,1113.0,1183.0,671.0,1468.0,1453.0,1580.0,1391.0,1174.0,1110.0,1106.0,1173.0,668.0
2014-03-17,1481.0,2691.0,1116.0,1191.0,671.0,1477.0,1468.0,1453.0,1480.0,1197.0,1093.0,1113.0,1183.0,671.0
2014-03-18,1518.0,2818.0,1118.0,1198.0,668.0,1481.0,1477.0,1468.0,1543.0,1222.0,1084.0,1116.0,1191.0,671.0
2014-03-19,1570.0,2982.0,1120.0,1200.0,667.0,1518.0,1481.0,1477.0,1562.0,1250.0,1086.0,1118.0,1198.0,668.0
2014-03-20,1621.0,3129.0,1120.0,1205.0,671.0,1570.0,1518.0,1481.0,1580.0,1258.0,1092.0,1120.0,1200.0,667.0
2014-03-21,1599.0,3036.0,1112.0,1209.0,674.0,1621.0,1570.0,1518.0,1453.0,1276.0,1091.0,1120.0,1205.0,671.0
2014-03-24,1602.0,3055.0,1107.0,1207.0,676.0,1599.0,1621.0,1570.0,1468.0,1325.0,1096.0,1112.0,1209.0,674.0
2014-03-25,1578.0,2993.0,1088.0,1201.0,676.0,1602.0,1599.0,1621.0,1477.0,1391.0,1091.0,1107.0,1207.0,676.0
2014-03-26,1496.0,2761.0,1062.0,1180.0,672.0,1578.0,1602.0,1599.0,1481.0,1480.0,1085.0,1088.0,1201.0,676.0
2014-03-27,1412.0,2579.0,1018.0,1139.0,659.0,1496.0,1578.0,1602.0,1518.0,1543.0,1097.0,1062.0,1180.0,672.0
2014-03-28,1373.0,2557.0,978.0,1115.0,649.0,1412.0,1496.0,1578.0,1570.0,1562.0,1106.0,1018.0,1139.0,659.0
2014-03-31,1362.0,2573.0,942.0,1090.0,642.0,1373.0,1412.0,1496.0,1621.0,1580.0,1130.0,978.0,1115.0,649.0
2014-04-01,1316.0,2505.0,897.0,1068.0,632.0,1362.0,1373.0,1412.0,1599.0,1453.0,1146.0,942.0,1090.0,642.0
2014-04-02,1273.0,2418.0,867.0,1047.0,621.0,1316.0,1362.0,1373.0,1602.0,1468.0,1160.0,897.0,1068.0,632.0
2014-04-03,1235.0,2343.0,836.0,1025.0,610.0,1273.0,1316.0,1362.0,1578.0,1477.0,1164.0,867.0,1047.0,621.0
2014-04-04,1205.0,2306.0,822.0,1003.0,598.0,1235.0,1273.0,1316.0,1496.0,1481.0,1175.0,836.0,1025.0,610.0
2014-04-07,1186.0,2293.0,812.0,982.0,588.0,1205.0,1235.0,1273.0,1412.0,1518.0,1174.0,822.0,1003.0,598.0
2014-04-08,1098.0,2029.0,801.0,965.0,580.0,1186.0,1205.0,1235.0,1373.0,1570.0,1197.0,812.0,982.0,588.0
2014-04-09,1061.0,1946.0,794.0,949.0,571.0,1098.0,1186.0,1205.0,1362.0,1621.0,1222.0,801.0,965.0,580.0
2014-04-10,1029.0,1865.0,787.0,936.0,562.0,1061.0,1098.0,1186.0,1316.0,1599.0,1250.0,794.0,949.0,571.0
2014-04-11,1002.0,1789.0,782.0,927.0,556.0,1029.0,1061.0,1098.0,1273.0,1602.0,1258.0,787.0,936.0,562.0
2014-04-14,989.0,1765.0,778.0,921.0,549.0,1002.0,1029.0,1061.0,1235.0,1578.0,1276.0,782.0,927.0,556.0
2014-04-15,970.0,1724.0,777.0,916.0,543.0,989.0,1002.0,1029.0,1205.0,1496.0,1325.0,778.0,921.0,549.0
2014-04-16,936.0,1613.0,792.0,909.0,536.0,970.0,989.0,1002.0,1186.0,1412.0,1391.0,777.0,916.0,543.0
2014-04-17,930.0,1591.0,812.0,908.0,533.0,936.0,970.0,989.0,1098.0,1373.0,1480.0,792.0,909.0,536.0
2014-04-22,939.0,1616.0,828.0,909.0,528.0,930.0,936.0,970.0,1061.0,1362.0,1543.0,812.0,908.0,533.0
2014-04-23,956.0,1674.0,840.0,911.0,524.0,939.0,930.0,936.0,1029.0,1316.0,1562.0,828.0,909.0,528.0
2014-04-24,962.0,1692.0,852.0,909.0,520.0,956.0,939.0,930.0,1002.0,1273.0,1580.0,840.0,911.0,524.0
2014-04-25,967.0,1696.0,864.0,912.0,517.0,962.0,956.0,939.0,989.0,1235.0,1453.0,852.0,909.0,520.0
2014-04-28,961.0,1668.0,868.0,916.0,517.0,967.0,962.0,956.0,970.0,1205.0,1468.0,864.0,912.0,517.0
2014-04-29,949.0,1613.0,872.0,922.0,515.0,961.0,967.0,962.0,936.0,1186.0,1477.0,868.0,916.0,517.0
2014-04-30,943.0,1600.0,871.0,919.0,513.0,949.0,961.0,967.0,930.0,1098.0,1481.0,872.0,922.0,515.0
2014-05-01,993.0,1716.0,871.0,915.0,514.0,943.0,949.0,961.0,939.0,1061.0,1518.0,871.0,919.0,513.0
2014-05-02,1017.0,1829.0,865.0,915.0,510.0,993.0,943.0,949.0,956.0,1029.0,1570.0,871.0,915.0,514.0
2014-05-05,1017.0,,,,,1017.0,993.0,943.0,962.0,1002.0,1621.0,865.0,915.0,510.0
2014-05-06,1022.0,1691.0,866.0,917.0,510.0,1017.0,1017.0,993.0,967.0,989.0,1599.0,,,
2014-05-07,1022.0,1681.0,869.0,920.0,509.0,1022.0,1017.0,1017.0,961.0,970.0,1602.0,866.0,917.0,510.0
2014-05-08,1008.0,1613.0,879.0,918.0,508.0,1022.0,1022.0,1017.0,949.0,936.0,1578.0,869.0,920.0,509.0
2014-05-09,997.0,1541.0,898.0,909.0,506.0,1008.0,1022.0,1022.0,943.0,930.0,1496.0,879.0,918.0,508.0
2014-05-12,987.0,1483.0,910.0,905.0,504.0,997.0,1008.0,1022.0,993.0,939.0,1412.0,898.0,909.0,506.0
2014-05-13,982.0,1453.0,933.0,904.0,502.0,987.0,997.0,1008.0,1017.0,956.0,1373.0,910.0,905.0,504.0
2014-05-14,1002.0,1496.0,969.0,904.0,497.0,982.0,987.0,997.0,1017.0,962.0,1362.0,933.0,904.0,502.0
2014-05-15,1021.0,1546.0,1016.0,901.0,490.0,1002.0,982.0,987.0,1022.0,967.0,1316.0,969.0,904.0,497.0
2014-05-16,1027.0,1530.0,1041.0,899.0,485.0,1021.0,1002.0,982.0,1022.0,961.0,1273.0,1016.0,901.0,490.0
2014-05-19,1022.0,1494.0,1054.0,896.0,483.0,1027.0,1021.0,1002.0,1008.0,949.0,1235.0,1041.0,899.0,485.0
2014-05-20,1010.0,1431.0,1061.0,891.0,482.0,1022.0,1027.0,1021.0,997.0,943.0,1205.0,1054.0,896.0,483.0
2014-05-21,988.0,1354.0,1056.0,884.0,480.0,1010.0,1022.0,1027.0,987.0,993.0,1186.0,1061.0,891.0,482.0
2014-05-22,966.0,1302.0,1028.0,872.0,480.0,988.0,1010.0,1022.0,982.0,1017.0,1098.0,1056.0,884.0,480.0
2014-05-23,964.0,1358.0,1001.0,866.0,480.0,966.0,988.0,1010.0,1002.0,1017.0,1061.0,1028.0,872.0,480.0
2014-05-27,973.0,1457.0,971.0,855.0,481.0,964.0,966.0,988.0,1021.0,1022.0,1029.0,1001.0,866.0,480.0
2014-05-28,954.0,1405.0,940.0,846.0,481.0,973.0,964.0,966.0,1027.0,1022.0,1002.0,971.0,855.0,481.0
2014-05-29,940.0,1379.0,904.0,839.0,484.0,954.0,973.0,964.0,1022.0,1008.0,989.0,940.0,846.0,481.0
2014-05-30,934.0,1395.0,872.0,830.0,485.0,940.0,954.0,973.0,1010.0,997.0,970.0,904.0,839.0,484.0
2014-06-02,934.0,1429.0,846.0,829.0,485.0,934.0,940.0,954.0,988.0,987.0,936.0,872.0,830.0,485.0
2014-06-03,948.0,1545.0,816.0,829.0,485.0,934.0,934.0,940.0,966.0,982.0,930.0,846.0,829.0,485.0
2014-06-04,959.0,1604.0,786.0,821.0,484.0,948.0,934.0,934.0,964.0,1002.0,939.0,816.0,829.0,485.0
2014-06-05,977.0,1689.0,758.0,811.0,482.0,959.0,948.0,934.0,973.0,1021.0,956.0,786.0,821.0,484.0
2014-06-06,989.0,1793.0,727.0,802.0,481.0,977.0,959.0,948.0,954.0,1027.0,962.0,758.0,811.0,482.0
2014-06-09,999.0,1846.0,713.0,797.0,478.0,989.0,977.0,959.0,940.0,1022.0,967.0,727.0,802.0,481.0
2014-06-10,1004.0,1903.0,699.0,787.0,475.0,999.0,989.0,977.0,934.0,1010.0,961.0,713.0,797.0,478.0
2014-06-11,973.0,1864.0,678.0,774.0,469.0,1004.0,999.0,989.0,934.0,988.0,949.0,699.0,787.0,475.0
2014-06-12,939.0,1792.0,635.0,760.0,465.0,973.0,1004.0,999.0,948.0,966.0,943.0,678.0,774.0,469.0
2014-06-13,906.0,1730.0,582.0,748.0,459.0,939.0,973.0,1004.0,959.0,964.0,993.0,635.0,760.0,465.0
2014-06-16,880.0,1695.0,542.0,740.0,450.0,906.0,939.0,973.0,977.0,973.0,1017.0,582.0,748.0,459.0
2014-06-17,858.0,1676.0,514.0,724.0,446.0,880.0,906.0,939.0,989.0,954.0,1017.0,542.0,740.0,450.0
2014-06-18,867.0,1767.0,492.0,715.0,443.0,858.0,880.0,906.0,999.0,940.0,1022.0,514.0,724.0,446.0
2014-06-19,902.0,1919.0,474.0,708.0,442.0,867.0,858.0,880.0,1004.0,934.0,1022.0,492.0,715.0,443.0
2014-06-20,904.0,1950.0,461.0,704.0,441.0,902.0,867.0,858.0,973.0,934.0,1008.0,474.0,708.0,442.0
2014-06-23,886.0,1896.0,452.0,701.0,440.0,904.0,902.0,867.0,939.0,948.0,997.0,461.0,704.0,441.0
2014-06-24,867.0,1848.0,446.0,694.0,438.0,886.0,904.0,902.0,906.0,959.0,987.0,452.0,701.0,440.0
2014-06-25,846.0,1799.0,433.0,687.0,433.0,867.0,886.0,904.0,880.0,977.0,982.0,446.0,694.0,438.0
2014-06-26,824.0,1748.0,423.0,679.0,427.0,846.0,867.0,886.0,858.0,989.0,1002.0,433.0,687.0,433.0
2014-06-27,831.0,1773.0,419.0,678.0,420.0,824.0,846.0,867.0,867.0,999.0,1021.0,423.0,679.0,427.0
2014-06-30,850.0,1871.0,423.0,675.0,413.0,831.0,824.0,846.0,902.0,1004.0,1027.0,419.0,678.0,420.0
2014-07-01,894.0,2045.0,446.0,676.0,409.0,850.0,831.0,824.0,904.0,973.0,1022.0,423.0,675.0,413.0
2014-07-02,890.0,1999.0,485.0,677.0,408.0,894.0,850.0,831.0,886.0,939.0,1010.0,446.0,676.0,409.0
2014-07-03,890.0,1935.0,557.0,680.0,404.0,890.0,894.0,850.0,867.0,906.0,988.0,485.0,677.0,408.0
2014-07-04,893.0,1864.0,640.0,682.0,403.0,890.0,890.0,894.0,846.0,880.0,966.0,557.0,680.0,404.0
2014-07-07,888.0,1808.0,680.0,686.0,402.0,893.0,890.0,890.0,824.0,858.0,964.0,640.0,682.0,403.0
2014-07-08,881.0,1755.0,704.0,687.0,400.0,888.0,893.0,890.0,831.0,867.0,973.0,680.0,686.0,402.0
2014-07-09,863.0,1648.0,710.0,684.0,397.0,881.0,888.0,893.0,850.0,902.0,954.0,704.0,687.0,400.0
2014-07-10,836.0,1523.0,702.0,681.0,393.0,863.0,881.0,888.0,894.0,904.0,940.0,710.0,684.0,397.0
2014-07-11,814.0,1465.0,679.0,679.0,390.0,836.0,863.0,881.0,890.0,886.0,934.0,702.0,681.0,393.0
2014-07-14,798.0,1422.0,666.0,675.0,385.0,814.0,836.0,863.0,890.0,867.0,934.0,679.0,679.0,390.0
2014-07-15,782.0,1377.0,644.0,671.0,380.0,798.0,814.0,836.0,893.0,846.0,948.0,666.0,675.0,385.0
2014-07-16,755.0,1289.0,621.0,666.0,377.0,782.0,798.0,814.0,888.0,824.0,959.0,644.0,671.0,380.0
2014-07-17,738.0,1248.0,603.0,660.0,373.0,755.0,782.0,798.0,881.0,831.0,977.0,621.0,666.0,377.0
2014-07-18,732.0,1235.0,586.0,659.0,372.0,738.0,755.0,782.0,863.0,850.0,989.0,603.0,660.0,373.0
2014-07-21,724.0,1194.0,576.0,659.0,369.0,732.0,738.0,755.0,836.0,894.0,999.0,586.0,659.0,372.0
2014-07-22,723.0,1191.0,576.0,661.0,364.0,724.0,732.0,738.0,814.0,890.0,1004.0,576.0,659.0,369.0
2014-07-23,727.0,1198.0,584.0,661.0,361.0,723.0,724.0,732.0,798.0,890.0,973.0,576.0,661.0,364.0
2014-07-24,732.0,1201.0,596.0,666.0,358.0,727.0,723.0,724.0,782.0,893.0,939.0,584.0,661.0,361.0
2014-07-25,739.0,1193.0,606.0,679.0,357.0,732.0,727.0,723.0,755.0,888.0,906.0,596.0,666.0,358.0
2014-07-28,743.0,1187.0,616.0,684.0,358.0,739.0,732.0,727.0,738.0,881.0,880.0,606.0,679.0,357.0
2014-07-29,747.0,1195.0,624.0,688.0,357.0,743.0,739.0,732.0,732.0,863.0,858.0,616.0,684.0,358.0
2014-07-30,754.0,1200.0,625.0,704.0,356.0,747.0,743.0,739.0,724.0,836.0,867.0,624.0,688.0,357.0
2014-07-31,755.0,1195.0,619.0,716.0,355.0,754.0,747.0,743.0,723.0,814.0,902.0,625.0,704.0,356.0
2014-08-01,751.0,1176.0,611.0,728.0,357.0,755.0,754.0,747.0,727.0,798.0,904.0,619.0,716.0,355.0
2014-08-04,753.0,1178.0,610.0,740.0,356.0,751.0,755.0,754.0,732.0,782.0,886.0,611.0,728.0,357.0
2014-08-05,755.0,1163.0,609.0,753.0,357.0,753.0,751.0,755.0,739.0,755.0,867.0,610.0,740.0,356.0
2014-08-06,759.0,1153.0,609.0,767.0,358.0,755.0,753.0,751.0,743.0,738.0,846.0,609.0,753.0,357.0
2014-08-07,765.0,1150.0,616.0,785.0,360.0,759.0,755.0,753.0,747.0,732.0,824.0,609.0,767.0,358.0
2014-08-08,777.0,1166.0,624.0,804.0,363.0,765.0,759.0,755.0,754.0,724.0,831.0,616.0,785.0,360.0
2014-08-11,792.0,1197.0,634.0,819.0,366.0,777.0,765.0,759.0,755.0,723.0,850.0,624.0,804.0,363.0
2014-08-12,836.0,1350.0,651.0,829.0,370.0,792.0,777.0,765.0,751.0,727.0,894.0,634.0,819.0,366.0
2014-08-13,871.0,1546.0,674.0,845.0,373.0,836.0,792.0,777.0,753.0,732.0,890.0,651.0,829.0,370.0
2014-08-14,942.0,1882.0,739.0,861.0,376.0,871.0,836.0,792.0,755.0,739.0,890.0,674.0,845.0,373.0
2014-08-15,1015.0,2151.0,803.0,877.0,382.0,942.0,871.0,836.0,759.0,743.0,893.0,739.0,861.0,376.0
2014-08-18,1042.0,2254.0,836.0,889.0,387.0,1015.0,942.0,871.0,765.0,747.0,888.0,803.0,877.0,382.0
2014-08-19,1040.0,2256.0,837.0,902.0,394.0,1042.0,1015.0,942.0,777.0,754.0,881.0,836.0,889.0,387.0
2014-08-20,1061.0,2380.0,828.0,912.0,399.0,1040.0,1042.0,1015.0,792.0,755.0,863.0,837.0,902.0,394.0
2014-08-21,1096.0,2578.0,818.0,925.0,406.0,1061.0,1040.0,1042.0,836.0,751.0,836.0,828.0,912.0,399.0
2014-08-22,1088.0,2535.0,812.0,937.0,413.0,1096.0,1061.0,1040.0,871.0,753.0,814.0,818.0,925.0,406.0
2014-08-26,1070.0,2430.0,808.0,944.0,420.0,1088.0,1096.0,1061.0,942.0,755.0,798.0,812.0,937.0,413.0
2014-08-27,1063.0,2366.0,811.0,952.0,427.0,1070.0,1088.0,1096.0,1015.0,759.0,782.0,808.0,944.0,420.0
2014-08-28,1119.0,2551.0,842.0,963.0,437.0,1063.0,1070.0,1088.0,1042.0,765.0,755.0,811.0,952.0,427.0
2014-08-29,1147.0,2627.0,871.0,970.0,442.0,1119.0,1063.0,1070.0,1040.0,777.0,738.0,842.0,963.0,437.0
2014-09-01,1151.0,2606.0,888.0,977.0,450.0,1147.0,1119.0,1063.0,1061.0,792.0,732.0,871.0,970.0,442.0
2014-09-02,1149.0,2568.0,903.0,983.0,456.0,1151.0,1147.0,1119.0,1096.0,836.0,724.0,888.0,977.0,450.0
2014-09-03,1142.0,2489.0,919.0,988.0,462.0,1149.0,1151.0,1147.0,1088.0,871.0,723.0,903.0,983.0,456.0
2014-09-04,1147.0,2464.0,927.0,993.0,466.0,1142.0,1149.0,1151.0,1070.0,942.0,727.0,919.0,988.0,462.0
2014-09-05,1155.0,2483.0,931.0,997.0,469.0,1147.0,1142.0,1149.0,1063.0,1015.0,732.0,927.0,993.0,466.0
2014-09-08,1166.0,2519.0,940.0,995.0,472.0,1155.0,1147.0,1142.0,1119.0,1042.0,739.0,931.0,997.0,469.0
2014-09-09,1197.0,2596.0,940.0,1001.0,472.0,1166.0,1155.0,1147.0,1147.0,1040.0,743.0,940.0,995.0,472.0
2014-09-10,1197.0,2602.0,916.0,1003.0,474.0,1197.0,1166.0,1155.0,1151.0,1061.0,747.0,940.0,1001.0,472.0
2014-09-11,1186.0,2570.0,895.0,1000.0,476.0,1197.0,1197.0,1166.0,1149.0,1096.0,754.0,916.0,1003.0,474.0
2014-09-12,1181.0,2546.0,875.0,1006.0,477.0,1186.0,1197.0,1197.0,1142.0,1088.0,755.0,895.0,1000.0,476.0
2014-09-15,1173.0,2523.0,860.0,1016.0,479.0,1181.0,1186.0,1197.0,1147.0,1070.0,751.0,875.0,1006.0,477.0
2014-09-16,1150.0,2442.0,843.0,1028.0,484.0,1173.0,1181.0,1186.0,1155.0,1063.0,753.0,860.0,1016.0,479.0
2014-09-17,1124.0,2342.0,829.0,1031.0,488.0,1150.0,1173.0,1181.0,1166.0,1119.0,755.0,843.0,1028.0,484.0
2014-09-18,1089.0,2192.0,819.0,1030.0,494.0,1124.0,1150.0,1173.0,1197.0,1147.0,759.0,829.0,1031.0,488.0
2014-09-19,1075.0,2112.0,814.0,1029.0,498.0,1089.0,1124.0,1150.0,1197.0,1151.0,765.0,819.0,1030.0,494.0
2014-09-22,1077.0,2118.0,809.0,1032.0,505.0,1075.0,1089.0,1124.0,1186.0,1149.0,777.0,814.0,1029.0,498.0
2014-09-23,1073.0,2077.0,800.0,1041.0,513.0,1077.0,1075.0,1089.0,1181.0,1142.0,792.0,809.0,1032.0,505.0
2014-09-24,1056.0,1967.0,798.0,1045.0,521.0,1073.0,1077.0,1075.0,1173.0,1147.0,836.0,800.0,1041.0,513.0
2014-09-25,1038.0,1837.0,799.0,1046.0,525.0,1056.0,1073.0,1077.0,1150.0,1155.0,871.0,798.0,1045.0,521.0
2014-09-26,1049.0,1852.0,807.0,1053.0,526.0,1038.0,1056.0,1073.0,1124.0,1166.0,942.0,799.0,1046.0,525.0
2014-09-29,1062.0,1922.0,812.0,1054.0,528.0,1049.0,1038.0,1056.0,1089.0,1197.0,1015.0,807.0,1053.0,526.0
2014-09-30,1063.0,1915.0,826.0,1051.0,529.0,1062.0,1049.0,1038.0,1075.0,1197.0,1042.0,812.0,1054.0,528.0
2014-10-01,1055.0,1853.0,854.0,1045.0,531.0,1063.0,1062.0,1049.0,1077.0,1186.0,1040.0,826.0,1051.0,529.0
2014-10-02,1041.0,1788.0,878.0,1033.0,531.0,1055.0,1063.0,1062.0,1073.0,1181.0,1061.0,854.0,1045.0,531.0
2014-10-03,1037.0,1758.0,887.0,1028.0,530.0,1041.0,1055.0,1063.0,1056.0,1173.0,1096.0,878.0,1033.0,531.0
2014-10-06,1029.0,1735.0,889.0,1017.0,530.0,1037.0,1041.0,1055.0,1038.0,1150.0,1088.0,887.0,1028.0,530.0
2014-10-07,1015.0,1698.0,884.0,1007.0,528.0,1029.0,1037.0,1041.0,1049.0,1124.0,1070.0,889.0,1017.0,530.0
2014-10-08,991.0,1632.0,869.0,993.0,523.0,1015.0,1029.0,1037.0,1062.0,1089.0,1063.0,884.0,1007.0,528.0
2014-10-09,974.0,1580.0,864.0,980.0,520.0,991.0,1015.0,1029.0,1063.0,1075.0,1119.0,869.0,993.0,523.0
2014-10-10,963.0,1544.0,865.0,970.0,516.0,974.0,991.0,1015.0,1055.0,1077.0,1147.0,864.0,980.0,520.0
2014-10-13,954.0,1521.0,868.0,959.0,513.0,963.0,974.0,991.0,1041.0,1073.0,1151.0,865.0,970.0,516.0
2014-10-14,948.0,1485.0,885.0,952.0,510.0,954.0,963.0,974.0,1037.0,1056.0,1149.0,868.0,959.0,513.0
2014-10-15,935.0,1376.0,909.0,944.0,506.0,948.0,954.0,963.0,1029.0,1038.0,1142.0,885.0,952.0,510.0
2014-10-16,930.0,1315.0,940.0,933.0,503.0,935.0,948.0,954.0,1015.0,1049.0,1147.0,909.0,944.0,506.0
2014-10-17,944.0,1362.0,966.0,923.0,501.0,930.0,935.0,948.0,991.0,1062.0,1155.0,940.0,933.0,503.0
2014-10-20,973.0,1512.0,995.0,916.0,498.0,944.0,930.0,935.0,974.0,1063.0,1166.0,966.0,923.0,501.0
2014-10-21,1090.0,2003.0,1032.0,911.0,498.0,973.0,944.0,930.0,963.0,1055.0,1197.0,995.0,916.0,498.0
2014-10-22,1136.0,2186.0,1066.0,907.0,496.0,1090.0,973.0,944.0,954.0,1041.0,1197.0,1032.0,911.0,498.0
2014-10-23,1155.0,2258.0,1099.0,906.0,491.0,1136.0,1090.0,973.0,948.0,1037.0,1186.0,1066.0,907.0,496.0
2014-10-24,1192.0,2422.0,1121.0,900.0,489.0,1155.0,1136.0,1090.0,935.0,1029.0,1181.0,1099.0,906.0,491.0
2014-10-27,1285.0,2852.0,1137.0,899.0,485.0,1192.0,1155.0,1136.0,930.0,1015.0,1173.0,1121.0,900.0,489.0
2014-10-28,1395.0,3436.0,1172.0,898.0,481.0,1285.0,1192.0,1155.0,944.0,991.0,1150.0,1137.0,899.0,485.0
2014-10-29,1428.0,3560.0,1202.0,896.0,476.0,1395.0,1285.0,1192.0,973.0,974.0,1124.0,1172.0,898.0,481.0
2014-10-30,1424.0,3534.0,1222.0,891.0,472.0,1428.0,1395.0,1285.0,1090.0,963.0,1089.0,1202.0,896.0,476.0
2014-10-31,1428.0,3552.0,1233.0,892.0,467.0,1424.0,1428.0,1395.0,1136.0,954.0,1075.0,1222.0,891.0,472.0
2014-11-03,1456.0,3640.0,1241.0,889.0,463.0,1428.0,1424.0,1428.0,1155.0,948.0,1077.0,1233.0,892.0,467.0
2014-11-04,1484.0,3781.0,1238.0,888.0,458.0,1456.0,1428.0,1424.0,1192.0,935.0,1073.0,1241.0,889.0,463.0
2014-11-05,1464.0,3702.0,1224.0,888.0,457.0,1484.0,1456.0,1428.0,1285.0,930.0,1056.0,1238.0,888.0,458.0
2014-11-06,1436.0,3612.0,1205.0,886.0,455.0,1464.0,1484.0,1456.0,1395.0,944.0,1038.0,1224.0,888.0,457.0
2014-11-07,1437.0,3661.0,1183.0,881.0,454.0,1436.0,1464.0,1484.0,1428.0,973.0,1049.0,1205.0,886.0,455.0
2014-11-10,1418.0,3613.0,1168.0,879.0,451.0,1437.0,1436.0,1464.0,1424.0,1090.0,1062.0,1183.0,881.0,454.0
2014-11-11,1370.0,3419.0,1150.0,876.0,451.0,1418.0,1437.0,1436.0,1428.0,1136.0,1063.0,1168.0,879.0,451.0
2014-11-12,1327.0,3229.0,1133.0,873.0,451.0,1370.0,1418.0,1437.0,1456.0,1155.0,1055.0,1150.0,876.0,451.0
2014-11-13,1264.0,2972.0,1112.0,873.0,451.0,1327.0,1370.0,1418.0,1484.0,1192.0,1041.0,1133.0,873.0,451.0
2014-11-14,1256.0,2931.0,1089.0,875.0,450.0,1264.0,1327.0,1370.0,1464.0,1285.0,1037.0,1112.0,873.0,451.0
2014-11-17,1264.0,2971.0,1069.0,875.0,451.0,1256.0,1264.0,1327.0,1436.0,1395.0,1029.0,1089.0,875.0,450.0
2014-11-18,1296.0,3106.0,1061.0,881.0,453.0,1264.0,1256.0,1264.0,1437.0,1428.0,1015.0,1069.0,875.0,451.0
2014-11-19,1306.0,3127.0,1055.0,904.0,455.0,1296.0,1264.0,1256.0,1418.0,1424.0,991.0,1061.0,881.0,453.0
2014-11-20,1332.0,3130.0,1053.0,926.0,457.0,1306.0,1296.0,1264.0,1370.0,1428.0,974.0,1055.0,904.0,455.0
2014-11-21,1324.0,3038.0,1055.0,942.0,462.0,1332.0,1306.0,1296.0,1327.0,1456.0,963.0,1053.0,926.0,457.0
2014-11-24,1317.0,2975.0,1059.0,956.0,469.0,1324.0,1332.0,1306.0,1264.0,1484.0,954.0,1055.0,942.0,462.0
2014-11-25,1313.0,2963.0,1064.0,970.0,476.0,1317.0,1324.0,1332.0,1256.0,1464.0,948.0,1059.0,956.0,469.0
2014-11-26,1239.0,2612.0,1073.0,980.0,482.0,1313.0,1317.0,1324.0,1264.0,1436.0,935.0,1064.0,970.0,476.0
2014-11-27,1187.0,2347.0,1099.0,984.0,487.0,1239.0,1313.0,1317.0,1296.0,1437.0,930.0,1073.0,980.0,482.0
2014-11-28,1153.0,2151.0,1120.0,986.0,491.0,1187.0,1239.0,1313.0,1306.0,1418.0,944.0,1099.0,984.0,487.0
2014-12-01,1137.0,2025.0,1124.0,989.0,492.0,1153.0,1187.0,1239.0,1332.0,1370.0,973.0,1120.0,986.0,491.0
2014-12-02,1119.0,1898.0,1119.0,987.0,495.0,1137.0,1153.0,1187.0,1324.0,1327.0,1090.0,1124.0,989.0,492.0
2014-12-03,1079.0,1677.0,1108.0,984.0,498.0,1119.0,1137.0,1153.0,1317.0,1264.0,1136.0,1119.0,987.0,495.0
2014-12-04,1019.0,1452.0,1097.0,980.0,498.0,1079.0,1119.0,1137.0,1313.0,1256.0,1155.0,1108.0,984.0,498.0
2014-12-05,982.0,1282.0,1088.0,971.0,499.0,1019.0,1079.0,1119.0,1239.0,1264.0,1192.0,1097.0,980.0,498.0
2014-12-08,952.0,1165.0,1081.0,969.0,497.0,982.0,1019.0,1079.0,1187.0,1296.0,1285.0,1088.0,971.0,499.0
2014-12-09,933.0,1075.0,1066.0,966.0,497.0,952.0,982.0,1019.0,1153.0,1306.0,1395.0,1081.0,969.0,497.0
2014-12-10,911.0,979.0,1047.0,960.0,494.0,933.0,952.0,982.0,1137.0,1332.0,1428.0,1066.0,966.0,497.0
2014-12-11,887.0,879.0,1026.0,953.0,492.0,911.0,933.0,952.0,1119.0,1324.0,1424.0,1047.0,960.0,494.0
2014-12-12,863.0,763.0,1001.0,950.0,493.0,887.0,911.0,933.0,1079.0,1317.0,1428.0,1026.0,953.0,492.0
2014-12-15,845.0,659.0,980.0,947.0,493.0,863.0,887.0,911.0,1019.0,1313.0,1456.0,1001.0,950.0,493.0
2014-12-16,838.0,617.0,961.0,942.0,495.0,845.0,863.0,887.0,982.0,1239.0,1484.0,980.0,947.0,493.0
2014-12-17,827.0,571.0,945.0,932.0,496.0,838.0,845.0,863.0,952.0,1187.0,1464.0,961.0,942.0,495.0
2014-12-18,814.0,517.0,929.0,925.0,496.0,827.0,838.0,845.0,933.0,1153.0,1436.0,945.0,932.0,496.0
2014-12-19,803.0,488.0,907.0,917.0,497.0,814.0,827.0,838.0,911.0,1137.0,1437.0,929.0,925.0,496.0
2014-12-22,794.0,480.0,891.0,906.0,495.0,803.0,814.0,827.0,887.0,1119.0,1418.0,907.0,917.0,497.0
2014-12-23,788.0,472.0,872.0,897.0,495.0,794.0,803.0,814.0,863.0,1079.0,1370.0,891.0,906.0,495.0
2014-12-24,782.0,474.0,856.0,887.0,495.0,788.0,794.0,803.0,845.0,1019.0,1327.0,872.0,897.0,495.0
2015-01-02,771.0,456.0,827.0,884.0,488.0,782.0,788.0,794.0,838.0,982.0,1264.0,856.0,887.0,495.0
2015-01-05,761.0,442.0,811.0,873.0,482.0,771.0,782.0,788.0,827.0,952.0,1256.0,827.0,884.0,488.0
2015-01-06,758.0,432.0,794.0,861.0,479.0,761.0,771.0,782.0,814.0,933.0,1264.0,811.0,873.0,482.0
2015-01-07,744.0,397.0,780.0,843.0,466.0,758.0,761.0,771.0,803.0,911.0,1296.0,794.0,861.0,479.0
2015-01-08,724.0,335.0,776.0,820.0,455.0,744.0,758.0,761.0,794.0,887.0,1306.0,780.0,843.0,466.0
2015-01-09,709.0,311.0,764.0,800.0,446.0,724.0,744.0,758.0,788.0,863.0,1332.0,776.0,820.0,455.0
2015-01-12,723.0,373.0,762.0,778.0,441.0,709.0,724.0,744.0,782.0,845.0,1324.0,764.0,800.0,446.0
2015-01-13,762.0,537.0,766.0,763.0,435.0,723.0,709.0,724.0,771.0,838.0,1317.0,762.0,778.0,441.0
2015-01-14,757.0,557.0,766.0,752.0,429.0,762.0,723.0,709.0,761.0,827.0,1313.0,766.0,763.0,435.0
2015-01-15,749.0,585.0,766.0,735.0,425.0,757.0,762.0,723.0,758.0,814.0,1239.0,766.0,752.0,429.0
2015-01-16,741.0,620.0,759.0,716.0,418.0,749.0,757.0,762.0,744.0,803.0,1187.0,766.0,735.0,425.0
2015-01-19,739.0,662.0,751.0,699.0,415.0,741.0,749.0,757.0,724.0,794.0,1153.0,759.0,716.0,418.0
2015-01-20,753.0,752.0,741.0,684.0,410.0,739.0,741.0,749.0,709.0,788.0,1137.0,751.0,699.0,415.0
2015-01-21,770.0,971.0,725.0,673.0,402.0,753.0,739.0,741.0,723.0,782.0,1119.0,741.0,684.0,410.0
2015-01-22,751.0,965.0,704.0,659.0,392.0,770.0,753.0,739.0,762.0,771.0,1079.0,725.0,673.0,402.0
2015-01-23,720.0,887.0,685.0,650.0,380.0,751.0,770.0,753.0,757.0,761.0,1019.0,704.0,659.0,392.0
2015-01-26,703.0,857.0,669.0,642.0,373.0,720.0,751.0,770.0,749.0,758.0,982.0,685.0,650.0,380.0
2015-01-27,688.0,831.0,648.0,632.0,364.0,703.0,720.0,751.0,741.0,744.0,952.0,669.0,642.0,373.0
2015-01-28,666.0,785.0,620.0,618.0,356.0,688.0,703.0,720.0,739.0,724.0,933.0,648.0,632.0,364.0
2015-01-29,632.0,725.0,550.0,599.0,348.0,666.0,688.0,703.0,753.0,709.0,911.0,620.0,618.0,356.0
2015-01-30,608.0,679.0,508.0,585.0,340.0,632.0,666.0,688.0,770.0,723.0,887.0,550.0,599.0,348.0
2015-02-02,590.0,665.0,480.0,567.0,332.0,608.0,632.0,666.0,751.0,762.0,863.0,508.0,585.0,340.0
2015-02-03,577.0,663.0,454.0,556.0,326.0,590.0,608.0,632.0,720.0,757.0,845.0,480.0,567.0,332.0
2015-02-04,569.0,669.0,437.0,545.0,321.0,577.0,590.0,608.0,703.0,749.0,838.0,454.0,556.0,326.0
2015-02-05,564.0,680.0,428.0,538.0,309.0,569.0,577.0,590.0,688.0,741.0,827.0,437.0,545.0,321.0
2015-02-06,559.0,689.0,430.0,530.0,301.0,564.0,569.0,577.0,666.0,739.0,814.0,428.0,538.0,309.0
2015-02-09,554.0,687.0,434.0,523.0,295.0,559.0,564.0,569.0,632.0,753.0,803.0,430.0,530.0,301.0
2015-02-10,556.0,711.0,446.0,516.0,289.0,554.0,559.0,564.0,608.0,770.0,794.0,434.0,523.0,295.0
2015-02-11,553.0,700.0,469.0,508.0,281.0,556.0,554.0,559.0,590.0,751.0,788.0,446.0,516.0,289.0
2015-02-12,540.0,652.0,489.0,496.0,273.0,553.0,556.0,554.0,577.0,720.0,782.0,469.0,508.0,281.0
2015-02-13,530.0,630.0,499.0,486.0,268.0,540.0,553.0,556.0,569.0,703.0,771.0,489.0,496.0,273.0
2015-02-16,522.0,614.0,505.0,480.0,263.0,530.0,540.0,553.0,564.0,688.0,761.0,499.0,486.0,268.0
2015-02-17,516.0,589.0,508.0,480.0,261.0,522.0,530.0,540.0,559.0,666.0,758.0,505.0,480.0,263.0
2015-02-18,509.0,564.0,514.0,478.0,260.0,516.0,522.0,530.0,554.0,632.0,744.0,508.0,480.0,261.0
2015-02-19,,539.0,516.0,483.0,267.0,509.0,516.0,522.0,556.0,608.0,724.0,514.0,478.0,260.0
2015-02-20,,542.0,514.0,490.0,270.0,,509.0,516.0,553.0,590.0,709.0,516.0,483.0,267.0
2015-02-23,512.0,543.0,512.0,492.0,266.0,,,509.0,540.0,577.0,723.0,514.0,490.0,270.0
2015-02-24,516.0,534.0,514.0,490.0,274.0,512.0,,,530.0,569.0,762.0,512.0,492.0,266.0
2015-02-25,524.0,529.0,519.0,496.0,289.0,516.0,512.0,,522.0,564.0,757.0,514.0,490.0,274.0
2015-02-26,533.0,525.0,531.0,506.0,300.0,524.0,516.0,512.0,516.0,559.0,749.0,519.0,496.0,289.0
2015-02-27,540.0,521.0,540.0,515.0,308.0,533.0,524.0,516.0,509.0,554.0,741.0,531.0,506.0,300.0
2015-03-02,548.0,516.0,551.0,528.0,318.0,540.0,533.0,524.0,,556.0,739.0,540.0,515.0,308.0
2015-03-03,553.0,490.0,564.0,541.0,327.0,548.0,540.0,533.0,,553.0,753.0,551.0,528.0,318.0
2015-03-04,559.0,478.0,576.0,550.0,338.0,553.0,548.0,540.0,512.0,540.0,770.0,564.0,541.0,327.0
2015-03-05,561.0,464.0,583.0,560.0,348.0,559.0,553.0,548.0,516.0,530.0,751.0,576.0,550.0,338.0
2015-03-06,565.0,470.0,587.0,566.0,352.0,561.0,559.0,553.0,524.0,522.0,720.0,583.0,560.0,348.0
2015-03-09,568.0,468.0,590.0,573.0,356.0,565.0,561.0,559.0,533.0,516.0,703.0,587.0,566.0,352.0
2015-03-10,568.0,457.0,591.0,580.0,357.0,568.0,565.0,561.0,540.0,509.0,688.0,590.0,573.0,356.0
2015-03-11,565.0,431.0,588.0,589.0,361.0,568.0,568.0,565.0,548.0,,666.0,591.0,580.0,357.0
2015-03-12,560.0,394.0,586.0,596.0,364.0,565.0,568.0,568.0,553.0,,632.0,588.0,589.0,361.0
2015-03-13,562.0,378.0,585.0,606.0,368.0,560.0,565.0,568.0,559.0,512.0,608.0,586.0,596.0,364.0
2015-03-16,564.0,372.0,588.0,611.0,370.0,562.0,560.0,565.0,561.0,516.0,590.0,585.0,606.0,368.0
2015-03-17,568.0,366.0,595.0,616.0,375.0,564.0,562.0,560.0,565.0,524.0,577.0,588.0,611.0,370.0
2015-03-18,571.0,357.0,604.0,623.0,378.0,568.0,564.0,562.0,568.0,533.0,569.0,595.0,616.0,375.0
2015-03-19,584.0,407.0,613.0,627.0,383.0,571.0,568.0,564.0,568.0,540.0,564.0,604.0,623.0,378.0
2015-03-20,591.0,423.0,617.0,635.0,384.0,584.0,571.0,568.0,565.0,548.0,559.0,613.0,627.0,383.0
2015-03-23,594.0,435.0,617.0,640.0,386.0,591.0,584.0,571.0,560.0,553.0,554.0,617.0,635.0,384.0
2015-03-24,597.0,448.0,609.0,645.0,388.0,594.0,591.0,584.0,562.0,559.0,556.0,617.0,640.0,386.0
2015-03-25,598.0,455.0,602.0,648.0,390.0,597.0,594.0,591.0,564.0,561.0,553.0,609.0,645.0,388.0
2015-03-26,598.0,456.0,599.0,648.0,390.0,598.0,597.0,594.0,568.0,565.0,540.0,602.0,648.0,390.0
2015-03-27,596.0,456.0,597.0,647.0,390.0,598.0,598.0,597.0,571.0,568.0,530.0,599.0,648.0,390.0
2015-03-30,599.0,460.0,600.0,649.0,393.0,596.0,598.0,598.0,584.0,568.0,522.0,597.0,647.0,390.0
2015-03-31,602.0,475.0,598.0,650.0,392.0,599.0,596.0,598.0,591.0,565.0,516.0,600.0,649.0,393.0
2015-04-01,596.0,463.0,596.0,646.0,389.0,602.0,599.0,596.0,594.0,560.0,509.0,598.0,650.0,392.0
2015-04-02,588.0,454.0,589.0,636.0,386.0,596.0,602.0,599.0,597.0,562.0,,596.0,646.0,389.0
2015-04-07,583.0,448.0,584.0,631.0,385.0,588.0,596.0,602.0,598.0,564.0,,589.0,636.0,386.0
2015-04-08,580.0,450.0,585.0,624.0,382.0,583.0,588.0,596.0,598.0,568.0,512.0,584.0,631.0,385.0
2015-04-09,580.0,461.0,591.0,617.0,379.0,580.0,583.0,588.0,596.0,571.0,516.0,585.0,624.0,382.0
2015-04-10,580.0,466.0,600.0,613.0,373.0,580.0,580.0,583.0,599.0,584.0,524.0,591.0,617.0,379.0
2015-04-13,578.0,460.0,609.0,609.0,369.0,580.0,580.0,580.0,602.0,591.0,533.0,600.0,613.0,373.0
2015-04-14,581.0,470.0,619.0,608.0,366.0,578.0,580.0,580.0,596.0,594.0,540.0,609.0,609.0,369.0
2015-04-15,586.0,494.0,626.0,608.0,362.0,581.0,578.0,580.0,588.0,597.0,548.0,619.0,608.0,366.0
2015-04-16,593.0,521.0,636.0,612.0,360.0,586.0,581.0,578.0,583.0,598.0,553.0,626.0,608.0,362.0
2015-04-17,597.0,532.0,642.0,619.0,358.0,593.0,586.0,581.0,580.0,598.0,559.0,636.0,612.0,360.0
2015-04-20,598.0,537.0,646.0,618.0,357.0,597.0,593.0,586.0,580.0,596.0,561.0,642.0,619.0,358.0
2015-04-21,601.0,549.0,659.0,619.0,355.0,598.0,597.0,593.0,580.0,599.0,565.0,646.0,618.0,357.0
2015-04-22,600.0,544.0,669.0,620.0,355.0,601.0,598.0,597.0,578.0,602.0,568.0,659.0,619.0,355.0
2015-04-23,599.0,543.0,680.0,621.0,351.0,600.0,601.0,598.0,581.0,596.0,568.0,669.0,620.0,355.0
2015-04-24,600.0,545.0,685.0,624.0,348.0,599.0,600.0,601.0,586.0,588.0,565.0,680.0,621.0,351.0
2015-04-27,600.0,546.0,687.0,626.0,347.0,600.0,599.0,600.0,593.0,583.0,560.0,685.0,624.0,348.0
2015-04-28,601.0,551.0,685.0,628.0,346.0,600.0,600.0,599.0,597.0,580.0,562.0,687.0,626.0,347.0
2015-04-29,595.0,558.0,673.0,627.0,345.0,601.0,600.0,600.0,598.0,580.0,564.0,685.0,628.0,346.0
2015-04-30,591.0,565.0,658.0,625.0,343.0,595.0,601.0,600.0,601.0,580.0,568.0,673.0,627.0,345.0
2015-05-01,587.0,574.0,647.0,621.0,340.0,591.0,595.0,601.0,600.0,578.0,571.0,658.0,625.0,343.0
2015-05-05,580.0,571.0,633.0,618.0,335.0,587.0,591.0,595.0,599.0,581.0,584.0,647.0,621.0,340.0
2015-05-06,575.0,574.0,618.0,618.0,332.0,580.0,587.0,591.0,600.0,586.0,591.0,633.0,618.0,335.0
2015-05-07,573.0,594.0,603.0,618.0,331.0,575.0,580.0,587.0,600.0,593.0,594.0,618.0,618.0,332.0
2015-05-08,574.0,616.0,594.0,618.0,329.0,573.0,575.0,580.0,601.0,597.0,597.0,603.0,618.0,331.0
2015-05-11,578.0,660.0,586.0,617.0,328.0,574.0,573.0,575.0,595.0,598.0,598.0,594.0,618.0,329.0
2015-05-12,589.0,731.0,583.0,619.0,327.0,578.0,574.0,573.0,591.0,601.0,598.0,586.0,617.0,328.0
2015-05-13,634.0,942.0,584.0,624.0,326.0,589.0,578.0,574.0,587.0,600.0,596.0,583.0,619.0,327.0
2015-05-14,637.0,972.0,580.0,626.0,326.0,634.0,589.0,578.0,580.0,599.0,599.0,584.0,624.0,326.0
2015-05-15,634.0,954.0,579.0,628.0,327.0,637.0,634.0,589.0,575.0,600.0,602.0,580.0,626.0,326.0
2015-05-18,630.0,950.0,578.0,626.0,326.0,634.0,637.0,634.0,573.0,600.0,596.0,579.0,628.0,327.0
2015-05-19,620.0,923.0,574.0,625.0,325.0,630.0,634.0,637.0,574.0,601.0,588.0,578.0,626.0,326.0
2015-05-20,606.0,889.0,565.0,623.0,326.0,620.0,630.0,634.0,578.0,595.0,583.0,574.0,625.0,325.0
2015-05-21,592.0,844.0,556.0,624.0,327.0,606.0,620.0,630.0,589.0,591.0,580.0,565.0,623.0,326.0
2015-05-22,586.0,816.0,549.0,627.0,327.0,592.0,606.0,620.0,634.0,587.0,580.0,556.0,624.0,327.0
2015-05-26,584.0,806.0,540.0,631.0,327.0,586.0,592.0,606.0,637.0,580.0,580.0,549.0,627.0,327.0
2015-05-27,587.0,823.0,530.0,635.0,327.0,584.0,586.0,592.0,634.0,575.0,578.0,540.0,631.0,327.0
2015-05-28,588.0,817.0,525.0,642.0,328.0,587.0,584.0,586.0,630.0,573.0,581.0,530.0,635.0,327.0
2015-05-29,589.0,810.0,524.0,647.0,331.0,588.0,587.0,584.0,620.0,574.0,586.0,525.0,642.0,328.0
2015-06-01,589.0,804.0,522.0,652.0,332.0,589.0,588.0,587.0,606.0,578.0,593.0,524.0,647.0,331.0
2015-06-02,591.0,821.0,528.0,653.0,332.0,589.0,589.0,588.0,592.0,589.0,597.0,522.0,652.0,332.0
2015-06-03,598.0,821.0,544.0,654.0,332.0,591.0,589.0,589.0,586.0,634.0,598.0,528.0,653.0,332.0
2015-06-04,603.0,818.0,570.0,654.0,333.0,598.0,591.0,589.0,584.0,637.0,601.0,544.0,654.0,332.0
2015-06-05,610.0,865.0,596.0,656.0,332.0,603.0,598.0,591.0,587.0,634.0,600.0,570.0,654.0,333.0
2015-06-08,610.0,856.0,608.0,655.0,331.0,610.0,603.0,598.0,588.0,630.0,599.0,596.0,656.0,332.0
2015-06-09,612.0,834.0,630.0,654.0,331.0,610.0,610.0,603.0,589.0,620.0,600.0,608.0,655.0,331.0
2015-06-10,618.0,816.0,662.0,661.0,333.0,612.0,610.0,610.0,589.0,606.0,600.0,630.0,654.0,331.0
2015-06-11,629.0,810.0,696.0,669.0,336.0,618.0,612.0,610.0,591.0,592.0,601.0,662.0,661.0,333.0
2015-06-12,642.0,820.0,719.0,678.0,338.0,629.0,618.0,612.0,598.0,586.0,595.0,696.0,669.0,336.0
2015-06-15,656.0,840.0,742.0,685.0,341.0,642.0,629.0,618.0,603.0,584.0,591.0,719.0,678.0,338.0
2015-06-16,681.0,904.0,772.0,695.0,345.0,656.0,642.0,629.0,610.0,587.0,587.0,742.0,685.0,341.0
2015-06-17,725.0,1045.0,817.0,706.0,349.0,681.0,656.0,642.0,610.0,588.0,580.0,772.0,695.0,345.0
2015-06-18,773.0,1234.0,847.0,715.0,351.0,725.0,681.0,656.0,612.0,589.0,575.0,817.0,706.0,349.0
2015-06-19,779.0,1241.0,851.0,721.0,355.0,773.0,725.0,681.0,618.0,589.0,573.0,847.0,715.0,351.0
2015-06-22,779.0,1248.0,845.0,722.0,355.0,779.0,773.0,725.0,629.0,591.0,574.0,851.0,721.0,355.0
2015-06-23,790.0,1300.0,834.0,721.0,358.0,779.0,779.0,773.0,642.0,598.0,578.0,845.0,722.0,355.0
2015-06-24,829.0,1428.0,829.0,723.0,359.0,790.0,779.0,779.0,656.0,603.0,589.0,834.0,721.0,358.0
2015-06-25,829.0,1432.0,827.0,723.0,361.0,829.0,790.0,779.0,681.0,610.0,634.0,829.0,723.0,359.0
2015-06-26,823.0,1393.0,833.0,723.0,362.0,829.0,829.0,790.0,725.0,610.0,637.0,827.0,723.0,361.0
2015-06-29,813.0,1346.0,838.0,722.0,361.0,823.0,829.0,829.0,773.0,612.0,634.0,833.0,723.0,362.0
2015-06-30,800.0,1292.0,845.0,715.0,361.0,813.0,823.0,829.0,779.0,618.0,630.0,838.0,722.0,361.0
2015-07-01,794.0,1251.0,858.0,713.0,360.0,800.0,813.0,823.0,779.0,629.0,620.0,845.0,715.0,361.0
2015-07-02,794.0,1226.0,883.0,712.0,360.0,794.0,800.0,813.0,790.0,642.0,606.0,858.0,713.0,360.0
2015-07-03,805.0,1249.0,908.0,716.0,361.0,794.0,794.0,800.0,829.0,656.0,592.0,883.0,712.0,360.0
2015-07-06,815.0,1266.0,927.0,723.0,362.0,805.0,794.0,794.0,829.0,681.0,586.0,908.0,716.0,361.0
2015-07-07,830.0,1285.0,945.0,742.0,367.0,815.0,805.0,794.0,823.0,725.0,584.0,927.0,723.0,362.0
2015-07-08,840.0,1278.0,973.0,750.0,373.0,830.0,815.0,805.0,813.0,773.0,587.0,945.0,742.0,367.0
2015-07-09,853.0,1279.0,1016.0,759.0,377.0,840.0,830.0,815.0,800.0,779.0,588.0,973.0,750.0,373.0
2015-07-10,874.0,1318.0,1052.0,767.0,384.0,853.0,840.0,830.0,794.0,779.0,589.0,1016.0,759.0,377.0
2015-07-13,900.0,1389.0,1076.0,774.0,391.0,874.0,853.0,840.0,794.0,790.0,589.0,1052.0,767.0,384.0
2015-07-14,915.0,1394.0,1096.0,784.0,399.0,900.0,874.0,853.0,805.0,829.0,591.0,1076.0,774.0,391.0
2015-07-15,951.0,1462.0,1122.0,801.0,409.0,915.0,900.0,874.0,815.0,829.0,598.0,1096.0,784.0,399.0
2015-07-16,1009.0,1611.0,1149.0,823.0,417.0,951.0,915.0,900.0,830.0,823.0,603.0,1122.0,801.0,409.0
2015-07-17,1048.0,1712.0,1162.0,846.0,427.0,1009.0,951.0,915.0,840.0,813.0,610.0,1149.0,823.0,417.0
2015-07-20,1067.0,1763.0,1170.0,862.0,431.0,1048.0,1009.0,951.0,853.0,800.0,610.0,1162.0,846.0,427.0
2015-07-21,1113.0,1935.0,1179.0,875.0,432.0,1067.0,1048.0,1009.0,874.0,794.0,612.0,1170.0,862.0,431.0
2015-07-22,1118.0,1952.0,1179.0,889.0,433.0,1113.0,1067.0,1048.0,900.0,794.0,618.0,1179.0,875.0,432.0
2015-07-23,1102.0,1924.0,1161.0,896.0,431.0,1118.0,1113.0,1067.0,915.0,805.0,629.0,1179.0,889.0,433.0
2015-07-24,1086.0,1896.0,1137.0,899.0,428.0,1102.0,1118.0,1113.0,951.0,815.0,642.0,1161.0,896.0,431.0
2015-07-27,1090.0,1935.0,1115.0,903.0,427.0,1086.0,1102.0,1118.0,1009.0,830.0,656.0,1137.0,899.0,428.0
2015-07-28,1094.0,1990.0,1095.0,903.0,425.0,1090.0,1086.0,1102.0,1048.0,840.0,681.0,1115.0,903.0,427.0
2015-07-29,1104.0,2103.0,1069.0,898.0,423.0,1094.0,1090.0,1086.0,1067.0,853.0,725.0,1095.0,903.0,425.0
2015-07-30,1100.0,2116.0,1044.0,892.0,422.0,1104.0,1094.0,1090.0,1113.0,874.0,773.0,1069.0,898.0,423.0
2015-07-31,1131.0,2209.0,1023.0,899.0,423.0,1100.0,1104.0,1094.0,1118.0,900.0,779.0,1044.0,892.0,422.0
2015-08-03,1151.0,2308.0,1006.0,900.0,424.0,1131.0,1100.0,1104.0,1102.0,915.0,779.0,1023.0,899.0,423.0
2015-08-04,1200.0,2512.0,1001.0,899.0,425.0,1151.0,1131.0,1100.0,1086.0,951.0,790.0,1006.0,900.0,424.0
2015-08-05,1222.0,2604.0,1005.0,901.0,427.0,1200.0,1151.0,1131.0,1090.0,1009.0,829.0,1001.0,899.0,425.0
2015-08-06,1201.0,2514.0,1013.0,904.0,432.0,1222.0,1200.0,1151.0,1094.0,1048.0,829.0,1005.0,901.0,427.0
2015-08-07,1200.0,2512.0,1021.0,904.0,438.0,1201.0,1222.0,1200.0,1104.0,1067.0,823.0,1013.0,904.0,432.0
2015-08-10,1197.0,2499.0,1028.0,901.0,443.0,1200.0,1201.0,1222.0,1100.0,1113.0,813.0,1021.0,904.0,438.0
2015-08-11,1162.0,2367.0,1043.0,900.0,446.0,1197.0,1200.0,1201.0,1131.0,1118.0,800.0,1028.0,901.0,443.0
2015-08-12,1093.0,2107.0,1053.0,899.0,447.0,1162.0,1197.0,1200.0,1151.0,1102.0,794.0,1043.0,900.0,446.0
2015-08-13,1046.0,1875.0,1054.0,901.0,448.0,1093.0,1162.0,1197.0,1200.0,1086.0,794.0,1053.0,899.0,447.0
2015-08-14,1055.0,1884.0,1057.0,905.0,449.0,1046.0,1093.0,1162.0,1222.0,1090.0,805.0,1054.0,901.0,448.0
2015-08-17,1063.0,1913.0,1057.0,908.0,449.0,1055.0,1046.0,1093.0,1201.0,1094.0,815.0,1057.0,905.0,449.0
2015-08-18,1046.0,1838.0,1052.0,915.0,449.0,1063.0,1055.0,1046.0,1200.0,1104.0,830.0,1057.0,908.0,449.0
2015-08-19,1031.0,1773.0,1049.0,920.0,453.0,1046.0,1063.0,1055.0,1197.0,1100.0,840.0,1052.0,915.0,449.0
2015-08-20,1014.0,1679.0,1052.0,924.0,460.0,1031.0,1046.0,1063.0,1162.0,1131.0,853.0,1049.0,920.0,453.0
2015-08-21,994.0,1559.0,1054.0,930.0,464.0,1014.0,1031.0,1046.0,1093.0,1151.0,874.0,1052.0,924.0,460.0
2015-08-24,968.0,1403.0,1052.0,933.0,469.0,994.0,1014.0,1031.0,1046.0,1200.0,900.0,1054.0,930.0,464.0
2015-08-25,942.0,1248.0,1047.0,934.0,473.0,968.0,994.0,1014.0,1055.0,1222.0,915.0,1052.0,933.0,469.0
2015-08-26,918.0,1089.0,1031.0,933.0,477.0,942.0,968.0,994.0,1063.0,1201.0,951.0,1047.0,934.0,473.0
2015-08-27,905.0,1051.0,1000.0,931.0,479.0,918.0,942.0,968.0,1046.0,1200.0,1009.0,1031.0,933.0,477.0
2015-08-28,903.0,1071.0,974.0,925.0,480.0,905.0,918.0,942.0,1031.0,1197.0,1048.0,1000.0,931.0,479.0
2015-09-01,911.0,1176.0,949.0,912.0,480.0,903.0,905.0,918.0,1014.0,1162.0,1067.0,974.0,925.0,480.0
2015-09-02,906.0,1194.0,912.0,896.0,481.0,911.0,903.0,905.0,994.0,1093.0,1113.0,949.0,912.0,480.0
2015-09-03,891.0,1195.0,870.0,882.0,483.0,906.0,911.0,903.0,968.0,1046.0,1118.0,912.0,896.0,481.0
2015-09-04,875.0,1187.0,837.0,870.0,485.0,891.0,906.0,911.0,942.0,1055.0,1102.0,870.0,882.0,483.0
2015-09-07,876.0,1243.0,812.0,857.0,482.0,875.0,891.0,906.0,918.0,1063.0,1086.0,837.0,870.0,485.0
2015-09-08,873.0,1286.0,793.0,848.0,477.0,876.0,875.0,891.0,905.0,1046.0,1090.0,812.0,857.0,482.0
2015-09-09,855.0,1256.0,776.0,838.0,472.0,873.0,876.0,875.0,903.0,1031.0,1094.0,793.0,848.0,477.0
2015-09-10,830.0,1202.0,751.0,824.0,468.0,855.0,873.0,876.0,911.0,1014.0,1104.0,776.0,838.0,472.0
2015-09-11,818.0,1198.0,735.0,810.0,460.0,830.0,855.0,873.0,906.0,994.0,1100.0,751.0,824.0,468.0
2015-09-14,805.0,1185.0,723.0,799.0,452.0,818.0,830.0,855.0,891.0,968.0,1131.0,735.0,810.0,460.0
2015-09-15,802.0,1196.0,720.0,789.0,445.0,805.0,818.0,830.0,875.0,942.0,1151.0,723.0,799.0,452.0
2015-09-16,814.0,1264.0,716.0,783.0,439.0,802.0,805.0,818.0,876.0,918.0,1200.0,720.0,789.0,445.0
2015-09-17,883.0,1637.0,727.0,772.0,431.0,814.0,802.0,805.0,873.0,905.0,1222.0,716.0,783.0,439.0
2015-09-18,960.0,1995.0,753.0,762.0,426.0,883.0,814.0,802.0,855.0,903.0,1201.0,727.0,772.0,431.0
2015-09-21,978.0,2096.0,769.0,757.0,421.0,960.0,883.0,814.0,830.0,911.0,1200.0,753.0,762.0,426.0
2015-09-22,923.0,1873.0,769.0,749.0,417.0,978.0,960.0,883.0,818.0,906.0,1197.0,769.0,757.0,421.0
2015-09-23,917.0,1872.0,761.0,742.0,414.0,923.0,978.0,960.0,805.0,891.0,1162.0,769.0,749.0,417.0
2015-09-24,922.0,1911.0,751.0,738.0,411.0,917.0,923.0,978.0,802.0,875.0,1093.0,761.0,742.0,414.0
2015-09-25,943.0,2024.0,744.0,733.0,408.0,922.0,917.0,923.0,814.0,876.0,1046.0,751.0,738.0,411.0
2015-09-28,943.0,2075.0,738.0,724.0,402.0,943.0,922.0,917.0,883.0,873.0,1055.0,744.0,733.0,408.0
2015-09-29,926.0,2031.0,725.0,713.0,400.0,943.0,943.0,922.0,960.0,855.0,1063.0,738.0,724.0,402.0
2015-09-30,900.0,1936.0,712.0,703.0,398.0,926.0,943.0,943.0,978.0,830.0,1046.0,725.0,713.0,400.0
2015-10-01,888.0,1911.0,704.0,695.0,396.0,900.0,926.0,943.0,923.0,818.0,1031.0,712.0,703.0,398.0
2015-10-02,889.0,1931.0,701.0,691.0,392.0,888.0,900.0,926.0,917.0,805.0,1014.0,704.0,695.0,396.0
2015-10-05,881.0,1901.0,699.0,688.0,390.0,889.0,888.0,900.0,922.0,802.0,994.0,701.0,691.0,392.0
2015-10-06,869.0,1860.0,700.0,681.0,386.0,881.0,889.0,888.0,943.0,814.0,968.0,699.0,688.0,390.0
2015-10-07,841.0,1742.0,709.0,676.0,384.0,869.0,881.0,889.0,943.0,883.0,942.0,700.0,681.0,386.0
2015-10-08,817.0,1598.0,736.0,672.0,382.0,841.0,869.0,881.0,926.0,960.0,918.0,709.0,676.0,384.0
2015-10-09,809.0,1549.0,761.0,669.0,380.0,817.0,841.0,869.0,900.0,978.0,905.0,736.0,672.0,382.0
2015-10-12,809.0,1551.0,768.0,666.0,380.0,809.0,817.0,841.0,888.0,923.0,903.0,761.0,669.0,380.0
2015-10-13,804.0,1531.0,770.0,664.0,379.0,809.0,809.0,817.0,889.0,917.0,911.0,768.0,666.0,380.0
2015-10-14,787.0,1457.0,761.0,662.0,379.0,804.0,809.0,809.0,881.0,922.0,906.0,770.0,664.0,379.0
2015-10-15,766.0,1368.0,742.0,661.0,378.0,787.0,804.0,809.0,869.0,943.0,891.0,761.0,662.0,379.0
2015-10-16,754.0,1318.0,722.0,658.0,376.0,766.0,787.0,804.0,841.0,943.0,875.0,742.0,661.0,378.0
2015-10-19,747.0,1312.0,710.0,656.0,371.0,754.0,766.0,787.0,817.0,926.0,876.0,722.0,658.0,376.0
2015-10-20,762.0,1399.0,701.0,654.0,368.0,747.0,754.0,766.0,809.0,900.0,873.0,710.0,656.0,371.0
2015-10-21,780.0,1483.0,693.0,652.0,366.0,762.0,747.0,754.0,809.0,888.0,855.0,701.0,654.0,368.0
2015-10-22,786.0,1512.0,685.0,649.0,365.0,780.0,762.0,747.0,804.0,889.0,830.0,693.0,652.0,366.0
2015-10-23,774.0,1461.0,683.0,648.0,362.0,786.0,780.0,762.0,787.0,881.0,818.0,685.0,649.0,365.0
2015-10-26,759.0,1403.0,681.0,646.0,360.0,774.0,786.0,780.0,766.0,869.0,805.0,683.0,648.0,362.0
2015-10-27,739.0,1307.0,686.0,645.0,356.0,759.0,774.0,786.0,754.0,841.0,802.0,681.0,646.0,360.0
2015-10-28,736.0,1275.0,687.0,643.0,354.0,739.0,759.0,774.0,747.0,817.0,814.0,686.0,645.0,356.0
2015-10-29,728.0,1254.0,682.0,633.0,351.0,736.0,739.0,759.0,762.0,809.0,883.0,687.0,643.0,354.0
2015-10-30,721.0,1229.0,675.0,629.0,349.0,728.0,736.0,739.0,780.0,809.0,960.0,682.0,633.0,351.0
2015-11-02,706.0,1184.0,665.0,620.0,347.0,721.0,728.0,736.0,786.0,804.0,978.0,675.0,629.0,349.0
2015-11-03,680.0,1099.0,653.0,609.0,339.0,706.0,721.0,728.0,774.0,787.0,923.0,665.0,620.0,347.0
2015-11-04,657.0,1043.0,636.0,596.0,333.0,680.0,706.0,721.0,759.0,766.0,917.0,653.0,609.0,339.0
2015-11-05,640.0,1002.0,618.0,584.0,328.0,657.0,680.0,706.0,739.0,754.0,922.0,636.0,596.0,333.0
2015-11-06,631.0,1003.0,603.0,571.0,323.0,640.0,657.0,680.0,736.0,747.0,943.0,618.0,584.0,328.0
2015-11-09,628.0,1021.0,589.0,562.0,319.0,631.0,640.0,657.0,728.0,762.0,943.0,603.0,571.0,323.0
2015-11-10,622.0,1018.0,575.0,554.0,316.0,628.0,631.0,640.0,721.0,780.0,926.0,589.0,562.0,319.0
2015-11-11,599.0,946.0,555.0,543.0,311.0,622.0,628.0,631.0,706.0,786.0,900.0,575.0,554.0,316.0
2015-11-12,579.0,881.0,534.0,533.0,307.0,599.0,622.0,628.0,680.0,774.0,888.0,555.0,543.0,311.0
2015-11-13,560.0,809.0,514.0,523.0,304.0,579.0,599.0,622.0,657.0,759.0,889.0,534.0,533.0,307.0
2015-11-16,550.0,770.0,500.0,516.0,302.0,560.0,579.0,599.0,640.0,739.0,881.0,514.0,523.0,304.0
2015-11-17,537.0,733.0,487.0,504.0,296.0,550.0,560.0,579.0,631.0,736.0,869.0,500.0,516.0,302.0
2015-11-18,519.0,671.0,477.0,491.0,292.0,537.0,550.0,560.0,628.0,728.0,841.0,487.0,504.0,296.0
2015-11-19,504.0,619.0,468.0,479.0,290.0,519.0,537.0,550.0,622.0,721.0,817.0,477.0,491.0,292.0
2015-11-20,498.0,606.0,463.0,472.0,288.0,504.0,519.0,537.0,599.0,706.0,809.0,468.0,479.0,290.0
2015-11-23,516.0,698.0,461.0,469.0,286.0,498.0,504.0,519.0,579.0,680.0,809.0,463.0,472.0,288.0
2015-11-24,528.0,731.0,460.0,467.0,285.0,516.0,498.0,504.0,560.0,657.0,804.0,461.0,469.0,286.0
2015-11-25,546.0,807.0,463.0,467.0,285.0,528.0,516.0,498.0,550.0,640.0,787.0,460.0,467.0,285.0
2015-11-26,562.0,898.0,459.0,467.0,284.0,546.0,528.0,516.0,537.0,631.0,766.0,463.0,467.0,285.0
2015-11-27,581.0,989.0,456.0,467.0,283.0,562.0,546.0,528.0,519.0,628.0,754.0,459.0,467.0,284.0
2015-11-30,584.0,1007.0,453.0,469.0,285.0,581.0,562.0,546.0,504.0,622.0,747.0,456.0,467.0,283.0
2015-12-01,598.0,1046.0,450.0,471.0,286.0,584.0,581.0,562.0,498.0,599.0,762.0,453.0,469.0,285.0
2015-12-02,590.0,1001.0,446.0,472.0,286.0,598.0,584.0,581.0,516.0,579.0,780.0,450.0,471.0,286.0
2015-12-03,574.0,931.0,438.0,470.0,286.0,590.0,598.0,584.0,528.0,560.0,786.0,446.0,472.0,286.0
2015-12-04,563.0,890.0,433.0,469.0,286.0,574.0,590.0,598.0,546.0,550.0,774.0,438.0,470.0,286.0
2015-12-07,551.0,852.0,426.0,465.0,286.0,563.0,574.0,590.0,562.0,537.0,759.0,433.0,469.0,286.0
2015-12-08,551.0,870.0,420.0,461.0,286.0,551.0,563.0,574.0,581.0,519.0,739.0,426.0,465.0,286.0
2015-12-09,546.0,857.0,412.0,460.0,286.0,551.0,551.0,563.0,584.0,504.0,736.0,420.0,461.0,286.0
2015-12-10,534.0,824.0,408.0,455.0,285.0,546.0,551.0,551.0,598.0,498.0,728.0,412.0,460.0,286.0
2015-12-11,522.0,779.0,410.0,451.0,282.0,534.0,546.0,551.0,590.0,516.0,721.0,408.0,455.0,285.0
2015-12-14,508.0,722.0,410.0,450.0,279.0,522.0,534.0,546.0,574.0,528.0,706.0,410.0,451.0,282.0
2015-12-15,484.0,623.0,411.0,449.0,276.0,508.0,522.0,534.0,563.0,546.0,680.0,410.0,450.0,279.0
2015-12-16,471.0,549.0,415.0,448.0,275.0,484.0,508.0,522.0,551.0,562.0,657.0,411.0,449.0,276.0
2015-12-17,471.0,524.0,421.0,448.0,274.0,471.0,484.0,508.0,551.0,581.0,640.0,415.0,448.0,275.0
2015-12-18,477.0,524.0,426.0,449.0,273.0,471.0,471.0,484.0,546.0,584.0,631.0,421.0,448.0,274.0
2015-12-21,478.0,512.0,433.0,449.0,273.0,477.0,471.0,471.0,534.0,598.0,628.0,426.0,449.0,273.0
2015-12-22,474.0,485.0,445.0,449.0,271.0,478.0,477.0,471.0,522.0,590.0,622.0,433.0,449.0,273.0
2015-12-23,475.0,469.0,457.0,450.0,270.0,474.0,478.0,477.0,508.0,574.0,599.0,445.0,449.0,271.0
2015-12-24,478.0,470.0,462.0,450.0,270.0,475.0,474.0,478.0,484.0,563.0,579.0,457.0,450.0,270.0
2016-01-04,473.0,472.0,464.0,449.0,267.0,478.0,475.0,474.0,471.0,551.0,560.0,462.0,450.0,270.0
2016-01-05,468.0,462.0,466.0,445.0,266.0,473.0,478.0,475.0,471.0,551.0,550.0,464.0,449.0,267.0
2016-01-06,467.0,467.0,464.0,442.0,263.0,468.0,473.0,478.0,477.0,546.0,537.0,466.0,445.0,266.0
2016-01-07,445.0,399.0,450.0,436.0,259.0,467.0,468.0,473.0,478.0,534.0,519.0,464.0,442.0,263.0
2016-01-08,429.0,343.0,434.0,430.0,256.0,445.0,467.0,468.0,474.0,522.0,504.0,450.0,436.0,259.0
2016-01-11,415.0,314.0,420.0,422.0,251.0,429.0,445.0,467.0,475.0,508.0,498.0,434.0,430.0,256.0
2016-01-12,402.0,266.0,411.0,416.0,250.0,415.0,429.0,445.0,478.0,484.0,516.0,420.0,422.0,251.0
2016-01-13,394.0,245.0,399.0,412.0,250.0,402.0,415.0,429.0,473.0,471.0,528.0,411.0,416.0,250.0
2016-01-14,383.0,225.0,388.0,402.0,247.0,394.0,402.0,415.0,468.0,471.0,546.0,399.0,412.0,250.0
2016-01-15,373.0,198.0,381.0,394.0,245.0,383.0,394.0,402.0,467.0,477.0,562.0,388.0,402.0,247.0
2016-01-18,369.0,197.0,375.0,388.0,243.0,373.0,383.0,394.0,445.0,478.0,581.0,381.0,394.0,245.0
2016-01-19,363.0,185.0,369.0,381.0,240.0,369.0,373.0,383.0,429.0,474.0,584.0,375.0,388.0,243.0
2016-01-20,358.0,186.0,360.0,372.0,238.0,363.0,369.0,373.0,415.0,475.0,598.0,369.0,381.0,240.0
2016-01-21,355.0,206.0,346.0,366.0,237.0,358.0,363.0,369.0,402.0,478.0,590.0,360.0,372.0,238.0
2016-01-22,354.0,229.0,334.0,358.0,233.0,355.0,358.0,363.0,394.0,473.0,574.0,346.0,366.0,237.0
2016-01-25,354.0,254.0,325.0,350.0,231.0,354.0,355.0,358.0,383.0,468.0,563.0,334.0,358.0,233.0
2016-01-26,345.0,242.0,312.0,338.0,229.0,354.0,354.0,355.0,373.0,467.0,551.0,325.0,350.0,231.0
2016-01-27,337.0,235.0,303.0,327.0,225.0,345.0,354.0,354.0,369.0,445.0,551.0,312.0,338.0,229.0
2016-01-28,325.0,216.0,293.0,316.0,222.0,337.0,345.0,354.0,363.0,429.0,546.0,303.0,327.0,225.0
2016-01-29,317.0,211.0,287.0,304.0,219.0,325.0,337.0,345.0,358.0,415.0,534.0,293.0,316.0,222.0
2016-02-01,314.0,217.0,282.0,299.0,216.0,317.0,325.0,337.0,355.0,402.0,522.0,287.0,304.0,219.0
2016-02-02,310.0,217.0,282.0,289.0,212.0,314.0,317.0,325.0,354.0,394.0,508.0,282.0,299.0,216.0
2016-02-03,303.0,209.0,284.0,280.0,203.0,310.0,314.0,317.0,354.0,383.0,484.0,282.0,289.0,212.0
2016-02-04,298.0,208.0,289.0,271.0,197.0,303.0,310.0,314.0,345.0,373.0,471.0,284.0,280.0,203.0
2016-02-05,297.0,212.0,295.0,262.0,194.0,298.0,303.0,310.0,337.0,369.0,471.0,289.0,271.0,197.0
2016-02-08,293.0,207.0,298.0,255.0,190.0,297.0,298.0,303.0,325.0,363.0,477.0,295.0,262.0,194.0
2016-02-09,291.0,207.0,297.0,250.0,188.0,293.0,297.0,298.0,317.0,358.0,478.0,298.0,255.0,190.0
2016-02-10,290.0,208.0,301.0,247.0,186.0,291.0,293.0,297.0,314.0,355.0,474.0,297.0,250.0,188.0
2016-02-11,290.0,206.0,312.0,244.0,184.0,290.0,291.0,293.0,310.0,354.0,475.0,301.0,247.0,186.0
2016-02-12,291.0,199.0,324.0,243.0,183.0,290.0,290.0,291.0,303.0,354.0,478.0,312.0,244.0,184.0
2016-02-15,295.0,204.0,334.0,247.0,183.0,291.0,290.0,290.0,298.0,345.0,473.0,324.0,243.0,183.0
2016-02-16,301.0,223.0,346.0,252.0,184.0,295.0,291.0,290.0,297.0,337.0,468.0,334.0,247.0,183.0
2016-02-17,307.0,223.0,357.0,259.0,186.0,301.0,295.0,291.0,293.0,325.0,467.0,346.0,252.0,184.0
2016-02-18,313.0,220.0,358.0,270.0,193.0,307.0,301.0,295.0,291.0,317.0,445.0,357.0,259.0,186.0
2016-02-19,315.0,207.0,355.0,286.0,198.0,313.0,307.0,301.0,290.0,314.0,429.0,358.0,270.0,193.0
2016-02-22,316.0,197.0,350.0,298.0,200.0,315.0,313.0,307.0,290.0,310.0,415.0,355.0,286.0,198.0
2016-02-23,318.0,189.0,346.0,310.0,203.0,316.0,315.0,313.0,291.0,303.0,402.0,350.0,298.0,200.0
2016-02-24,322.0,186.0,346.0,321.0,206.0,318.0,316.0,315.0,295.0,298.0,394.0,346.0,310.0,203.0
2016-02-25,325.0,182.0,346.0,328.0,209.0,322.0,318.0,316.0,301.0,297.0,383.0,346.0,321.0,206.0
2016-02-26,327.0,177.0,352.0,333.0,212.0,325.0,322.0,318.0,307.0,293.0,373.0,346.0,328.0,209.0
2016-02-29,329.0,174.0,354.0,339.0,214.0,327.0,325.0,322.0,313.0,291.0,369.0,352.0,333.0,212.0
2016-03-01,332.0,174.0,357.0,345.0,217.0,329.0,327.0,325.0,315.0,290.0,363.0,354.0,339.0,214.0
2016-03-02,335.0,171.0,364.0,350.0,220.0,332.0,329.0,327.0,316.0,290.0,358.0,357.0,345.0,217.0
2016-03-03,342.0,166.0,374.0,363.0,227.0,335.0,332.0,329.0,318.0,291.0,355.0,364.0,350.0,220.0
2016-03-04,349.0,164.0,386.0,371.0,232.0,342.0,335.0,332.0,322.0,295.0,354.0,374.0,363.0,227.0
2016-03-07,354.0,161.0,397.0,377.0,237.0,349.0,342.0,335.0,325.0,301.0,354.0,386.0,371.0,232.0
2016-03-08,366.0,180.0,422.0,386.0,240.0,354.0,349.0,342.0,327.0,307.0,345.0,397.0,377.0,237.0
2016-03-09,376.0,178.0,447.0,399.0,243.0,366.0,354.0,349.0,329.0,313.0,337.0,422.0,386.0,240.0
2016-03-10,384.0,178.0,466.0,412.0,246.0,376.0,366.0,354.0,332.0,315.0,325.0,447.0,399.0,243.0
2016-03-11,388.0,176.0,477.0,420.0,249.0,384.0,376.0,366.0,335.0,316.0,317.0,466.0,412.0,246.0
2016-03-14,393.0,179.0,481.0,427.0,252.0,388.0,384.0,376.0,342.0,318.0,314.0,477.0,420.0,249.0
2016-03-15,396.0,186.0,481.0,432.0,255.0,393.0,388.0,384.0,349.0,322.0,310.0,481.0,427.0,252.0
2016-03-16,393.0,172.0,474.0,439.0,257.0,396.0,393.0,388.0,354.0,325.0,303.0,481.0,432.0,255.0
2016-03-17,392.0,178.0,467.0,445.0,258.0,393.0,396.0,393.0,366.0,327.0,298.0,474.0,439.0,257.0
2016-03-18,395.0,197.0,463.0,449.0,260.0,392.0,393.0,396.0,376.0,329.0,297.0,467.0,445.0,258.0
2016-03-21,398.0,197.0,459.0,460.0,262.0,395.0,392.0,393.0,384.0,332.0,293.0,463.0,449.0,260.0
2016-03-22,398.0,186.0,455.0,464.0,264.0,398.0,395.0,392.0,388.0,335.0,291.0,459.0,460.0,262.0
2016-03-23,401.0,196.0,458.0,468.0,266.0,398.0,398.0,395.0,393.0,342.0,290.0,455.0,464.0,264.0
2016-03-24,406.0,203.0,466.0,473.0,268.0,401.0,398.0,398.0,396.0,349.0,290.0,458.0,468.0,266.0
2016-03-29,409.0,207.0,471.0,474.0,270.0,406.0,401.0,398.0,393.0,354.0,291.0,466.0,473.0,268.0
2016-03-30,414.0,210.0,484.0,475.0,271.0,409.0,406.0,401.0,392.0,366.0,295.0,471.0,474.0,270.0
2016-03-31,429.0,270.0,501.0,476.0,272.0,414.0,409.0,406.0,395.0,376.0,301.0,484.0,475.0,271.0
2016-04-01,450.0,345.0,535.0,476.0,272.0,429.0,414.0,409.0,398.0,384.0,307.0,501.0,476.0,272.0
2016-04-04,471.0,424.0,563.0,479.0,274.0,450.0,429.0,414.0,398.0,388.0,313.0,535.0,476.0,272.0
2016-04-05,487.0,466.0,596.0,479.0,275.0,471.0,450.0,429.0,401.0,393.0,315.0,563.0,479.0,274.0
2016-04-06,500.0,477.0,619.0,482.0,278.0,487.0,471.0,450.0,406.0,396.0,316.0,596.0,479.0,275.0
2016-04-07,517.0,562.0,627.0,485.0,280.0,500.0,487.0,471.0,409.0,393.0,318.0,619.0,482.0,278.0
2016-04-08,539.0,656.0,643.0,488.0,286.0,517.0,500.0,487.0,414.0,392.0,322.0,627.0,485.0,280.0
2016-04-11,555.0,733.0,654.0,492.0,288.0,539.0,517.0,500.0,429.0,395.0,325.0,643.0,488.0,286.0
2016-04-12,560.0,744.0,666.0,498.0,290.0,555.0,539.0,517.0,450.0,398.0,327.0,654.0,492.0,288.0
2016-04-13,567.0,744.0,678.0,506.0,296.0,560.0,555.0,539.0,471.0,398.0,329.0,666.0,498.0,290.0
2016-04-14,597.0,831.0,700.0,514.0,309.0,567.0,560.0,555.0,487.0,401.0,332.0,678.0,506.0,296.0
2016-04-15,635.0,949.0,727.0,525.0,321.0,597.0,567.0,560.0,500.0,406.0,335.0,700.0,514.0,309.0
2016-04-18,659.0,1030.0,740.0,529.0,328.0,635.0,597.0,567.0,517.0,409.0,342.0,727.0,525.0,321.0
2016-04-19,671.0,1065.0,746.0,534.0,334.0,659.0,635.0,597.0,539.0,414.0,349.0,740.0,529.0,328.0
2016-04-20,669.0,1022.0,747.0,543.0,342.0,671.0,659.0,635.0,555.0,429.0,354.0,746.0,534.0,334.0
2016-04-21,670.0,1004.0,743.0,551.0,348.0,669.0,671.0,659.0,560.0,450.0,366.0,747.0,543.0,342.0
2016-04-22,688.0,1085.0,736.0,558.0,354.0,670.0,669.0,671.0,567.0,471.0,376.0,743.0,551.0,348.0
2016-04-25,690.0,1087.0,727.0,562.0,356.0,688.0,670.0,669.0,597.0,487.0,384.0,736.0,558.0,354.0
2016-04-26,704.0,1135.0,718.0,564.0,358.0,690.0,688.0,670.0,635.0,500.0,388.0,727.0,562.0,356.0
2016-04-27,715.0,1160.0,704.0,573.0,362.0,704.0,690.0,688.0,659.0,517.0,393.0,718.0,564.0,358.0
2016-04-28,710.0,1137.0,685.0,578.0,365.0,715.0,704.0,690.0,671.0,539.0,396.0,704.0,573.0,362.0
2016-04-29,703.0,1117.0,667.0,582.0,367.0,710.0,715.0,704.0,669.0,555.0,393.0,685.0,578.0,365.0
2016-05-03,682.0,1055.0,640.0,583.0,368.0,703.0,710.0,715.0,670.0,560.0,392.0,667.0,582.0,367.0
2016-05-04,652.0,954.0,621.0,583.0,365.0,682.0,703.0,710.0,688.0,567.0,395.0,640.0,583.0,368.0
2016-05-05,642.0,915.0,607.0,582.0,365.0,652.0,682.0,703.0,690.0,597.0,398.0,621.0,583.0,365.0
2016-05-06,631.0,892.0,591.0,578.0,359.0,642.0,652.0,682.0,704.0,635.0,398.0,607.0,582.0,365.0
2016-05-09,616.0,837.0,584.0,575.0,355.0,631.0,642.0,652.0,715.0,659.0,401.0,591.0,578.0,359.0
2016-05-10,594.0,752.0,581.0,567.0,352.0,616.0,631.0,642.0,710.0,671.0,406.0,584.0,575.0,355.0
2016-05-11,579.0,713.0,583.0,560.0,349.0,594.0,616.0,631.0,703.0,669.0,409.0,581.0,567.0,352.0
2016-05-12,579.0,724.0,589.0,555.0,347.0,579.0,594.0,616.0,682.0,670.0,414.0,583.0,560.0,349.0
2016-05-13,600.0,798.0,597.0,553.0,347.0,579.0,579.0,594.0,652.0,688.0,429.0,589.0,555.0,347.0
2016-05-16,613.0,854.0,598.0,552.0,347.0,600.0,579.0,579.0,642.0,690.0,450.0,597.0,553.0,347.0
2016-05-17,643.0,988.0,604.0,552.0,345.0,613.0,600.0,579.0,631.0,704.0,471.0,598.0,552.0,347.0
2016-05-18,642.0,954.0,611.0,553.0,342.0,643.0,613.0,600.0,616.0,715.0,487.0,604.0,552.0,345.0
2016-05-19,634.0,906.0,617.0,558.0,342.0,642.0,643.0,613.0,594.0,710.0,500.0,611.0,553.0,342.0
2016-05-20,625.0,870.0,614.0,562.0,343.0,634.0,642.0,643.0,579.0,703.0,517.0,617.0,558.0,342.0
2016-05-23,624.0,870.0,611.0,565.0,344.0,625.0,634.0,642.0,579.0,682.0,539.0,614.0,562.0,343.0
2016-05-24,618.0,848.0,608.0,568.0,345.0,624.0,625.0,634.0,600.0,652.0,555.0,611.0,565.0,344.0
2016-05-25,605.0,799.0,596.0,571.0,346.0,618.0,624.0,625.0,613.0,642.0,560.0,608.0,568.0,345.0
2016-05-26,601.0,793.0,586.0,575.0,347.0,605.0,618.0,624.0,643.0,631.0,567.0,596.0,571.0,346.0
2016-05-27,606.0,830.0,582.0,579.0,347.0,601.0,605.0,618.0,642.0,616.0,597.0,586.0,575.0,347.0
2016-05-31,612.0,854.0,574.0,580.0,351.0,606.0,601.0,605.0,634.0,594.0,635.0,582.0,579.0,347.0
2016-06-01,612.0,861.0,568.0,578.0,355.0,612.0,606.0,601.0,625.0,579.0,659.0,574.0,580.0,351.0
2016-06-02,606.0,854.0,560.0,575.0,354.0,612.0,612.0,606.0,624.0,579.0,671.0,568.0,578.0,355.0
2016-06-03,610.0,913.0,550.0,574.0,349.0,606.0,612.0,612.0,618.0,600.0,669.0,560.0,575.0,354.0
2016-06-06,607.0,922.0,544.0,570.0,345.0,610.0,606.0,612.0,605.0,613.0,670.0,550.0,574.0,349.0
2016-06-07,606.0,920.0,542.0,567.0,344.0,607.0,610.0,606.0,601.0,643.0,688.0,544.0,570.0,345.0
2016-06-08,610.0,973.0,540.0,564.0,338.0,606.0,607.0,610.0,606.0,642.0,690.0,542.0,567.0,344.0
2016-06-09,611.0,995.0,543.0,560.0,332.0,610.0,606.0,607.0,612.0,634.0,704.0,540.0,564.0,338.0
2016-06-10,610.0,1006.0,543.0,557.0,327.0,611.0,610.0,606.0,612.0,625.0,715.0,543.0,560.0,332.0
2016-06-13,609.0,1014.0,542.0,554.0,322.0,610.0,611.0,610.0,606.0,624.0,710.0,543.0,557.0,327.0
2016-06-14,608.0,1018.0,543.0,552.0,317.0,609.0,610.0,611.0,610.0,618.0,703.0,542.0,554.0,322.0
2016-06-15,604.0,1000.0,545.0,552.0,315.0,608.0,609.0,610.0,607.0,605.0,682.0,543.0,552.0,317.0
2016-06-16,598.0,976.0,545.0,554.0,314.0,604.0,608.0,609.0,606.0,601.0,652.0,545.0,552.0,315.0
2016-06-17,587.0,927.0,546.0,555.0,311.0,598.0,604.0,608.0,610.0,606.0,642.0,545.0,554.0,314.0
2016-06-20,582.0,897.0,546.0,559.0,312.0,587.0,598.0,604.0,611.0,612.0,631.0,546.0,555.0,311.0
2016-06-21,580.0,873.0,548.0,563.0,315.0,582.0,587.0,598.0,610.0,612.0,616.0,546.0,559.0,312.0
2016-06-22,585.0,878.0,556.0,570.0,318.0,580.0,582.0,587.0,609.0,606.0,594.0,548.0,563.0,315.0
2016-06-23,596.0,897.0,569.0,577.0,322.0,585.0,580.0,582.0,608.0,610.0,579.0,556.0,570.0,318.0
2016-06-24,609.0,913.0,585.0,583.0,329.0,596.0,585.0,580.0,604.0,607.0,579.0,569.0,577.0,322.0
2016-06-27,616.0,919.0,601.0,587.0,331.0,609.0,596.0,585.0,598.0,606.0,600.0,585.0,583.0,329.0
2016-06-28,627.0,936.0,618.0,593.0,336.0,616.0,609.0,596.0,587.0,610.0,613.0,601.0,587.0,331.0
2016-06-29,640.0,955.0,634.0,606.0,338.0,627.0,616.0,609.0,582.0,611.0,643.0,618.0,593.0,336.0
2016-06-30,660.0,996.0,662.0,619.0,342.0,640.0,627.0,616.0,580.0,610.0,642.0,634.0,606.0,338.0
2016-07-01,677.0,1030.0,691.0,627.0,344.0,660.0,640.0,627.0,585.0,609.0,634.0,662.0,619.0,342.0
2016-07-04,688.0,1049.0,710.0,633.0,347.0,677.0,660.0,640.0,596.0,608.0,625.0,691.0,627.0,344.0
2016-07-05,692.0,1034.0,735.0,637.0,349.0,688.0,677.0,660.0,609.0,604.0,624.0,710.0,633.0,347.0
2016-07-06,694.0,1019.0,755.0,639.0,349.0,692.0,688.0,677.0,616.0,598.0,618.0,735.0,637.0,349.0
2016-07-07,699.0,1008.0,779.0,644.0,352.0,694.0,692.0,688.0,627.0,587.0,605.0,755.0,639.0,349.0
2016-07-08,703.0,1002.0,792.0,647.0,354.0,699.0,694.0,692.0,640.0,582.0,601.0,779.0,644.0,352.0
2016-07-11,704.0,991.0,799.0,651.0,356.0,703.0,699.0,694.0,660.0,580.0,606.0,792.0,647.0,354.0
2016-07-12,711.0,987.0,809.0,666.0,358.0,704.0,703.0,699.0,677.0,585.0,612.0,799.0,651.0,356.0
2016-07-13,726.0,1010.0,819.0,679.0,360.0,711.0,704.0,703.0,688.0,596.0,612.0,809.0,666.0,358.0
2016-07-14,738.0,1020.0,842.0,686.0,361.0,726.0,711.0,704.0,692.0,609.0,606.0,819.0,679.0,360.0
2016-07-15,745.0,1023.0,863.0,693.0,363.0,738.0,726.0,711.0,694.0,616.0,610.0,842.0,686.0,361.0
2016-07-18,748.0,1016.0,874.0,697.0,366.0,745.0,738.0,726.0,699.0,627.0,607.0,863.0,693.0,363.0
2016-07-19,746.0,986.0,879.0,700.0,371.0,748.0,745.0,738.0,703.0,640.0,606.0,874.0,697.0,366.0
2016-07-20,736.0,937.0,872.0,702.0,376.0,746.0,748.0,745.0,704.0,660.0,610.0,879.0,700.0,371.0
2016-07-21,726.0,906.0,850.0,701.0,379.0,736.0,746.0,748.0,711.0,677.0,611.0,872.0,702.0,376.0
2016-07-22,718.0,895.0,827.0,698.0,383.0,726.0,736.0,746.0,726.0,688.0,610.0,850.0,701.0,379.0
2016-07-25,709.0,877.0,806.0,697.0,386.0,718.0,726.0,736.0,738.0,692.0,609.0,827.0,698.0,383.0
2016-07-26,696.0,841.0,784.0,690.0,390.0,709.0,718.0,726.0,745.0,694.0,608.0,806.0,697.0,386.0
2016-07-27,679.0,803.0,752.0,684.0,392.0,696.0,709.0,718.0,748.0,699.0,604.0,784.0,690.0,390.0
2016-07-28,665.0,780.0,719.0,676.0,396.0,679.0,696.0,709.0,746.0,703.0,598.0,752.0,684.0,392.0
2016-07-29,656.0,768.0,692.0,671.0,399.0,665.0,679.0,696.0,736.0,704.0,587.0,719.0,676.0,396.0
2016-08-01,650.0,757.0,673.0,667.0,401.0,656.0,665.0,679.0,726.0,711.0,582.0,692.0,671.0,399.0
2016-08-02,645.0,757.0,658.0,663.0,400.0,650.0,656.0,665.0,718.0,726.0,580.0,673.0,667.0,401.0
2016-08-03,641.0,758.0,648.0,660.0,397.0,645.0,650.0,656.0,709.0,738.0,585.0,658.0,663.0,400.0
2016-08-04,636.0,759.0,641.0,654.0,395.0,641.0,645.0,650.0,696.0,745.0,596.0,648.0,660.0,397.0
2016-08-05,636.0,770.0,640.0,647.0,394.0,636.0,641.0,645.0,679.0,748.0,609.0,641.0,654.0,395.0
2016-08-08,636.0,777.0,638.0,645.0,392.0,636.0,636.0,641.0,665.0,746.0,616.0,640.0,647.0,394.0
2016-08-09,631.0,770.0,642.0,642.0,389.0,636.0,636.0,636.0,656.0,736.0,627.0,638.0,645.0,392.0
2016-08-10,638.0,795.0,659.0,639.0,391.0,631.0,636.0,636.0,650.0,726.0,640.0,642.0,642.0,389.0
2016-08-11,653.0,833.0,687.0,640.0,394.0,638.0,631.0,636.0,645.0,718.0,660.0,659.0,639.0,391.0
2016-08-12,671.0,891.0,703.0,643.0,396.0,653.0,638.0,631.0,641.0,709.0,677.0,687.0,640.0,394.0
2016-08-15,681.0,920.0,713.0,646.0,399.0,671.0,653.0,638.0,636.0,696.0,688.0,703.0,643.0,396.0
2016-08-16,687.0,926.0,721.0,652.0,403.0,681.0,671.0,653.0,636.0,679.0,692.0,713.0,646.0,399.0
2016-08-17,685.0,885.0,726.0,666.0,405.0,687.0,681.0,671.0,636.0,665.0,694.0,721.0,652.0,403.0
2016-08-18,682.0,852.0,727.0,677.0,407.0,685.0,687.0,681.0,631.0,656.0,699.0,726.0,666.0,405.0
2016-08-19,683.0,843.0,727.0,686.0,412.0,682.0,685.0,687.0,638.0,650.0,703.0,727.0,677.0,407.0
2016-08-22,687.0,848.0,721.0,694.0,416.0,683.0,682.0,685.0,653.0,645.0,704.0,727.0,686.0,412.0
2016-08-23,692.0,861.0,714.0,702.0,420.0,687.0,683.0,682.0,671.0,641.0,711.0,721.0,694.0,416.0
2016-08-24,706.0,910.0,706.0,,425.0,692.0,687.0,683.0,681.0,636.0,726.0,714.0,702.0,420.0
2016-08-25,718.0,974.0,700.0,712.0,428.0,706.0,692.0,687.0,687.0,636.0,738.0,706.0,,425.0
2016-08-26,720.0,1001.0,687.0,715.0,431.0,718.0,706.0,692.0,685.0,636.0,745.0,700.0,712.0,428.0
2016-08-30,715.0,986.0,674.0,719.0,432.0,720.0,718.0,706.0,682.0,631.0,748.0,687.0,715.0,431.0
2016-08-31,711.0,978.0,660.0,721.0,432.0,715.0,720.0,718.0,683.0,638.0,746.0,674.0,719.0,432.0
2016-09-01,712.0,1002.0,652.0,723.0,433.0,711.0,715.0,720.0,687.0,653.0,736.0,660.0,721.0,432.0
2016-09-02,720.0,1054.0,644.0,721.0,432.0,712.0,711.0,715.0,692.0,671.0,726.0,652.0,723.0,433.0
2016-09-05,724.0,1079.0,640.0,718.0,429.0,720.0,712.0,711.0,706.0,681.0,718.0,644.0,721.0,432.0
2016-09-06,745.0,1182.0,641.0,714.0,425.0,724.0,720.0,712.0,718.0,687.0,709.0,640.0,718.0,429.0
2016-09-07,773.0,1371.0,648.0,702.0,422.0,745.0,724.0,720.0,720.0,685.0,696.0,641.0,714.0,425.0
2016-09-08,792.0,1478.0,655.0,694.0,420.0,773.0,745.0,724.0,715.0,682.0,679.0,648.0,702.0,422.0
2016-09-09,804.0,1566.0,658.0,688.0,419.0,792.0,773.0,745.0,711.0,683.0,665.0,655.0,694.0,420.0
2016-09-12,804.0,1581.0,659.0,681.0,417.0,804.0,792.0,773.0,712.0,687.0,656.0,658.0,688.0,419.0
2016-09-13,796.0,1607.0,656.0,671.0,415.0,804.0,804.0,792.0,720.0,692.0,650.0,659.0,681.0,417.0
2016-09-14,756.0,1444.0,649.0,665.0,415.0,796.0,804.0,804.0,724.0,706.0,645.0,656.0,671.0,415.0
2016-09-15,764.0,1487.0,645.0,661.0,415.0,756.0,796.0,804.0,745.0,718.0,641.0,649.0,665.0,415.0
2016-09-16,800.0,1680.0,646.0,660.0,415.0,764.0,756.0,796.0,773.0,720.0,636.0,645.0,661.0,415.0
2016-09-19,836.0,1853.0,650.0,661.0,416.0,800.0,764.0,756.0,792.0,715.0,636.0,646.0,660.0,415.0
2016-09-20,865.0,1964.0,657.0,660.0,417.0,836.0,800.0,764.0,804.0,711.0,636.0,650.0,661.0,416.0
2016-09-21,903.0,2118.0,673.0,662.0,418.0,865.0,836.0,800.0,804.0,712.0,631.0,657.0,660.0,417.0
2016-09-22,937.0,2389.0,700.0,688.0,420.0,903.0,865.0,836.0,796.0,720.0,638.0,673.0,662.0,418.0
2016-09-23,941.0,2383.0,722.0,671.0,421.0,937.0,903.0,865.0,756.0,724.0,653.0,700.0,688.0,420.0
2016-09-26,934.0,2325.0,739.0,673.0,422.0,941.0,937.0,903.0,764.0,745.0,671.0,722.0,671.0,421.0
2016-09-27,930.0,2298.0,750.0,674.0,422.0,934.0,941.0,937.0,800.0,773.0,681.0,739.0,673.0,422.0
2016-09-28,912.0,2196.0,751.0,676.0,422.0,930.0,934.0,941.0,836.0,792.0,687.0,750.0,674.0,422.0
2016-09-29,888.0,2067.0,741.0,676.0,422.0,912.0,930.0,934.0,865.0,804.0,685.0,751.0,676.0,422.0
2016-09-30,875.0,2008.0,726.0,679.0,421.0,888.0,912.0,930.0,903.0,804.0,682.0,741.0,676.0,422.0
2016-10-03,864.0,1971.0,713.0,681.0,419.0,875.0,888.0,912.0,937.0,796.0,683.0,726.0,679.0,421.0
2016-10-04,860.0,1970.0,705.0,681.0,417.0,864.0,875.0,888.0,941.0,756.0,687.0,713.0,681.0,419.0
2016-10-05,869.0,2012.0,699.0,680.0,415.0,860.0,864.0,875.0,934.0,764.0,692.0,705.0,681.0,417.0
2016-10-06,915.0,2218.0,704.0,678.0,413.0,869.0,860.0,864.0,930.0,800.0,706.0,699.0,680.0,415.0
2016-10-07,921.0,2245.0,717.0,677.0,411.0,915.0,869.0,860.0,912.0,836.0,718.0,704.0,678.0,413.0
2016-10-10,922.0,2235.0,729.0,677.0,410.0,921.0,915.0,869.0,888.0,865.0,720.0,717.0,677.0,411.0
2016-10-11,922.0,2235.0,745.0,676.0,409.0,922.0,921.0,915.0,875.0,903.0,715.0,729.0,677.0,410.0
2016-10-12,906.0,2154.0,763.0,674.0,408.0,922.0,922.0,921.0,864.0,937.0,711.0,745.0,676.0,409.0
2016-10-13,885.0,2018.0,790.0,673.0,410.0,906.0,922.0,922.0,860.0,941.0,712.0,763.0,674.0,408.0
2016-10-14,892.0,2018.0,819.0,674.0,411.0,885.0,906.0,922.0,869.0,934.0,720.0,790.0,673.0,410.0
2016-10-17,894.0,2003.0,838.0,676.0,413.0,892.0,885.0,906.0,915.0,930.0,724.0,819.0,674.0,411.0
2016-10-18,890.0,1950.0,860.0,678.0,417.0,894.0,892.0,885.0,921.0,912.0,745.0,838.0,676.0,413.0
2016-10-19,872.0,1826.0,885.0,682.0,421.0,890.0,894.0,892.0,922.0,888.0,773.0,860.0,678.0,417.0
2016-10-20,849.0,1637.0,905.0,691.0,424.0,872.0,890.0,894.0,922.0,875.0,792.0,885.0,682.0,421.0
2016-10-21,842.0,1575.0,915.0,700.0,427.0,849.0,872.0,890.0,906.0,864.0,804.0,905.0,691.0,424.0
2016-10-24,831.0,1471.0,923.0,705.0,428.0,842.0,849.0,872.0,885.0,860.0,804.0,915.0,700.0,427.0
2016-10-25,813.0,1348.0,925.0,710.0,430.0,831.0,842.0,849.0,892.0,869.0,796.0,923.0,705.0,428.0
2016-10-26,802.0,1275.0,925.0,714.0,430.0,813.0,831.0,842.0,894.0,915.0,756.0,925.0,710.0,430.0
2016-10-27,798.0,1248.0,921.0,719.0,432.0,802.0,813.0,831.0,890.0,921.0,764.0,925.0,714.0,430.0
2016-10-28,834.0,1417.0,913.0,722.0,433.0,798.0,802.0,813.0,872.0,922.0,800.0,921.0,719.0,432.0
2016-10-31,857.0,1534.0,905.0,722.0,435.0,834.0,798.0,802.0,849.0,922.0,836.0,913.0,722.0,433.0
2016-11-01,838.0,1443.0,895.0,721.0,436.0,857.0,834.0,798.0,842.0,906.0,865.0,905.0,722.0,435.0
2016-11-02,834.0,1451.0,885.0,718.0,434.0,838.0,857.0,834.0,831.0,885.0,903.0,895.0,721.0,436.0
2016-11-03,849.0,1544.0,886.0,718.0,434.0,834.0,838.0,857.0,813.0,892.0,937.0,885.0,718.0,434.0
2016-11-04,855.0,1593.0,885.0,716.0,433.0,849.0,834.0,838.0,802.0,894.0,941.0,886.0,718.0,434.0
2016-11-07,870.0,1636.0,889.0,712.0,431.0,855.0,849.0,834.0,798.0,890.0,934.0,885.0,716.0,433.0
2016-11-08,911.0,1786.0,903.0,708.0,431.0,870.0,855.0,849.0,834.0,872.0,930.0,889.0,712.0,431.0
2016-11-09,954.0,1954.0,927.0,703.0,429.0,911.0,870.0,855.0,857.0,849.0,912.0,903.0,708.0,431.0
2016-11-10,974.0,2010.0,956.0,703.0,430.0,954.0,911.0,870.0,838.0,842.0,888.0,927.0,703.0,429.0
2016-11-11,1045.0,2303.0,1011.0,705.0,428.0,974.0,954.0,911.0,834.0,831.0,875.0,956.0,703.0,430.0
2016-11-14,1065.0,2338.0,1058.0,707.0,433.0,1045.0,974.0,954.0,849.0,813.0,864.0,1011.0,705.0,428.0
2016-11-15,1084.0,2282.0,1162.0,713.0,436.0,1065.0,1045.0,974.0,855.0,802.0,860.0,1058.0,707.0,433.0
2016-11-16,1145.0,2441.0,1263.0,722.0,443.0,1084.0,1065.0,1045.0,870.0,798.0,869.0,1162.0,713.0,436.0
2016-11-17,1231.0,2731.0,1353.0,748.0,454.0,1145.0,1084.0,1065.0,911.0,834.0,915.0,1263.0,722.0,443.0
2016-11-18,1257.0,2752.0,1388.0,809.0,466.0,1231.0,1145.0,1084.0,954.0,857.0,921.0,1353.0,748.0,454.0
2016-11-21,1240.0,2638.0,1387.0,835.0,477.0,1257.0,1231.0,1145.0,974.0,838.0,922.0,1388.0,809.0,466.0
2016-11-22,1232.0,2598.0,1382.0,852.0,485.0,1240.0,1257.0,1231.0,1045.0,834.0,922.0,1387.0,835.0,477.0
2016-11-23,1224.0,2507.0,1387.0,874.0,501.0,1232.0,1240.0,1257.0,1065.0,849.0,906.0,1382.0,852.0,485.0
2016-11-24,1201.0,2374.0,1385.0,897.0,512.0,1224.0,1232.0,1240.0,1084.0,855.0,885.0,1387.0,874.0,501.0
2016-11-25,1181.0,2263.0,1389.0,908.0,520.0,1201.0,1224.0,1232.0,1145.0,870.0,892.0,1385.0,897.0,512.0
2016-11-28,1184.0,2260.0,1400.0,904.0,527.0,1181.0,1201.0,1224.0,1231.0,911.0,894.0,1389.0,908.0,520.0
2016-11-29,1202.0,2304.0,1424.0,908.0,532.0,1184.0,1181.0,1201.0,1257.0,954.0,890.0,1400.0,904.0,527.0
2016-11-30,1204.0,2263.0,1465.0,912.0,537.0,1202.0,1184.0,1181.0,1240.0,974.0,872.0,1424.0,908.0,532.0
2016-12-01,1196.0,2206.0,1486.0,917.0,541.0,1204.0,1202.0,1184.0,1232.0,1045.0,849.0,1465.0,912.0,537.0
2016-12-02,1198.0,2193.0,1508.0,921.0,543.0,1196.0,1204.0,1202.0,1224.0,1065.0,842.0,1486.0,917.0,541.0
2016-12-05,1196.0,2137.0,1541.0,929.0,548.0,1198.0,1196.0,1204.0,1201.0,1084.0,831.0,1508.0,921.0,543.0
2016-12-06,1186.0,2067.0,1563.0,934.0,552.0,1196.0,1198.0,1196.0,1181.0,1145.0,813.0,1541.0,929.0,548.0
2016-12-07,1162.0,1935.0,1565.0,941.0,557.0,1186.0,1196.0,1198.0,1184.0,1231.0,802.0,1563.0,934.0,552.0
2016-12-08,1122.0,1724.0,1547.0,957.0,562.0,1162.0,1186.0,1196.0,1202.0,1257.0,798.0,1565.0,941.0,557.0
2016-12-09,1090.0,1575.0,1508.0,966.0,567.0,1122.0,1162.0,1186.0,1204.0,1240.0,834.0,1547.0,957.0,562.0
2016-12-12,1069.0,1464.0,1469.0,968.0,576.0,1090.0,1122.0,1162.0,1196.0,1232.0,857.0,1508.0,966.0,567.0
2016-12-13,1052.0,1404.0,1419.0,972.0,584.0,1069.0,1090.0,1122.0,1198.0,1224.0,838.0,1469.0,968.0,576.0
2016-12-14,1003.0,1169.0,1332.0,975.0,590.0,1052.0,1069.0,1090.0,1196.0,1201.0,834.0,1419.0,972.0,584.0
2016-12-15,966.0,1058.0,1234.0,968.0,596.0,1003.0,1052.0,1069.0,1186.0,1181.0,849.0,1332.0,975.0,590.0
2016-12-16,946.0,1048.0,1126.0,960.0,600.0,966.0,1003.0,1052.0,1162.0,1184.0,855.0,1234.0,968.0,596.0
2016-12-19,927.0,1039.0,1037.0,953.0,605.0,946.0,966.0,1003.0,1122.0,1202.0,870.0,1126.0,960.0,600.0
2016-12-20,914.0,1044.0,976.0,941.0,605.0,927.0,946.0,966.0,1090.0,1204.0,911.0,1037.0,953.0,605.0
2016-12-21,926.0,1144.0,905.0,926.0,604.0,914.0,927.0,946.0,1069.0,1196.0,954.0,976.0,941.0,605.0
2016-12-22,928.0,1219.0,866.0,914.0,601.0,926.0,914.0,927.0,1052.0,1198.0,974.0,905.0,926.0,604.0
2016-12-23,961.0,1385.0,852.0,903.0,597.0,928.0,926.0,914.0,1003.0,1196.0,1045.0,866.0,914.0,601.0
2017-01-03,953.0,1538.0,811.0,843.0,559.0,961.0,928.0,926.0,966.0,1186.0,1065.0,852.0,903.0,597.0
2017-01-04,969.0,1674.0,807.0,820.0,539.0,953.0,961.0,928.0,946.0,1162.0,1084.0,811.0,843.0,559.0
2017-01-05,983.0,1759.0,837.0,795.0,521.0,969.0,953.0,961.0,927.0,1122.0,1145.0,807.0,820.0,539.0
2017-01-06,963.0,1658.0,892.0,783.0,508.0,983.0,969.0,953.0,914.0,1090.0,1231.0,837.0,795.0,521.0
2017-01-09,949.0,1598.0,927.0,772.0,498.0,963.0,983.0,969.0,926.0,1069.0,1257.0,892.0,783.0,508.0
2017-01-10,926.0,1470.0,973.0,766.0,489.0,949.0,963.0,983.0,928.0,1052.0,1240.0,927.0,772.0,498.0
2017-01-11,894.0,1326.0,1021.0,758.0,477.0,926.0,949.0,963.0,961.0,1003.0,1232.0,973.0,766.0,489.0
2017-01-12,892.0,1294.0,1038.0,748.0,466.0,894.0,926.0,949.0,953.0,966.0,1224.0,1021.0,758.0,477.0
2017-01-13,910.0,1383.0,1042.0,739.0,459.0,892.0,894.0,926.0,969.0,946.0,1201.0,1038.0,748.0,466.0
2017-01-16,925.0,1468.0,1039.0,733.0,455.0,910.0,892.0,894.0,983.0,927.0,1181.0,1042.0,739.0,459.0
2017-01-17,922.0,1509.0,1019.0,730.0,451.0,925.0,910.0,892.0,963.0,914.0,1184.0,1039.0,733.0,455.0
2017-01-18,952.0,1673.0,998.0,725.0,448.0,922.0,925.0,910.0,949.0,926.0,1202.0,1019.0,730.0,451.0
2017-01-19,942.0,1665.0,981.0,722.0,446.0,952.0,922.0,925.0,926.0,928.0,1204.0,998.0,725.0,448.0
2017-01-20,925.0,1610.0,970.0,718.0,441.0,942.0,952.0,922.0,894.0,961.0,1196.0,981.0,722.0,446.0
2017-01-23,914.0,1579.0,962.0,714.0,437.0,925.0,942.0,952.0,892.0,953.0,1198.0,970.0,718.0,441.0
2017-01-24,886.0,1466.0,964.0,708.0,432.0,914.0,925.0,942.0,910.0,969.0,1196.0,962.0,714.0,437.0
2017-01-25,862.0,1369.0,972.0,702.0,428.0,886.0,914.0,925.0,925.0,983.0,1186.0,964.0,708.0,432.0
2017-01-26,840.0,1287.0,973.0,696.0,424.0,862.0,886.0,914.0,922.0,963.0,1162.0,972.0,702.0,428.0
2017-01-27,827.0,1239.0,968.0,692.0,419.0,840.0,862.0,886.0,952.0,949.0,1122.0,973.0,696.0,424.0
2017-01-30,816.0,1205.0,964.0,688.0,415.0,827.0,840.0,862.0,942.0,926.0,1090.0,968.0,692.0,419.0
2017-01-31,800.0,1167.0,951.0,679.0,402.0,816.0,827.0,840.0,925.0,894.0,1069.0,964.0,688.0,415.0
2017-02-01,786.0,1122.0,933.0,674.0,395.0,800.0,816.0,827.0,914.0,892.0,1052.0,951.0,679.0,402.0
2017-02-02,770.0,1064.0,926.0,670.0,386.0,786.0,800.0,816.0,886.0,910.0,1003.0,933.0,674.0,395.0
2017-02-03,752.0,981.0,922.0,667.0,382.0,770.0,786.0,800.0,862.0,925.0,966.0,926.0,670.0,386.0
2017-02-06,735.0,911.0,922.0,665.0,377.0,752.0,770.0,786.0,840.0,922.0,946.0,922.0,667.0,382.0
2017-02-07,714.0,803.0,931.0,663.0,375.0,735.0,752.0,770.0,827.0,952.0,927.0,922.0,665.0,377.0
2017-02-08,702.0,725.0,934.0,665.0,378.0,714.0,735.0,752.0,816.0,942.0,914.0,931.0,663.0,375.0
2017-02-09,707.0,728.0,940.0,668.0,377.0,702.0,714.0,735.0,800.0,925.0,926.0,934.0,665.0,378.0
2017-02-10,702.0,687.0,943.0,672.0,377.0,707.0,702.0,714.0,786.0,914.0,928.0,940.0,668.0,377.0
2017-02-13,688.0,609.0,944.0,676.0,376.0,702.0,707.0,702.0,770.0,886.0,961.0,943.0,672.0,377.0
2017-02-14,685.0,567.0,939.0,681.0,379.0,688.0,702.0,707.0,752.0,862.0,953.0,944.0,676.0,376.0
2017-02-15,688.0,556.0,933.0,689.0,382.0,685.0,688.0,702.0,735.0,840.0,969.0,939.0,681.0,379.0
2017-02-16,710.0,620.0,923.0,707.0,387.0,688.0,685.0,688.0,714.0,827.0,983.0,933.0,689.0,382.0
2017-02-17,741.0,739.0,917.0,729.0,391.0,710.0,688.0,685.0,702.0,816.0,963.0,923.0,707.0,387.0
2017-02-20,757.0,791.0,909.0,747.0,396.0,741.0,710.0,688.0,707.0,800.0,949.0,917.0,729.0,391.0
2017-02-21,778.0,856.0,906.0,764.0,402.0,757.0,741.0,710.0,702.0,786.0,926.0,909.0,747.0,396.0
2017-02-22,806.0,951.0,908.0,783.0,410.0,778.0,757.0,741.0,688.0,770.0,894.0,906.0,764.0,402.0
2017-02-23,856.0,1134.0,927.0,797.0,420.0,806.0,778.0,757.0,685.0,752.0,892.0,908.0,783.0,410.0
2017-02-24,875.0,1165.0,947.0,809.0,428.0,856.0,806.0,778.0,688.0,735.0,910.0,927.0,797.0,420.0
2017-02-27,878.0,1151.0,966.0,817.0,436.0,875.0,856.0,806.0,710.0,714.0,925.0,947.0,809.0,428.0
2017-02-28,859.0,1021.0,995.0,825.0,444.0,878.0,875.0,856.0,741.0,702.0,922.0,966.0,817.0,436.0
2017-03-01,871.0,994.0,1041.0,833.0,451.0,859.0,878.0,875.0,757.0,707.0,952.0,995.0,825.0,444.0
2017-03-02,904.0,1097.0,1084.0,840.0,457.0,871.0,859.0,878.0,778.0,702.0,942.0,1041.0,833.0,451.0
2017-03-03,939.0,1227.0,1118.0,846.0,462.0,904.0,871.0,859.0,806.0,688.0,925.0,1084.0,840.0,457.0
2017-03-06,979.0,1345.0,1154.0,852.0,468.0,939.0,904.0,871.0,856.0,685.0,914.0,1118.0,846.0,462.0
2017-03-07,1033.0,1556.0,1194.0,861.0,477.0,979.0,939.0,904.0,875.0,688.0,886.0,1154.0,852.0,468.0
2017-03-08,1045.0,1578.0,1220.0,868.0,485.0,1033.0,979.0,939.0,878.0,710.0,862.0,1194.0,861.0,477.0
2017-03-09,1064.0,1678.0,1220.0,872.0,491.0,1045.0,1033.0,979.0,859.0,741.0,840.0,1220.0,868.0,485.0
2017-03-10,1086.0,1789.0,1211.0,874.0,495.0,1064.0,1045.0,1033.0,871.0,757.0,827.0,1220.0,872.0,491.0
2017-03-13,1099.0,1843.0,1207.0,875.0,499.0,1086.0,1064.0,1045.0,904.0,778.0,816.0,1211.0,874.0,495.0
2017-03-14,1112.0,1929.0,1185.0,877.0,502.0,1099.0,1086.0,1064.0,939.0,806.0,800.0,1207.0,875.0,499.0
2017-03-15,1147.0,2136.0,1150.0,877.0,505.0,1112.0,1099.0,1086.0,979.0,856.0,786.0,1185.0,877.0,502.0
2017-03-16,1172.0,2265.0,1129.0,877.0,508.0,1147.0,1112.0,1099.0,1033.0,875.0,770.0,1150.0,877.0,505.0
2017-03-17,1196.0,2413.0,1108.0,879.0,508.0,1172.0,1147.0,1112.0,1045.0,878.0,752.0,1129.0,877.0,508.0
2017-03-20,1205.0,2466.0,1103.0,884.0,510.0,1196.0,1172.0,1147.0,1064.0,859.0,735.0,1108.0,879.0,508.0
2017-03-21,1200.0,2441.0,1101.0,886.0,512.0,1205.0,1196.0,1172.0,1086.0,871.0,714.0,1103.0,884.0,510.0
2017-03-22,1190.0,2378.0,1119.0,888.0,516.0,1200.0,1205.0,1196.0,1099.0,904.0,702.0,1101.0,886.0,512.0
2017-03-23,1196.0,2345.0,1170.0,892.0,521.0,1190.0,1200.0,1205.0,1112.0,939.0,707.0,1119.0,888.0,516.0
2017-03-24,1240.0,2482.0,1218.0,896.0,526.0,1196.0,1190.0,1200.0,1147.0,979.0,702.0,1170.0,892.0,521.0
2017-03-27,1282.0,2620.0,1253.0,895.0,530.0,1240.0,1196.0,1190.0,1172.0,1033.0,688.0,1218.0,896.0,526.0
2017-03-28,1333.0,2765.0,1306.0,893.0,535.0,1282.0,1240.0,1196.0,1196.0,1045.0,685.0,1253.0,895.0,530.0
2017-03-29,1338.0,2755.0,1346.0,885.0,538.0,1333.0,1282.0,1240.0,1205.0,1064.0,688.0,1306.0,893.0,535.0
2017-03-30,1324.0,2690.0,1366.0,882.0,539.0,1338.0,1333.0,1282.0,1200.0,1086.0,710.0,1346.0,885.0,538.0
2017-03-31,1297.0,2597.0,1374.0,881.0,540.0,1324.0,1338.0,1333.0,1190.0,1099.0,741.0,1366.0,882.0,539.0
2017-04-03,1282.0,2518.0,1379.0,882.0,541.0,1297.0,1324.0,1338.0,1196.0,1112.0,757.0,1374.0,881.0,540.0
2017-04-04,1255.0,2382.0,1377.0,881.0,542.0,1282.0,1297.0,1324.0,1240.0,1147.0,778.0,1379.0,882.0,541.0
2017-04-05,1223.0,2229.0,1371.0,880.0,543.0,1255.0,1282.0,1297.0,1282.0,1172.0,806.0,1377.0,881.0,542.0
2017-04-06,1215.0,2184.0,1387.0,882.0,545.0,1223.0,1255.0,1282.0,1333.0,1196.0,856.0,1371.0,880.0,543.0
2017-04-07,1223.0,2173.0,1427.0,886.0,547.0,1215.0,1223.0,1255.0,1338.0,1205.0,875.0,1387.0,882.0,545.0
2017-04-10,1231.0,2165.0,1466.0,888.0,549.0,1223.0,1215.0,1223.0,1324.0,1200.0,878.0,1427.0,886.0,547.0
2017-04-11,1262.0,2227.0,1533.0,891.0,552.0,1231.0,1223.0,1215.0,1297.0,1190.0,859.0,1466.0,888.0,549.0
2017-04-12,1282.0,2252.0,1583.0,893.0,554.0,1262.0,1231.0,1223.0,1282.0,1196.0,871.0,1533.0,891.0,552.0
2017-04-13,1296.0,2249.0,1611.0,899.0,560.0,1282.0,1262.0,1231.0,1255.0,1240.0,904.0,1583.0,893.0,554.0
2017-04-18,1294.0,2220.0,1621.0,898.0,563.0,1296.0,1282.0,1262.0,1223.0,1282.0,939.0,1611.0,899.0,560.0
2017-04-19,1278.0,2130.0,1612.0,900.0,568.0,1294.0,1296.0,1282.0,1215.0,1333.0,979.0,1621.0,898.0,563.0
2017-04-20,1243.0,1991.0,1553.0,899.0,572.0,1278.0,1294.0,1296.0,1223.0,1338.0,1033.0,1612.0,900.0,568.0
2017-04-21,1195.0,1830.0,1494.0,895.0,575.0,1243.0,1278.0,1294.0,1231.0,1324.0,1045.0,1553.0,899.0,572.0
2017-04-24,1170.0,1780.0,1429.0,892.0,577.0,1195.0,1243.0,1278.0,1262.0,1297.0,1064.0,1494.0,895.0,575.0
2017-04-25,1154.0,1767.0,1371.0,887.0,577.0,1170.0,1195.0,1243.0,1282.0,1282.0,1086.0,1429.0,892.0,577.0
2017-04-26,1147.0,1790.0,1320.0,881.0,576.0,1154.0,1170.0,1195.0,1296.0,1255.0,1099.0,1371.0,887.0,577.0
2017-04-27,1134.0,1798.0,1260.0,870.0,569.0,1147.0,1154.0,1170.0,1294.0,1223.0,1112.0,1320.0,881.0,576.0
2017-04-28,1109.0,1779.0,1187.0,861.0,559.0,1134.0,1147.0,1154.0,1278.0,1215.0,1147.0,1260.0,870.0,569.0
2017-05-02,1073.0,1668.0,1140.0,849.0,550.0,1109.0,1134.0,1147.0,1243.0,1223.0,1172.0,1187.0,861.0,559.0
2017-05-03,1034.0,1542.0,1096.0,835.0,540.0,1073.0,1109.0,1134.0,1195.0,1231.0,1196.0,1140.0,849.0,550.0
2017-05-04,1004.0,1458.0,1048.0,822.0,532.0,1034.0,1073.0,1109.0,1170.0,1262.0,1205.0,1096.0,835.0,540.0
2017-05-05,994.0,1480.0,1023.0,811.0,523.0,1004.0,1034.0,1073.0,1154.0,1282.0,1200.0,1048.0,822.0,532.0
2017-05-08,1001.0,1571.0,1009.0,799.0,517.0,994.0,1004.0,1034.0,1147.0,1296.0,1190.0,1023.0,811.0,523.0
2017-05-09,1007.0,1635.0,1007.0,794.0,512.0,1001.0,994.0,1004.0,1134.0,1294.0,1196.0,1009.0,799.0,517.0
2017-05-10,1005.0,1645.0,1011.0,790.0,510.0,1007.0,1001.0,994.0,1109.0,1278.0,1240.0,1007.0,794.0,512.0
2017-05-11,1012.0,1695.0,1006.0,787.0,510.0,1005.0,1007.0,1001.0,1073.0,1243.0,1282.0,1011.0,790.0,510.0
2017-05-12,1014.0,1725.0,992.0,784.0,509.0,1012.0,1005.0,1007.0,1034.0,1195.0,1333.0,1006.0,787.0,510.0
2017-05-15,994.0,1661.0,978.0,782.0,508.0,1014.0,1012.0,1005.0,1004.0,1170.0,1338.0,992.0,784.0,509.0
2017-05-16,980.0,1632.0,956.0,778.0,507.0,994.0,1014.0,1012.0,994.0,1154.0,1324.0,978.0,782.0,508.0
2017-05-17,960.0,1590.0,925.0,771.0,505.0,980.0,994.0,1014.0,1001.0,1147.0,1297.0,956.0,778.0,507.0
2017-05-18,957.0,1638.0,894.0,764.0,504.0,960.0,980.0,994.0,1007.0,1134.0,1282.0,925.0,771.0,505.0
2017-05-19,956.0,1668.0,870.0,759.0,502.0,957.0,960.0,980.0,1005.0,1109.0,1255.0,894.0,764.0,504.0
2017-05-22,954.0,1704.0,854.0,753.0,496.0,956.0,957.0,960.0,1012.0,1073.0,1223.0,870.0,759.0,502.0
2017-05-23,949.0,1706.0,850.0,746.0,486.0,954.0,956.0,957.0,1014.0,1034.0,1215.0,854.0,753.0,496.0
2017-05-24,934.0,1654.0,849.0,737.0,478.0,949.0,954.0,956.0,994.0,1004.0,1223.0,850.0,746.0,486.0
2017-05-25,918.0,1595.0,848.0,728.0,473.0,934.0,949.0,954.0,980.0,994.0,1231.0,849.0,737.0,478.0
2017-05-26,912.0,1591.0,845.0,721.0,469.0,918.0,934.0,949.0,960.0,1001.0,1262.0,848.0,728.0,473.0
2017-05-30,900.0,1564.0,842.0,712.0,461.0,912.0,918.0,934.0,957.0,1007.0,1282.0,845.0,721.0,469.0
2017-05-31,878.0,1511.0,829.0,698.0,455.0,900.0,912.0,918.0,956.0,1005.0,1296.0,842.0,712.0,461.0
2017-06-01,850.0,1430.0,810.0,685.0,449.0,878.0,900.0,912.0,954.0,1012.0,1294.0,829.0,698.0,455.0
2017-06-02,830.0,1374.0,792.0,674.0,446.0,850.0,878.0,900.0,949.0,1014.0,1278.0,810.0,685.0,449.0
2017-06-05,821.0,1353.0,789.0,666.0,441.0,830.0,850.0,878.0,934.0,994.0,1243.0,792.0,674.0,446.0
2017-06-06,818.0,1366.0,783.0,658.0,434.0,821.0,830.0,850.0,918.0,980.0,1195.0,789.0,666.0,441.0
2017-06-07,821.0,1379.0,783.0,652.0,429.0,818.0,821.0,830.0,912.0,960.0,1170.0,783.0,658.0,434.0
2017-06-08,824.0,1381.0,793.0,649.0,425.0,821.0,818.0,821.0,900.0,957.0,1154.0,783.0,652.0,429.0
2017-06-09,849.0,1438.0,813.0,654.0,425.0,824.0,821.0,818.0,878.0,956.0,1147.0,793.0,649.0,425.0
2017-06-12,870.0,1481.0,833.0,658.0,424.0,849.0,824.0,821.0,850.0,954.0,1134.0,813.0,654.0,425.0
2017-06-13,870.0,1442.0,865.0,665.0,424.0,870.0,849.0,824.0,830.0,949.0,1109.0,833.0,658.0,424.0
2017-06-14,865.0,1362.0,903.0,679.0,427.0,870.0,870.0,849.0,821.0,934.0,1073.0,865.0,665.0,424.0
2017-06-15,855.0,1277.0,938.0,690.0,431.0,865.0,870.0,870.0,818.0,918.0,1034.0,903.0,679.0,427.0
2017-06-16,851.0,1213.0,964.0,701.0,435.0,855.0,865.0,870.0,821.0,912.0,1004.0,938.0,690.0,431.0
2017-06-19,848.0,1169.0,984.0,708.0,437.0,851.0,855.0,865.0,824.0,900.0,994.0,964.0,701.0,435.0
2017-06-20,847.0,1110.0,1017.0,717.0,441.0,848.0,851.0,855.0,849.0,878.0,1001.0,984.0,708.0,437.0
2017-06-21,844.0,1020.0,1070.0,724.0,445.0,847.0,848.0,851.0,870.0,850.0,1007.0,1017.0,717.0,441.0
2017-06-22,855.0,993.0,1109.0,734.0,447.0,844.0,847.0,848.0,870.0,830.0,1005.0,1070.0,724.0,445.0
2017-06-23,870.0,987.0,1138.0,744.0,451.0,855.0,844.0,847.0,865.0,821.0,1012.0,1109.0,734.0,447.0
2017-06-26,884.0,1005.0,1145.0,750.0,454.0,870.0,855.0,844.0,855.0,818.0,1014.0,1138.0,744.0,451.0
2017-06-27,903.0,1066.0,1151.0,757.0,458.0,884.0,870.0,855.0,851.0,821.0,994.0,1145.0,750.0,454.0
2017-06-28,929.0,1170.0,1150.0,761.0,459.0,903.0,884.0,870.0,848.0,824.0,980.0,1151.0,757.0,458.0
2017-06-29,920.0,1146.0,1119.0,758.0,464.0,929.0,903.0,884.0,847.0,849.0,960.0,1150.0,761.0,459.0
2017-06-30,901.0,1086.0,1091.0,754.0,467.0,920.0,929.0,903.0,844.0,870.0,957.0,1119.0,758.0,464.0
2017-07-03,882.0,1032.0,1068.0,751.0,468.0,901.0,920.0,929.0,855.0,870.0,956.0,1091.0,754.0,467.0
2017-07-04,871.0,997.0,1062.0,747.0,470.0,882.0,901.0,920.0,870.0,865.0,954.0,1068.0,751.0,468.0
2017-07-05,847.0,901.0,1060.0,742.0,470.0,871.0,882.0,901.0,884.0,855.0,949.0,1062.0,747.0,470.0
2017-07-06,829.0,818.0,1063.0,735.0,470.0,847.0,871.0,882.0,903.0,851.0,934.0,1060.0,742.0,470.0
2017-07-07,822.0,753.0,1062.0,732.0,471.0,829.0,847.0,871.0,929.0,848.0,918.0,1063.0,735.0,470.0
2017-07-10,820.0,730.0,1061.0,729.0,474.0,822.0,829.0,847.0,920.0,847.0,912.0,1062.0,732.0,471.0
2017-07-11,830.0,755.0,1069.0,733.0,477.0,820.0,822.0,829.0,901.0,844.0,900.0,1061.0,729.0,474.0
2017-07-12,859.0,846.0,1098.0,744.0,480.0,830.0,820.0,822.0,882.0,855.0,878.0,1069.0,733.0,477.0
2017-07-13,888.0,928.0,1141.0,758.0,484.0,859.0,830.0,820.0,871.0,870.0,850.0,1098.0,744.0,480.0
2017-07-14,900.0,933.0,1173.0,769.0,486.0,888.0,859.0,830.0,847.0,884.0,830.0,1141.0,758.0,484.0
2017-07-17,912.0,933.0,1202.0,776.0,489.0,900.0,888.0,859.0,829.0,903.0,821.0,1173.0,769.0,486.0
2017-07-18,932.0,984.0,1226.0,786.0,492.0,912.0,900.0,888.0,822.0,929.0,818.0,1202.0,776.0,489.0
2017-07-19,948.0,1028.0,1252.0,798.0,495.0,932.0,912.0,900.0,820.0,920.0,821.0,1226.0,786.0,492.0
2017-07-20,964.0,1093.0,1260.0,807.0,497.0,948.0,932.0,912.0,830.0,901.0,824.0,1252.0,798.0,495.0
2017-07-21,977.0,1154.0,1258.0,812.0,499.0,964.0,948.0,932.0,859.0,882.0,849.0,1260.0,807.0,497.0
2017-07-24,977.0,1171.0,1248.0,814.0,500.0,977.0,964.0,948.0,888.0,871.0,870.0,1258.0,812.0,499.0
2017-07-25,980.0,1221.0,1225.0,813.0,500.0,977.0,977.0,964.0,900.0,847.0,870.0,1248.0,814.0,500.0
2017-07-26,968.0,1206.0,1192.0,807.0,500.0,980.0,977.0,977.0,912.0,829.0,865.0,1225.0,813.0,500.0
2017-07-27,942.0,1138.0,1146.0,798.0,500.0,968.0,980.0,977.0,932.0,822.0,855.0,1192.0,807.0,500.0
2017-07-28,933.0,1139.0,1109.0,789.0,498.0,942.0,968.0,980.0,948.0,820.0,851.0,1146.0,798.0,500.0
2017-07-31,946.0,1225.0,1095.0,783.0,496.0,933.0,942.0,968.0,964.0,830.0,848.0,1109.0,789.0,498.0
2017-08-01,965.0,1331.0,1098.0,779.0,492.0,946.0,933.0,942.0,977.0,859.0,847.0,1095.0,783.0,496.0
2017-08-02,993.0,1475.0,1118.0,772.0,488.0,965.0,946.0,933.0,977.0,888.0,844.0,1098.0,779.0,492.0
2017-08-03,1023.0,1602.0,1143.0,767.0,482.0,993.0,965.0,946.0,980.0,900.0,855.0,1118.0,772.0,488.0
2017-08-04,1032.0,1637.0,1153.0,764.0,478.0,1023.0,993.0,965.0,968.0,912.0,870.0,1143.0,767.0,482.0
2017-08-07,1036.0,1655.0,1158.0,762.0,475.0,1032.0,1023.0,993.0,942.0,932.0,884.0,1153.0,764.0,478.0
2017-08-08,1038.0,1659.0,1170.0,759.0,472.0,1036.0,1032.0,1023.0,933.0,948.0,903.0,1158.0,762.0,475.0
2017-08-09,1050.0,1702.0,1192.0,756.0,467.0,1038.0,1036.0,1032.0,946.0,964.0,929.0,1170.0,759.0,472.0
2017-08-10,1092.0,1837.0,1228.0,756.0,466.0,1050.0,1038.0,1036.0,965.0,977.0,920.0,1192.0,756.0,467.0
2017-08-11,1138.0,2013.0,1256.0,759.0,466.0,1092.0,1050.0,1038.0,993.0,977.0,901.0,1228.0,756.0,466.0
2017-08-14,1155.0,2093.0,1272.0,760.0,465.0,1138.0,1092.0,1050.0,1023.0,980.0,882.0,1256.0,759.0,466.0
2017-08-15,1169.0,2155.0,1289.0,765.0,464.0,1155.0,1138.0,1092.0,1032.0,968.0,871.0,1272.0,760.0,465.0
2017-08-16,1207.0,2324.0,1310.0,776.0,464.0,1169.0,1155.0,1138.0,1036.0,942.0,847.0,1289.0,765.0,464.0
2017-08-17,1247.0,2542.0,1336.0,791.0,465.0,1207.0,1169.0,1155.0,1038.0,933.0,829.0,1310.0,776.0,464.0
2017-08-18,1260.0,2574.0,1345.0,806.0,465.0,1247.0,1207.0,1169.0,1050.0,946.0,822.0,1336.0,791.0,465.0
2017-08-21,1266.0,2584.0,1349.0,817.0,466.0,1260.0,1247.0,1207.0,1092.0,965.0,820.0,1345.0,806.0,465.0
2017-08-22,1249.0,2489.0,1345.0,824.0,468.0,1266.0,1260.0,1247.0,1138.0,993.0,830.0,1349.0,817.0,466.0
2017-08-23,1222.0,2382.0,1311.0,833.0,470.0,1249.0,1266.0,1260.0,1155.0,1023.0,859.0,1345.0,824.0,468.0
2017-08-24,1200.0,2333.0,1259.0,840.0,473.0,1222.0,1249.0,1266.0,1169.0,1032.0,888.0,1311.0,833.0,470.0
2017-08-25,1209.0,2406.0,1235.0,845.0,474.0,1200.0,1222.0,1249.0,1207.0,1036.0,900.0,1259.0,840.0,473.0
2017-08-29,1203.0,2381.0,1215.0,848.0,477.0,1209.0,1200.0,1222.0,1247.0,1038.0,912.0,1235.0,845.0,474.0
2017-08-30,1181.0,2282.0,1195.0,851.0,482.0,1203.0,1209.0,1200.0,1260.0,1050.0,932.0,1215.0,848.0,477.0
2017-08-31,1184.0,2293.0,1189.0,853.0,486.0,1181.0,1203.0,1209.0,1266.0,1092.0,948.0,1195.0,851.0,482.0
2017-09-01,1183.0,2264.0,1198.0,856.0,486.0,1184.0,1181.0,1203.0,1249.0,1138.0,964.0,1189.0,853.0,486.0
2017-09-04,1187.0,2243.0,1227.0,860.0,487.0,1183.0,1184.0,1181.0,1222.0,1155.0,977.0,1198.0,856.0,486.0
2017-09-05,1215.0,2313.0,1275.0,863.0,491.0,1187.0,1183.0,1184.0,1200.0,1169.0,977.0,1227.0,860.0,487.0
2017-09-06,1250.0,2438.0,1314.0,868.0,494.0,1215.0,1187.0,1183.0,1209.0,1207.0,980.0,1275.0,863.0,491.0
2017-09-07,1296.0,2614.0,1351.0,875.0,499.0,1250.0,1215.0,1187.0,1203.0,1247.0,968.0,1314.0,868.0,494.0
2017-09-08,1332.0,2767.0,1375.0,888.0,504.0,1296.0,1250.0,1215.0,1181.0,1260.0,942.0,1351.0,875.0,499.0
2017-09-11,1355.0,2813.0,1394.0,898.0,509.0,1332.0,1296.0,1250.0,1184.0,1266.0,933.0,1375.0,888.0,504.0
2017-09-12,1344.0,2724.0,1429.0,908.0,513.0,1355.0,1332.0,1296.0,1183.0,1249.0,946.0,1394.0,898.0,509.0
2017-09-13,1337.0,2628.0,1464.0,923.0,520.0,1344.0,1355.0,1332.0,1187.0,1222.0,965.0,1429.0,908.0,513.0
2017-09-14,1361.0,2642.0,1499.0,950.0,529.0,1337.0,1344.0,1355.0,1215.0,1200.0,993.0,1464.0,923.0,520.0
2017-09-15,1385.0,2685.0,1521.0,977.0,536.0,1361.0,1337.0,1344.0,1250.0,1209.0,1023.0,1499.0,950.0,529.0
2017-09-18,1398.0,2681.0,1529.0,997.0,551.0,1385.0,1361.0,1337.0,1296.0,1203.0,1032.0,1521.0,977.0,536.0
2017-09-19,1415.0,2723.0,1536.0,1017.0,562.0,1398.0,1385.0,1361.0,1332.0,1181.0,1036.0,1529.0,997.0,551.0
2017-09-20,1449.0,2861.0,1531.0,1033.0,576.0,1415.0,1398.0,1385.0,1355.0,1184.0,1038.0,1536.0,1017.0,562.0
2017-09-21,1470.0,2948.0,1514.0,1050.0,586.0,1449.0,1415.0,1398.0,1344.0,1183.0,1050.0,1531.0,1033.0,576.0
2017-09-22,1502.0,3147.0,1493.0,1061.0,596.0,1470.0,1449.0,1415.0,1337.0,1187.0,1092.0,1514.0,1050.0,586.0
2017-09-25,1503.0,3173.0,1474.0,1068.0,602.0,1502.0,1470.0,1449.0,1361.0,1215.0,1138.0,1493.0,1061.0,596.0
2017-09-26,1476.0,3101.0,1446.0,1065.0,607.0,1503.0,1502.0,1470.0,1385.0,1250.0,1155.0,1474.0,1068.0,602.0
2017-09-27,1429.0,2942.0,1406.0,1054.0,613.0,1476.0,1503.0,1502.0,1398.0,1296.0,1169.0,1446.0,1065.0,607.0
2017-09-28,1391.0,2824.0,1352.0,1041.0,616.0,1429.0,1476.0,1503.0,1415.0,1332.0,1207.0,1406.0,1054.0,613.0
2017-09-29,1356.0,2738.0,1308.0,1021.0,616.0,1391.0,1429.0,1476.0,1449.0,1355.0,1247.0,1352.0,1041.0,616.0
2017-10-02,1328.0,2671.0,1268.0,1006.0,614.0,1356.0,1391.0,1429.0,1470.0,1344.0,1260.0,1308.0,1021.0,616.0
2017-10-03,1308.0,2618.0,1247.0,984.0,612.0,1328.0,1356.0,1391.0,1502.0,1337.0,1266.0,1268.0,1006.0,614.0
2017-10-04,1320.0,2667.0,1276.0,968.0,609.0,1308.0,1328.0,1356.0,1503.0,1361.0,1249.0,1247.0,984.0,612.0
2017-10-05,1382.0,2888.0,1345.0,965.0,607.0,1320.0,1308.0,1328.0,1476.0,1385.0,1222.0,1276.0,968.0,609.0
2017-10-06,1405.0,2929.0,1406.0,971.0,610.0,1382.0,1320.0,1308.0,1429.0,1398.0,1200.0,1345.0,965.0,607.0
2017-10-09,1411.0,2906.0,1438.0,978.0,613.0,1405.0,1382.0,1320.0,1391.0,1415.0,1209.0,1406.0,971.0,610.0
2017-10-10,1418.0,2894.0,1465.0,996.0,618.0,1411.0,1405.0,1382.0,1356.0,1449.0,1203.0,1438.0,978.0,613.0
2017-10-11,1433.0,2882.0,1504.0,1020.0,623.0,1418.0,1411.0,1405.0,1328.0,1470.0,1181.0,1465.0,996.0,618.0
2017-10-12,1458.0,2859.0,1556.0,1050.0,635.0,1433.0,1418.0,1411.0,1308.0,1502.0,1184.0,1504.0,1020.0,623.0
2017-10-13,1485.0,2871.0,1606.0,1069.0,649.0,1458.0,1433.0,1418.0,1320.0,1503.0,1183.0,1556.0,1050.0,635.0
2017-10-16,1523.0,2980.0,1637.0,1082.0,656.0,1485.0,1458.0,1433.0,1382.0,1476.0,1187.0,1606.0,1069.0,649.0
2017-10-17,1552.0,3079.0,1651.0,1094.0,663.0,1523.0,1485.0,1458.0,1405.0,1429.0,1215.0,1637.0,1082.0,656.0
2017-10-18,1566.0,3134.0,1646.0,1105.0,666.0,1552.0,1523.0,1485.0,1411.0,1391.0,1250.0,1651.0,1094.0,663.0
2017-10-19,1582.0,3186.0,1648.0,1116.0,673.0,1566.0,1552.0,1523.0,1418.0,1356.0,1296.0,1646.0,1105.0,666.0
2017-10-20,1578.0,3145.0,1643.0,1126.0,679.0,1582.0,1566.0,1552.0,1433.0,1328.0,1332.0,1648.0,1116.0,673.0
2017-10-23,1586.0,3187.0,1642.0,1128.0,683.0,1578.0,1582.0,1566.0,1458.0,1308.0,1355.0,1643.0,1126.0,679.0
2017-10-24,1588.0,3202.0,1626.0,1130.0,687.0,1586.0,1578.0,1582.0,1485.0,1320.0,1344.0,1642.0,1128.0,683.0
2017-10-25,1573.0,3202.0,1592.0,1129.0,690.0,1588.0,1586.0,1578.0,1523.0,1382.0,1337.0,1626.0,1130.0,687.0
2017-10-26,1555.0,3182.0,1553.0,1117.0,688.0,1573.0,1588.0,1586.0,1552.0,1405.0,1361.0,1592.0,1129.0,690.0
2017-10-27,1546.0,3220.0,1517.0,1100.0,687.0,1555.0,1573.0,1588.0,1566.0,1411.0,1385.0,1553.0,1117.0,688.0
2017-10-30,1534.0,3217.0,1498.0,1081.0,685.0,1546.0,1555.0,1573.0,1582.0,1418.0,1398.0,1517.0,1100.0,687.0
2017-10-31,1522.0,3219.0,1492.0,1060.0,679.0,1534.0,1546.0,1555.0,1578.0,1433.0,1415.0,1498.0,1081.0,685.0
2017-11-01,1496.0,3137.0,1503.0,1043.0,673.0,1522.0,1534.0,1546.0,1586.0,1458.0,1449.0,1492.0,1060.0,679.0
2017-11-02,1482.0,3059.0,1539.0,1027.0,668.0,1496.0,1522.0,1534.0,1588.0,1485.0,1470.0,1503.0,1043.0,673.0
2017-11-03,1476.0,3036.0,1562.0,1014.0,664.0,1482.0,1496.0,1522.0,1573.0,1523.0,1502.0,1539.0,1027.0,668.0
2017-11-06,1473.0,3044.0,1567.0,1001.0,661.0,1476.0,1482.0,1496.0,1555.0,1552.0,1503.0,1562.0,1014.0,664.0
2017-11-07,1477.0,3101.0,1558.0,988.0,658.0,1473.0,1476.0,1482.0,1546.0,1566.0,1476.0,1567.0,1001.0,661.0
2017-11-08,1486.0,3259.0,1515.0,961.0,654.0,1477.0,1473.0,1476.0,1534.0,1582.0,1429.0,1558.0,988.0,658.0
2017-11-09,1481.0,3349.0,1468.0,936.0,648.0,1486.0,1477.0,1473.0,1522.0,1578.0,1391.0,1515.0,961.0,654.0
2017-11-10,1464.0,3360.0,1418.0,912.0,644.0,1481.0,1486.0,1477.0,1496.0,1586.0,1356.0,1468.0,936.0,648.0
2017-11-13,1445.0,3351.0,1387.0,888.0,642.0,1464.0,1481.0,1486.0,1482.0,1588.0,1328.0,1418.0,912.0,644.0
2017-11-14,1405.0,3209.0,1346.0,872.0,640.0,1445.0,1464.0,1481.0,1476.0,1573.0,1308.0,1387.0,888.0,642.0
2017-11-15,1374.0,3108.0,1320.0,858.0,637.0,1405.0,1445.0,1464.0,1473.0,1555.0,1320.0,1346.0,872.0,640.0
2017-11-16,1361.0,3084.0,1298.0,849.0,634.0,1374.0,1405.0,1445.0,1477.0,1546.0,1382.0,1320.0,858.0,637.0
2017-11-17,1371.0,3153.0,1285.0,845.0,630.0,1361.0,1374.0,1405.0,1486.0,1534.0,1405.0,1298.0,849.0,634.0
2017-11-20,1385.0,3214.0,1280.0,850.0,628.0,1371.0,1361.0,1374.0,1481.0,1522.0,1411.0,1285.0,845.0,630.0
2017-11-21,1396.0,3255.0,1275.0,856.0,625.0,1385.0,1371.0,1361.0,1464.0,1496.0,1418.0,1280.0,850.0,628.0
2017-11-22,1413.0,3298.0,1281.0,875.0,624.0,1396.0,1385.0,1371.0,1445.0,1482.0,1433.0,1275.0,856.0,625.0
2017-11-23,1445.0,3420.0,1284.0,899.0,622.0,1413.0,1396.0,1385.0,1405.0,1476.0,1458.0,1281.0,875.0,624.0
2017-11-24,1458.0,3453.0,1295.0,914.0,620.0,1445.0,1413.0,1396.0,1374.0,1473.0,1485.0,1284.0,899.0,622.0
2017-11-27,1477.0,3540.0,1299.0,923.0,619.0,1458.0,1445.0,1413.0,1361.0,1477.0,1523.0,1295.0,914.0,620.0
2017-11-28,1506.0,3659.0,1320.0,929.0,620.0,1477.0,1458.0,1445.0,1371.0,1486.0,1552.0,1299.0,923.0,619.0
2017-11-29,1536.0,3740.0,1368.0,936.0,622.0,1506.0,1477.0,1458.0,1385.0,1481.0,1566.0,1320.0,929.0,620.0
2017-11-30,1578.0,3848.0,1433.0,941.0,623.0,1536.0,1506.0,1477.0,1396.0,1464.0,1582.0,1368.0,936.0,622.0
2017-12-01,1626.0,4025.0,1494.0,944.0,626.0,1578.0,1536.0,1506.0,1413.0,1445.0,1578.0,1433.0,941.0,623.0
2017-12-04,1662.0,4129.0,1559.0,944.0,626.0,1626.0,1578.0,1536.0,1445.0,1405.0,1586.0,1494.0,944.0,626.0
2017-12-05,1666.0,4115.0,1571.0,944.0,628.0,1662.0,1626.0,1578.0,1458.0,1374.0,1588.0,1559.0,944.0,626.0
2017-12-06,1670.0,4126.0,1563.0,945.0,629.0,1666.0,1662.0,1626.0,1477.0,1361.0,1573.0,1571.0,944.0,628.0
2017-12-07,1679.0,4147.0,1564.0,944.0,630.0,1670.0,1666.0,1662.0,1506.0,1371.0,1555.0,1563.0,945.0,629.0
2017-12-08,1702.0,4193.0,1588.0,943.0,631.0,1679.0,1670.0,1666.0,1536.0,1385.0,1546.0,1564.0,944.0,630.0
2017-12-11,1727.0,4272.0,1624.0,939.0,632.0,1702.0,1679.0,1670.0,1578.0,1396.0,1534.0,1588.0,943.0,631.0
2017-12-12,1743.0,4293.0,1672.0,942.0,633.0,1727.0,1702.0,1679.0,1626.0,1413.0,1522.0,1624.0,939.0,632.0
2017-12-13,1730.0,4211.0,1718.0,943.0,633.0,1743.0,1727.0,1702.0,1662.0,1445.0,1496.0,1672.0,942.0,633.0
2017-12-14,1668.0,3936.0,1714.0,944.0,635.0,1730.0,1743.0,1727.0,1666.0,1458.0,1482.0,1718.0,943.0,633.0
2017-12-15,1619.0,3777.0,1677.0,942.0,636.0,1668.0,1730.0,1743.0,1670.0,1477.0,1476.0,1714.0,944.0,635.0
2017-12-18,1588.0,3656.0,1643.0,943.0,637.0,1619.0,1668.0,1730.0,1679.0,1506.0,1473.0,1677.0,942.0,636.0
2017-12-19,1547.0,3510.0,1593.0,938.0,636.0,1588.0,1619.0,1668.0,1702.0,1536.0,1477.0,1643.0,943.0,637.0
2017-12-20,1476.0,3216.0,1546.0,933.0,632.0,1547.0,1588.0,1619.0,1727.0,1578.0,1486.0,1593.0,938.0,636.0
2017-12-21,1430.0,3115.0,1445.0,925.0,627.0,1476.0,1547.0,1588.0,1743.0,1626.0,1481.0,1546.0,933.0,632.0
2017-12-22,1366.0,2830.0,1395.0,914.0,625.0,1430.0,1476.0,1547.0,1730.0,1662.0,1464.0,1445.0,925.0,627.0
2018-01-02,1230.0,2281.0,1340.0,901.0,612.0,1366.0,1430.0,1476.0,1668.0,1666.0,1445.0,1395.0,914.0,625.0
2018-01-03,1262.0,2426.0,1332.0,894.0,607.0,1230.0,1366.0,1430.0,1619.0,1670.0,1405.0,1340.0,901.0,612.0
2018-01-04,1341.0,2715.0,1365.0,884.0,604.0,1262.0,1230.0,1366.0,1588.0,1679.0,1374.0,1332.0,894.0,607.0
2018-01-05,1371.0,2791.0,1400.0,884.0,600.0,1341.0,1262.0,1230.0,1547.0,1702.0,1361.0,1365.0,884.0,604.0
2018-01-08,1385.0,2826.0,1424.0,886.0,594.0,1371.0,1341.0,1262.0,1476.0,1727.0,1371.0,1400.0,884.0,600.0
2018-01-09,1395.0,2820.0,1428.0,889.0,592.0,1385.0,1371.0,1341.0,1430.0,1743.0,1385.0,1424.0,886.0,594.0
2018-01-10,1366.0,2677.0,1404.0,898.0,589.0,1395.0,1385.0,1371.0,1366.0,1730.0,1396.0,1428.0,889.0,592.0
2018-01-11,1303.0,2384.0,1371.0,902.0,587.0,1366.0,1395.0,1385.0,1230.0,1668.0,1413.0,1404.0,898.0,589.0
2018-01-12,1279.0,2296.0,1348.0,907.0,587.0,1303.0,1366.0,1395.0,1262.0,1619.0,1445.0,1371.0,902.0,587.0
2018-01-15,1264.0,2231.0,1340.0,908.0,585.0,1279.0,1303.0,1366.0,1341.0,1588.0,1458.0,1348.0,907.0,587.0
2018-01-16,1221.0,2010.0,1329.0,910.0,583.0,1264.0,1279.0,1303.0,1371.0,1547.0,1477.0,1340.0,908.0,585.0
2018-01-17,1164.0,1743.0,1317.0,910.0,581.0,1221.0,1264.0,1279.0,1385.0,1476.0,1506.0,1329.0,910.0,583.0
2018-01-18,1139.0,1611.0,1311.0,910.0,580.0,1164.0,1221.0,1264.0,1395.0,1430.0,1536.0,1317.0,910.0,581.0
2018-01-19,1125.0,1493.0,1333.0,911.0,584.0,1139.0,1164.0,1221.0,1366.0,1366.0,1578.0,1311.0,910.0,580.0
2018-01-22,1129.0,1445.0,1362.0,913.0,585.0,1125.0,1139.0,1164.0,1303.0,1230.0,1626.0,1333.0,911.0,584.0
2018-01-23,1157.0,1525.0,1404.0,911.0,586.0,1129.0,1125.0,1139.0,1279.0,1262.0,1662.0,1362.0,913.0,585.0
2018-01-24,1200.0,1676.0,1456.0,908.0,584.0,1157.0,1129.0,1125.0,1264.0,1341.0,1666.0,1404.0,911.0,586.0
2018-01-25,1217.0,1752.0,1481.0,904.0,581.0,1200.0,1157.0,1129.0,1221.0,1371.0,1670.0,1456.0,908.0,584.0
2018-01-26,1219.0,1772.0,1492.0,900.0,577.0,1217.0,1200.0,1157.0,1164.0,1385.0,1679.0,1481.0,904.0,581.0
2018-01-29,1214.0,1784.0,1485.0,895.0,573.0,1219.0,1217.0,1200.0,1139.0,1395.0,1702.0,1492.0,900.0,577.0
2018-01-30,1191.0,1748.0,1450.0,889.0,566.0,1214.0,1219.0,1217.0,1125.0,1366.0,1727.0,1485.0,895.0,573.0
2018-01-31,1152.0,1613.0,1411.0,884.0,558.0,1191.0,1214.0,1219.0,1129.0,1303.0,1743.0,1450.0,889.0,566.0
2018-02-01,1114.0,1528.0,1378.0,877.0,552.0,1152.0,1191.0,1214.0,1157.0,1279.0,1730.0,1411.0,884.0,558.0
2018-02-02,1095.0,1470.0,1359.0,872.0,547.0,1114.0,1152.0,1191.0,1200.0,1264.0,1668.0,1378.0,877.0,552.0
2018-02-05,1082.0,1433.0,1339.0,865.0,543.0,1095.0,1114.0,1152.0,1217.0,1221.0,1619.0,1359.0,872.0,547.0
2018-02-06,1095.0,1519.0,1316.0,857.0,538.0,1082.0,1095.0,1114.0,1219.0,1164.0,1588.0,1339.0,865.0,543.0
2018-02-07,1097.0,1578.0,1293.0,844.0,532.0,1095.0,1082.0,1095.0,1214.0,1139.0,1547.0,1316.0,857.0,538.0
2018-02-08,1106.0,1662.0,1263.0,833.0,529.0,1097.0,1095.0,1082.0,1191.0,1125.0,1476.0,1293.0,844.0,532.0
2018-02-09,1125.0,1790.0,1250.0,825.0,526.0,1106.0,1097.0,1095.0,1152.0,1129.0,1430.0,1263.0,833.0,529.0
2018-02-12,1123.0,1824.0,1237.0,819.0,520.0,1125.0,1106.0,1097.0,1114.0,1157.0,1366.0,1250.0,825.0,526.0
2018-02-13,1114.0,1793.0,1228.0,817.0,518.0,1123.0,1125.0,1106.0,1095.0,1200.0,1230.0,1237.0,819.0,520.0
2018-02-14,1095.0,1721.0,1231.0,823.0,516.0,1114.0,1123.0,1125.0,1082.0,1217.0,1262.0,1228.0,817.0,518.0
2018-02-15,1089.0,1663.0,1251.0,832.0,515.0,1095.0,1114.0,1123.0,1095.0,1219.0,1341.0,1231.0,823.0,516.0
2018-02-16,1084.0,1608.0,1273.0,837.0,515.0,1089.0,1095.0,1114.0,1097.0,1214.0,1371.0,1251.0,832.0,515.0
2018-02-19,1087.0,1597.0,1294.0,840.0,517.0,1084.0,1089.0,1095.0,1106.0,1191.0,1385.0,1273.0,837.0,515.0
2018-02-20,1117.0,1678.0,1333.0,847.0,519.0,1087.0,1084.0,1089.0,1125.0,1152.0,1395.0,1294.0,840.0,517.0
2018-02-21,1146.0,1717.0,1388.0,856.0,522.0,1117.0,1087.0,1084.0,1123.0,1114.0,1366.0,1333.0,847.0,519.0
2018-02-22,1167.0,1725.0,1438.0,871.0,529.0,1146.0,1117.0,1087.0,1114.0,1095.0,1303.0,1388.0,856.0,522.0
2018-02-23,1185.0,1722.0,1481.0,892.0,534.0,1167.0,1146.0,1117.0,1095.0,1082.0,1279.0,1438.0,871.0,529.0
2018-02-26,1191.0,1680.0,1504.0,919.0,538.0,1185.0,1167.0,1146.0,1089.0,1095.0,1264.0,1481.0,892.0,534.0
2018-02-27,1188.0,1595.0,1513.0,948.0,545.0,1191.0,1185.0,1167.0,1084.0,1097.0,1221.0,1504.0,919.0,538.0
2018-02-28,1192.0,1560.0,1513.0,973.0,557.0,1188.0,1191.0,1185.0,1087.0,1106.0,1164.0,1513.0,948.0,545.0
2018-03-01,1196.0,1568.0,1505.0,992.0,579.0,1192.0,1188.0,1191.0,1117.0,1125.0,1139.0,1513.0,973.0,557.0
2018-03-02,1207.0,1592.0,1500.0,1004.0,586.0,1196.0,1192.0,1188.0,1146.0,1123.0,1125.0,1505.0,992.0,579.0
2018-03-05,1210.0,1597.0,1502.0,1006.0,590.0,1207.0,1196.0,1192.0,1167.0,1114.0,1129.0,1500.0,1004.0,586.0
2018-03-06,1212.0,1587.0,1528.0,1013.0,595.0,1210.0,1207.0,1196.0,1185.0,1095.0,1157.0,1502.0,1006.0,590.0
2018-03-07,1191.0,1495.0,1553.0,1020.0,599.0,1212.0,1210.0,1207.0,1191.0,1089.0,1200.0,1528.0,1013.0,595.0
2018-03-08,1197.0,1489.0,1590.0,1026.0,607.0,1191.0,1212.0,1210.0,1188.0,1084.0,1217.0,1553.0,1020.0,599.0
2018-03-09,1201.0,1479.0,1615.0,1032.0,611.0,1197.0,1191.0,1212.0,1192.0,1087.0,1219.0,1590.0,1026.0,607.0
2018-03-12,1192.0,1425.0,1624.0,1040.0,615.0,1201.0,1197.0,1191.0,1196.0,1117.0,1214.0,1615.0,1032.0,611.0
2018-03-13,1179.0,1362.0,1623.0,1049.0,617.0,1192.0,1201.0,1197.0,1207.0,1146.0,1191.0,1624.0,1040.0,615.0
2018-03-14,1169.0,1312.0,1623.0,1061.0,622.0,1179.0,1192.0,1201.0,1210.0,1167.0,1152.0,1623.0,1049.0,617.0
2018-03-15,1150.0,1238.0,1619.0,1077.0,626.0,1169.0,1179.0,1192.0,1212.0,1185.0,1114.0,1623.0,1061.0,622.0
2018-03-16,1143.0,1203.0,1618.0,1091.0,627.0,1150.0,1169.0,1179.0,1191.0,1191.0,1095.0,1619.0,1077.0,626.0
2018-03-19,1136.0,1171.0,1621.0,1099.0,629.0,1143.0,1150.0,1169.0,1197.0,1188.0,1082.0,1618.0,1091.0,627.0
2018-03-20,1122.0,1112.0,1615.0,1109.0,630.0,1136.0,1143.0,1150.0,1201.0,1192.0,1095.0,1621.0,1099.0,629.0
2018-03-21,1117.0,1109.0,1606.0,1117.0,634.0,1122.0,1136.0,1143.0,1192.0,1196.0,1097.0,1615.0,1109.0,630.0
2018-03-22,1117.0,1129.0,1593.0,1122.0,639.0,1117.0,1122.0,1136.0,1179.0,1207.0,1106.0,1606.0,1117.0,634.0
2018-03-23,1122.0,1157.0,1587.0,1121.0,641.0,1117.0,1117.0,1122.0,1169.0,1210.0,1125.0,1593.0,1122.0,639.0
2018-03-26,1126.0,1197.0,1575.0,1116.0,645.0,1122.0,1117.0,1117.0,1150.0,1212.0,1123.0,1587.0,1121.0,641.0
2018-03-27,1117.0,1191.0,1552.0,1106.0,648.0,1126.0,1122.0,1117.0,1143.0,1191.0,1114.0,1575.0,1116.0,645.0
2018-03-28,1080.0,1065.0,1520.0,1093.0,650.0,1117.0,1126.0,1122.0,1136.0,1197.0,1095.0,1552.0,1106.0,648.0
2018-03-29,1055.0,1010.0,1495.0,1080.0,652.0,1080.0,1117.0,1126.0,1122.0,1201.0,1089.0,1520.0,1093.0,650.0
2018-04-03,1016.0,924.0,1455.0,1067.0,650.0,1055.0,1080.0,1117.0,1117.0,1192.0,1084.0,1495.0,1080.0,652.0
2018-04-04,977.0,841.0,1397.0,1056.0,648.0,1016.0,1055.0,1080.0,1117.0,1179.0,1087.0,1455.0,1067.0,650.0
2018-04-05,953.0,809.0,1343.0,1042.0,644.0,977.0,1016.0,1055.0,1122.0,1169.0,1117.0,1397.0,1056.0,648.0
2018-04-06,948.0,824.0,1317.0,1032.0,643.0,953.0,977.0,1016.0,1126.0,1150.0,1146.0,1343.0,1042.0,644.0
2018-04-09,952.0,854.0,1315.0,1024.0,638.0,948.0,953.0,977.0,1117.0,1143.0,1167.0,1317.0,1032.0,643.0
2018-04-10,974.0,930.0,1319.0,1016.0,636.0,952.0,948.0,953.0,1080.0,1136.0,1185.0,1315.0,1024.0,638.0
2018-04-11,979.0,940.0,1325.0,1014.0,634.0,974.0,952.0,948.0,1055.0,1122.0,1191.0,1319.0,1016.0,636.0
2018-04-12,993.0,982.0,1335.0,1014.0,630.0,979.0,974.0,952.0,1016.0,1117.0,1188.0,1325.0,1014.0,634.0
2018-04-13,1014.0,1038.0,1351.0,1013.0,628.0,993.0,979.0,974.0,977.0,1117.0,1192.0,1335.0,1014.0,630.0
2018-04-16,1025.0,1061.0,1359.0,1016.0,626.0,1014.0,993.0,979.0,953.0,1122.0,1196.0,1351.0,1013.0,628.0
2018-04-17,1052.0,1152.0,1353.0,1018.0,626.0,1025.0,1014.0,993.0,948.0,1126.0,1207.0,1359.0,1016.0,626.0
2018-04-18,1124.0,1402.0,1329.0,1022.0,626.0,1052.0,1025.0,1014.0,952.0,1117.0,1210.0,1353.0,1018.0,626.0
2018-04-19,1201.0,1668.0,1306.0,1022.0,623.0,1124.0,1052.0,1025.0,974.0,1080.0,1212.0,1329.0,1022.0,626.0
2018-04-20,1281.0,1915.0,1289.0,1025.0,621.0,1201.0,1124.0,1052.0,979.0,1055.0,1191.0,1306.0,1022.0,623.0
2018-04-23,1306.0,2009.0,1281.0,1027.0,621.0,1281.0,1201.0,1124.0,993.0,1016.0,1197.0,1289.0,1025.0,621.0
2018-04-24,1330.0,2130.0,1269.0,1030.0,617.0,1306.0,1281.0,1201.0,1014.0,977.0,1201.0,1281.0,1027.0,621.0
2018-04-25,1376.0,2314.0,1264.0,1037.0,614.0,1330.0,1306.0,1281.0,1025.0,953.0,1192.0,1269.0,1030.0,617.0
2018-04-26,1375.0,2306.0,1272.0,1040.0,610.0,1376.0,1330.0,1306.0,1052.0,948.0,1179.0,1264.0,1037.0,614.0
2018-04-27,1361.0,2251.0,1275.0,1042.0,605.0,1375.0,1376.0,1330.0,1124.0,952.0,1169.0,1272.0,1040.0,610.0
2018-04-30,1341.0,2173.0,1276.0,1045.0,603.0,1361.0,1375.0,1376.0,1201.0,974.0,1150.0,1275.0,1042.0,605.0
2018-05-01,1327.0,2136.0,1271.0,1043.0,601.0,1341.0,1361.0,1375.0,1281.0,979.0,1143.0,1276.0,1045.0,603.0
2018-05-02,1346.0,2197.0,1271.0,1043.0,597.0,1327.0,1341.0,1361.0,1306.0,993.0,1136.0,1271.0,1043.0,601.0
2018-05-03,1376.0,2308.0,1266.0,1047.0,591.0,1346.0,1327.0,1341.0,1330.0,1014.0,1122.0,1271.0,1043.0,597.0
2018-05-04,1384.0,2337.0,1265.0,1050.0,589.0,1376.0,1346.0,1327.0,1376.0,1025.0,1117.0,1266.0,1047.0,591.0
2018-05-08,1432.0,2482.0,1257.0,1051.0,585.0,1384.0,1376.0,1346.0,1375.0,1052.0,1117.0,1265.0,1050.0,589.0
2018-05-09,1465.0,2616.0,1253.0,1048.0,585.0,1432.0,1384.0,1376.0,1361.0,1124.0,1122.0,1257.0,1051.0,585.0
2018-05-10,1453.0,2565.0,1246.0,1052.0,584.0,1465.0,1432.0,1384.0,1341.0,1201.0,1126.0,1253.0,1048.0,585.0
2018-05-11,1472.0,2630.0,1245.0,1053.0,584.0,1453.0,1465.0,1432.0,1327.0,1281.0,1117.0,1246.0,1052.0,584.0
2018-05-14,1476.0,2635.0,1240.0,1055.0,585.0,1472.0,1453.0,1465.0,1346.0,1306.0,1080.0,1245.0,1053.0,584.0
2018-05-15,1468.0,2602.0,1237.0,1053.0,586.0,1476.0,1472.0,1453.0,1376.0,1330.0,1055.0,1240.0,1055.0,585.0
2018-05-16,1403.0,2407.0,1237.0,1056.0,587.0,1468.0,1476.0,1472.0,1384.0,1376.0,1016.0,1237.0,1053.0,586.0
2018-05-17,1305.0,2106.0,1239.0,1064.0,589.0,1403.0,1468.0,1476.0,1432.0,1375.0,977.0,1237.0,1056.0,587.0
2018-05-18,1273.0,2053.0,1241.0,1069.0,590.0,1305.0,1403.0,1468.0,1465.0,1361.0,953.0,1239.0,1064.0,589.0
2018-05-21,1239.0,1957.0,1243.0,1071.0,591.0,1273.0,1305.0,1403.0,1453.0,1341.0,948.0,1241.0,1069.0,590.0
2018-05-22,1199.0,1854.0,1239.0,1074.0,590.0,1239.0,1273.0,1305.0,1472.0,1327.0,952.0,1243.0,1071.0,591.0
2018-05-23,1162.0,1759.0,1222.0,1074.0,591.0,1199.0,1239.0,1273.0,1476.0,1346.0,974.0,1239.0,1074.0,590.0
2018-05-24,1109.0,1551.0,1202.0,1074.0,590.0,1162.0,1199.0,1239.0,1468.0,1376.0,979.0,1222.0,1074.0,591.0
2018-05-25,1077.0,1395.0,1187.0,1071.0,587.0,1109.0,1162.0,1199.0,1403.0,1384.0,993.0,1202.0,1074.0,590.0
2018-05-29,1057.0,1324.0,1163.0,1068.0,586.0,1077.0,1109.0,1162.0,1305.0,1432.0,1014.0,1187.0,1071.0,587.0
2018-05-30,1042.0,1276.0,1149.0,1064.0,584.0,1057.0,1077.0,1109.0,1273.0,1465.0,1025.0,1163.0,1068.0,586.0
2018-05-31,1090.0,1401.0,1160.0,1063.0,583.0,1042.0,1057.0,1077.0,1239.0,1453.0,1052.0,1149.0,1064.0,584.0
2018-06-01,1156.0,1602.0,1192.0,1061.0,583.0,1090.0,1042.0,1057.0,1199.0,1472.0,1124.0,1160.0,1063.0,583.0
2018-06-04,1193.0,1712.0,1217.0,1061.0,583.0,1156.0,1090.0,1042.0,1162.0,1476.0,1201.0,1192.0,1061.0,583.0
2018-06-05,1249.0,1835.0,1250.0,1065.0,584.0,1193.0,1156.0,1090.0,1109.0,1468.0,1281.0,1217.0,1061.0,583.0
2018-06-06,1340.0,2088.0,1290.0,1065.0,583.0,1249.0,1193.0,1156.0,1077.0,1403.0,1306.0,1250.0,1065.0,584.0
2018-06-07,1395.0,2220.0,1344.0,1072.0,583.0,1340.0,1249.0,1193.0,1057.0,1305.0,1330.0,1290.0,1065.0,583.0
2018-06-08,1391.0,2151.0,1418.0,1075.0,584.0,1395.0,1340.0,1249.0,1042.0,1273.0,1376.0,1344.0,1072.0,583.0
2018-06-11,1387.0,2091.0,1451.0,1078.0,586.0,1391.0,1395.0,1340.0,1090.0,1239.0,1375.0,1418.0,1075.0,584.0
2018-06-12,1390.0,2068.0,1474.0,1084.0,588.0,1387.0,1391.0,1395.0,1156.0,1199.0,1361.0,1451.0,1078.0,586.0
2018-06-13,1404.0,2091.0,1488.0,1088.0,591.0,1390.0,1387.0,1391.0,1193.0,1162.0,1341.0,1474.0,1084.0,588.0
2018-06-14,1433.0,2184.0,1498.0,1089.0,592.0,1404.0,1390.0,1387.0,1249.0,1109.0,1327.0,1488.0,1088.0,591.0
2018-06-15,1445.0,2223.0,1495.0,1091.0,593.0,1433.0,1404.0,1390.0,1340.0,1077.0,1346.0,1498.0,1089.0,592.0
2018-06-18,1442.0,2228.0,1482.0,1092.0,595.0,1445.0,1433.0,1404.0,1395.0,1057.0,1376.0,1495.0,1091.0,593.0
2018-06-19,1419.0,2187.0,1458.0,1093.0,594.0,1442.0,1445.0,1433.0,1391.0,1042.0,1384.0,1482.0,1092.0,595.0
2018-06-20,1373.0,2090.0,1419.0,1094.0,593.0,1419.0,1442.0,1445.0,1387.0,1090.0,1432.0,1458.0,1093.0,594.0
2018-06-21,1347.0,2038.0,1382.0,1094.0,592.0,1373.0,1419.0,1442.0,1390.0,1156.0,1465.0,1419.0,1094.0,593.0
2018-06-22,1341.0,2011.0,1355.0,1092.0,593.0,1347.0,1373.0,1419.0,1404.0,1193.0,1453.0,1382.0,1094.0,592.0
2018-06-25,1333.0,2001.0,1339.0,1085.0,592.0,1341.0,1347.0,1373.0,1433.0,1249.0,1472.0,1355.0,1092.0,593.0
2018-06-26,1323.0,1986.0,1321.0,1078.0,589.0,1333.0,1341.0,1347.0,1445.0,1340.0,1476.0,1339.0,1085.0,592.0
2018-06-27,1309.0,1942.0,1324.0,1067.0,585.0,1323.0,1333.0,1341.0,1442.0,1395.0,1468.0,1321.0,1078.0,589.0
2018-06-28,1329.0,2025.0,1331.0,1055.0,583.0,1309.0,1323.0,1333.0,1419.0,1391.0,1403.0,1324.0,1067.0,585.0
2018-06-29,1385.0,2170.0,1336.0,1042.0,581.0,1329.0,1309.0,1323.0,1373.0,1387.0,1305.0,1331.0,1055.0,583.0
2018-07-02,1422.0,2304.0,1338.0,1034.0,575.0,1385.0,1329.0,1309.0,1347.0,1390.0,1273.0,1336.0,1042.0,581.0
2018-07-03,1476.0,2478.0,1336.0,1025.0,571.0,1422.0,1385.0,1329.0,1341.0,1404.0,1239.0,1338.0,1034.0,575.0
2018-07-04,1567.0,2743.0,1334.0,1017.0,569.0,1476.0,1422.0,1385.0,1333.0,1433.0,1199.0,1336.0,1025.0,571.0
2018-07-05,1612.0,3013.0,1339.0,1005.0,565.0,1567.0,1476.0,1422.0,1323.0,1445.0,1162.0,1334.0,1017.0,569.0
2018-07-06,1622.0,3086.0,1347.0,999.0,563.0,1612.0,1567.0,1476.0,1309.0,1442.0,1109.0,1339.0,1005.0,565.0
2018-07-09,1609.0,3016.0,1367.0,997.0,562.0,1622.0,1612.0,1567.0,1329.0,1419.0,1077.0,1347.0,999.0,563.0
2018-07-10,1555.0,2792.0,1431.0,994.0,560.0,1609.0,1622.0,1612.0,1385.0,1373.0,1057.0,1367.0,997.0,562.0
2018-07-11,1586.0,2793.0,1498.0,992.0,558.0,1555.0,1609.0,1622.0,1422.0,1347.0,1042.0,1431.0,994.0,560.0
2018-07-12,1632.0,3041.0,1517.0,994.0,558.0,1586.0,1555.0,1609.0,1476.0,1341.0,1090.0,1498.0,992.0,558.0
2018-07-13,1666.0,3156.0,1527.0,995.0,559.0,1632.0,1586.0,1555.0,1567.0,1333.0,1156.0,1517.0,994.0,558.0
2018-07-16,1695.0,3238.0,1529.0,998.0,559.0,1666.0,1632.0,1586.0,1612.0,1323.0,1193.0,1527.0,995.0,559.0
2018-07-17,1721.0,3335.0,1530.0,1003.0,561.0,1695.0,1666.0,1632.0,1622.0,1309.0,1249.0,1529.0,998.0,559.0
2018-07-18,1688.0,3230.0,1529.0,1008.0,561.0,1721.0,1695.0,1666.0,1609.0,1329.0,1340.0,1530.0,1003.0,561.0
2018-07-19,1657.0,3130.0,1538.0,1016.0,561.0,1688.0,1721.0,1695.0,1555.0,1385.0,1395.0,1529.0,1008.0,561.0
2018-07-20,1689.0,3205.0,1557.0,1023.0,560.0,1657.0,1688.0,1721.0,1586.0,1422.0,1391.0,1538.0,1016.0,561.0
2018-07-23,1718.0,3304.0,1566.0,1028.0,560.0,1689.0,1657.0,1688.0,1632.0,1476.0,1387.0,1557.0,1023.0,560.0
2018-07-24,1774.0,3461.0,1581.0,1030.0,559.0,1718.0,1689.0,1657.0,1666.0,1567.0,1390.0,1566.0,1028.0,560.0
2018-07-25,1772.0,3462.0,1588.0,1033.0,556.0,1774.0,1718.0,1689.0,1695.0,1612.0,1404.0,1581.0,1030.0,559.0
2018-07-26,1708.0,3303.0,1583.0,1034.0,554.0,1772.0,1774.0,1718.0,1721.0,1622.0,1433.0,1588.0,1033.0,556.0
2018-07-27,1676.0,3197.0,1588.0,1035.0,553.0,1708.0,1772.0,1774.0,1688.0,1609.0,1445.0,1583.0,1034.0,554.0
2018-07-30,1703.0,3280.0,1587.0,1035.0,551.0,1676.0,1708.0,1772.0,1657.0,1555.0,1442.0,1588.0,1035.0,553.0
2018-07-31,1747.0,3471.0,1570.0,1035.0,549.0,1703.0,1676.0,1708.0,1689.0,1586.0,1419.0,1587.0,1035.0,551.0
2018-08-01,1760.0,3515.0,1539.0,1036.0,547.0,1747.0,1703.0,1676.0,1718.0,1632.0,1373.0,1570.0,1035.0,549.0
2018-08-02,1756.0,3534.0,1491.0,1032.0,544.0,1760.0,1747.0,1703.0,1774.0,1666.0,1347.0,1539.0,1036.0,547.0
2018-08-03,1773.0,3632.0,1447.0,1030.0,543.0,1756.0,1760.0,1747.0,1772.0,1695.0,1341.0,1491.0,1032.0,544.0
2018-08-06,1773.0,3654.0,1420.0,1030.0,542.0,1773.0,1756.0,1760.0,1708.0,1721.0,1333.0,1447.0,1030.0,543.0
2018-08-07,1732.0,3550.0,1386.0,1032.0,541.0,1773.0,1773.0,1756.0,1676.0,1688.0,1323.0,1420.0,1030.0,542.0
2018-08-08,1704.0,3483.0,1365.0,1035.0,541.0,1732.0,1773.0,1773.0,1703.0,1657.0,1309.0,1386.0,1032.0,541.0
2018-08-09,1694.0,3472.0,1349.0,1036.0,543.0,1704.0,1732.0,1773.0,1747.0,1689.0,1329.0,1365.0,1035.0,541.0
2018-08-10,1691.0,3480.0,1339.0,1039.0,542.0,1694.0,1704.0,1732.0,1760.0,1718.0,1385.0,1349.0,1036.0,543.0
2018-08-13,1709.0,3536.0,1339.0,1040.0,543.0,1691.0,1694.0,1704.0,1756.0,1774.0,1422.0,1339.0,1039.0,542.0
2018-08-14,1725.0,3587.0,1362.0,1042.0,543.0,1709.0,1691.0,1694.0,1773.0,1772.0,1476.0,1339.0,1040.0,543.0
2018-08-15,1727.0,3560.0,1403.0,1045.0,543.0,1725.0,1709.0,1691.0,1773.0,1708.0,1567.0,1362.0,1042.0,543.0
2018-08-16,1720.0,3476.0,1447.0,1050.0,544.0,1727.0,1725.0,1709.0,1732.0,1676.0,1612.0,1403.0,1045.0,543.0
2018-08-17,1723.0,3454.0,1485.0,1056.0,545.0,1720.0,1727.0,1725.0,1704.0,1703.0,1622.0,1447.0,1050.0,544.0
2018-08-20,1727.0,3424.0,1506.0,1062.0,543.0,1723.0,1720.0,1727.0,1694.0,1747.0,1609.0,1485.0,1056.0,545.0
2018-08-21,1736.0,3426.0,1530.0,1069.0,543.0,1727.0,1723.0,1720.0,1691.0,1760.0,1555.0,1506.0,1062.0,543.0
2018-08-22,1735.0,3371.0,1560.0,1078.0,548.0,1736.0,1727.0,1723.0,1709.0,1756.0,1586.0,1530.0,1069.0,543.0
2018-08-23,1709.0,3232.0,1607.0,1087.0,547.0,1735.0,1736.0,1727.0,1725.0,1773.0,1632.0,1560.0,1078.0,548.0
2018-08-24,1697.0,3164.0,1630.0,1095.0,551.0,1709.0,1735.0,1736.0,1727.0,1773.0,1666.0,1607.0,1087.0,547.0
2018-08-28,1684.0,3088.0,1643.0,1110.0,554.0,1697.0,1709.0,1735.0,1720.0,1732.0,1695.0,1630.0,1095.0,551.0
2018-08-29,1661.0,2994.0,1639.0,1121.0,556.0,1684.0,1697.0,1709.0,1723.0,1704.0,1721.0,1643.0,1110.0,554.0
2018-08-30,1614.0,2826.0,1608.0,1128.0,559.0,1661.0,1684.0,1697.0,1727.0,1694.0,1688.0,1639.0,1121.0,556.0
2018-08-31,1579.0,2732.0,1571.0,1132.0,562.0,1614.0,1661.0,1684.0,1736.0,1691.0,1657.0,1608.0,1128.0,559.0
2018-09-03,1557.0,2672.0,1540.0,1133.0,563.0,1579.0,1614.0,1661.0,1735.0,1709.0,1689.0,1571.0,1132.0,562.0
2018-09-04,1513.0,2535.0,1517.0,1135.0,564.0,1557.0,1579.0,1614.0,1709.0,1725.0,1718.0,1540.0,1133.0,563.0
2018-09-05,1477.0,2410.0,1504.0,1135.0,565.0,1513.0,1557.0,1579.0,1697.0,1727.0,1774.0,1517.0,1135.0,564.0
2018-09-06,1484.0,2424.0,1516.0,1135.0,565.0,1477.0,1513.0,1557.0,1684.0,1720.0,1772.0,1504.0,1135.0,565.0
2018-09-07,1490.0,2411.0,1528.0,1134.0,568.0,1484.0,1477.0,1513.0,1661.0,1723.0,1708.0,1516.0,1135.0,565.0
2018-09-10,1482.0,2363.0,1544.0,1136.0,569.0,1490.0,1484.0,1477.0,1614.0,1727.0,1676.0,1528.0,1134.0,568.0
2018-09-11,1439.0,2191.0,1556.0,1135.0,572.0,1482.0,1490.0,1484.0,1579.0,1736.0,1703.0,1544.0,1136.0,569.0
2018-09-12,1411.0,2074.0,1550.0,1134.0,576.0,1439.0,1482.0,1490.0,1557.0,1735.0,1747.0,1556.0,1135.0,572.0
2018-09-13,1382.0,1980.0,1534.0,1132.0,581.0,1411.0,1439.0,1482.0,1513.0,1709.0,1760.0,1550.0,1134.0,576.0
2018-09-14,1366.0,1900.0,1523.0,1134.0,588.0,1382.0,1411.0,1439.0,1477.0,1697.0,1756.0,1534.0,1132.0,581.0
2018-09-17,1357.0,1853.0,1518.0,1138.0,596.0,1366.0,1382.0,1411.0,1484.0,1684.0,1773.0,1523.0,1134.0,588.0
2018-09-18,1356.0,1826.0,1525.0,1151.0,600.0,1357.0,1366.0,1382.0,1490.0,1661.0,1773.0,1518.0,1138.0,596.0
2018-09-19,1373.0,1850.0,1530.0,1159.0,604.0,1356.0,1357.0,1366.0,1482.0,1614.0,1732.0,1525.0,1151.0,600.0
2018-09-20,1396.0,1838.0,1557.0,1169.0,612.0,1373.0,1356.0,1357.0,1439.0,1579.0,1704.0,1530.0,1159.0,604.0
2018-09-21,1413.0,1840.0,1586.0,1175.0,617.0,1396.0,1373.0,1356.0,1411.0,1557.0,1694.0,1557.0,1169.0,612.0
2018-09-24,1434.0,1864.0,1609.0,1185.0,622.0,1413.0,1396.0,1373.0,1382.0,1513.0,1691.0,1586.0,1175.0,617.0
2018-09-25,1450.0,1868.0,1639.0,1190.0,622.0,1434.0,1413.0,1396.0,1366.0,1477.0,1709.0,1609.0,1185.0,622.0
2018-09-26,1503.0,1910.0,1677.0,1194.0,626.0,1450.0,1434.0,1413.0,1357.0,1484.0,1725.0,1639.0,1190.0,622.0
2018-09-27,1524.0,1949.0,1689.0,1195.0,627.0,1503.0,1450.0,1434.0,1356.0,1490.0,1727.0,1677.0,1194.0,626.0
2018-09-28,1540.0,2000.0,1695.0,1194.0,629.0,1524.0,1503.0,1450.0,1373.0,1482.0,1720.0,1689.0,1195.0,627.0
2018-10-01,1555.0,2061.0,1692.0,1193.0,630.0,1540.0,1524.0,1503.0,1396.0,1439.0,1723.0,1695.0,1194.0,629.0
2018-10-02,1570.0,2148.0,1678.0,1189.0,631.0,1555.0,1540.0,1524.0,1413.0,1411.0,1727.0,1692.0,1193.0,630.0
2018-10-03,1574.0,2199.0,1679.0,1190.0,633.0,1570.0,1555.0,1540.0,1434.0,1382.0,1736.0,1678.0,1189.0,631.0
2018-10-04,1554.0,2148.0,1706.0,1192.0,634.0,1574.0,1570.0,1555.0,1450.0,1366.0,1735.0,1679.0,1190.0,633.0
2018-10-05,1536.0,2081.0,1727.0,1197.0,637.0,1554.0,1574.0,1570.0,1503.0,1357.0,1709.0,1706.0,1192.0,634.0
2018-10-08,1530.0,2042.0,1749.0,1201.0,639.0,1536.0,1554.0,1574.0,1524.0,1356.0,1697.0,1727.0,1197.0,637.0
2018-10-09,1503.0,1961.0,1747.0,1203.0,643.0,1530.0,1536.0,1554.0,1540.0,1373.0,1684.0,1749.0,1201.0,639.0
2018-10-10,1493.0,1949.0,1749.0,1205.0,647.0,1503.0,1530.0,1536.0,1555.0,1396.0,1661.0,1747.0,1203.0,643.0
2018-10-11,1515.0,2005.0,1763.0,1207.0,652.0,1493.0,1503.0,1530.0,1570.0,1413.0,1614.0,1749.0,1205.0,647.0
2018-10-12,1579.0,2169.0,1775.0,1204.0,657.0,1515.0,1493.0,1503.0,1574.0,1434.0,1579.0,1763.0,1207.0,652.0
2018-10-15,1584.0,2189.0,1779.0,1200.0,661.0,1579.0,1515.0,1493.0,1554.0,1450.0,1557.0,1775.0,1204.0,657.0
2018-10-16,1578.0,2164.0,1793.0,1196.0,663.0,1584.0,1579.0,1515.0,1536.0,1503.0,1513.0,1779.0,1200.0,661.0
2018-10-17,1554.0,2106.0,1796.0,1192.0,665.0,1578.0,1584.0,1579.0,1530.0,1524.0,1477.0,1793.0,1196.0,663.0
2018-10-18,1565.0,2176.0,1789.0,1181.0,668.0,1554.0,1578.0,1584.0,1503.0,1540.0,1484.0,1796.0,1192.0,665.0
2018-10-19,1576.0,2230.0,1775.0,1170.0,670.0,1565.0,1554.0,1578.0,1493.0,1555.0,1490.0,1789.0,1181.0,668.0
2018-10-22,1579.0,2296.0,1756.0,1163.0,671.0,1576.0,1565.0,1554.0,1515.0,1570.0,1482.0,1775.0,1170.0,670.0
2018-10-23,1577.0,2363.0,1715.0,1156.0,673.0,1579.0,1576.0,1565.0,1579.0,1574.0,1439.0,1756.0,1163.0,671.0
2018-10-24,1546.0,2388.0,1669.0,1144.0,675.0,1577.0,1579.0,1576.0,1584.0,1554.0,1411.0,1715.0,1156.0,673.0
2018-10-25,1516.0,2353.0,1622.0,1132.0,676.0,1546.0,1577.0,1579.0,1578.0,1536.0,1382.0,1669.0,1144.0,675.0
2018-10-26,1519.0,2526.0,1583.0,1117.0,675.0,1516.0,1546.0,1577.0,1554.0,1530.0,1366.0,1622.0,1132.0,676.0
2018-10-29,1522.0,2607.0,1556.0,1106.0,675.0,1519.0,1516.0,1546.0,1565.0,1503.0,1357.0,1583.0,1117.0,675.0
2018-10-30,1513.0,2630.0,1530.0,1087.0,675.0,1522.0,1519.0,1516.0,1576.0,1493.0,1356.0,1556.0,1106.0,675.0
2018-10-31,1490.0,2596.0,1524.0,1073.0,671.0,1513.0,1522.0,1519.0,1579.0,1515.0,1373.0,1530.0,1087.0,675.0
2018-11-01,1470.0,2530.0,1526.0,1061.0,668.0,1490.0,1513.0,1522.0,1577.0,1579.0,1396.0,1524.0,1073.0,671.0
2018-11-02,1457.0,2502.0,1530.0,1051.0,666.0,1470.0,1490.0,1513.0,1546.0,1584.0,1413.0,1526.0,1061.0,668.0
2018-11-05,1428.0,2397.0,1531.0,1041.0,665.0,1457.0,1470.0,1490.0,1516.0,1578.0,1434.0,1530.0,1051.0,666.0
2018-11-06,1395.0,2296.0,1528.0,1033.0,663.0,1428.0,1457.0,1470.0,1519.0,1554.0,1450.0,1531.0,1041.0,665.0
2018-11-07,1304.0,1968.0,1511.0,1021.0,660.0,1395.0,1428.0,1457.0,1522.0,1565.0,1503.0,1528.0,1033.0,663.0
2018-11-08,1231.0,1747.0,1496.0,1013.0,658.0,1304.0,1395.0,1428.0,1513.0,1576.0,1524.0,1511.0,1021.0,660.0
2018-11-09,1147.0,1461.0,1495.0,1003.0,656.0,1231.0,1304.0,1395.0,1490.0,1579.0,1540.0,1496.0,1013.0,658.0
2018-11-12,1125.0,1398.0,1496.0,994.0,654.0,1147.0,1231.0,1304.0,1470.0,1577.0,1555.0,1495.0,1003.0,656.0
2018-11-13,1064.0,1153.0,1498.0,986.0,653.0,1125.0,1147.0,1231.0,1457.0,1546.0,1570.0,1496.0,994.0,654.0
2018-11-14,1009.0,940.0,1484.0,982.0,652.0,1064.0,1125.0,1147.0,1428.0,1516.0,1574.0,1498.0,986.0,653.0
2018-11-15,1020.0,1007.0,1466.0,970.0,649.0,1009.0,1064.0,1125.0,1395.0,1519.0,1554.0,1484.0,982.0,652.0
2018-11-16,1031.0,1057.0,1453.0,969.0,646.0,1020.0,1009.0,1064.0,1304.0,1522.0,1536.0,1466.0,970.0,649.0
2018-11-19,1023.0,1050.0,1437.0,964.0,645.0,1031.0,1020.0,1009.0,1231.0,1513.0,1530.0,1453.0,969.0,646.0
2018-11-20,1003.0,1002.0,1416.0,963.0,644.0,1023.0,1031.0,1020.0,1147.0,1490.0,1503.0,1437.0,964.0,645.0
2018-11-21,1008.0,1056.0,1393.0,959.0,642.0,1003.0,1023.0,1031.0,1125.0,1470.0,1493.0,1416.0,963.0,644.0
2018-11-22,1018.0,1089.0,1378.0,956.0,638.0,1008.0,1003.0,1023.0,1064.0,1457.0,1515.0,1393.0,959.0,642.0
2018-11-23,1093.0,1358.0,1376.0,952.0,635.0,1018.0,1008.0,1003.0,1009.0,1428.0,1579.0,1378.0,956.0,638.0
2018-11-26,1217.0,1789.0,1389.0,947.0,633.0,1093.0,1018.0,1008.0,1020.0,1395.0,1584.0,1376.0,952.0,635.0
2018-11-27,1339.0,2170.0,1416.0,943.0,631.0,1217.0,1093.0,1018.0,1031.0,1304.0,1578.0,1389.0,947.0,633.0
2018-11-28,1330.0,2121.0,1444.0,942.0,629.0,1339.0,1217.0,1093.0,1023.0,1231.0,1554.0,1416.0,943.0,631.0
2018-11-29,1281.0,1950.0,1455.0,945.0,628.0,1330.0,1339.0,1217.0,1003.0,1147.0,1565.0,1444.0,942.0,629.0
2018-11-30,1231.0,1755.0,1463.0,944.0,626.0,1281.0,1330.0,1339.0,1008.0,1125.0,1576.0,1455.0,945.0,628.0
2018-12-03,1203.0,1638.0,1469.0,945.0,626.0,1231.0,1281.0,1330.0,1018.0,1064.0,1579.0,1463.0,944.0,626.0
2018-12-04,1237.0,1739.0,1474.0,949.0,625.0,1203.0,1231.0,1281.0,1093.0,1009.0,1577.0,1469.0,945.0,626.0
2018-12-05,1296.0,1925.0,1472.0,950.0,625.0,1237.0,1203.0,1231.0,1217.0,1020.0,1546.0,1474.0,949.0,625.0
2018-12-06,1339.0,2080.0,1473.0,951.0,625.0,1296.0,1237.0,1203.0,1339.0,1031.0,1516.0,1472.0,950.0,625.0
2018-12-07,1372.0,2197.0,1469.0,953.0,625.0,1339.0,1296.0,1237.0,1330.0,1023.0,1519.0,1473.0,951.0,625.0
2018-12-10,1385.0,2244.0,1464.0,955.0,624.0,1372.0,1339.0,1296.0,1281.0,1003.0,1522.0,1469.0,953.0,625.0
2018-12-11,1364.0,2183.0,1454.0,958.0,623.0,1385.0,1372.0,1339.0,1231.0,1008.0,1513.0,1464.0,955.0,624.0
2018-12-12,1353.0,2153.0,1445.0,963.0,622.0,1364.0,1385.0,1372.0,1203.0,1018.0,1490.0,1454.0,958.0,623.0
2018-12-13,1365.0,2180.0,1459.0,968.0,621.0,1353.0,1364.0,1385.0,1237.0,1093.0,1470.0,1445.0,963.0,622.0
2018-12-14,1401.0,2383.0,1478.0,974.0,617.0,1365.0,1353.0,1364.0,1296.0,1217.0,1457.0,1459.0,968.0,621.0
2018-12-17,1406.0,2433.0,1490.0,978.0,614.0,1401.0,1365.0,1353.0,1339.0,1339.0,1428.0,1478.0,974.0,617.0
2018-12-18,1395.0,2393.0,1494.0,977.0,611.0,1406.0,1401.0,1365.0,1372.0,1330.0,1395.0,1490.0,978.0,614.0
2018-12-19,1378.0,2264.0,1492.0,979.0,607.0,1395.0,1406.0,1401.0,1385.0,1281.0,1304.0,1494.0,977.0,611.0
2018-12-20,1318.0,2071.0,1473.0,979.0,602.0,1378.0,1395.0,1406.0,1364.0,1231.0,1231.0,1492.0,979.0,607.0
2018-12-21,1279.0,1913.0,1437.0,977.0,597.0,1318.0,1378.0,1395.0,1353.0,1203.0,1147.0,1473.0,979.0,602.0
2018-12-24,1271.0,1905.0,1421.0,975.0,596.0,1279.0,1318.0,1378.0,1365.0,1237.0,1125.0,1437.0,977.0,597.0
2019-01-02,1282.0,1987.0,1391.0,967.0,588.0,1271.0,1279.0,1318.0,1401.0,1296.0,1064.0,1421.0,975.0,596.0
2019-01-03,1267.0,1963.0,1365.0,958.0,578.0,1282.0,1271.0,1279.0,1406.0,1339.0,1009.0,1391.0,967.0,588.0
2019-01-04,1260.0,2003.0,1331.0,946.0,571.0,1267.0,1282.0,1271.0,1395.0,1372.0,1020.0,1365.0,958.0,578.0
2019-01-07,1247.0,2016.0,1300.0,933.0,563.0,1260.0,1267.0,1282.0,1378.0,1385.0,1031.0,1331.0,946.0,571.0
2019-01-08,1262.0,2117.0,1257.0,918.0,556.0,1247.0,1260.0,1267.0,1318.0,1364.0,1023.0,1300.0,933.0,563.0
2019-01-09,1238.0,2078.0,1218.0,893.0,546.0,1262.0,1247.0,1260.0,1279.0,1353.0,1003.0,1257.0,918.0,556.0
2019-01-10,1189.0,1987.0,1170.0,870.0,536.0,1238.0,1262.0,1247.0,1271.0,1365.0,1008.0,1218.0,893.0,546.0
2019-01-11,1169.0,1966.0,1137.0,842.0,524.0,1189.0,1238.0,1262.0,1282.0,1401.0,1018.0,1170.0,870.0,536.0
2019-01-14,1147.0,1952.0,1118.0,814.0,511.0,1169.0,1189.0,1238.0,1267.0,1406.0,1093.0,1137.0,842.0,524.0
2019-01-15,1096.0,1831.0,1104.0,785.0,499.0,1147.0,1169.0,1189.0,1260.0,1395.0,1217.0,1118.0,814.0,511.0
2019-01-16,1055.0,1748.0,1079.0,755.0,483.0,1096.0,1147.0,1169.0,1247.0,1378.0,1339.0,1104.0,785.0,499.0
2019-01-17,1077.0,1868.0,1045.0,729.0,466.0,1055.0,1096.0,1147.0,1262.0,1318.0,1330.0,1079.0,755.0,483.0
2019-01-18,1112.0,2037.0,1018.0,701.0,451.0,1077.0,1055.0,1096.0,1238.0,1279.0,1281.0,1045.0,729.0,466.0
2019-01-21,1092.0,2024.0,991.0,680.0,442.0,1112.0,1077.0,1055.0,1189.0,1271.0,1231.0,1018.0,701.0,451.0
2019-01-22,1036.0,1892.0,950.0,660.0,432.0,1092.0,1112.0,1077.0,1169.0,1282.0,1203.0,991.0,680.0,442.0
2019-01-23,982.0,1775.0,893.0,638.0,423.0,1036.0,1092.0,1112.0,1147.0,1267.0,1237.0,950.0,660.0,432.0
2019-01-24,939.0,1726.0,828.0,607.0,409.0,982.0,1036.0,1092.0,1096.0,1260.0,1296.0,893.0,638.0,423.0
2019-01-25,905.0,1730.0,748.0,576.0,395.0,939.0,982.0,1036.0,1055.0,1247.0,1339.0,828.0,607.0,409.0
2019-01-28,852.0,1631.0,687.0,552.0,384.0,905.0,939.0,982.0,1077.0,1262.0,1372.0,748.0,576.0,395.0
2019-01-29,797.0,1508.0,644.0,526.0,368.0,852.0,905.0,939.0,1112.0,1238.0,1385.0,687.0,552.0,384.0
2019-01-30,721.0,1295.0,612.0,498.0,347.0,797.0,852.0,905.0,1092.0,1189.0,1364.0,644.0,526.0,368.0
2019-01-31,668.0,1116.0,574.0,472.0,328.0,721.0,797.0,852.0,1036.0,1169.0,1353.0,612.0,498.0,347.0
2019-02-01,645.0,1014.0,560.0,450.0,311.0,668.0,721.0,797.0,982.0,1147.0,1365.0,574.0,472.0,328.0
2019-02-04,634.0,984.0,552.0,438.0,301.0,645.0,668.0,721.0,939.0,1096.0,1401.0,560.0,450.0,311.0
2019-02-05,629.0,972.0,553.0,423.0,294.0,634.0,645.0,668.0,905.0,1055.0,1406.0,552.0,438.0,301.0
2019-02-06,629.0,929.0,553.0,415.0,294.0,629.0,634.0,645.0,852.0,1077.0,1395.0,553.0,423.0,294.0
2019-02-07,610.0,846.0,561.0,414.0,290.0,629.0,629.0,634.0,797.0,1112.0,1378.0,553.0,415.0,294.0
2019-02-08,601.0,792.0,574.0,415.0,290.0,610.0,629.0,629.0,721.0,1092.0,1318.0,561.0,414.0,290.0
2019-02-11,595.0,736.0,586.0,429.0,292.0,601.0,610.0,629.0,668.0,1036.0,1279.0,574.0,415.0,290.0
2019-02-12,598.0,711.0,600.0,454.0,296.0,595.0,601.0,610.0,645.0,982.0,1271.0,586.0,429.0,292.0
2019-02-13,608.0,707.0,611.0,478.0,302.0,598.0,595.0,601.0,634.0,939.0,1282.0,600.0,454.0,296.0
2019-02-14,628.0,729.0,619.0,526.0,311.0,608.0,598.0,595.0,629.0,905.0,1267.0,611.0,478.0,302.0
2019-02-15,639.0,727.0,624.0,560.0,315.0,628.0,608.0,598.0,629.0,852.0,1260.0,619.0,526.0,311.0
2019-02-18,643.0,713.0,628.0,594.0,322.0,639.0,628.0,608.0,610.0,797.0,1247.0,624.0,560.0,315.0
2019-02-19,635.0,650.0,639.0,625.0,335.0,643.0,639.0,628.0,601.0,721.0,1262.0,628.0,594.0,322.0
2019-02-20,622.0,578.0,649.0,649.0,345.0,635.0,643.0,639.0,595.0,668.0,1238.0,639.0,625.0,335.0
2019-02-21,630.0,570.0,657.0,686.0,353.0,622.0,635.0,643.0,598.0,645.0,1189.0,649.0,649.0,345.0
2019-02-22,634.0,545.0,666.0,707.0,359.0,630.0,622.0,635.0,608.0,634.0,1169.0,657.0,686.0,353.0
2019-02-25,637.0,520.0,685.0,721.0,366.0,634.0,630.0,622.0,628.0,629.0,1147.0,666.0,707.0,359.0
2019-02-26,649.0,522.0,713.0,729.0,372.0,637.0,634.0,630.0,639.0,629.0,1096.0,685.0,721.0,366.0
2019-02-27,651.0,500.0,752.0,738.0,382.0,649.0,637.0,634.0,643.0,610.0,1055.0,713.0,729.0,372.0
2019-02-28,658.0,459.0,813.0,749.0,388.0,651.0,649.0,637.0,635.0,601.0,1077.0,752.0,738.0,382.0
2019-03-01,664.0,383.0,863.0,759.0,393.0,658.0,651.0,649.0,622.0,595.0,1112.0,813.0,749.0,388.0
2019-03-04,669.0,355.0,900.0,767.0,397.0,664.0,658.0,651.0,630.0,598.0,1092.0,863.0,759.0,393.0
2019-03-05,663.0,299.0,924.0,776.0,407.0,669.0,664.0,658.0,634.0,608.0,1036.0,900.0,767.0,397.0
2019-03-06,664.0,270.0,938.0,783.0,413.0,663.0,669.0,664.0,637.0,628.0,982.0,924.0,776.0,407.0
2019-03-07,657.0,236.0,926.0,790.0,418.0,664.0,663.0,669.0,649.0,639.0,939.0,938.0,783.0,413.0
2019-03-08,649.0,235.0,894.0,790.0,421.0,657.0,664.0,663.0,651.0,643.0,905.0,926.0,790.0,418.0
2019-03-11,645.0,250.0,866.0,790.0,424.0,649.0,657.0,664.0,658.0,635.0,852.0,894.0,790.0,421.0
2019-03-12,647.0,278.0,839.0,789.0,429.0,645.0,649.0,657.0,664.0,622.0,797.0,866.0,790.0,424.0
2019-03-13,654.0,327.0,823.0,789.0,430.0,647.0,645.0,649.0,669.0,630.0,721.0,839.0,789.0,429.0
2019-03-14,677.0,403.0,841.0,786.0,434.0,654.0,647.0,645.0,663.0,634.0,668.0,823.0,789.0,430.0
2019-03-15,730.0,520.0,883.0,786.0,437.0,677.0,654.0,647.0,664.0,637.0,645.0,841.0,786.0,434.0
2019-03-18,721.0,476.0,905.0,787.0,440.0,730.0,677.0,654.0,657.0,649.0,634.0,883.0,786.0,437.0
2019-03-19,712.0,421.0,922.0,789.0,443.0,721.0,730.0,677.0,649.0,651.0,629.0,905.0,787.0,440.0
2019-03-20,709.0,399.0,962.0,796.0,446.0,712.0,721.0,730.0,645.0,658.0,629.0,922.0,789.0,443.0
2019-03-21,695.0,288.0,1009.0,813.0,449.0,709.0,712.0,721.0,647.0,664.0,610.0,962.0,796.0,446.0
2019-03-22,690.0,251.0,1027.0,826.0,455.0,695.0,709.0,712.0,654.0,669.0,601.0,1009.0,813.0,449.0
2019-03-25,689.0,230.0,1036.0,830.0,458.0,690.0,695.0,709.0,677.0,663.0,595.0,1027.0,826.0,455.0
2019-03-26,683.0,190.0,1053.0,833.0,463.0,689.0,690.0,695.0,730.0,664.0,598.0,1036.0,830.0,458.0
2019-03-27,690.0,178.0,1056.0,831.0,466.0,683.0,689.0,690.0,721.0,657.0,608.0,1053.0,833.0,463.0
2019-03-28,692.0,167.0,1087.0,823.0,467.0,690.0,683.0,689.0,712.0,649.0,628.0,1056.0,831.0,466.0
2019-03-29,689.0,150.0,1102.0,813.0,464.0,692.0,690.0,683.0,709.0,645.0,639.0,1087.0,823.0,467.0
2019-04-01,685.0,122.0,1110.0,807.0,461.0,689.0,692.0,690.0,695.0,647.0,643.0,1102.0,813.0,464.0
2019-04-02,674.0,92.0,1120.0,795.0,455.0,685.0,689.0,692.0,690.0,654.0,635.0,1110.0,807.0,461.0
2019-04-03,672.0,104.0,1127.0,775.0,448.0,674.0,685.0,689.0,689.0,677.0,622.0,1120.0,795.0,455.0
2019-04-04,699.0,210.0,1124.0,757.0,437.0,672.0,674.0,685.0,683.0,730.0,630.0,1127.0,775.0,448.0
2019-04-05,711.0,276.0,1114.0,742.0,432.0,699.0,672.0,674.0,690.0,721.0,634.0,1124.0,757.0,437.0
2019-04-08,714.0,312.0,1101.0,733.0,425.0,711.0,699.0,672.0,692.0,712.0,637.0,1114.0,742.0,432.0
2019-04-09,725.0,375.0,1085.0,726.0,419.0,714.0,711.0,699.0,689.0,709.0,649.0,1101.0,733.0,425.0
2019-04-10,734.0,428.0,1074.0,718.0,411.0,725.0,714.0,711.0,685.0,695.0,651.0,1085.0,726.0,419.0
2019-04-11,728.0,423.0,1071.0,715.0,406.0,734.0,725.0,714.0,674.0,690.0,658.0,1074.0,718.0,411.0
2019-04-12,726.0,418.0,1073.0,711.0,403.0,728.0,734.0,725.0,672.0,689.0,664.0,1071.0,715.0,406.0
2019-04-15,738.0,445.0,1092.0,714.0,399.0,726.0,728.0,734.0,699.0,683.0,669.0,1073.0,711.0,403.0
2019-04-16,749.0,459.0,1119.0,718.0,397.0,738.0,726.0,728.0,711.0,690.0,663.0,1092.0,714.0,399.0
2019-04-17,767.0,463.0,1147.0,726.0,394.0,749.0,738.0,726.0,714.0,692.0,664.0,1119.0,718.0,397.0
2019-04-18,790.0,490.0,1162.0,732.0,390.0,767.0,749.0,738.0,725.0,689.0,657.0,1147.0,726.0,394.0
2019-04-23,821.0,572.0,1171.0,751.0,391.0,790.0,767.0,749.0,734.0,685.0,649.0,1162.0,732.0,390.0
2019-04-24,850.0,648.0,1177.0,773.0,392.0,821.0,790.0,767.0,728.0,674.0,645.0,1171.0,751.0,391.0
2019-04-25,869.0,691.0,1182.0,781.0,391.0,850.0,821.0,790.0,726.0,672.0,647.0,1177.0,773.0,392.0
2019-04-26,889.0,783.0,1186.0,780.0,389.0,869.0,850.0,821.0,738.0,699.0,654.0,1182.0,781.0,391.0
2019-04-29,913.0,884.0,1189.0,777.0,386.0,889.0,869.0,850.0,749.0,711.0,677.0,1186.0,780.0,389.0
2019-04-30,1011.0,1276.0,1188.0,768.0,384.0,913.0,889.0,869.0,767.0,714.0,730.0,1189.0,777.0,386.0
2019-05-01,1031.0,1389.0,1187.0,763.0,386.0,1011.0,913.0,889.0,790.0,725.0,721.0,1188.0,768.0,384.0
2019-05-02,1032.0,1420.0,1189.0,755.0,384.0,1031.0,1011.0,913.0,821.0,734.0,712.0,1187.0,763.0,386.0
2019-05-03,985.0,1290.0,1190.0,752.0,382.0,1032.0,1031.0,1011.0,850.0,728.0,709.0,1189.0,755.0,384.0
2019-05-07,936.0,1119.0,1189.0,761.0,382.0,985.0,1032.0,1031.0,869.0,726.0,695.0,1190.0,752.0,382.0
2019-05-08,940.0,1159.0,1188.0,770.0,382.0,936.0,985.0,1032.0,889.0,738.0,690.0,1189.0,761.0,382.0
2019-05-09,974.0,1270.0,1193.0,776.0,382.0,940.0,936.0,985.0,913.0,749.0,689.0,1188.0,770.0,382.0
2019-05-10,1013.0,1371.0,1198.0,779.0,382.0,974.0,940.0,936.0,1011.0,767.0,683.0,1193.0,776.0,382.0
2019-05-13,1026.0,1405.0,1211.0,782.0,382.0,1013.0,974.0,940.0,1031.0,790.0,690.0,1198.0,779.0,382.0
2019-05-14,1043.0,1462.0,1229.0,783.0,381.0,1026.0,1013.0,974.0,1032.0,821.0,692.0,1211.0,782.0,382.0
2019-05-15,1032.0,1417.0,1243.0,784.0,381.0,1043.0,1026.0,1013.0,985.0,850.0,689.0,1229.0,783.0,381.0
2019-05-16,1032.0,1428.0,1252.0,783.0,383.0,1032.0,1043.0,1026.0,936.0,869.0,685.0,1243.0,784.0,381.0
2019-05-17,1040.0,1463.0,1255.0,780.0,385.0,1032.0,1032.0,1043.0,940.0,889.0,674.0,1252.0,783.0,383.0
2019-05-20,1041.0,1470.0,1256.0,778.0,386.0,1040.0,1032.0,1032.0,974.0,913.0,672.0,1255.0,780.0,385.0
2019-05-21,1049.0,1501.0,1258.0,777.0,388.0,1041.0,1040.0,1032.0,1013.0,1011.0,699.0,1256.0,778.0,386.0
2019-05-22,1059.0,1537.0,1268.0,778.0,389.0,1049.0,1041.0,1040.0,1026.0,1031.0,711.0,1258.0,777.0,388.0
2019-05-23,1068.0,1558.0,1287.0,779.0,391.0,1059.0,1049.0,1041.0,1043.0,1032.0,714.0,1268.0,778.0,389.0
2019-05-24,1066.0,1545.0,1304.0,778.0,393.0,1068.0,1059.0,1049.0,1032.0,985.0,725.0,1287.0,779.0,391.0
2019-05-28,1082.0,1585.0,1322.0,771.0,394.0,1066.0,1068.0,1059.0,1032.0,936.0,734.0,1304.0,778.0,393.0
2019-05-29,1107.0,1659.0,1337.0,763.0,395.0,1082.0,1066.0,1068.0,1040.0,940.0,728.0,1322.0,771.0,394.0
2019-05-30,1097.0,1623.0,1340.0,756.0,397.0,1107.0,1082.0,1066.0,1041.0,974.0,726.0,1337.0,763.0,395.0
2019-05-31,1096.0,1620.0,1335.0,752.0,398.0,1097.0,1107.0,1082.0,1049.0,1013.0,738.0,1340.0,756.0,397.0
2019-06-03,1103.0,1650.0,1325.0,748.0,401.0,1096.0,1097.0,1107.0,1059.0,1026.0,749.0,1335.0,752.0,398.0
2019-06-04,1122.0,1739.0,1304.0,739.0,403.0,1103.0,1096.0,1097.0,1068.0,1043.0,767.0,1325.0,748.0,401.0
2019-06-05,1141.0,1806.0,1285.0,731.0,405.0,1122.0,1103.0,1096.0,1066.0,1032.0,790.0,1304.0,739.0,403.0
2019-06-06,1138.0,1826.0,1246.0,726.0,408.0,1141.0,1122.0,1103.0,1082.0,1032.0,821.0,1285.0,731.0,405.0
2019-06-07,1138.0,1862.0,1213.0,719.0,412.0,1138.0,1141.0,1122.0,1107.0,1040.0,850.0,1246.0,726.0,408.0
2019-06-10,1125.0,1848.0,1187.0,717.0,411.0,1138.0,1138.0,1141.0,1097.0,1041.0,869.0,1213.0,719.0,412.0
2019-06-11,1105.0,1798.0,1166.0,714.0,414.0,1125.0,1138.0,1138.0,1096.0,1049.0,889.0,1187.0,717.0,411.0
2019-06-12,1080.0,1746.0,1149.0,712.0,416.0,1105.0,1125.0,1138.0,1103.0,1059.0,913.0,1166.0,714.0,414.0
2019-06-13,1062.0,1718.0,1137.0,710.0,419.0,1080.0,1105.0,1125.0,1122.0,1068.0,1011.0,1149.0,712.0,416.0
2019-06-14,1085.0,1800.0,1131.0,716.0,420.0,1062.0,1080.0,1105.0,1141.0,1066.0,1031.0,1137.0,710.0,419.0
2019-06-17,1093.0,1826.0,1125.0,720.0,422.0,1085.0,1062.0,1080.0,1138.0,1082.0,1032.0,1131.0,716.0,420.0
2019-06-18,1135.0,1956.0,1117.0,728.0,428.0,1093.0,1085.0,1062.0,1138.0,1107.0,985.0,1125.0,720.0,422.0
2019-06-19,1179.0,2051.0,1110.0,736.0,432.0,1135.0,1093.0,1085.0,1125.0,1097.0,936.0,1117.0,728.0,428.0
2019-06-20,1194.0,2080.0,1101.0,743.0,437.0,1179.0,1135.0,1093.0,1105.0,1096.0,940.0,1110.0,736.0,432.0
2019-06-21,1239.0,2278.0,1096.0,751.0,440.0,1194.0,1179.0,1135.0,1080.0,1103.0,974.0,1101.0,743.0,437.0
2019-06-24,1258.0,2363.0,1111.0,756.0,442.0,1239.0,1194.0,1179.0,1062.0,1122.0,1013.0,1096.0,751.0,440.0
2019-06-25,1280.0,2389.0,1150.0,765.0,442.0,1258.0,1239.0,1194.0,1085.0,1141.0,1026.0,1111.0,756.0,442.0
2019-06-26,1317.0,2440.0,1191.0,774.0,442.0,1280.0,1258.0,1239.0,1093.0,1138.0,1043.0,1150.0,765.0,442.0
2019-06-27,1340.0,2465.0,1243.0,783.0,443.0,1317.0,1280.0,1258.0,1135.0,1138.0,1032.0,1191.0,774.0,442.0
2019-06-28,1354.0,2488.0,1286.0,787.0,442.0,1340.0,1317.0,1280.0,1179.0,1125.0,1032.0,1243.0,783.0,443.0
2019-07-01,1381.0,2557.0,1317.0,792.0,441.0,1354.0,1340.0,1317.0,1194.0,1105.0,1040.0,1286.0,787.0,442.0
2019-07-02,1446.0,2717.0,1370.0,796.0,439.0,1381.0,1354.0,1340.0,1239.0,1080.0,1041.0,1317.0,792.0,441.0
2019-07-03,1549.0,2939.0,1433.0,803.0,440.0,1446.0,1381.0,1354.0,1258.0,1062.0,1049.0,1370.0,796.0,439.0
2019-07-04,1700.0,3298.0,1569.0,814.0,443.0,1549.0,1446.0,1381.0,1280.0,1085.0,1059.0,1433.0,803.0,440.0
2019-07-05,1740.0,3346.0,1665.0,820.0,448.0,1700.0,1549.0,1446.0,1317.0,1093.0,1068.0,1569.0,814.0,443.0
2019-07-08,1725.0,3260.0,1695.0,829.0,454.0,1740.0,1700.0,1549.0,1340.0,1135.0,1066.0,1665.0,820.0,448.0
2019-07-09,1759.0,3343.0,1739.0,835.0,458.0,1725.0,1740.0,1700.0,1354.0,1179.0,1082.0,1695.0,829.0,454.0
2019-07-10,1777.0,3361.0,1791.0,845.0,463.0,1759.0,1725.0,1740.0,1381.0,1194.0,1107.0,1739.0,835.0,458.0
2019-07-11,1816.0,3416.0,1881.0,860.0,468.0,1777.0,1759.0,1725.0,1446.0,1239.0,1097.0,1791.0,845.0,463.0
2019-07-12,1865.0,3541.0,1945.0,879.0,472.0,1816.0,1777.0,1759.0,1549.0,1258.0,1096.0,1881.0,860.0,468.0
2019-07-15,1928.0,3724.0,1992.0,888.0,472.0,1865.0,1816.0,1777.0,1700.0,1280.0,1103.0,1945.0,879.0,472.0
2019-07-16,2011.0,3968.0,2052.0,905.0,477.0,1928.0,1865.0,1816.0,1740.0,1317.0,1122.0,1992.0,888.0,472.0
2019-07-17,2064.0,4095.0,2085.0,928.0,481.0,2011.0,1928.0,1865.0,1725.0,1340.0,1141.0,2052.0,905.0,477.0
2019-07-18,2130.0,4256.0,2134.0,953.0,486.0,2064.0,2011.0,1928.0,1759.0,1354.0,1138.0,2085.0,928.0,481.0
2019-07-19,2170.0,4379.0,2170.0,982.0,492.0,2130.0,2064.0,2011.0,1777.0,1381.0,1138.0,2134.0,953.0,486.0
2019-07-22,2191.0,4438.0,2201.0,1002.0,497.0,2170.0,2130.0,2064.0,1816.0,1446.0,1125.0,2170.0,982.0,492.0
2019-07-23,2165.0,4315.0,2219.0,1017.0,503.0,2191.0,2170.0,2130.0,1865.0,1549.0,1105.0,2201.0,1002.0,497.0
2019-07-24,2014.0,3808.0,2209.0,1019.0,506.0,2165.0,2191.0,2170.0,1928.0,1700.0,1080.0,2219.0,1017.0,503.0
2019-07-25,1947.0,3609.0,2180.0,1012.0,512.0,2014.0,2165.0,2191.0,2011.0,1740.0,1062.0,2209.0,1019.0,506.0
2019-07-26,1937.0,3647.0,2109.0,1005.0,515.0,1947.0,2014.0,2165.0,2064.0,1725.0,1085.0,2180.0,1012.0,512.0
2019-07-29,1922.0,3660.0,2050.0,996.0,516.0,1937.0,1947.0,2014.0,2130.0,1759.0,1093.0,2109.0,1005.0,515.0
2019-07-30,1899.0,3664.0,1969.0,988.0,516.0,1922.0,1937.0,1947.0,2170.0,1777.0,1135.0,2050.0,996.0,516.0
2019-07-31,1868.0,3657.0,1891.0,982.0,516.0,1899.0,1922.0,1937.0,2191.0,1816.0,1179.0,1969.0,988.0,516.0
2019-08-01,1812.0,3534.0,1818.0,974.0,517.0,1868.0,1899.0,1922.0,2165.0,1865.0,1194.0,1891.0,982.0,516.0
2019-08-02,1788.0,3492.0,1779.0,968.0,517.0,1812.0,1868.0,1899.0,2014.0,1928.0,1239.0,1818.0,974.0,517.0
2019-08-05,1774.0,3480.0,1753.0,959.0,519.0,1788.0,1812.0,1868.0,1947.0,2011.0,1258.0,1779.0,968.0,517.0
2019-08-06,1734.0,3302.0,1759.0,956.0,519.0,1774.0,1788.0,1812.0,1937.0,2064.0,1280.0,1753.0,959.0,519.0
2019-08-07,1712.0,3171.0,1791.0,955.0,520.0,1734.0,1774.0,1788.0,1922.0,2130.0,1317.0,1759.0,956.0,519.0
2019-08-08,1720.0,3181.0,1839.0,959.0,521.0,1712.0,1734.0,1774.0,1899.0,2170.0,1340.0,1791.0,955.0,520.0
2019-08-09,1748.0,3222.0,1898.0,970.0,523.0,1720.0,1712.0,1734.0,1868.0,2191.0,1354.0,1839.0,959.0,521.0
2019-08-12,1774.0,3266.0,1932.0,975.0,524.0,1748.0,1720.0,1712.0,1812.0,2165.0,1381.0,1898.0,970.0,523.0
2019-08-13,1864.0,3454.0,1999.0,992.0,530.0,1774.0,1748.0,1720.0,1788.0,2014.0,1446.0,1932.0,975.0,524.0
2019-08-14,1950.0,3588.0,2089.0,1022.0,539.0,1864.0,1774.0,1748.0,1774.0,1947.0,1549.0,1999.0,992.0,530.0
2019-08-15,2047.0,3767.0,2150.0,1070.0,550.0,1950.0,1864.0,1774.0,1734.0,1937.0,1700.0,2089.0,1022.0,539.0
2019-08-16,2088.0,3826.0,2169.0,1118.0,560.0,2047.0,1950.0,1864.0,1712.0,1922.0,1740.0,2150.0,1070.0,550.0
2019-08-19,2067.0,3728.0,2174.0,1141.0,569.0,2088.0,2047.0,1950.0,1720.0,1899.0,1725.0,2169.0,1118.0,560.0
2019-08-20,2059.0,3665.0,2161.0,1161.0,579.0,2067.0,2088.0,2047.0,1748.0,1868.0,1759.0,2174.0,1141.0,569.0
2019-08-21,2061.0,3671.0,2163.0,1188.0,591.0,2059.0,2067.0,2088.0,1774.0,1812.0,1777.0,2161.0,1161.0,579.0
2019-08-22,2118.0,3829.0,2181.0,1220.0,609.0,2061.0,2059.0,2067.0,1864.0,1788.0,1816.0,2163.0,1188.0,591.0
2019-08-23,2168.0,3991.0,2196.0,1249.0,619.0,2118.0,2061.0,2059.0,1950.0,1774.0,1865.0,2181.0,1220.0,609.0
2019-08-27,2213.0,4082.0,2218.0,1286.0,632.0,2168.0,2118.0,2061.0,2047.0,1734.0,1928.0,2196.0,1249.0,619.0
2019-08-28,2267.0,4213.0,2235.0,1310.0,643.0,2213.0,2168.0,2118.0,2088.0,1712.0,2011.0,2218.0,1286.0,632.0
2019-08-29,2277.0,4206.0,2249.0,1328.0,656.0,2267.0,2213.0,2168.0,2067.0,1720.0,2064.0,2235.0,1310.0,643.0
2019-08-30,2378.0,4467.0,2260.0,1336.0,665.0,2277.0,2267.0,2213.0,2059.0,1748.0,2130.0,2249.0,1328.0,656.0
2019-09-02,2442.0,4659.0,2262.0,1346.0,671.0,2378.0,2277.0,2267.0,2061.0,1774.0,2170.0,2260.0,1336.0,665.0
2019-09-03,2501.0,4862.0,2261.0,1350.0,677.0,2442.0,2378.0,2277.0,2118.0,1864.0,2191.0,2262.0,1346.0,671.0
2019-09-04,2518.0,5043.0,2250.0,1351.0,682.0,2501.0,2442.0,2378.0,2168.0,1950.0,2165.0,2261.0,1350.0,677.0
2019-09-05,2499.0,5036.0,2234.0,1348.0,688.0,2518.0,2501.0,2442.0,2213.0,2047.0,2014.0,2250.0,1351.0,682.0
2019-09-06,2462.0,4949.0,2216.0,1338.0,689.0,2499.0,2518.0,2501.0,2267.0,2088.0,1947.0,2234.0,1348.0,688.0
2019-09-09,2422.0,4844.0,2191.0,1330.0,690.0,2462.0,2499.0,2518.0,2277.0,2067.0,1937.0,2216.0,1338.0,689.0
2019-09-10,2393.0,4794.0,2161.0,1319.0,691.0,2422.0,2462.0,2499.0,2378.0,2059.0,1922.0,2191.0,1330.0,690.0
2019-09-11,2366.0,4726.0,2144.0,1311.0,692.0,2393.0,2422.0,2462.0,2442.0,2061.0,1899.0,2161.0,1319.0,691.0
2019-09-12,2331.0,4612.0,2129.0,1305.0,691.0,2366.0,2393.0,2422.0,2501.0,2118.0,1868.0,2144.0,1311.0,692.0
2019-09-13,2312.0,4547.0,2133.0,1299.0,691.0,2331.0,2366.0,2393.0,2518.0,2168.0,1812.0,2129.0,1305.0,691.0
2019-09-16,2311.0,4538.0,2133.0,1294.0,691.0,2312.0,2331.0,2366.0,2499.0,2213.0,1788.0,2133.0,1299.0,691.0
2019-09-17,2283.0,4456.0,2121.0,1292.0,691.0,2311.0,2312.0,2331.0,2462.0,2267.0,1774.0,2133.0,1294.0,691.0
2019-09-18,2266.0,4394.0,2089.0,1292.0,691.0,2283.0,2311.0,2312.0,2422.0,2277.0,1734.0,2121.0,1292.0,691.0
2019-09-19,2192.0,4136.0,2052.0,1296.0,691.0,2266.0,2283.0,2311.0,2393.0,2378.0,1712.0,2089.0,1292.0,691.0
2019-09-20,2131.0,3952.0,2013.0,1300.0,692.0,2192.0,2266.0,2283.0,2366.0,2442.0,1720.0,2052.0,1296.0,691.0
2019-09-23,2108.0,3903.0,1978.0,1298.0,692.0,2131.0,2192.0,2266.0,2331.0,2501.0,1748.0,2013.0,1300.0,692.0
2019-09-24,2116.0,3982.0,1939.0,1294.0,690.0,2108.0,2131.0,2192.0,2312.0,2518.0,1774.0,1978.0,1298.0,692.0
2019-09-25,2053.0,3829.0,1900.0,1282.0,692.0,2116.0,2108.0,2131.0,2311.0,2499.0,1864.0,1939.0,1294.0,690.0
2019-09-26,1963.0,3601.0,1846.0,1272.0,691.0,2053.0,2116.0,2108.0,2283.0,2462.0,1950.0,1900.0,1282.0,692.0
2019-09-27,1857.0,3338.0,1804.0,1260.0,690.0,1963.0,2053.0,2116.0,2266.0,2422.0,2047.0,1846.0,1272.0,691.0
2019-09-30,1823.0,3269.0,1766.0,1248.0,688.0,1857.0,1963.0,2053.0,2192.0,2393.0,2088.0,1804.0,1260.0,690.0
2019-10-01,1809.0,3232.0,1745.0,1231.0,684.0,1823.0,1857.0,1963.0,2131.0,2366.0,2067.0,1766.0,1248.0,688.0
2019-10-02,1803.0,3231.0,1725.0,1217.0,679.0,1809.0,1823.0,1857.0,2108.0,2331.0,2059.0,1745.0,1231.0,684.0
2019-10-03,1757.0,3013.0,1722.0,1204.0,673.0,1803.0,1809.0,1823.0,2116.0,2312.0,2061.0,1725.0,1217.0,679.0
2019-10-04,1767.0,3021.0,1731.0,1199.0,670.0,1757.0,1803.0,1809.0,2053.0,2311.0,2118.0,1722.0,1204.0,673.0
2019-10-07,1770.0,3003.0,1748.0,1196.0,667.0,1767.0,1757.0,1803.0,1963.0,2283.0,2168.0,1731.0,1199.0,670.0
2019-10-08,1801.0,3031.0,1804.0,1199.0,664.0,1770.0,1767.0,1757.0,1857.0,2266.0,2213.0,1748.0,1196.0,667.0
2019-10-09,1873.0,3208.0,1852.0,1204.0,662.0,1801.0,1770.0,1767.0,1823.0,2192.0,2267.0,1804.0,1199.0,664.0
2019-10-10,1929.0,3319.0,1899.0,1211.0,660.0,1873.0,1801.0,1770.0,1809.0,2131.0,2277.0,1852.0,1204.0,662.0
2019-10-11,1924.0,3290.0,1916.0,1218.0,658.0,1929.0,1873.0,1801.0,1803.0,2108.0,2378.0,1899.0,1211.0,660.0
2019-10-14,1916.0,3254.0,1928.0,1223.0,656.0,1924.0,1929.0,1873.0,1757.0,2116.0,2442.0,1916.0,1218.0,658.0
2019-10-15,1898.0,3204.0,1918.0,1227.0,656.0,1916.0,1924.0,1929.0,1767.0,2053.0,2501.0,1928.0,1223.0,656.0
2019-10-16,1897.0,3194.0,1888.0,1226.0,655.0,1898.0,1916.0,1924.0,1770.0,1963.0,2518.0,1918.0,1227.0,656.0
2019-10-17,1861.0,3081.0,1861.0,1224.0,653.0,1897.0,1898.0,1916.0,1801.0,1857.0,2499.0,1888.0,1226.0,655.0
2019-10-18,1855.0,3064.0,1840.0,1222.0,651.0,1861.0,1897.0,1898.0,1873.0,1823.0,2462.0,1861.0,1224.0,653.0
2019-10-21,1846.0,3047.0,1819.0,1221.0,649.0,1855.0,1861.0,1897.0,1929.0,1809.0,2422.0,1840.0,1222.0,651.0
2019-10-22,1806.0,2944.0,1795.0,1217.0,646.0,1846.0,1855.0,1861.0,1924.0,1803.0,2393.0,1819.0,1221.0,649.0
2019-10-23,1779.0,2873.0,1770.0,1210.0,642.0,1806.0,1846.0,1855.0,1916.0,1757.0,2366.0,1795.0,1217.0,646.0
2019-10-24,1785.0,2926.0,1748.0,1200.0,637.0,1779.0,1806.0,1846.0,1898.0,1767.0,2331.0,1770.0,1210.0,642.0
2019-10-25,1801.0,3009.0,1695.0,1187.0,631.0,1785.0,1779.0,1806.0,1897.0,1770.0,2312.0,1748.0,1200.0,637.0
2019-10-28,1803.0,3052.0,1646.0,1179.0,626.0,1801.0,1785.0,1779.0,1861.0,1801.0,2311.0,1695.0,1187.0,631.0
2019-10-29,1802.0,3078.0,1608.0,1159.0,617.0,1803.0,1801.0,1785.0,1855.0,1873.0,2283.0,1646.0,1179.0,626.0
2019-10-30,1782.0,3078.0,1574.0,1127.0,604.0,1802.0,1803.0,1801.0,1846.0,1929.0,2266.0,1608.0,1159.0,617.0
2019-10-31,1731.0,2978.0,1543.0,1091.0,591.0,1782.0,1802.0,1803.0,1806.0,1924.0,2192.0,1574.0,1127.0,604.0
2019-11-01,1697.0,2950.0,1513.0,1045.0,580.0,1731.0,1782.0,1802.0,1779.0,1916.0,2131.0,1543.0,1091.0,591.0
2019-11-04,1675.0,2946.0,1477.0,1005.0,571.0,1697.0,1731.0,1782.0,1785.0,1898.0,2108.0,1513.0,1045.0,580.0
2019-11-05,1656.0,2975.0,1436.0,974.0,564.0,1675.0,1697.0,1731.0,1801.0,1897.0,2116.0,1477.0,1005.0,571.0
2019-11-06,1533.0,2726.0,1385.0,926.0,557.0,1656.0,1675.0,1697.0,1803.0,1861.0,2053.0,1436.0,974.0,564.0
2019-11-07,1428.0,2517.0,1340.0,865.0,550.0,1533.0,1656.0,1675.0,1802.0,1855.0,1963.0,1385.0,926.0,557.0
2019-11-08,1378.0,2444.0,1290.0,824.0,539.0,1428.0,1533.0,1656.0,1782.0,1846.0,1857.0,1340.0,865.0,550.0
2019-11-11,1345.0,2393.0,1246.0,796.0,533.0,1378.0,1428.0,1533.0,1731.0,1806.0,1823.0,1290.0,824.0,539.0
2019-11-12,1354.0,2485.0,1207.0,774.0,526.0,1345.0,1378.0,1428.0,1697.0,1779.0,1809.0,1246.0,796.0,533.0
2019-11-13,1365.0,2565.0,1170.0,758.0,521.0,1354.0,1345.0,1378.0,1675.0,1785.0,1803.0,1207.0,774.0,526.0
2019-11-14,1364.0,2623.0,1137.0,745.0,514.0,1365.0,1354.0,1345.0,1656.0,1801.0,1757.0,1170.0,758.0,521.0
2019-11-15,1357.0,2635.0,1118.0,735.0,509.0,1364.0,1365.0,1354.0,1533.0,1803.0,1767.0,1137.0,745.0,514.0
2019-11-18,1338.0,2603.0,1112.0,723.0,506.0,1357.0,1364.0,1365.0,1428.0,1802.0,1770.0,1118.0,735.0,509.0
2019-11-19,1304.0,2543.0,1116.0,716.0,501.0,1338.0,1357.0,1364.0,1378.0,1782.0,1801.0,1112.0,723.0,506.0
2019-11-20,1260.0,2435.0,1127.0,718.0,497.0,1304.0,1338.0,1357.0,1345.0,1731.0,1873.0,1116.0,716.0,501.0
2019-11-21,1255.0,2401.0,1129.0,731.0,495.0,1260.0,1304.0,1338.0,1354.0,1697.0,1929.0,1127.0,718.0,497.0
2019-11-22,1284.0,2493.0,1129.0,747.0,494.0,1255.0,1260.0,1304.0,1365.0,1675.0,1924.0,1129.0,731.0,495.0
2019-11-25,1351.0,2716.0,1119.0,767.0,494.0,1284.0,1255.0,1260.0,1364.0,1656.0,1916.0,1129.0,747.0,494.0
2019-11-26,1426.0,2953.0,1111.0,783.0,496.0,1351.0,1284.0,1255.0,1357.0,1533.0,1898.0,1119.0,767.0,494.0
2019-11-27,1440.0,2983.0,1121.0,796.0,498.0,1426.0,1351.0,1284.0,1338.0,1428.0,1897.0,1111.0,783.0,496.0
2019-11-28,1467.0,2995.0,1167.0,807.0,501.0,1440.0,1426.0,1351.0,1304.0,1378.0,1861.0,1121.0,796.0,498.0
2019-11-29,1528.0,3131.0,1225.0,816.0,505.0,1467.0,1440.0,1426.0,1260.0,1345.0,1855.0,1167.0,807.0,501.0
2019-12-02,1568.0,3231.0,1282.0,819.0,505.0,1528.0,1467.0,1440.0,1255.0,1354.0,1846.0,1225.0,816.0,505.0
2019-12-03,1606.0,3350.0,1315.0,825.0,505.0,1568.0,1528.0,1467.0,1284.0,1365.0,1806.0,1282.0,819.0,505.0
2019-12-04,1599.0,3382.0,1326.0,828.0,505.0,1606.0,1568.0,1528.0,1351.0,1364.0,1779.0,1315.0,825.0,505.0
2019-12-05,1575.0,3325.0,1336.0,831.0,505.0,1599.0,1606.0,1568.0,1426.0,1357.0,1785.0,1326.0,828.0,505.0
2019-12-06,1558.0,3273.0,1347.0,835.0,507.0,1575.0,1599.0,1606.0,1440.0,1338.0,1801.0,1336.0,831.0,505.0
2019-12-09,1551.0,3242.0,1359.0,837.0,508.0,1558.0,1575.0,1599.0,1467.0,1304.0,1803.0,1347.0,835.0,507.0
2019-12-10,1528.0,3167.0,1395.0,838.0,510.0,1551.0,1558.0,1575.0,1528.0,1260.0,1802.0,1359.0,837.0,508.0
2019-12-11,1460.0,2883.0,1443.0,838.0,510.0,1528.0,1551.0,1558.0,1568.0,1255.0,1782.0,1395.0,838.0,510.0
2019-12-12,1388.0,2598.0,1459.0,835.0,509.0,1460.0,1528.0,1551.0,1606.0,1284.0,1731.0,1443.0,838.0,510.0
2019-12-13,1355.0,2455.0,1467.0,823.0,509.0,1388.0,1460.0,1528.0,1599.0,1351.0,1697.0,1459.0,835.0,509.0
2019-12-16,1315.0,2334.0,1465.0,815.0,509.0,1355.0,1388.0,1460.0,1575.0,1426.0,1675.0,1467.0,823.0,509.0
2019-12-17,1281.0,2240.0,1421.0,802.0,509.0,1315.0,1355.0,1388.0,1558.0,1440.0,1656.0,1465.0,815.0,509.0
2019-12-18,1221.0,2103.0,1340.0,785.0,507.0,1281.0,1315.0,1355.0,1551.0,1467.0,1533.0,1421.0,802.0,509.0
2019-12-19,1151.0,1976.0,1265.0,764.0,504.0,1221.0,1281.0,1315.0,1528.0,1528.0,1428.0,1340.0,785.0,507.0
2019-12-20,1123.0,1958.0,1201.0,743.0,500.0,1151.0,1221.0,1281.0,1460.0,1568.0,1378.0,1265.0,764.0,504.0
2019-12-23,1103.0,1954.0,1154.0,728.0,494.0,1123.0,1151.0,1221.0,1388.0,1606.0,1345.0,1201.0,743.0,500.0
2019-12-24,1090.0,1950.0,1117.0,718.0,487.0,1103.0,1123.0,1151.0,1355.0,1599.0,1354.0,1154.0,728.0,494.0
2020-01-02,976.0,1646.0,1003.0,685.0,465.0,1090.0,1103.0,1123.0,1315.0,1575.0,1365.0,1117.0,718.0,487.0
2020-01-03,907.0,1507.0,949.0,662.0,452.0,976.0,1090.0,1103.0,1281.0,1558.0,1364.0,1003.0,685.0,465.0
2020-01-06,844.0,1388.0,890.0,642.0,443.0,907.0,976.0,1090.0,1221.0,1551.0,1357.0,949.0,662.0,452.0
2020-01-07,791.0,1271.0,845.0,611.0,434.0,844.0,907.0,976.0,1151.0,1528.0,1338.0,890.0,642.0,443.0
2020-01-08,773.0,1197.0,803.0,593.0,426.0,791.0,844.0,907.0,1123.0,1460.0,1304.0,845.0,611.0,434.0
2020-01-09,772.0,1155.0,785.0,581.0,418.0,773.0,791.0,844.0,1103.0,1388.0,1260.0,803.0,593.0,426.0
2020-01-10,774.0,1066.0,771.0,570.0,408.0,772.0,773.0,791.0,1090.0,1355.0,1255.0,785.0,581.0,418.0
2020-01-13,765.0,1004.0,759.0,566.0,400.0,774.0,772.0,773.0,976.0,1315.0,1284.0,771.0,570.0,408.0
2020-01-14,763.0,970.0,767.0,563.0,395.0,765.0,774.0,772.0,907.0,1281.0,1351.0,759.0,566.0,400.0
2020-01-15,768.0,878.0,825.0,559.0,388.0,763.0,765.0,774.0,844.0,1221.0,1426.0,767.0,563.0,395.0
2020-01-16,768.0,784.0,859.0,559.0,383.0,768.0,763.0,765.0,791.0,1151.0,1440.0,825.0,559.0,388.0
2020-01-17,754.0,712.0,870.0,560.0,379.0,768.0,768.0,763.0,773.0,1123.0,1467.0,859.0,559.0,383.0
2020-01-20,729.0,593.0,866.0,560.0,378.0,754.0,768.0,768.0,772.0,1103.0,1528.0,870.0,560.0,379.0
2020-01-21,689.0,495.0,824.0,556.0,375.0,729.0,754.0,768.0,774.0,1090.0,1568.0,866.0,560.0,378.0
2020-01-22,623.0,325.0,760.0,550.0,372.0,689.0,729.0,754.0,765.0,976.0,1606.0,824.0,556.0,375.0
2020-01-23,576.0,207.0,714.0,546.0,366.0,623.0,689.0,729.0,763.0,907.0,1599.0,760.0,550.0,372.0
2020-01-24,557.0,165.0,691.0,543.0,360.0,576.0,623.0,689.0,768.0,844.0,1575.0,714.0,546.0,366.0
2020-01-27,546.0,135.0,673.0,542.0,355.0,557.0,576.0,623.0,768.0,791.0,1558.0,691.0,543.0,360.0
2020-01-28,539.0,129.0,651.0,538.0,350.0,546.0,557.0,576.0,754.0,773.0,1551.0,673.0,542.0,355.0
2020-01-29,525.0,93.0,627.0,533.0,344.0,539.0,546.0,557.0,729.0,772.0,1528.0,651.0,538.0,350.0
2020-01-30,498.0,1.0,595.0,528.0,339.0,525.0,539.0,546.0,689.0,774.0,1460.0,627.0,533.0,344.0
2020-01-31,487.0,,574.0,524.0,332.0,498.0,525.0,539.0,623.0,765.0,1388.0,595.0,528.0,339.0
2020-02-03,466.0,,546.0,521.0,326.0,487.0,498.0,525.0,576.0,763.0,1355.0,574.0,524.0,332.0
2020-02-04,453.0,,526.0,518.0,320.0,466.0,487.0,498.0,557.0,768.0,1315.0,546.0,521.0,326.0
2020-02-05,430.0,,520.0,512.0,313.0,453.0,466.0,487.0,546.0,768.0,1281.0,526.0,518.0,320.0
2020-02-06,431.0,,530.0,506.0,309.0,430.0,453.0,466.0,539.0,754.0,1221.0,520.0,512.0,313.0
2020-02-07,415.0,,541.0,491.0,304.0,431.0,430.0,453.0,525.0,729.0,1151.0,530.0,506.0,309.0
2020-02-10,411.0,,546.0,484.0,302.0,415.0,431.0,430.0,498.0,689.0,1123.0,541.0,491.0,304.0
2020-02-11,418.0,,557.0,477.0,296.0,411.0,415.0,431.0,487.0,623.0,1103.0,546.0,484.0,302.0
2020-02-12,421.0,,582.0,472.0,293.0,418.0,411.0,415.0,466.0,576.0,1090.0,557.0,477.0,296.0
2020-02-13,421.0,,612.0,468.0,292.0,421.0,418.0,411.0,453.0,557.0,976.0,582.0,472.0,293.0
2020-02-14,425.0,,636.0,470.0,291.0,421.0,421.0,418.0,430.0,546.0,907.0,612.0,468.0,292.0
2020-02-17,434.0,,657.0,474.0,290.0,425.0,421.0,421.0,431.0,539.0,844.0,636.0,470.0,291.0
2020-02-18,450.0,,690.0,481.0,291.0,434.0,425.0,421.0,415.0,525.0,791.0,657.0,474.0,290.0
2020-02-19,465.0,,722.0,489.0,295.0,450.0,434.0,425.0,411.0,498.0,773.0,690.0,481.0,291.0
2020-02-20,480.0,,755.0,505.0,298.0,465.0,450.0,434.0,418.0,487.0,772.0,722.0,489.0,295.0
2020-02-21,497.0,,787.0,524.0,304.0,480.0,465.0,450.0,421.0,466.0,774.0,755.0,505.0,298.0
2020-02-24,506.0,,811.0,543.0,308.0,497.0,480.0,465.0,421.0,453.0,765.0,787.0,524.0,304.0
2020-02-25,508.0,,830.0,561.0,315.0,506.0,497.0,480.0,425.0,430.0,763.0,811.0,543.0,308.0
2020-02-26,517.0,,859.0,577.0,319.0,508.0,506.0,497.0,434.0,431.0,768.0,830.0,561.0,315.0
2020-02-27,529.0,,886.0,590.0,322.0,517.0,508.0,506.0,450.0,415.0,768.0,859.0,577.0,319.0
2020-02-28,535.0,,905.0,606.0,324.0,529.0,517.0,508.0,465.0,411.0,754.0,886.0,590.0,322.0
2020-03-02,539.0,,915.0,621.0,327.0,535.0,529.0,517.0,480.0,418.0,729.0,905.0,606.0,324.0
2020-03-03,549.0,,935.0,633.0,330.0,539.0,535.0,529.0,497.0,421.0,689.0,915.0,621.0,327.0
2020-03-04,562.0,,961.0,646.0,335.0,549.0,539.0,535.0,506.0,421.0,623.0,935.0,633.0,330.0
2020-03-05,599.0,,1026.0,671.0,344.0,562.0,549.0,539.0,508.0,425.0,576.0,961.0,646.0,335.0
2020-03-06,617.0,,1068.0,688.0,350.0,599.0,562.0,549.0,517.0,434.0,557.0,1026.0,671.0,344.0
2020-03-09,616.0,,1067.0,704.0,355.0,617.0,599.0,562.0,529.0,450.0,546.0,1068.0,688.0,350.0
2020-03-10,627.0,,1064.0,722.0,363.0,616.0,617.0,599.0,535.0,465.0,539.0,1067.0,704.0,355.0
2020-03-11,631.0,,1057.0,735.0,374.0,627.0,616.0,617.0,539.0,480.0,525.0,1064.0,722.0,363.0
2020-03-12,633.0,,1035.0,745.0,386.0,631.0,627.0,616.0,549.0,497.0,498.0,1057.0,735.0,374.0
2020-03-13,631.0,,1007.0,750.0,395.0,633.0,631.0,627.0,562.0,506.0,487.0,1035.0,745.0,386.0
2020-03-16,623.0,,970.0,754.0,401.0,631.0,633.0,631.0,599.0,508.0,466.0,1007.0,750.0,395.0
2020-03-17,612.0,,930.0,754.0,406.0,623.0,631.0,633.0,617.0,517.0,453.0,970.0,754.0,401.0
2020-03-18,629.0,,886.0,755.0,415.0,612.0,623.0,631.0,616.0,529.0,430.0,930.0,754.0,406.0
2020-03-19,630.0,,850.0,748.0,421.0,629.0,612.0,623.0,627.0,535.0,431.0,886.0,755.0,415.0
2020-03-20,625.0,,807.0,741.0,423.0,630.0,629.0,612.0,631.0,539.0,415.0,850.0,748.0,421.0
2020-03-23,617.0,,774.0,732.0,428.0,625.0,630.0,629.0,633.0,549.0,411.0,807.0,741.0,423.0
2020-03-24,603.0,,746.0,720.0,430.0,617.0,625.0,630.0,631.0,562.0,418.0,774.0,732.0,428.0
2020-03-25,582.0,,720.0,702.0,423.0,603.0,617.0,625.0,623.0,599.0,421.0,746.0,720.0,430.0
2020-03-26,569.0,,715.0,675.0,415.0,582.0,603.0,617.0,612.0,617.0,421.0,720.0,702.0,423.0
2020-03-27,556.0,,729.0,641.0,401.0,569.0,582.0,603.0,629.0,616.0,425.0,715.0,675.0,415.0
2020-03-30,548.0,,732.0,606.0,389.0,556.0,569.0,582.0,630.0,627.0,434.0,729.0,641.0,401.0
2020-03-31,626.0,204.0,757.0,568.0,375.0,548.0,556.0,569.0,625.0,631.0,450.0,732.0,606.0,389.0
2020-04-01,624.0,219.0,783.0,535.0,364.0,626.0,548.0,556.0,617.0,633.0,465.0,757.0,568.0,375.0
2020-04-02,624.0,268.0,792.0,513.0,350.0,624.0,626.0,548.0,603.0,631.0,480.0,783.0,535.0,364.0
2020-04-03,616.0,319.0,797.0,495.0,340.0,624.0,624.0,626.0,582.0,623.0,497.0,792.0,513.0,350.0
2020-04-06,604.0,338.0,801.0,485.0,335.0,616.0,624.0,624.0,569.0,612.0,506.0,797.0,495.0,340.0
2020-04-07,596.0,356.0,800.0,472.0,324.0,604.0,616.0,624.0,556.0,629.0,508.0,801.0,485.0,335.0
2020-04-08,607.0,425.0,805.0,454.0,315.0,596.0,604.0,616.0,548.0,630.0,517.0,800.0,472.0,324.0
2020-04-09,635.0,541.0,813.0,441.0,306.0,607.0,596.0,604.0,626.0,625.0,529.0,805.0,454.0,315.0
2020-04-14,679.0,687.0,818.0,429.0,298.0,635.0,607.0,596.0,624.0,617.0,535.0,813.0,441.0,306.0
2020-04-15,706.0,794.0,820.0,419.0,290.0,679.0,635.0,607.0,624.0,603.0,539.0,818.0,429.0,298.0
2020-04-16,726.0,887.0,821.0,411.0,281.0,706.0,679.0,635.0,616.0,582.0,549.0,820.0,419.0,290.0
2020-04-17,751.0,993.0,825.0,404.0,275.0,726.0,706.0,679.0,604.0,569.0,562.0,821.0,411.0,281.0
2020-04-20,757.0,1057.0,822.0,398.0,269.0,751.0,726.0,706.0,596.0,556.0,599.0,825.0,404.0,275.0
2020-04-21,728.0,1004.0,804.0,390.0,263.0,757.0,751.0,726.0,607.0,548.0,617.0,822.0,398.0,269.0
2020-04-22,694.0,968.0,778.0,384.0,258.0,728.0,757.0,751.0,635.0,626.0,616.0,804.0,390.0,263.0
2020-04-23,672.0,970.0,759.0,383.0,253.0,694.0,728.0,757.0,679.0,624.0,627.0,778.0,384.0,258.0
2020-04-24,665.0,964.0,747.0,388.0,247.0,672.0,694.0,728.0,706.0,624.0,631.0,759.0,383.0,253.0
2020-04-27,661.0,962.0,741.0,392.0,245.0,665.0,672.0,694.0,726.0,616.0,633.0,747.0,388.0,247.0
2020-04-28,655.0,945.0,731.0,397.0,241.0,661.0,665.0,672.0,751.0,604.0,631.0,741.0,392.0,245.0
2020-04-29,643.0,926.0,720.0,404.0,239.0,655.0,661.0,665.0,757.0,596.0,623.0,731.0,397.0,241.0
2020-04-30,635.0,895.0,711.0,410.0,238.0,643.0,655.0,661.0,728.0,607.0,612.0,720.0,404.0,239.0
2020-05-01,617.0,820.0,704.0,413.0,239.0,635.0,643.0,655.0,694.0,635.0,629.0,711.0,410.0,238.0
2020-05-04,598.0,743.0,702.0,416.0,234.0,617.0,635.0,643.0,672.0,679.0,630.0,704.0,413.0,239.0
2020-05-05,575.0,669.0,692.0,417.0,233.0,598.0,617.0,635.0,665.0,706.0,625.0,702.0,416.0,234.0
2020-05-06,534.0,519.0,678.0,420.0,231.0,575.0,598.0,617.0,661.0,726.0,617.0,692.0,417.0,233.0
2020-05-07,514.0,461.0,667.0,423.0,228.0,534.0,575.0,598.0,655.0,751.0,603.0,678.0,420.0,231.0
2020-05-11,474.0,292.0,658.0,431.0,230.0,514.0,534.0,575.0,643.0,757.0,582.0,667.0,423.0,228.0
2020-05-12,433.0,123.0,645.0,434.0,228.0,474.0,514.0,534.0,635.0,728.0,569.0,658.0,431.0,230.0
2020-05-13,398.0,,628.0,440.0,229.0,433.0,474.0,514.0,617.0,694.0,556.0,645.0,434.0,228.0
2020-05-14,393.0,,614.0,446.0,230.0,398.0,433.0,474.0,598.0,672.0,548.0,628.0,440.0,229.0
2020-05-15,407.0,26.0,603.0,450.0,230.0,393.0,398.0,433.0,575.0,665.0,626.0,614.0,446.0,230.0
2020-05-18,427.0,94.0,599.0,456.0,233.0,407.0,393.0,398.0,534.0,661.0,624.0,603.0,450.0,230.0
2020-05-19,453.0,174.0,599.0,462.0,237.0,427.0,407.0,393.0,514.0,655.0,624.0,599.0,456.0,233.0
2020-05-20,477.0,174.0,607.0,471.0,239.0,453.0,427.0,407.0,474.0,643.0,616.0,599.0,462.0,237.0
2020-05-21,494.0,180.0,623.0,478.0,243.0,477.0,453.0,427.0,433.0,635.0,604.0,607.0,471.0,239.0
2020-05-22,498.0,162.0,635.0,486.0,249.0,494.0,477.0,453.0,398.0,617.0,596.0,623.0,478.0,243.0
2020-05-26,506.0,147.0,656.0,495.0,257.0,498.0,494.0,477.0,393.0,598.0,607.0,635.0,486.0,249.0
2020-05-27,502.0,108.0,689.0,500.0,262.0,506.0,498.0,494.0,407.0,575.0,635.0,656.0,495.0,257.0
2020-05-28,489.0,27.0,720.0,502.0,267.0,502.0,506.0,498.0,427.0,534.0,679.0,689.0,500.0,262.0
2020-05-29,504.0,46.0,754.0,500.0,271.0,489.0,502.0,506.0,453.0,514.0,706.0,720.0,502.0,267.0
2020-06-01,520.0,82.0,777.0,497.0,274.0,504.0,489.0,502.0,477.0,474.0,726.0,754.0,500.0,271.0
2020-06-02,546.0,167.0,795.0,495.0,279.0,520.0,504.0,489.0,494.0,433.0,751.0,777.0,497.0,274.0
2020-06-03,592.0,356.0,809.0,494.0,285.0,546.0,520.0,504.0,498.0,398.0,757.0,795.0,495.0,279.0
2020-06-04,632.0,518.0,815.0,499.0,290.0,592.0,546.0,520.0,506.0,393.0,728.0,809.0,494.0,285.0
2020-06-05,679.0,736.0,814.0,507.0,294.0,632.0,592.0,546.0,502.0,407.0,694.0,815.0,499.0,290.0
2020-06-08,698.0,810.0,809.0,515.0,299.0,679.0,632.0,592.0,489.0,427.0,672.0,814.0,507.0,294.0
2020-06-09,714.0,859.0,799.0,532.0,304.0,698.0,679.0,632.0,504.0,453.0,665.0,809.0,515.0,299.0
2020-06-10,764.0,1039.0,796.0,556.0,309.0,714.0,698.0,679.0,520.0,477.0,661.0,799.0,532.0,304.0
2020-06-11,839.0,1300.0,821.0,575.0,315.0,764.0,714.0,698.0,546.0,494.0,655.0,796.0,556.0,309.0
2020-06-12,923.0,1523.0,852.0,597.0,321.0,839.0,764.0,714.0,592.0,498.0,643.0,821.0,575.0,315.0
2020-06-15,973.0,1648.0,884.0,612.0,329.0,923.0,839.0,764.0,632.0,506.0,635.0,852.0,597.0,321.0
2020-06-16,1054.0,1854.0,949.0,624.0,336.0,973.0,923.0,839.0,679.0,502.0,617.0,884.0,612.0,329.0
2020-06-17,1246.0,2455.0,1019.0,634.0,344.0,1054.0,973.0,923.0,698.0,489.0,598.0,949.0,624.0,336.0
2020-06-18,1527.0,3672.0,1117.0,648.0,354.0,1246.0,1054.0,973.0,714.0,504.0,575.0,1019.0,634.0,344.0
2020-06-19,1555.0,3819.0,1178.0,657.0,363.0,1527.0,1246.0,1054.0,764.0,520.0,534.0,1117.0,648.0,354.0
2020-06-22,1558.0,3791.0,1204.0,662.0,368.0,1555.0,1527.0,1246.0,839.0,546.0,514.0,1178.0,657.0,363.0
2020-06-23,1617.0,3976.0,1222.0,667.0,374.0,1558.0,1555.0,1527.0,923.0,592.0,474.0,1204.0,662.0,368.0
2020-06-24,1705.0,4189.0,1245.0,674.0,381.0,1617.0,1558.0,1555.0,973.0,632.0,433.0,1222.0,667.0,374.0
2020-06-25,1738.0,4213.0,1253.0,678.0,385.0,1705.0,1617.0,1558.0,1054.0,679.0,398.0,1245.0,674.0,381.0
2020-06-26,1749.0,4219.0,1256.0,678.0,389.0,1738.0,1705.0,1617.0,1246.0,698.0,393.0,1253.0,678.0,385.0
2020-06-29,1794.0,4325.0,1256.0,679.0,395.0,1749.0,1738.0,1705.0,1527.0,714.0,407.0,1256.0,678.0,389.0
2020-06-30,1799.0,4320.0,1257.0,683.0,401.0,1794.0,1749.0,1738.0,1555.0,764.0,427.0,1256.0,679.0,395.0
2020-07-01,1803.0,4233.0,1255.0,686.0,405.0,1799.0,1794.0,1749.0,1558.0,839.0,453.0,1257.0,683.0,401.0
2020-07-02,1823.0,4264.0,1257.0,693.0,408.0,1803.0,1799.0,1794.0,1617.0,923.0,477.0,1255.0,686.0,405.0
2020-07-03,1894.0,4440.0,1316.0,701.0,412.0,1823.0,1803.0,1799.0,1705.0,973.0,494.0,1257.0,693.0,408.0
2020-07-06,1956.0,4071.0,1376.0,708.0,414.0,1894.0,1823.0,1803.0,1738.0,1054.0,498.0,1316.0,701.0,412.0
2020-07-07,1949.0,3968.0,1457.0,725.0,417.0,1956.0,1894.0,1823.0,1749.0,1246.0,506.0,1376.0,708.0,414.0
2020-07-08,1849.0,3570.0,1517.0,773.0,420.0,1949.0,1956.0,1894.0,1794.0,1527.0,502.0,1457.0,725.0,417.0
2020-07-09,1810.0,3386.0,1557.0,809.0,426.0,1849.0,1949.0,1956.0,1799.0,1555.0,489.0,1517.0,773.0,420.0
2020-07-10,1810.0,3333.0,1587.0,835.0,435.0,1810.0,1849.0,1949.0,1803.0,1558.0,504.0,1557.0,809.0,426.0
2020-07-13,1792.0,3251.0,1597.0,856.0,438.0,1810.0,1810.0,1849.0,1823.0,1617.0,520.0,1587.0,835.0,435.0
2020-07-14,1742.0,3082.0,1597.0,875.0,442.0,1792.0,1810.0,1810.0,1894.0,1705.0,546.0,1597.0,856.0,438.0
2020-07-15,1696.0,2941.0,1579.0,890.0,448.0,1742.0,1792.0,1810.0,1956.0,1738.0,592.0,1597.0,875.0,442.0
2020-07-16,1699.0,2971.0,1544.0,899.0,453.0,1696.0,1742.0,1792.0,1949.0,1749.0,632.0,1579.0,890.0,448.0
2020-07-17,1710.0,3025.0,1504.0,910.0,457.0,1699.0,1696.0,1742.0,1849.0,1794.0,679.0,1544.0,899.0,453.0
2020-07-20,1678.0,2950.0,1465.0,920.0,460.0,1710.0,1699.0,1696.0,1810.0,1799.0,698.0,1504.0,910.0,457.0
2020-07-21,1594.0,2729.0,1415.0,929.0,464.0,1678.0,1710.0,1699.0,1810.0,1803.0,714.0,1465.0,920.0,460.0
2020-07-22,1473.0,2426.0,1335.0,932.0,469.0,1594.0,1678.0,1710.0,1792.0,1823.0,764.0,1415.0,929.0,464.0
2020-07-23,1388.0,2236.0,1263.0,925.0,470.0,1473.0,1594.0,1678.0,1742.0,1894.0,839.0,1335.0,932.0,469.0
2020-07-24,1317.0,2084.0,1198.0,915.0,471.0,1388.0,1473.0,1594.0,1696.0,1956.0,923.0,1263.0,925.0,470.0
2020-07-27,1293.0,2052.0,1161.0,906.0,472.0,1317.0,1388.0,1473.0,1699.0,1949.0,973.0,1198.0,915.0,471.0
2020-07-28,1264.0,1992.0,1136.0,897.0,474.0,1293.0,1317.0,1388.0,1710.0,1849.0,1054.0,1161.0,906.0,472.0
2020-07-29,1317.0,2137.0,1166.0,890.0,473.0,1264.0,1293.0,1317.0,1678.0,1810.0,1246.0,1136.0,897.0,474.0
2020-07-30,1348.0,2210.0,1203.0,878.0,473.0,1317.0,1264.0,1293.0,1594.0,1810.0,1527.0,1166.0,890.0,473.0
2020-07-31,1350.0,2206.0,1227.0,870.0,474.0,1348.0,1317.0,1264.0,1473.0,1792.0,1555.0,1203.0,878.0,473.0
2020-08-03,1385.0,2297.0,1254.0,862.0,472.0,1350.0,1348.0,1317.0,1388.0,1742.0,1558.0,1227.0,870.0,474.0
2020-08-04,,2494.0,1316.0,851.0,470.0,1385.0,1350.0,1348.0,1317.0,1696.0,1617.0,1254.0,862.0,472.0
2020-08-05,,2458.0,1410.0,844.0,469.0,,1385.0,1350.0,1293.0,1699.0,1705.0,1316.0,851.0,470.0
2020-08-06,,2464.0,1494.0,847.0,469.0,,,1385.0,1264.0,1710.0,1738.0,1410.0,844.0,469.0
2020-08-07,1501.0,2401.0,1563.0,855.0,471.0,,,,1317.0,1678.0,1749.0,1494.0,847.0,469.0
2020-08-10,1506.0,2375.0,1600.0,867.0,473.0,1501.0,,,1348.0,1594.0,1794.0,1563.0,855.0,471.0
2020-08-11,1510.0,2316.0,1671.0,879.0,475.0,1506.0,1501.0,,1350.0,1473.0,1799.0,1600.0,867.0,473.0
2020-08-12,1540.0,2332.0,1747.0,893.0,480.0,1510.0,1506.0,1501.0,1385.0,1388.0,1803.0,1671.0,879.0,475.0
2020-08-13,1577.0,2384.0,1797.0,911.0,485.0,1540.0,1510.0,1506.0,,1317.0,1823.0,1747.0,893.0,480.0
2020-08-14,1595.0,2402.0,1824.0,927.0,491.0,1577.0,1540.0,1510.0,,1293.0,1894.0,1797.0,911.0,485.0
2020-08-17,1598.0,2400.0,1819.0,943.0,504.0,1595.0,1577.0,1540.0,,1264.0,1956.0,1824.0,927.0,491.0
2020-08-18,1586.0,2375.0,1798.0,949.0,513.0,1598.0,1595.0,1577.0,1501.0,1317.0,1949.0,1819.0,943.0,504.0
2020-08-19,1568.0,2347.0,1757.0,954.0,525.0,1586.0,1598.0,1595.0,1506.0,1348.0,1849.0,1798.0,949.0,513.0
2020-08-20,1518.0,2239.0,1700.0,957.0,538.0,1568.0,1586.0,1598.0,1510.0,1350.0,1810.0,1757.0,954.0,525.0
2020-08-21,1481.0,2160.0,1653.0,962.0,546.0,1518.0,1568.0,1586.0,1540.0,1385.0,1810.0,1700.0,957.0,538.0
2020-08-24,1491.0,2207.0,1632.0,965.0,554.0,1481.0,1518.0,1568.0,1577.0,,1792.0,1653.0,962.0,546.0
2020-08-25,1518.0,2293.0,1629.0,964.0,562.0,1491.0,1481.0,1518.0,1595.0,,1742.0,1632.0,965.0,554.0
2020-08-26,1509.0,2278.0,1616.0,960.0,565.0,1518.0,1491.0,1481.0,1598.0,,1696.0,1629.0,964.0,562.0
2020-08-27,1504.0,2264.0,1619.0,958.0,568.0,1509.0,1518.0,1491.0,1586.0,1501.0,1699.0,1616.0,960.0,565.0
2020-08-28,1488.0,2218.0,1617.0,958.0,570.0,1504.0,1509.0,1518.0,1568.0,1506.0,1710.0,1619.0,958.0,568.0
2020-09-01,1471.0,2176.0,1604.0,958.0,571.0,1488.0,1504.0,1509.0,1518.0,1510.0,1678.0,1617.0,958.0,570.0
2020-09-02,1445.0,2127.0,1568.0,959.0,571.0,1471.0,1488.0,1504.0,1481.0,1540.0,1594.0,1604.0,958.0,571.0
2020-09-03,1395.0,2019.0,1515.0,958.0,570.0,1445.0,1471.0,1488.0,1491.0,1577.0,1473.0,1568.0,959.0,571.0
2020-09-04,1362.0,1960.0,1473.0,953.0,569.0,1395.0,1445.0,1471.0,1518.0,1595.0,1388.0,1515.0,958.0,570.0
2020-09-07,1349.0,1942.0,1449.0,949.0,568.0,1362.0,1395.0,1445.0,1509.0,1598.0,1317.0,1473.0,953.0,569.0
2020-09-08,1328.0,1916.0,1414.0,941.0,567.0,1349.0,1362.0,1395.0,1504.0,1586.0,1293.0,1449.0,949.0,568.0
2020-09-09,1296.0,1867.0,1370.0,931.0,565.0,1328.0,1349.0,1362.0,1488.0,1568.0,1264.0,1414.0,941.0,567.0
2020-09-10,1269.0,1818.0,1337.0,923.0,562.0,1296.0,1328.0,1349.0,1471.0,1518.0,1317.0,1370.0,931.0,565.0
2020-09-11,1267.0,1839.0,1313.0,917.0,560.0,1269.0,1296.0,1328.0,1445.0,1481.0,1348.0,1337.0,923.0,562.0
2020-09-14,1282.0,1898.0,1300.0,914.0,558.0,1267.0,1269.0,1296.0,1395.0,1491.0,1350.0,1313.0,917.0,560.0
2020-09-15,1289.0,1922.0,1296.0,912.0,554.0,1282.0,1267.0,1269.0,1362.0,1518.0,1385.0,1300.0,914.0,558.0
2020-09-16,1281.0,1889.0,1299.0,921.0,553.0,1289.0,1282.0,1267.0,1349.0,1509.0,,1296.0,912.0,554.0
2020-09-17,1294.0,1914.0,1305.0,930.0,554.0,1281.0,1289.0,1282.0,1328.0,1504.0,,1299.0,921.0,553.0
2020-09-18,1296.0,1900.0,1315.0,941.0,558.0,1294.0,1281.0,1289.0,1296.0,1488.0,,1305.0,930.0,554.0
2020-09-21,1314.0,1940.0,1321.0,950.0,561.0,1296.0,1294.0,1281.0,1269.0,1471.0,1501.0,1315.0,941.0,558.0
2020-09-22,1364.0,2078.0,1326.0,960.0,566.0,1314.0,1296.0,1294.0,1267.0,1445.0,1506.0,1321.0,950.0,561.0
2020-09-23,1426.0,2242.0,1339.0,971.0,575.0,1364.0,1314.0,1296.0,1282.0,1395.0,1510.0,1326.0,960.0,566.0
2020-09-24,1605.0,2754.0,1361.0,983.0,579.0,1426.0,1364.0,1314.0,1289.0,1362.0,1540.0,1339.0,971.0,575.0
2020-09-25,1667.0,2915.0,1380.0,992.0,585.0,1605.0,1426.0,1364.0,1281.0,1349.0,1577.0,1361.0,983.0,579.0
2020-09-28,1654.0,2862.0,1390.0,998.0,587.0,1667.0,1605.0,1426.0,1294.0,1328.0,1595.0,1380.0,992.0,585.0
2020-09-29,1658.0,2871.0,1391.0,999.0,589.0,1654.0,1667.0,1605.0,1296.0,1296.0,1598.0,1390.0,998.0,587.0
2020-09-30,1725.0,3091.0,1374.0,995.0,591.0,1658.0,1654.0,1667.0,1314.0,1269.0,1586.0,1391.0,999.0,589.0
2020-10-01,1869.0,3537.0,1364.0,992.0,592.0,1725.0,1658.0,1654.0,1364.0,1267.0,1568.0,1374.0,995.0,591.0
2020-10-02,2020.0,3987.0,1373.0,991.0,593.0,1869.0,1725.0,1658.0,1426.0,1282.0,1518.0,1364.0,992.0,592.0
2020-10-05,2071.0,4135.0,1383.0,988.0,592.0,2020.0,1869.0,1725.0,1605.0,1289.0,1481.0,1373.0,991.0,593.0
2020-10-06,2097.0,4208.0,1394.0,985.0,594.0,2071.0,2020.0,1869.0,1667.0,1281.0,1491.0,1383.0,988.0,592.0
2020-10-07,2044.0,4035.0,1410.0,985.0,593.0,2097.0,2071.0,2020.0,1654.0,1294.0,1518.0,1394.0,985.0,594.0
2020-10-08,1970.0,3799.0,1428.0,984.0,594.0,2044.0,2097.0,2071.0,1658.0,1296.0,1509.0,1410.0,985.0,593.0
2020-10-09,1892.0,3555.0,1439.0,982.0,595.0,1970.0,2044.0,2097.0,1725.0,1314.0,1504.0,1428.0,984.0,594.0
2020-10-12,1807.0,3296.0,1443.0,982.0,596.0,1892.0,1970.0,2044.0,1869.0,1364.0,1488.0,1439.0,982.0,595.0
2020-10-13,1732.0,3074.0,1436.0,982.0,598.0,1807.0,1892.0,1970.0,2020.0,1426.0,1471.0,1443.0,982.0,596.0
2020-10-14,1637.0,2810.0,1413.0,980.0,599.0,1732.0,1807.0,1892.0,2071.0,1605.0,1445.0,1436.0,982.0,598.0
2020-10-15,1561.0,2621.0,1365.0,977.0,599.0,1637.0,1732.0,1807.0,2097.0,1667.0,1395.0,1413.0,980.0,599.0
2020-10-16,1477.0,2406.0,1323.0,976.0,599.0,1561.0,1637.0,1732.0,2044.0,1654.0,1362.0,1365.0,977.0,599.0
2020-10-19,1409.0,2219.0,1298.0,976.0,599.0,1477.0,1561.0,1637.0,1970.0,1658.0,1349.0,1323.0,976.0,599.0
2020-10-20,1350.0,2064.0,1273.0,973.0,597.0,1409.0,1477.0,1561.0,1892.0,1725.0,1328.0,1298.0,976.0,599.0
2020-10-21,1346.0,2068.0,1257.0,972.0,596.0,1350.0,1409.0,1477.0,1807.0,1869.0,1296.0,1273.0,973.0,597.0
2020-10-22,1401.0,2235.0,1255.0,972.0,597.0,1346.0,1350.0,1409.0,1732.0,2020.0,1269.0,1257.0,972.0,596.0
2020-10-23,1415.0,2261.0,1274.0,972.0,597.0,1401.0,1346.0,1350.0,1637.0,2071.0,1267.0,1255.0,972.0,597.0
2020-10-26,1402.0,2207.0,1291.0,972.0,596.0,1415.0,1401.0,1346.0,1561.0,2097.0,1282.0,1274.0,972.0,597.0
2020-10-27,1413.0,2244.0,1295.0,968.0,596.0,1402.0,1415.0,1401.0,1477.0,2044.0,1289.0,1291.0,972.0,596.0
2020-10-28,1384.0,2156.0,1300.0,962.0,596.0,1413.0,1402.0,1415.0,1409.0,1970.0,1281.0,1295.0,968.0,596.0
2020-10-29,1297.0,1903.0,1297.0,958.0,594.0,1384.0,1413.0,1402.0,1350.0,1892.0,1294.0,1300.0,962.0,596.0
2020-10-30,1283.0,1875.0,1289.0,949.0,591.0,1297.0,1384.0,1413.0,1346.0,1807.0,1296.0,1297.0,958.0,594.0
2020-11-02,1284.0,1895.0,1275.0,943.0,590.0,1283.0,1297.0,1384.0,1401.0,1732.0,1314.0,1289.0,949.0,591.0
2020-11-03,1263.0,1862.0,1250.0,932.0,588.0,1284.0,1283.0,1297.0,1415.0,1637.0,1364.0,1275.0,943.0,590.0
2020-11-04,1224.0,1771.0,1231.0,922.0,586.0,1263.0,1284.0,1283.0,1402.0,1561.0,1426.0,1250.0,932.0,588.0
2020-11-05,1194.0,1709.0,1209.0,912.0,582.0,1224.0,1263.0,1284.0,1413.0,1477.0,1605.0,1231.0,922.0,586.0
2020-11-06,1196.0,1739.0,1190.0,901.0,583.0,1194.0,1224.0,1263.0,1384.0,1409.0,1667.0,1209.0,912.0,582.0
2020-11-09,1207.0,1790.0,1181.0,893.0,583.0,1196.0,1194.0,1224.0,1297.0,1350.0,1654.0,1190.0,901.0,583.0
2020-11-10,1200.0,1782.0,1170.0,888.0,583.0,1207.0,1196.0,1194.0,1283.0,1346.0,1658.0,1181.0,893.0,583.0
2020-11-11,1141.0,1613.0,1165.0,882.0,584.0,1200.0,1207.0,1196.0,1284.0,1401.0,1725.0,1170.0,888.0,583.0
2020-11-12,1124.0,1550.0,1177.0,884.0,585.0,1141.0,1200.0,1207.0,1263.0,1415.0,1869.0,1165.0,882.0,584.0
2020-11-13,,1507.0,1198.0,884.0,586.0,1124.0,1141.0,1200.0,1224.0,1402.0,2020.0,1177.0,884.0,585.0
2020-11-16,1111.0,1481.0,1214.0,884.0,585.0,,1124.0,1141.0,1194.0,1413.0,2071.0,1198.0,884.0,586.0
2020-11-17,1112.0,1450.0,1252.0,888.0,588.0,1111.0,,1124.0,1196.0,1384.0,2097.0,1214.0,884.0,585.0
2020-11-18,1115.0,1414.0,1291.0,900.0,593.0,1112.0,1111.0,,1207.0,1297.0,2044.0,1252.0,888.0,588.0
2020-11-19,1134.0,1430.0,1326.0,915.0,598.0,1115.0,1112.0,1111.0,1200.0,1283.0,1970.0,1291.0,900.0,593.0
2020-11-20,1148.0,1435.0,1353.0,930.0,602.0,1134.0,1115.0,1112.0,1141.0,1284.0,1892.0,1326.0,915.0,598.0
2020-11-23,1169.0,1450.0,1384.0,952.0,606.0,1148.0,1134.0,1115.0,1124.0,1263.0,1807.0,1353.0,930.0,602.0
2020-11-24,1178.0,1447.0,1398.0,973.0,613.0,1169.0,1148.0,1134.0,,1224.0,1732.0,1384.0,952.0,606.0
2020-11-25,1197.0,1469.0,1413.0,995.0,625.0,1178.0,1169.0,1148.0,1111.0,1194.0,1637.0,1398.0,973.0,613.0
2020-11-26,1219.0,1509.0,1426.0,1011.0,641.0,1197.0,1178.0,1169.0,1112.0,1196.0,1561.0,1413.0,995.0,625.0
2020-11-27,1230.0,1533.0,1429.0,1018.0,649.0,1219.0,1197.0,1178.0,1115.0,1207.0,1477.0,1426.0,1011.0,641.0
2020-11-30,1227.0,1522.0,1427.0,1022.0,654.0,1230.0,1219.0,1197.0,1134.0,1200.0,1409.0,1429.0,1018.0,649.0
2020-12-01,1211.0,1487.0,1410.0,1020.0,658.0,1227.0,1230.0,1219.0,1148.0,1141.0,1350.0,1427.0,1022.0,654.0
2020-12-02,1201.0,1486.0,1379.0,1019.0,660.0,1211.0,1227.0,1230.0,1169.0,1124.0,1346.0,1410.0,1020.0,658.0
2020-12-03,1189.0,1480.0,1345.0,1015.0,663.0,1201.0,1211.0,1227.0,1178.0,,1401.0,1379.0,1019.0,660.0
2020-12-04,1197.0,1520.0,1331.0,1011.0,664.0,1189.0,1201.0,1211.0,1197.0,1111.0,1415.0,1345.0,1015.0,663.0
2020-12-07,1162.0,1419.0,1325.0,1011.0,664.0,1197.0,1189.0,1201.0,1219.0,1112.0,1402.0,1331.0,1011.0,664.0
2020-12-08,1121.0,1279.0,1344.0,1012.0,663.0,1162.0,1197.0,1189.0,1230.0,1115.0,1413.0,1325.0,1011.0,664.0
2020-12-09,1122.0,1241.0,1388.0,1017.0,663.0,1121.0,1162.0,1197.0,1227.0,1134.0,1384.0,1344.0,1012.0,663.0
2020-12-10,1161.0,1320.0,1427.0,1023.0,666.0,1122.0,1121.0,1162.0,1211.0,1148.0,1297.0,1388.0,1017.0,663.0
2020-12-11,1211.0,1434.0,1465.0,1031.0,668.0,1161.0,1122.0,1121.0,1201.0,1169.0,1283.0,1427.0,1023.0,666.0
2020-12-14,1235.0,1481.0,1485.0,1038.0,670.0,1211.0,1161.0,1122.0,1189.0,1178.0,1284.0,1465.0,1031.0,668.0
2020-12-15,1273.0,1583.0,1491.0,1046.0,674.0,1235.0,1211.0,1161.0,1197.0,1197.0,1263.0,1485.0,1038.0,670.0
2020-12-16,1296.0,1667.0,1466.0,1054.0,675.0,1273.0,1235.0,1211.0,1162.0,1219.0,1224.0,1491.0,1046.0,674.0
2020-12-17,1301.0,1705.0,1433.0,1057.0,676.0,1296.0,1273.0,1235.0,1121.0,1230.0,1194.0,1466.0,1054.0,675.0
2020-12-18,1325.0,1802.0,1402.0,1057.0,678.0,1301.0,1296.0,1273.0,1122.0,1227.0,1196.0,1433.0,1057.0,676.0
2020-12-21,1323.0,1819.0,1377.0,1054.0,678.0,1325.0,1301.0,1296.0,1161.0,1211.0,1207.0,1402.0,1057.0,678.0
2020-12-22,1330.0,1865.0,1352.0,1048.0,678.0,1323.0,1325.0,1301.0,1211.0,1201.0,1200.0,1377.0,1054.0,678.0
2020-12-23,1362.0,1979.0,1333.0,1047.0,677.0,1330.0,1323.0,1325.0,1235.0,1189.0,1141.0,1352.0,1048.0,678.0
2020-12-24,1366.0,2006.0,1325.0,1039.0,677.0,1362.0,1330.0,1323.0,1273.0,1197.0,1124.0,1333.0,1047.0,677.0
2021-01-04,1374.0,2008.0,1364.0,1028.0,669.0,1366.0,1362.0,1330.0,1296.0,1162.0,,1325.0,1039.0,677.0
2021-01-05,1418.0,2099.0,1422.0,1022.0,666.0,1374.0,1366.0,1362.0,1301.0,1121.0,1111.0,1364.0,1028.0,669.0
2021-01-06,1425.0,2087.0,1463.0,1022.0,662.0,1418.0,1374.0,1366.0,1325.0,1122.0,1112.0,1422.0,1022.0,666.0
2021-01-07,1448.0,2122.0,1504.0,1023.0,661.0,1425.0,1418.0,1374.0,1323.0,1161.0,1115.0,1463.0,1022.0,662.0
2021-01-08,1606.0,2548.0,1559.0,1029.0,656.0,1448.0,1425.0,1418.0,1330.0,1211.0,1134.0,1504.0,1023.0,661.0
2021-01-11,1761.0,2955.0,1620.0,1039.0,652.0,1606.0,1448.0,1425.0,1362.0,1235.0,1148.0,1559.0,1029.0,656.0
2021-01-12,1849.0,3186.0,1645.0,1055.0,650.0,1761.0,1606.0,1448.0,1366.0,1273.0,1169.0,1620.0,1039.0,652.0
2021-01-13,1856.0,3194.0,1645.0,1067.0,650.0,1849.0,1761.0,1606.0,1374.0,1296.0,1178.0,1645.0,1055.0,650.0
2021-01-14,1792.0,3012.0,1618.0,1080.0,651.0,1856.0,1849.0,1761.0,1418.0,1301.0,1197.0,1645.0,1067.0,650.0
2021-01-15,1754.0,2893.0,1616.0,1086.0,653.0,1792.0,1856.0,1849.0,1425.0,1325.0,1219.0,1618.0,1080.0,651.0
2021-01-18,1740.0,2839.0,1618.0,1096.0,654.0,1754.0,1792.0,1856.0,1448.0,1323.0,1230.0,1616.0,1086.0,653.0
2021-01-19,1766.0,2912.0,1612.0,1104.0,656.0,1740.0,1754.0,1792.0,1606.0,1330.0,1227.0,1618.0,1096.0,654.0
2021-01-20,1828.0,3082.0,1617.0,1119.0,660.0,1766.0,1740.0,1754.0,1761.0,1362.0,1211.0,1612.0,1104.0,656.0
2021-01-21,1837.0,3077.0,1639.0,1133.0,666.0,1828.0,1766.0,1740.0,1849.0,1366.0,1201.0,1617.0,1119.0,660.0
2021-01-22,1810.0,2970.0,1659.0,1142.0,670.0,1837.0,1828.0,1766.0,1856.0,1374.0,1189.0,1639.0,1133.0,666.0
2021-01-25,1765.0,2817.0,1665.0,1152.0,677.0,1810.0,1837.0,1828.0,1792.0,1418.0,1197.0,1659.0,1142.0,670.0
2021-01-26,1659.0,2497.0,1660.0,1158.0,683.0,1765.0,1810.0,1837.0,1754.0,1425.0,1162.0,1665.0,1152.0,677.0
2021-01-27,1540.0,2145.0,1645.0,1163.0,689.0,1659.0,1765.0,1810.0,1740.0,1448.0,1121.0,1660.0,1158.0,683.0
2021-01-28,1470.0,1945.0,1631.0,1166.0,697.0,1540.0,1659.0,1765.0,1766.0,1606.0,1122.0,1645.0,1163.0,689.0
2021-01-29,1452.0,1890.0,1633.0,1165.0,701.0,1470.0,1540.0,1659.0,1828.0,1761.0,1161.0,1631.0,1166.0,697.0
2021-02-01,1444.0,1871.0,1630.0,1162.0,703.0,1452.0,1470.0,1540.0,1837.0,1849.0,1211.0,1633.0,1165.0,701.0
2021-02-02,1380.0,1694.0,1624.0,1149.0,706.0,1444.0,1452.0,1470.0,1810.0,1856.0,1235.0,1630.0,1162.0,703.0
2021-02-03,1327.0,1544.0,1623.0,1141.0,709.0,1380.0,1444.0,1452.0,1765.0,1792.0,1273.0,1624.0,1149.0,706.0
2021-02-04,1327.0,1540.0,1629.0,1139.0,712.0,1327.0,1380.0,1444.0,1659.0,1754.0,1296.0,1623.0,1141.0,709.0
2021-02-05,1333.0,1527.0,1662.0,1144.0,719.0,1327.0,1327.0,1380.0,1540.0,1740.0,1301.0,1629.0,1139.0,712.0
2021-02-08,1317.0,1454.0,1689.0,1149.0,725.0,1333.0,1327.0,1327.0,1470.0,1766.0,1325.0,1662.0,1144.0,719.0
2021-02-09,1306.0,1370.0,1740.0,1156.0,733.0,1317.0,1333.0,1327.0,1452.0,1828.0,1323.0,1689.0,1149.0,725.0
2021-02-10,1303.0,1296.0,1797.0,1175.0,741.0,1306.0,1317.0,1333.0,1444.0,1837.0,1330.0,1740.0,1156.0,733.0
2021-02-11,1313.0,1243.0,1871.0,1197.0,749.0,1303.0,1306.0,1317.0,1380.0,1810.0,1362.0,1797.0,1175.0,741.0
2021-02-12,1339.0,1242.0,1944.0,1217.0,751.0,1313.0,1303.0,1306.0,1327.0,1765.0,1366.0,1871.0,1197.0,749.0
2021-02-15,1364.0,1261.0,1997.0,1232.0,758.0,1339.0,1313.0,1303.0,1327.0,1659.0,1374.0,1944.0,1217.0,751.0
2021-02-16,1495.0,1485.0,2172.0,1262.0,771.0,1364.0,1339.0,1313.0,1333.0,1540.0,1418.0,1997.0,1232.0,758.0
2021-02-17,1756.0,1912.0,2518.0,1340.0,800.0,1495.0,1364.0,1339.0,1317.0,1470.0,1425.0,2172.0,1262.0,771.0
2021-02-18,1770.0,1892.0,2471.0,1441.0,844.0,1756.0,1495.0,1364.0,1306.0,1452.0,1448.0,2518.0,1340.0,800.0
2021-02-19,1698.0,1715.0,2332.0,1513.0,901.0,1770.0,1756.0,1495.0,1303.0,1444.0,1606.0,2471.0,1441.0,844.0
2021-02-22,1709.0,1673.0,2321.0,1598.0,945.0,1698.0,1770.0,1756.0,1313.0,1380.0,1761.0,2332.0,1513.0,901.0
2021-02-23,1727.0,1594.0,2306.0,1744.0,978.0,1709.0,1698.0,1770.0,1339.0,1327.0,1849.0,2321.0,1598.0,945.0
2021-02-24,1709.0,1485.0,2276.0,1822.0,1018.0,1727.0,1709.0,1698.0,1364.0,1327.0,1856.0,2306.0,1744.0,978.0
2021-02-25,1700.0,1471.0,2208.0,1866.0,1050.0,1709.0,1727.0,1709.0,1495.0,1333.0,1792.0,2276.0,1822.0,1018.0
2021-02-26,1675.0,1439.0,2140.0,1878.0,1070.0,1700.0,1709.0,1727.0,1756.0,1317.0,1754.0,2208.0,1866.0,1050.0
2021-03-01,1651.0,1408.0,2086.0,1879.0,1079.0,1675.0,1700.0,1709.0,1770.0,1306.0,1740.0,2140.0,1878.0,1070.0
2021-03-02,1673.0,1465.0,2100.0,1879.0,1087.0,1651.0,1675.0,1700.0,1698.0,1303.0,1766.0,2086.0,1879.0,1079.0
2021-03-03,1763.0,1677.0,2161.0,1889.0,1091.0,1673.0,1651.0,1675.0,1709.0,1313.0,1828.0,2100.0,1879.0,1087.0
2021-03-04,1779.0,1673.0,2212.0,1900.0,1099.0,1763.0,1673.0,1651.0,1727.0,1339.0,1837.0,2161.0,1889.0,1091.0
2021-03-05,1829.0,1784.0,2241.0,1917.0,1131.0,1779.0,1763.0,1673.0,1709.0,1364.0,1810.0,2212.0,1900.0,1099.0
2021-03-08,1853.0,1825.0,2258.0,1933.0,1155.0,1829.0,1779.0,1763.0,1700.0,1495.0,1765.0,2241.0,1917.0,1131.0
2021-03-09,1901.0,1950.0,2238.0,1969.0,1181.0,1853.0,1829.0,1779.0,1675.0,1756.0,1659.0,2258.0,1933.0,1155.0
2021-03-10,1980.0,2157.0,2218.0,2017.0,1222.0,1901.0,1853.0,1829.0,1651.0,1770.0,1540.0,2238.0,1969.0,1181.0
2021-03-11,1970.0,2092.0,2217.0,2051.0,1259.0,1980.0,1901.0,1853.0,1673.0,1698.0,1470.0,2218.0,2017.0,1222.0
2021-03-12,1960.0,2019.0,2242.0,2077.0,1283.0,1970.0,1980.0,1901.0,1763.0,1709.0,1452.0,2217.0,2051.0,1259.0
2021-03-15,1983.0,2056.0,2272.0,2083.0,1296.0,1960.0,1970.0,1980.0,1779.0,1727.0,1444.0,2242.0,2077.0,1283.0
2021-03-16,2017.0,2083.0,2372.0,2079.0,1307.0,1983.0,1960.0,1970.0,1829.0,1709.0,1380.0,2272.0,2083.0,1296.0
2021-03-17,2105.0,2162.0,2583.0,2091.0,1327.0,2017.0,1983.0,1960.0,1853.0,1700.0,1327.0,2372.0,2079.0,1307.0
2021-03-18,2215.0,2276.0,2822.0,2114.0,1357.0,2105.0,2017.0,1983.0,1901.0,1675.0,1327.0,2583.0,2091.0,1327.0
2021-03-19,2281.0,2344.0,2975.0,2122.0,1360.0,2215.0,2105.0,2017.0,1980.0,1651.0,1333.0,2822.0,2114.0,1357.0
2021-03-22,2319.0,2382.0,3058.0,2133.0,1356.0,2281.0,2215.0,2105.0,1970.0,1673.0,1317.0,2975.0,2122.0,1360.0
2021-03-23,2271.0,2305.0,2983.0,2126.0,1346.0,2319.0,2281.0,2215.0,1960.0,1763.0,1306.0,3058.0,2133.0,1356.0
2021-03-24,2194.0,2215.0,2858.0,2084.0,1319.0,2271.0,2319.0,2281.0,1983.0,1779.0,1303.0,2983.0,2126.0,1346.0
2021-03-25,2172.0,2230.0,2834.0,2021.0,1288.0,2194.0,2271.0,2319.0,2017.0,1829.0,1313.0,2858.0,2084.0,1319.0
2021-03-26,2178.0,2293.0,2827.0,1983.0,1272.0,2172.0,2194.0,2271.0,2105.0,1853.0,1339.0,2834.0,2021.0,1288.0
2021-03-29,2162.0,2289.0,2812.0,1951.0,1245.0,2178.0,2172.0,2194.0,2215.0,1901.0,1364.0,2827.0,1983.0,1272.0
2021-03-30,2103.0,2217.0,2723.0,1916.0,1201.0,2162.0,2178.0,2172.0,2281.0,1980.0,1495.0,2812.0,1951.0,1245.0
2021-03-31,2046.0,2210.0,2576.0,1871.0,1167.0,2103.0,2162.0,2178.0,2319.0,1970.0,1756.0,2723.0,1916.0,1201.0
2021-04-01,2072.0,2394.0,2484.0,1840.0,1137.0,2046.0,2103.0,2162.0,2271.0,1960.0,1770.0,2576.0,1871.0,1167.0
2021-04-06,2092.0,2528.0,2431.0,1809.0,1110.0,2072.0,2046.0,2103.0,2194.0,1983.0,1698.0,2484.0,1840.0,1137.0
2021-04-07,2127.0,2709.0,2358.0,1792.0,1090.0,2092.0,2072.0,2046.0,2172.0,2017.0,1709.0,2431.0,1809.0,1110.0
2021-04-08,2088.0,2758.0,2160.0,1786.0,1068.0,2127.0,2092.0,2072.0,2178.0,2105.0,1727.0,2358.0,1792.0,1090.0
2021-04-09,2085.0,2883.0,2003.0,1780.0,1049.0,2088.0,2127.0,2092.0,2162.0,2215.0,1709.0,2160.0,1786.0,1068.0
2021-04-12,2145.0,3132.0,1928.0,1774.0,1032.0,2085.0,2088.0,2127.0,2103.0,2281.0,1700.0,2003.0,1780.0,1049.0
2021-04-13,2140.0,3142.0,1898.0,1774.0,1015.0,2145.0,2085.0,2088.0,2046.0,2319.0,1675.0,1928.0,1774.0,1032.0
2021-04-14,2178.0,3151.0,2017.0,1783.0,1004.0,2140.0,2145.0,2085.0,2072.0,2271.0,1651.0,1898.0,1774.0,1015.0
2021-04-15,2323.0,3383.0,2234.0,1811.0,999.0,2178.0,2140.0,2145.0,2092.0,2194.0,1673.0,2017.0,1783.0,1004.0
2021-04-16,2385.0,3439.0,2347.0,1849.0,1006.0,2323.0,2178.0,2140.0,2127.0,2172.0,1763.0,2234.0,1811.0,999.0
2021-04-19,2432.0,3476.0,2441.0,1878.0,1014.0,2385.0,2323.0,2178.0,2088.0,2178.0,1779.0,2347.0,1849.0,1006.0
2021-04-20,2472.0,3455.0,2557.0,1925.0,1025.0,2432.0,2385.0,2323.0,2085.0,2162.0,1829.0,2441.0,1878.0,1014.0
2021-04-21,2710.0,4014.0,2690.0,1977.0,1043.0,2472.0,2432.0,2385.0,2145.0,2103.0,1853.0,2557.0,1925.0,1025.0
2021-04-22,2750.0,4077.0,2686.0,2037.0,1071.0,2710.0,2472.0,2432.0,2140.0,2046.0,1901.0,2690.0,1977.0,1043.0
2021-04-23,2788.0,4192.0,2630.0,2085.0,1092.0,2750.0,2710.0,2472.0,2178.0,2072.0,1980.0,2686.0,2037.0,1071.0
2021-04-26,2808.0,4262.0,2586.0,2108.0,1104.0,2788.0,2750.0,2710.0,2323.0,2092.0,1970.0,2630.0,2085.0,1092.0
2021-04-27,2889.0,4516.0,2550.0,2129.0,1113.0,2808.0,2788.0,2750.0,2385.0,2127.0,1960.0,2586.0,2108.0,1104.0
2021-04-28,2957.0,4680.0,2584.0,2140.0,1117.0,2889.0,2808.0,2788.0,2432.0,2088.0,1983.0,2550.0,2129.0,1113.0
2021-04-29,3007.0,4774.0,2643.0,2151.0,1141.0,2957.0,2889.0,2808.0,2472.0,2085.0,2017.0,2584.0,2140.0,1117.0
2021-04-30,3053.0,4896.0,2672.0,2144.0,1145.0,3007.0,2957.0,2889.0,2710.0,2145.0,2105.0,2643.0,2151.0,1141.0
2021-05-04,3157.0,5180.0,2724.0,2130.0,1156.0,3053.0,3007.0,2957.0,2750.0,2140.0,2215.0,2672.0,2144.0,1145.0
2021-05-05,3266.0,5404.0,2848.0,2135.0,1166.0,3157.0,3053.0,3007.0,2788.0,2178.0,2281.0,2724.0,2130.0,1156.0
2021-05-06,3212.0,5167.0,2909.0,2160.0,1177.0,3266.0,3157.0,3053.0,2808.0,2323.0,2319.0,2848.0,2135.0,1166.0
2021-05-07,3183.0,5006.0,2955.0,2196.0,1189.0,3212.0,3266.0,3157.0,2889.0,2385.0,2271.0,2909.0,2160.0,1177.0
2021-05-10,3240.0,5109.0,3014.0,2216.0,1203.0,3183.0,3212.0,3266.0,2957.0,2432.0,2194.0,2955.0,2196.0,1189.0
2021-05-11,3254.0,5068.0,3082.0,2245.0,1223.0,3240.0,3183.0,3212.0,3007.0,2472.0,2172.0,3014.0,2216.0,1203.0
2021-05-12,3139.0,4709.0,3067.0,2269.0,1241.0,3254.0,3240.0,3183.0,3053.0,2710.0,2178.0,3082.0,2245.0,1223.0
2021-05-13,3077.0,4549.0,3017.0,2283.0,1259.0,3139.0,3254.0,3240.0,3157.0,2750.0,2162.0,3067.0,2269.0,1241.0
2021-05-14,2939.0,4165.0,2961.0,2297.0,1269.0,3077.0,3139.0,3254.0,3266.0,2788.0,2103.0,3017.0,2283.0,1259.0
2021-05-17,2856.0,3943.0,2909.0,2310.0,1278.0,2939.0,3077.0,3139.0,3212.0,2808.0,2046.0,2961.0,2297.0,1269.0
2021-05-18,2795.0,3790.0,2854.0,2324.0,1289.0,2856.0,2939.0,3077.0,3183.0,2889.0,2072.0,2909.0,2310.0,1278.0
2021-05-19,2801.0,3785.0,2857.0,2344.0,1298.0,2795.0,2856.0,2939.0,3240.0,2957.0,2092.0,2854.0,2324.0,1289.0
2021-05-20,2824.0,3814.0,2870.0,2374.0,1310.0,2801.0,2795.0,2856.0,3254.0,3007.0,2127.0,2857.0,2344.0,1298.0
2021-05-21,2869.0,3930.0,2855.0,2408.0,1317.0,2824.0,2801.0,2795.0,3139.0,3053.0,2088.0,2870.0,2374.0,1310.0
2021-05-24,2881.0,3958.0,2840.0,2428.0,1320.0,2869.0,2824.0,2801.0,3077.0,3157.0,2085.0,2855.0,2408.0,1317.0
2021-05-25,2809.0,3745.0,2809.0,2450.0,1327.0,2881.0,2869.0,2824.0,2939.0,3266.0,2145.0,2840.0,2428.0,1320.0
2021-05-26,2754.0,3572.0,2767.0,2492.0,1335.0,2809.0,2881.0,2869.0,2856.0,3212.0,2140.0,2809.0,2450.0,1327.0
2021-05-27,2688.0,3368.0,2735.0,2520.0,1341.0,2754.0,2809.0,2881.0,2795.0,3183.0,2178.0,2767.0,2492.0,1335.0
2021-05-28,2596.0,3089.0,2760.0,2504.0,1343.0,2688.0,2754.0,2809.0,2801.0,3240.0,2323.0,2735.0,2520.0,1341.0
2021-06-01,2568.0,3018.0,2801.0,2455.0,1339.0,2596.0,2688.0,2754.0,2824.0,3254.0,2385.0,2760.0,2504.0,1343.0
2021-06-02,2530.0,2862.0,2855.0,2456.0,1338.0,2568.0,2596.0,2688.0,2869.0,3139.0,2432.0,2801.0,2455.0,1339.0
2021-06-03,2472.0,2665.0,2896.0,2441.0,1336.0,2530.0,2568.0,2596.0,2881.0,3077.0,2472.0,2855.0,2456.0,1338.0
2021-06-04,2438.0,2524.0,2933.0,2449.0,1337.0,2472.0,2530.0,2568.0,2809.0,2939.0,2710.0,2896.0,2441.0,1336.0
2021-06-07,2428.0,2467.0,2954.0,2461.0,1336.0,2438.0,2472.0,2530.0,2754.0,2856.0,2750.0,2933.0,2449.0,1337.0
2021-06-08,2420.0,2393.0,2993.0,2479.0,1336.0,2428.0,2438.0,2472.0,2688.0,2795.0,2788.0,2954.0,2461.0,1336.0
2021-06-09,2481.0,2488.0,3065.0,2508.0,1343.0,2420.0,2428.0,2438.0,2596.0,2801.0,2808.0,2993.0,2479.0,1336.0
2021-06-10,2669.0,2899.0,3204.0,2552.0,1355.0,2481.0,2420.0,2428.0,2568.0,2824.0,2889.0,3065.0,2508.0,1343.0
2021-06-11,2857.0,3346.0,3302.0,2592.0,1361.0,2669.0,2481.0,2420.0,2530.0,2869.0,2957.0,3204.0,2552.0,1355.0
2021-06-14,2944.0,3543.0,3343.0,2624.0,1363.0,2857.0,2669.0,2481.0,2472.0,2881.0,3007.0,3302.0,2592.0,1361.0
2021-06-15,3025.0,3695.0,3407.0,2667.0,1370.0,2944.0,2857.0,2669.0,2438.0,2809.0,3053.0,3343.0,2624.0,1363.0
2021-06-16,3176.0,4010.0,3519.0,2713.0,1377.0,3025.0,2944.0,2857.0,2428.0,2754.0,3157.0,3407.0,2667.0,1370.0
2021-06-17,3267.0,4212.0,3558.0,2754.0,1388.0,3176.0,3025.0,2944.0,2420.0,2688.0,3266.0,3519.0,2713.0,1377.0
2021-06-18,3218.0,4029.0,3544.0,2802.0,1398.0,3267.0,3176.0,3025.0,2481.0,2596.0,3212.0,3558.0,2754.0,1388.0
2021-06-21,3190.0,3953.0,3505.0,2825.0,1417.0,3218.0,3267.0,3176.0,2669.0,2568.0,3183.0,3544.0,2802.0,1398.0
2021-06-22,3119.0,3783.0,3432.0,2840.0,1435.0,3190.0,3218.0,3267.0,2857.0,2530.0,3240.0,3505.0,2825.0,1417.0
2021-06-23,3147.0,3868.0,3418.0,2852.0,1455.0,3119.0,3190.0,3218.0,2944.0,2472.0,3254.0,3432.0,2840.0,1435.0
2021-06-24,3175.0,3861.0,3515.0,2864.0,1476.0,3147.0,3119.0,3190.0,3025.0,2438.0,3139.0,3418.0,2852.0,1455.0
2021-06-25,3255.0,3987.0,3642.0,2877.0,1503.0,3175.0,3147.0,3119.0,3176.0,2428.0,3077.0,3515.0,2864.0,1476.0
2021-06-28,3324.0,4021.0,3827.0,2899.0,1518.0,3255.0,3175.0,3147.0,3267.0,2420.0,2939.0,3642.0,2877.0,1503.0
2021-06-29,3418.0,4136.0,4010.0,2921.0,1533.0,3324.0,3255.0,3175.0,3218.0,2481.0,2856.0,3827.0,2899.0,1518.0
2021-06-30,3383.0,3931.0,4119.0,2930.0,1541.0,3418.0,3324.0,3255.0,3190.0,2669.0,2795.0,4010.0,2921.0,1533.0
2021-07-01,3338.0,3690.0,4237.0,2939.0,1549.0,3383.0,3418.0,3324.0,3119.0,2857.0,2801.0,4119.0,2930.0,1541.0
2021-07-02,3285.0,3510.0,4269.0,2935.0,1555.0,3338.0,3383.0,3418.0,3147.0,2944.0,2824.0,4237.0,2939.0,1549.0
2021-07-05,3224.0,3349.0,4241.0,2935.0,1561.0,3285.0,3338.0,3383.0,3175.0,3025.0,2869.0,4269.0,2935.0,1555.0
2021-07-06,3179.0,3293.0,4160.0,2920.0,1586.0,3224.0,3285.0,3338.0,3255.0,3176.0,2881.0,4241.0,2935.0,1561.0
2021-07-07,3241.0,3499.0,4150.0,2909.0,1618.0,3179.0,3224.0,3285.0,3324.0,3267.0,2809.0,4160.0,2920.0,1586.0
2021-07-08,3281.0,3649.0,4128.0,2897.0,1637.0,3241.0,3179.0,3224.0,3418.0,3218.0,2754.0,4150.0,2909.0,1618.0
2021-07-09,3300.0,3735.0,4101.0,2891.0,1651.0,3281.0,3241.0,3179.0,3383.0,3190.0,2688.0,4128.0,2897.0,1637.0
2021-07-12,3300.0,3770.0,4070.0,2882.0,1652.0,3300.0,3281.0,3241.0,3338.0,3119.0,2596.0,4101.0,2891.0,1651.0
2021-07-13,3228.0,3650.0,3970.0,2865.0,1660.0,3300.0,3300.0,3281.0,3285.0,3147.0,2568.0,4070.0,2882.0,1652.0
2021-07-14,3139.0,3512.0,3848.0,2833.0,1660.0,3228.0,3300.0,3300.0,3224.0,3175.0,2530.0,3970.0,2865.0,1660.0
2021-07-15,3073.0,3460.0,3708.0,2799.0,1662.0,3139.0,3228.0,3300.0,3179.0,3255.0,2472.0,3848.0,2833.0,1660.0
2021-07-16,3039.0,3442.0,3635.0,2775.0,1669.0,3073.0,3139.0,3228.0,3241.0,3324.0,2438.0,3708.0,2799.0,1662.0
2021-07-19,3059.0,3514.0,3623.0,2774.0,1681.0,3039.0,3073.0,3139.0,3281.0,3418.0,2428.0,3635.0,2775.0,1669.0
2021-07-20,3053.0,3505.0,3600.0,2783.0,1687.0,3059.0,3039.0,3073.0,3300.0,3383.0,2420.0,3623.0,2774.0,1681.0
2021-07-21,3058.0,3513.0,3577.0,2807.0,1707.0,3053.0,3059.0,3039.0,3300.0,3338.0,2481.0,3600.0,2783.0,1687.0
2021-07-22,3103.0,3629.0,3560.0,2842.0,1726.0,3058.0,3053.0,3059.0,3228.0,3285.0,2669.0,3577.0,2807.0,1707.0
2021-07-23,3199.0,3915.0,3528.0,2871.0,1736.0,3103.0,3058.0,3053.0,3139.0,3224.0,2857.0,3560.0,2842.0,1726.0
2021-07-26,3210.0,3950.0,3513.0,2883.0,1747.0,3199.0,3103.0,3058.0,3073.0,3179.0,2944.0,3528.0,2871.0,1736.0
2021-07-27,3166.0,3844.0,3467.0,2893.0,1751.0,3210.0,3199.0,3103.0,3039.0,3241.0,3025.0,3513.0,2883.0,1747.0
2021-07-28,3154.0,3841.0,3404.0,2911.0,1756.0,3166.0,3210.0,3199.0,3059.0,3281.0,3176.0,3467.0,2893.0,1751.0
2021-07-29,3214.0,4056.0,3342.0,2928.0,1759.0,3154.0,3166.0,3210.0,3053.0,3300.0,3267.0,3404.0,2911.0,1756.0
2021-07-30,3292.0,4306.0,3304.0,2945.0,1760.0,3214.0,3154.0,3166.0,3058.0,3300.0,3218.0,3342.0,2928.0,1759.0
2021-08-02,3282.0,4272.0,3290.0,2959.0,1761.0,3292.0,3214.0,3154.0,3103.0,3228.0,3190.0,3304.0,2945.0,1760.0
2021-08-03,3281.0,4246.0,3307.0,2969.0,1767.0,3282.0,3292.0,3214.0,3199.0,3139.0,3119.0,3290.0,2959.0,1761.0
2021-08-04,3318.0,4302.0,3358.0,2983.0,1763.0,3281.0,3282.0,3292.0,3210.0,3073.0,3147.0,3307.0,2969.0,1767.0
2021-08-05,3376.0,4414.0,3418.0,2996.0,1766.0,3318.0,3281.0,3282.0,3166.0,3039.0,3175.0,3358.0,2983.0,1763.0
2021-08-06,3371.0,4359.0,3449.0,3010.0,1766.0,3376.0,3318.0,3281.0,3154.0,3059.0,3255.0,3418.0,2996.0,1766.0
2021-08-09,3371.0,4342.0,3458.0,3022.0,1767.0,3371.0,3376.0,3318.0,3214.0,3053.0,3324.0,3449.0,3010.0,1766.0
2021-08-10,3375.0,4328.0,3476.0,3032.0,1773.0,3371.0,3371.0,3376.0,3292.0,3058.0,3418.0,3458.0,3022.0,1767.0
2021-08-11,3410.0,4384.0,3516.0,3049.0,1781.0,3375.0,3371.0,3371.0,3282.0,3103.0,3383.0,3476.0,3032.0,1773.0
2021-08-12,3503.0,4608.0,3550.0,3079.0,1799.0,3410.0,3375.0,3371.0,3281.0,3199.0,3338.0,3516.0,3049.0,1781.0
2021-08-13,3566.0,4766.0,3566.0,3098.0,1816.0,3503.0,3410.0,3375.0,3318.0,3210.0,3285.0,3550.0,3079.0,1799.0
2021-08-16,3606.0,4852.0,3584.0,3119.0,1829.0,3566.0,3503.0,3410.0,3376.0,3166.0,3224.0,3566.0,3098.0,1816.0
2021-08-17,3657.0,4950.0,3617.0,3146.0,1846.0,3606.0,3566.0,3503.0,3371.0,3154.0,3179.0,3584.0,3119.0,1829.0
2021-08-18,3833.0,5365.0,3707.0,3189.0,1863.0,3657.0,3606.0,3566.0,3371.0,3214.0,3241.0,3617.0,3146.0,1846.0
2021-08-19,3976.0,5711.0,3754.0,3237.0,1871.0,3833.0,3657.0,3606.0,3375.0,3292.0,3281.0,3707.0,3189.0,1863.0
2021-08-20,4092.0,5997.0,3785.0,3276.0,1878.0,3976.0,3833.0,3657.0,3410.0,3282.0,3300.0,3754.0,3237.0,1871.0
2021-08-23,4147.0,6114.0,3809.0,3303.0,1881.0,4092.0,3976.0,3833.0,3503.0,3281.0,3300.0,3785.0,3276.0,1878.0
2021-08-24,4201.0,6206.0,3846.0,3343.0,1888.0,4147.0,4092.0,3976.0,3566.0,3318.0,3228.0,3809.0,3303.0,1881.0
2021-08-25,4193.0,6109.0,3885.0,3386.0,1897.0,4201.0,4147.0,4092.0,3606.0,3376.0,3139.0,3846.0,3343.0,1888.0
2021-08-26,4195.0,6043.0,3911.0,3437.0,1902.0,4193.0,4201.0,4147.0,3657.0,3371.0,3073.0,3885.0,3386.0,1897.0
2021-08-27,4235.0,6162.0,3874.0,3470.0,1897.0,4195.0,4193.0,4201.0,3833.0,3371.0,3039.0,3911.0,3437.0,1902.0
2021-08-31,4132.0,5919.0,3781.0,3477.0,1874.0,4235.0,4195.0,4193.0,3976.0,3375.0,3059.0,3874.0,3470.0,1897.0
2021-09-01,4013.0,5666.0,3706.0,3434.0,1859.0,4132.0,4235.0,4195.0,4092.0,3410.0,3053.0,3781.0,3477.0,1874.0
2021-09-02,4001.0,5716.0,3649.0,3393.0,1843.0,4013.0,4132.0,4235.0,4147.0,3503.0,3058.0,3706.0,3434.0,1859.0
2021-09-03,3944.0,5625.0,3605.0,3348.0,1838.0,4001.0,4013.0,4132.0,4201.0,3566.0,3103.0,3649.0,3393.0,1843.0
2021-09-06,3822.0,5362.0,3544.0,3293.0,1829.0,3944.0,4001.0,4013.0,4193.0,3606.0,3199.0,3605.0,3348.0,1838.0
2021-09-07,3707.0,5091.0,3496.0,3256.0,1825.0,3822.0,3944.0,4001.0,4195.0,3657.0,3210.0,3544.0,3293.0,1829.0
2021-09-08,3618.0,4886.0,3473.0,3211.0,1811.0,3707.0,3822.0,3944.0,4235.0,3833.0,3166.0,3496.0,3256.0,1825.0
2021-09-09,3643.0,4962.0,3510.0,3179.0,1806.0,3618.0,3707.0,3822.0,4132.0,3976.0,3154.0,3473.0,3211.0,1811.0
2021-09-10,3864.0,5567.0,3595.0,3170.0,1807.0,3643.0,3618.0,3707.0,4013.0,4092.0,3214.0,3510.0,3179.0,1806.0
2021-09-13,4163.0,6380.0,3694.0,3180.0,1810.0,3864.0,3643.0,3618.0,4001.0,4147.0,3292.0,3595.0,3170.0,1807.0
2021-09-14,4221.0,6474.0,3756.0,3210.0,1820.0,4163.0,3864.0,3643.0,3944.0,4201.0,3282.0,3694.0,3180.0,1810.0
2021-09-15,4233.0,6437.0,3800.0,3247.0,1835.0,4221.0,4163.0,3864.0,3822.0,4193.0,3281.0,3756.0,3210.0,1820.0
2021-09-16,4215.0,6304.0,3852.0,3283.0,1845.0,4233.0,4221.0,4163.0,3707.0,4195.0,3318.0,3800.0,3247.0,1835.0
2021-09-17,4275.0,6420.0,3904.0,3307.0,1861.0,4215.0,4233.0,4221.0,3618.0,4235.0,3376.0,3852.0,3283.0,1845.0
2021-09-20,4304.0,6487.0,3916.0,3319.0,1876.0,4275.0,4215.0,4233.0,3643.0,4132.0,3371.0,3904.0,3307.0,1861.0
2021-09-21,4410.0,6785.0,3930.0,3327.0,1885.0,4304.0,4275.0,4215.0,3864.0,4013.0,3371.0,3916.0,3319.0,1876.0
2021-09-22,4560.0,7200.0,3961.0,3338.0,1901.0,4410.0,4304.0,4275.0,4163.0,4001.0,3375.0,3930.0,3327.0,1885.0
2021-09-23,4651.0,7438.0,3994.0,3349.0,1916.0,4560.0,4410.0,4304.0,4221.0,3944.0,3410.0,3961.0,3338.0,1901.0
2021-09-24,4644.0,7393.0,4012.0,3359.0,1925.0,4651.0,4560.0,4410.0,4233.0,3822.0,3503.0,3994.0,3349.0,1916.0
2021-09-27,4717.0,7600.0,4020.0,3363.0,1930.0,4644.0,4651.0,4560.0,4215.0,3707.0,3566.0,4012.0,3359.0,1925.0
2021-09-28,4962.0,8322.0,4030.0,3373.0,1943.0,4717.0,4644.0,4651.0,4275.0,3618.0,3606.0,4020.0,3363.0,1930.0
2021-09-29,5197.0,9018.0,4037.0,3379.0,1957.0,4962.0,4717.0,4644.0,4304.0,3643.0,3657.0,4030.0,3373.0,1943.0
2021-09-30,5167.0,8944.0,4013.0,3382.0,1975.0,5197.0,4962.0,4717.0,4410.0,3864.0,3833.0,4037.0,3379.0,1957.0
2021-10-01,5202.0,9066.0,3992.0,3383.0,1987.0,5167.0,5197.0,4962.0,4560.0,4163.0,3976.0,4013.0,3382.0,1975.0
2021-10-04,5267.0,9289.0,3961.0,3381.0,1992.0,5202.0,5167.0,5197.0,4651.0,4221.0,4092.0,3992.0,3383.0,1987.0
2021-10-05,5409.0,9752.0,3918.0,3382.0,1994.0,5267.0,5202.0,5167.0,4644.0,4233.0,4147.0,3961.0,3381.0,1992.0
2021-10-06,5647.0,10475.0,3903.0,3388.0,1998.0,5409.0,5267.0,5202.0,4717.0,4215.0,4201.0,3918.0,3382.0,1994.0
2021-10-07,5650.0,10485.0,3884.0,3404.0,2009.0,5647.0,5409.0,5267.0,4962.0,4275.0,4193.0,3903.0,3388.0,1998.0
2021-10-08,5526.0,10112.0,3866.0,3417.0,2015.0,5650.0,5647.0,5409.0,5197.0,4304.0,4195.0,3884.0,3404.0,2009.0
2021-10-11,5488.0,9975.0,3877.0,3431.0,2020.0,5526.0,5650.0,5647.0,5167.0,4410.0,4235.0,3866.0,3417.0,2015.0
2021-10-12,5378.0,9590.0,3906.0,3461.0,2018.0,5488.0,5526.0,5650.0,5202.0,4560.0,4132.0,3877.0,3431.0,2020.0
2021-10-13,5206.0,8988.0,3958.0,3502.0,2017.0,5378.0,5488.0,5526.0,5267.0,4651.0,4013.0,3906.0,3461.0,2018.0
2021-10-14,5062.0,8462.0,4023.0,3542.0,2020.0,5206.0,5378.0,5488.0,5409.0,4644.0,4001.0,3958.0,3502.0,2017.0
2021-10-15,4854.0,7767.0,4065.0,3576.0,2021.0,5062.0,5206.0,5378.0,5647.0,4717.0,3944.0,4023.0,3542.0,2020.0
2021-10-18,4732.0,7358.0,4091.0,3595.0,2023.0,4854.0,5062.0,5206.0,5650.0,4962.0,3822.0,4065.0,3576.0,2021.0
2021-10-19,4714.0,7229.0,4166.0,3610.0,2024.0,4732.0,4854.0,5062.0,5526.0,5197.0,3707.0,4091.0,3595.0,2023.0
2021-10-20,4751.0,7275.0,4236.0,3618.0,2033.0,4714.0,4732.0,4854.0,5488.0,5167.0,3618.0,4166.0,3610.0,2024.0
2021-10-21,4653.0,6918.0,4304.0,3624.0,2045.0,4751.0,4714.0,4732.0,5378.0,5202.0,3643.0,4236.0,3618.0,2033.0
2021-10-22,4410.0,6205.0,4327.0,3584.0,2057.0,4653.0,4751.0,4714.0,5206.0,5267.0,3864.0,4304.0,3624.0,2045.0
2021-10-25,4257.0,5782.0,4328.0,3547.0,2062.0,4410.0,4653.0,4751.0,5062.0,5409.0,4163.0,4327.0,3584.0,2057.0
2021-10-26,4056.0,5304.0,4231.0,3497.0,2056.0,4257.0,4410.0,4653.0,4854.0,5647.0,4221.0,4328.0,3547.0,2062.0
2021-10-27,3808.0,4828.0,4083.0,3344.0,2036.0,4056.0,4257.0,4410.0,4732.0,5650.0,4233.0,4231.0,3497.0,2056.0
2021-10-28,3630.0,4542.0,3965.0,3190.0,2010.0,3808.0,4056.0,4257.0,4714.0,5526.0,4215.0,4083.0,3344.0,2036.0
2021-10-29,3519.0,4349.0,3896.0,3104.0,1972.0,3630.0,3808.0,4056.0,4751.0,5488.0,4275.0,3965.0,3190.0,2010.0
2021-11-01,3428.0,4202.0,3815.0,3042.0,1944.0,3519.0,3630.0,3808.0,4653.0,5378.0,4304.0,3896.0,3104.0,1972.0
2021-11-02,3187.0,3736.0,3644.0,2919.0,1877.0,3428.0,3519.0,3630.0,4410.0,5206.0,4410.0,3815.0,3042.0,1944.0
2021-11-03,2892.0,3275.0,3355.0,2728.0,1812.0,3187.0,3428.0,3519.0,4257.0,5062.0,4560.0,3644.0,2919.0,1877.0
2021-11-04,2769.0,3221.0,3166.0,2563.0,1788.0,2892.0,3187.0,3428.0,4056.0,4854.0,4651.0,3355.0,2728.0,1812.0
2021-11-05,2715.0,3280.0,3071.0,2416.0,1726.0,2769.0,2892.0,3187.0,3808.0,4732.0,4644.0,3166.0,2563.0,1788.0
2021-11-08,2718.0,3378.0,3063.0,2334.0,1689.0,2715.0,2769.0,2892.0,3630.0,4714.0,4717.0,3071.0,2416.0,1726.0
2021-11-09,2805.0,3675.0,3084.0,2284.0,1665.0,2718.0,2715.0,2769.0,3519.0,4751.0,4962.0,3063.0,2334.0,1689.0
2021-11-10,2861.0,3870.0,3079.0,2259.0,1647.0,2805.0,2718.0,2715.0,3428.0,4653.0,5197.0,3084.0,2284.0,1665.0
2021-11-11,2844.0,3872.0,3026.0,2251.0,1626.0,2861.0,2805.0,2718.0,3187.0,4410.0,5167.0,3079.0,2259.0,1647.0
2021-11-12,2807.0,3836.0,2930.0,2253.0,1613.0,2844.0,2861.0,2805.0,2892.0,4257.0,5202.0,3026.0,2251.0,1626.0
2021-11-15,2759.0,3752.0,2850.0,2259.0,1603.0,2807.0,2844.0,2861.0,2769.0,4056.0,5267.0,2930.0,2253.0,1613.0
2021-11-16,2591.0,3383.0,2675.0,2263.0,1594.0,2759.0,2807.0,2844.0,2715.0,3808.0,5409.0,2850.0,2259.0,1603.0
2021-11-17,2430.0,3064.0,2475.0,2260.0,1582.0,2591.0,2759.0,2807.0,2718.0,3630.0,5647.0,2675.0,2263.0,1594.0
2021-11-18,2454.0,3260.0,2336.0,2248.0,1573.0,2430.0,2591.0,2759.0,2805.0,3519.0,5650.0,2475.0,2260.0,1582.0
2021-11-19,2552.0,3610.0,2282.0,2237.0,1561.0,2454.0,2430.0,2591.0,2861.0,3428.0,5526.0,2336.0,2248.0,1573.0
2021-11-22,2645.0,3884.0,2291.0,2235.0,1547.0,2552.0,2454.0,2430.0,2844.0,3187.0,5488.0,2282.0,2237.0,1561.0
2021-11-23,2715.0,4055.0,2333.0,2243.0,1540.0,2645.0,2552.0,2454.0,2807.0,2892.0,5378.0,2291.0,2235.0,1547.0
2021-11-24,2654.0,3822.0,2378.0,2255.0,1536.0,2715.0,2645.0,2552.0,2759.0,2769.0,5206.0,2333.0,2243.0,1540.0
2021-11-25,2678.0,3776.0,2489.0,2284.0,1536.0,2654.0,2715.0,2645.0,2591.0,2715.0,5062.0,2378.0,2255.0,1536.0
2021-11-26,2767.0,3906.0,2621.0,2316.0,1539.0,2678.0,2654.0,2715.0,2430.0,2718.0,4854.0,2489.0,2284.0,1536.0
2021-11-29,2881.0,4143.0,2735.0,2327.0,1540.0,2767.0,2678.0,2654.0,2454.0,2805.0,4732.0,2621.0,2316.0,1539.0
2021-11-30,3018.0,4483.0,2811.0,2340.0,1544.0,2881.0,2767.0,2678.0,2552.0,2861.0,4714.0,2735.0,2327.0,1540.0
2021-12-01,3047.0,4464.0,2897.0,2374.0,1551.0,3018.0,2881.0,2767.0,2645.0,2844.0,4751.0,2811.0,2340.0,1544.0
2021-12-02,3115.0,4534.0,3030.0,2402.0,1555.0,3047.0,3018.0,2881.0,2715.0,2807.0,4653.0,2897.0,2374.0,1551.0
2021-12-03,3171.0,4594.0,3128.0,2431.0,1559.0,3115.0,3047.0,3018.0,2654.0,2759.0,4410.0,3030.0,2402.0,1555.0
2021-12-06,3235.0,4699.0,3212.0,2452.0,1560.0,3171.0,3115.0,3047.0,2678.0,2591.0,4257.0,3128.0,2431.0,1559.0
2021-12-07,3352.0,4983.0,3253.0,2488.0,1568.0,3235.0,3171.0,3115.0,2767.0,2430.0,4056.0,3212.0,2452.0,1560.0
2021-12-08,3423.0,5189.0,3221.0,2520.0,1569.0,3352.0,3235.0,3171.0,2881.0,2454.0,3808.0,3253.0,2488.0,1568.0
2021-12-09,3343.0,4989.0,3145.0,2541.0,1572.0,3423.0,3352.0,3235.0,3018.0,2552.0,3630.0,3221.0,2520.0,1569.0
2021-12-10,3272.0,4827.0,3068.0,2551.0,1572.0,3343.0,3423.0,3352.0,3047.0,2645.0,3519.0,3145.0,2541.0,1572.0
2021-12-13,3216.0,4718.0,2995.0,2552.0,1568.0,3272.0,3343.0,3423.0,3115.0,2715.0,3428.0,3068.0,2551.0,1572.0
2021-12-14,2932.0,3960.0,2879.0,2550.0,1566.0,3216.0,3272.0,3343.0,3171.0,2654.0,3187.0,2995.0,2552.0,1568.0
2021-12-15,2665.0,3272.0,2744.0,2542.0,1564.0,2932.0,3216.0,3272.0,3235.0,2678.0,2892.0,2879.0,2550.0,1566.0
2021-12-16,2498.0,2894.0,2626.0,2514.0,1557.0,2665.0,2932.0,3216.0,3352.0,2767.0,2769.0,2744.0,2542.0,1564.0
2021-12-17,2379.0,2727.0,2444.0,2469.0,1547.0,2498.0,2665.0,2932.0,3423.0,2881.0,2715.0,2626.0,2514.0,1557.0
2021-12-20,2371.0,2807.0,2356.0,2436.0,1538.0,2379.0,2498.0,2665.0,3343.0,3018.0,2718.0,2444.0,2469.0,1547.0
2021-12-21,2294.0,2663.0,2311.0,2383.0,1524.0,2371.0,2379.0,2498.0,3272.0,3047.0,2805.0,2356.0,2436.0,1538.0
2021-12-22,2229.0,2455.0,2384.0,2337.0,1503.0,2294.0,2371.0,2379.0,3216.0,3115.0,2861.0,2311.0,2383.0,1524.0
2021-12-23,2219.0,2351.0,2515.0,2303.0,1478.0,2229.0,2294.0,2371.0,2932.0,3171.0,2844.0,2384.0,2337.0,1503.0
2021-12-24,2217.0,2312.0,2573.0,2290.0,1466.0,2219.0,2229.0,2294.0,2665.0,3235.0,2807.0,2515.0,2303.0,1478.0
2022-01-04,2285.0,2350.0,2874.0,2209.0,1407.0,2217.0,2219.0,2229.0,2498.0,3352.0,2759.0,2573.0,2290.0,1466.0
2022-01-05,2289.0,2301.0,3003.0,2165.0,1387.0,2285.0,2217.0,2219.0,2379.0,3423.0,2591.0,2874.0,2209.0,1407.0
2022-01-06,2296.0,2356.0,3013.0,2124.0,1335.0,2289.0,2285.0,2217.0,2371.0,3343.0,2430.0,3003.0,2165.0,1387.0
2022-01-07,2289.0,2432.0,2957.0,2074.0,1300.0,2296.0,2289.0,2285.0,2294.0,3272.0,2454.0,3013.0,2124.0,1335.0
2022-01-10,2277.0,2554.0,2849.0,2001.0,1268.0,2289.0,2296.0,2289.0,2229.0,3216.0,2552.0,2957.0,2074.0,1300.0
2022-01-11,2151.0,2325.0,2715.0,1958.0,1250.0,2277.0,2289.0,2296.0,2219.0,2932.0,2645.0,2849.0,2001.0,1268.0
2022-01-12,2027.0,2097.0,2565.0,1936.0,1227.0,2151.0,2277.0,2289.0,2217.0,2665.0,2715.0,2715.0,1958.0,1250.0
2022-01-13,1873.0,1746.0,2452.0,1915.0,1209.0,2027.0,2151.0,2277.0,2285.0,2498.0,2654.0,2565.0,1936.0,1227.0
2022-01-14,1764.0,1496.0,2375.0,1897.0,1192.0,1873.0,2027.0,2151.0,2289.0,2379.0,2678.0,2452.0,1915.0,1209.0
2022-01-17,1731.0,1470.0,2326.0,1864.0,1179.0,1764.0,1873.0,2027.0,2296.0,2371.0,2767.0,2375.0,1897.0,1192.0
2022-01-18,1644.0,1316.0,2223.0,1840.0,1162.0,1731.0,1764.0,1873.0,2289.0,2294.0,2881.0,2326.0,1864.0,1179.0
2022-01-19,1570.0,1226.0,2095.0,1812.0,1139.0,1644.0,1731.0,1764.0,2277.0,2229.0,3018.0,2223.0,1840.0,1162.0
2022-01-20,1474.0,1031.0,2024.0,1773.0,1122.0,1570.0,1644.0,1731.0,2151.0,2219.0,3047.0,2095.0,1812.0,1139.0
2022-01-21,1415.0,891.0,2010.0,1749.0,1103.0,1474.0,1570.0,1644.0,2027.0,2217.0,3115.0,2024.0,1773.0,1122.0
2022-01-24,1391.0,836.0,2013.0,1728.0,1089.0,1415.0,1474.0,1570.0,1873.0,2285.0,3171.0,2010.0,1749.0,1103.0
2022-01-25,1343.0,745.0,1988.0,1693.0,1065.0,1391.0,1415.0,1474.0,1764.0,2289.0,3235.0,2013.0,1728.0,1089.0
2022-01-26,1296.0,702.0,1914.0,1654.0,1042.0,1343.0,1391.0,1415.0,1731.0,2296.0,3352.0,1988.0,1693.0,1065.0
2022-01-27,1302.0,818.0,1846.0,1613.0,1017.0,1296.0,1343.0,1391.0,1644.0,2289.0,3423.0,1914.0,1654.0,1042.0
2022-01-28,1381.0,1075.0,1840.0,1597.0,1011.0,1302.0,1296.0,1343.0,1570.0,2277.0,3343.0,1846.0,1613.0,1017.0
2022-01-31,1418.0,1208.0,1828.0,1587.0,1003.0,1381.0,1302.0,1296.0,1474.0,2151.0,3272.0,1840.0,1597.0,1011.0
2022-02-01,1440.0,1297.0,1811.0,1578.0,995.0,1418.0,1381.0,1302.0,1415.0,2027.0,3216.0,1828.0,1587.0,1003.0
2022-02-02,1419.0,1280.0,1765.0,1570.0,990.0,1440.0,1418.0,1381.0,1391.0,1873.0,2932.0,1811.0,1578.0,995.0
2022-02-03,1425.0,1291.0,1771.0,1571.0,988.0,1419.0,1440.0,1418.0,1343.0,1764.0,2665.0,1765.0,1570.0,990.0
2022-02-04,1423.0,1242.0,1796.0,1594.0,990.0,1425.0,1419.0,1440.0,1296.0,1731.0,2498.0,1771.0,1571.0,988.0
2022-02-07,1422.0,1148.0,1855.0,1638.0,996.0,1423.0,1425.0,1419.0,1302.0,1644.0,2379.0,1796.0,1594.0,990.0
2022-02-08,1503.0,1202.0,1971.0,1734.0,1029.0,1422.0,1423.0,1425.0,1381.0,1570.0,2371.0,1855.0,1638.0,996.0
2022-02-09,1711.0,1503.0,2153.0,1911.0,1086.0,1503.0,1422.0,1423.0,1418.0,1474.0,2294.0,1971.0,1734.0,1029.0
2022-02-10,1940.0,1904.0,2333.0,2057.0,1139.0,1711.0,1503.0,1422.0,1440.0,1415.0,2229.0,2153.0,1911.0,1086.0
2022-02-11,1977.0,1857.0,2403.0,2158.0,1168.0,1940.0,1711.0,1503.0,1419.0,1391.0,2219.0,2333.0,2057.0,1139.0
2022-02-14,1984.0,1795.0,2418.0,2228.0,1198.0,1977.0,1940.0,1711.0,1425.0,1343.0,2217.0,2403.0,2158.0,1168.0
2022-02-15,1968.0,1713.0,2400.0,2277.0,1221.0,1984.0,1977.0,1940.0,1423.0,1296.0,2285.0,2418.0,2228.0,1198.0
2022-02-16,1896.0,1476.0,2375.0,2320.0,1242.0,1968.0,1984.0,1977.0,1422.0,1302.0,2289.0,2400.0,2277.0,1221.0
2022-02-17,1886.0,1447.0,2365.0,2326.0,1258.0,1896.0,1968.0,1984.0,1503.0,1381.0,2296.0,2375.0,2320.0,1242.0
2022-02-18,1964.0,1675.0,2375.0,2325.0,1285.0,1886.0,1896.0,1968.0,1711.0,1418.0,2289.0,2365.0,2326.0,1258.0
2022-02-21,2045.0,1849.0,2441.0,2342.0,1306.0,1964.0,1886.0,1896.0,1940.0,1440.0,2277.0,2375.0,2325.0,1285.0
2022-02-22,2148.0,2015.0,2596.0,2359.0,1333.0,2045.0,1964.0,1886.0,1977.0,1419.0,2151.0,2441.0,2342.0,1306.0
2022-02-23,2244.0,2192.0,2699.0,2388.0,1354.0,2148.0,2045.0,1964.0,1984.0,1425.0,2027.0,2596.0,2359.0,1333.0
2022-02-24,2187.0,2000.0,2689.0,2415.0,1384.0,2244.0,2148.0,2045.0,1968.0,1423.0,1873.0,2699.0,2388.0,1354.0
2022-02-25,2076.0,1691.0,2658.0,2417.0,1399.0,2187.0,2244.0,2148.0,1896.0,1422.0,1764.0,2689.0,2415.0,1384.0
2022-02-28,2040.0,1617.0,2599.0,2428.0,1405.0,2076.0,2187.0,2244.0,1886.0,1503.0,1731.0,2658.0,2417.0,1399.0
2022-03-01,2069.0,1690.0,2601.0,2443.0,1420.0,2040.0,2076.0,2187.0,1964.0,1711.0,1644.0,2599.0,2428.0,1405.0
2022-03-02,2137.0,1840.0,2634.0,2471.0,1421.0,2069.0,2040.0,2076.0,2045.0,1940.0,1570.0,2601.0,2443.0,1420.0
2022-03-03,2104.0,1639.0,2699.0,2520.0,1434.0,2137.0,2069.0,2040.0,2148.0,1977.0,1474.0,2634.0,2471.0,1421.0
2022-03-04,2148.0,1635.0,2785.0,2586.0,1443.0,2104.0,2137.0,2069.0,2244.0,1984.0,1415.0,2699.0,2520.0,1434.0
2022-03-07,2235.0,1749.0,2901.0,2640.0,1467.0,2148.0,2104.0,2137.0,2187.0,1968.0,1391.0,2785.0,2586.0,1443.0
2022-03-08,2352.0,1896.0,3041.0,2733.0,1485.0,2235.0,2148.0,2104.0,2076.0,1896.0,1343.0,2901.0,2640.0,1467.0
2022-03-09,2558.0,2282.0,3194.0,2845.0,1505.0,2352.0,2235.0,2148.0,2040.0,1886.0,1296.0,3041.0,2733.0,1485.0
2022-03-10,2704.0,2613.0,3233.0,2923.0,1531.0,2558.0,2352.0,2235.0,2069.0,1964.0,1302.0,3194.0,2845.0,1505.0
2022-03-11,2718.0,2676.0,3187.0,2939.0,1548.0,2704.0,2558.0,2352.0,2137.0,2045.0,1381.0,3233.0,2923.0,1531.0
2022-03-14,2727.0,2786.0,3092.0,2934.0,1558.0,2718.0,2704.0,2558.0,2104.0,2148.0,1418.0,3187.0,2939.0,1548.0
2022-03-15,2689.0,2823.0,2946.0,2901.0,1579.0,2727.0,2718.0,2704.0,2148.0,2244.0,1440.0,3092.0,2934.0,1558.0
2022-03-16,2591.0,2632.0,2847.0,2876.0,1601.0,2689.0,2727.0,2718.0,2235.0,2187.0,1419.0,2946.0,2901.0,1579.0
2022-03-17,2588.0,2604.0,2850.0,2892.0,1620.0,2591.0,2689.0,2727.0,2352.0,2076.0,1425.0,2847.0,2876.0,1601.0
2022-03-18,2605.0,2605.0,2874.0,2922.0,1662.0,2588.0,2591.0,2689.0,2558.0,2040.0,1423.0,2850.0,2892.0,1620.0
2022-03-21,2589.0,2470.0,2951.0,2949.0,1685.0,2605.0,2588.0,2591.0,2704.0,2069.0,1422.0,2874.0,2922.0,1662.0
2022-03-22,2546.0,2175.0,3111.0,2983.0,1715.0,2589.0,2605.0,2588.0,2718.0,2137.0,1503.0,2951.0,2949.0,1685.0
2022-03-23,2575.0,2100.0,3272.0,3016.0,1745.0,2546.0,2589.0,2605.0,2727.0,2104.0,1711.0,3111.0,2983.0,1715.0
2022-03-24,2567.0,1969.0,3379.0,3033.0,1769.0,2575.0,2546.0,2589.0,2689.0,2148.0,1940.0,3272.0,3016.0,1745.0
2022-03-25,2544.0,1887.0,3413.0,3020.0,1782.0,2567.0,2575.0,2546.0,2591.0,2235.0,1977.0,3379.0,3033.0,1769.0
2022-03-28,2484.0,1734.0,3416.0,2991.0,1787.0,2544.0,2567.0,2575.0,2588.0,2352.0,1984.0,3413.0,3020.0,1782.0
2022-03-29,2417.0,1639.0,3337.0,2946.0,1774.0,2484.0,2544.0,2567.0,2605.0,2558.0,1968.0,3416.0,2991.0,1787.0
2022-03-30,2369.0,1646.0,3236.0,2875.0,1755.0,2417.0,2484.0,2544.0,2589.0,2704.0,1896.0,3337.0,2946.0,1774.0
2022-03-31,2358.0,1760.0,3141.0,2808.0,1735.0,2369.0,2417.0,2484.0,2546.0,2718.0,1886.0,3236.0,2875.0,1755.0
2022-04-01,2357.0,1864.0,3073.0,2755.0,1695.0,2358.0,2369.0,2417.0,2575.0,2727.0,1964.0,3141.0,2808.0,1735.0
2022-04-04,2307.0,1796.0,3015.0,2717.0,1672.0,2357.0,2358.0,2369.0,2567.0,2689.0,2045.0,3073.0,2755.0,1695.0
2022-04-05,2213.0,1624.0,2951.0,2660.0,1639.0,2307.0,2357.0,2358.0,2544.0,2591.0,2148.0,3015.0,2717.0,1672.0
2022-04-06,2128.0,1490.0,2868.0,2605.0,1605.0,2213.0,2307.0,2357.0,2484.0,2588.0,2244.0,2951.0,2660.0,1639.0
2022-04-07,2061.0,1417.0,2778.0,2547.0,1568.0,2128.0,2213.0,2307.0,2417.0,2605.0,2187.0,2868.0,2605.0,1605.0
2022-04-08,2055.0,1444.0,2777.0,2502.0,1544.0,2061.0,2128.0,2213.0,2369.0,2589.0,2076.0,2778.0,2547.0,1568.0
2022-04-11,2031.0,1395.0,2785.0,2473.0,1520.0,2055.0,2061.0,2128.0,2358.0,2546.0,2040.0,2777.0,2502.0,1544.0
2022-04-12,2035.0,1368.0,2862.0,2448.0,1505.0,2031.0,2055.0,2061.0,2357.0,2575.0,2069.0,2785.0,2473.0,1520.0
2022-04-13,2068.0,1371.0,2968.0,2461.0,1472.0,2035.0,2031.0,2055.0,2307.0,2567.0,2137.0,2862.0,2448.0,1505.0
2022-04-14,2137.0,1481.0,3042.0,2497.0,1449.0,2068.0,2035.0,2031.0,2213.0,2544.0,2104.0,2968.0,2461.0,1472.0
2022-04-19,2115.0,1342.0,3079.0,2541.0,1448.0,2137.0,2068.0,2035.0,2128.0,2484.0,2148.0,3042.0,2497.0,1449.0
2022-04-20,2142.0,1363.0,3087.0,2596.0,1459.0,2115.0,2137.0,2068.0,2061.0,2417.0,2235.0,3079.0,2541.0,1448.0
2022-04-21,2239.0,1636.0,3047.0,2646.0,1473.0,2142.0,2115.0,2137.0,2055.0,2369.0,2352.0,3087.0,2596.0,1459.0
2022-04-22,2307.0,1845.0,3004.0,2678.0,1504.0,2239.0,2142.0,2115.0,2031.0,2358.0,2558.0,3047.0,2646.0,1473.0
2022-04-25,2356.0,2003.0,2967.0,2699.0,1538.0,2307.0,2239.0,2142.0,2035.0,2357.0,2704.0,3004.0,2678.0,1504.0
2022-04-26,2404.0,2169.0,2919.0,2714.0,1564.0,2356.0,2307.0,2239.0,2068.0,2307.0,2718.0,2967.0,2699.0,1538.0
2022-04-27,2425.0,2226.0,2904.0,2736.0,1574.0,2404.0,2356.0,2307.0,2137.0,2213.0,2727.0,2919.0,2714.0,1564.0
2022-04-28,2403.0,2149.0,2914.0,2736.0,1582.0,2425.0,2404.0,2356.0,2115.0,2128.0,2689.0,2904.0,2736.0,1574.0
2022-04-29,2404.0,2136.0,2938.0,2734.0,1593.0,2403.0,2425.0,2404.0,2142.0,2061.0,2591.0,2914.0,2736.0,1582.0
2022-05-03,2412.0,2147.0,2955.0,2733.0,1609.0,2404.0,2403.0,2425.0,2239.0,2055.0,2588.0,2938.0,2734.0,1593.0
2022-05-04,2485.0,2319.0,3013.0,2732.0,1620.0,2412.0,2404.0,2403.0,2307.0,2031.0,2605.0,2955.0,2733.0,1609.0
2022-05-05,2644.0,2721.0,3110.0,2732.0,1632.0,2485.0,2412.0,2404.0,2356.0,2035.0,2589.0,3013.0,2732.0,1620.0
2022-05-06,2718.0,2894.0,3175.0,2729.0,1640.0,2644.0,2485.0,2412.0,2404.0,2068.0,2546.0,3110.0,2732.0,1632.0
2022-05-09,2831.0,3185.0,3233.0,2732.0,1650.0,2718.0,2644.0,2485.0,2425.0,2137.0,2575.0,3175.0,2729.0,1640.0
2022-05-10,2939.0,3461.0,3277.0,2746.0,1661.0,2831.0,2718.0,2644.0,2403.0,2115.0,2567.0,3233.0,2732.0,1650.0
2022-05-11,3052.0,3756.0,3316.0,2759.0,1665.0,2939.0,2831.0,2718.0,2404.0,2142.0,2544.0,3277.0,2746.0,1661.0
2022-05-12,3117.0,3965.0,3310.0,2750.0,1665.0,3052.0,2939.0,2831.0,2412.0,2239.0,2484.0,3316.0,2759.0,1665.0
2022-05-13,3104.0,3947.0,3283.0,2752.0,1673.0,3117.0,3052.0,2939.0,2485.0,2307.0,2417.0,3310.0,2750.0,1665.0
2022-05-16,3085.0,3929.0,3241.0,2748.0,1667.0,3104.0,3117.0,3052.0,2644.0,2356.0,2369.0,3283.0,2752.0,1673.0
2022-05-17,3095.0,3950.0,3254.0,2745.0,1663.0,3085.0,3104.0,3117.0,2718.0,2404.0,2358.0,3241.0,2748.0,1667.0
2022-05-18,3189.0,4164.0,3327.0,2758.0,1667.0,3095.0,3085.0,3104.0,2831.0,2425.0,2357.0,3254.0,2745.0,1663.0
2022-05-19,3289.0,4385.0,3370.0,2800.0,1664.0,3189.0,3095.0,3085.0,2939.0,2403.0,2307.0,3327.0,2758.0,1667.0
2022-05-20,3344.0,4526.0,3382.0,2816.0,1662.0,3289.0,3189.0,3095.0,3052.0,2404.0,2213.0,3370.0,2800.0,1664.0
2022-05-23,3369.0,4602.0,3377.0,2818.0,1664.0,3344.0,3289.0,3189.0,3117.0,2412.0,2128.0,3382.0,2816.0,1662.0
2022-05-24,3253.0,4288.0,3321.0,2828.0,1662.0,3369.0,3344.0,3289.0,3104.0,2485.0,2061.0,3377.0,2818.0,1664.0
2022-05-25,3127.0,3987.0,3218.0,2833.0,1656.0,3253.0,3369.0,3344.0,3085.0,2644.0,2055.0,3321.0,2828.0,1662.0
2022-05-26,2933.0,3478.0,3140.0,2823.0,1652.0,3127.0,3253.0,3369.0,3095.0,2718.0,2031.0,3218.0,2833.0,1656.0
2022-05-27,2681.0,2818.0,3048.0,2796.0,1647.0,2933.0,3127.0,3253.0,3189.0,2831.0,2035.0,3140.0,2823.0,1652.0
2022-05-30,2571.0,2594.0,2944.0,2774.0,1640.0,2681.0,2933.0,3127.0,3289.0,2939.0,2068.0,3048.0,2796.0,1647.0
2022-05-31,2566.0,2668.0,2873.0,2743.0,1614.0,2571.0,2681.0,2933.0,3344.0,3052.0,2137.0,2944.0,2774.0,1640.0
2022-06-01,2633.0,2927.0,2851.0,2703.0,1595.0,2566.0,2571.0,2681.0,3369.0,3117.0,2115.0,2873.0,2743.0,1614.0
2022-06-06,2560.0,2757.0,2841.0,2660.0,1565.0,2633.0,2566.0,2571.0,3253.0,3104.0,2142.0,2851.0,2703.0,1595.0
2022-06-07,2514.0,2668.0,2815.0,2632.0,1537.0,2560.0,2633.0,2566.0,3127.0,3085.0,2239.0,2841.0,2660.0,1565.0
2022-06-08,2410.0,2457.0,2747.0,2585.0,1510.0,2514.0,2560.0,2633.0,2933.0,3095.0,2307.0,2815.0,2632.0,1537.0
2022-06-09,2342.0,2369.0,2674.0,2527.0,1469.0,2410.0,2514.0,2560.0,2681.0,3189.0,2356.0,2747.0,2585.0,1510.0
2022-06-10,2320.0,2371.0,2629.0,2495.0,1417.0,2342.0,2410.0,2514.0,2571.0,3289.0,2404.0,2674.0,2527.0,1469.0
2022-06-13,2260.0,2246.0,2600.0,2463.0,1400.0,2320.0,2342.0,2410.0,2566.0,3344.0,2425.0,2629.0,2495.0,1417.0
2022-06-14,2284.0,2308.0,2629.0,2451.0,1372.0,2260.0,2320.0,2342.0,2633.0,3369.0,2403.0,2600.0,2463.0,1400.0
2022-06-15,2387.0,2551.0,2706.0,2454.0,1349.0,2284.0,2260.0,2320.0,2560.0,3253.0,2404.0,2629.0,2451.0,1372.0
2022-06-16,2462.0,2702.0,2790.0,2460.0,1341.0,2387.0,2284.0,2260.0,2514.0,3127.0,2412.0,2706.0,2454.0,1349.0
2022-06-17,2578.0,2987.0,2862.0,2467.0,1343.0,2462.0,2387.0,2284.0,2410.0,2933.0,2485.0,2790.0,2460.0,1341.0
2022-06-20,2596.0,3031.0,2872.0,2470.0,1336.0,2578.0,2462.0,2387.0,2342.0,2681.0,2644.0,2862.0,2467.0,1343.0
2022-06-21,2484.0,2710.0,2851.0,2471.0,1336.0,2596.0,2578.0,2462.0,2320.0,2571.0,2718.0,2872.0,2470.0,1336.0
2022-06-22,2349.0,2343.0,2797.0,2475.0,1338.0,2484.0,2596.0,2578.0,2260.0,2566.0,2831.0,2851.0,2471.0,1336.0
2022-06-23,2354.0,2419.0,2732.0,2466.0,1339.0,2349.0,2484.0,2596.0,2284.0,2633.0,2939.0,2797.0,2475.0,1338.0
2022-06-24,2331.0,2396.0,2695.0,2449.0,1334.0,2354.0,2349.0,2484.0,2387.0,2560.0,3052.0,2732.0,2466.0,1339.0
2022-06-27,2295.0,2332.0,2652.0,2439.0,1334.0,2331.0,2354.0,2349.0,2462.0,2514.0,3117.0,2695.0,2449.0,1334.0
2022-06-28,2204.0,2152.0,2566.0,2416.0,1313.0,2295.0,2331.0,2354.0,2578.0,2410.0,3104.0,2652.0,2439.0,1334.0
2022-06-29,2186.0,2200.0,2510.0,2359.0,1297.0,2204.0,2295.0,2331.0,2596.0,2342.0,3085.0,2566.0,2416.0,1313.0
2022-06-30,2240.0,2434.0,2485.0,2306.0,1285.0,2186.0,2204.0,2295.0,2484.0,2320.0,3095.0,2510.0,2359.0,1297.0
2022-07-01,2214.0,2381.0,2477.0,2290.0,1276.0,2240.0,2186.0,2204.0,2349.0,2260.0,3189.0,2485.0,2306.0,1285.0
2022-07-04,2159.0,2228.0,2469.0,2282.0,1256.0,2214.0,2240.0,2186.0,2354.0,2284.0,3289.0,2477.0,2290.0,1276.0
2022-07-05,2098.0,2084.0,2441.0,2265.0,1239.0,2159.0,2214.0,2240.0,2331.0,2387.0,3344.0,2469.0,2282.0,1256.0
2022-07-06,2043.0,2000.0,2363.0,2247.0,1219.0,2098.0,2159.0,2214.0,2295.0,2462.0,3369.0,2441.0,2265.0,1239.0
2022-07-07,2073.0,2205.0,2278.0,2203.0,1200.0,2043.0,2098.0,2159.0,2204.0,2578.0,3253.0,2363.0,2247.0,1219.0
2022-07-08,2067.0,2270.0,2223.0,2163.0,1185.0,2073.0,2043.0,2098.0,2186.0,2596.0,3127.0,2278.0,2203.0,1200.0
2022-07-11,2081.0,2365.0,2172.0,2152.0,1180.0,2067.0,2073.0,2043.0,2240.0,2484.0,2933.0,2223.0,2163.0,1185.0
2022-07-12,2013.0,2249.0,2096.0,2123.0,1176.0,2081.0,2067.0,2073.0,2214.0,2349.0,2681.0,2172.0,2152.0,1180.0
2022-07-13,2002.0,2334.0,2008.0,2077.0,1175.0,2013.0,2081.0,2067.0,2159.0,2354.0,2571.0,2096.0,2123.0,1176.0
2022-07-14,2010.0,2457.0,1920.0,2050.0,1172.0,2002.0,2013.0,2081.0,2098.0,2331.0,2566.0,2008.0,2077.0,1175.0
2022-07-15,2150.0,2919.0,1885.0,2039.0,1181.0,2010.0,2002.0,2013.0,2043.0,2295.0,2633.0,1920.0,2050.0,1172.0
2022-07-18,2162.0,2967.0,1872.0,2037.0,1187.0,2150.0,2010.0,2002.0,2073.0,2204.0,2560.0,1885.0,2039.0,1181.0
2022-07-19,2145.0,2899.0,1889.0,2039.0,1200.0,2162.0,2150.0,2010.0,2067.0,2186.0,2514.0,1872.0,2037.0,1187.0
2022-07-20,2113.0,2719.0,1972.0,2057.0,1206.0,2145.0,2162.0,2150.0,2081.0,2240.0,2410.0,1889.0,2039.0,1200.0
2022-07-21,2118.0,2653.0,2051.0,2073.0,1212.0,2113.0,2145.0,2162.0,2013.0,2214.0,2342.0,1972.0,2057.0,1206.0
2022-07-22,2146.0,2696.0,2093.0,2080.0,1211.0,2118.0,2113.0,2145.0,2002.0,2159.0,2320.0,2051.0,2073.0,1212.0
2022-07-25,2114.0,2596.0,2100.0,2079.0,1212.0,2146.0,2118.0,2113.0,2010.0,2098.0,2260.0,2093.0,2080.0,1211.0
2022-07-26,2061.0,2455.0,2088.0,2071.0,1211.0,2114.0,2146.0,2118.0,2150.0,2043.0,2284.0,2100.0,2079.0,1212.0
2022-07-27,2007.0,2333.0,2076.0,2038.0,1205.0,2061.0,2114.0,2146.0,2162.0,2073.0,2387.0,2088.0,2071.0,1211.0
2022-07-28,1945.0,2190.0,2065.0,2003.0,1196.0,2007.0,2061.0,2114.0,2145.0,2067.0,2462.0,2076.0,2038.0,1205.0
2022-07-29,1895.0,2081.0,2051.0,1971.0,1173.0,1945.0,2007.0,2061.0,2113.0,2081.0,2578.0,2065.0,2003.0,1196.0
2022-08-01,1872.0,2062.0,2044.0,1928.0,1154.0,1895.0,1945.0,2007.0,2118.0,2013.0,2596.0,2051.0,1971.0,1173.0
2022-08-02,1817.0,1971.0,2026.0,1866.0,1141.0,1872.0,1895.0,1945.0,2146.0,2002.0,2484.0,2044.0,1928.0,1154.0
2022-08-03,1731.0,1790.0,2005.0,1805.0,1117.0,1817.0,1872.0,1895.0,2114.0,2010.0,2349.0,2026.0,1866.0,1141.0
2022-08-04,1603.0,1480.0,1983.0,1747.0,1095.0,1731.0,1817.0,1872.0,2061.0,2150.0,2354.0,2005.0,1805.0,1117.0
2022-08-05,1560.0,1411.0,1967.0,1700.0,1058.0,1603.0,1731.0,1817.0,2007.0,2162.0,2331.0,1983.0,1747.0,1095.0
2022-08-08,1566.0,1465.0,1958.0,1671.0,1043.0,1560.0,1603.0,1731.0,1945.0,2145.0,2295.0,1967.0,1700.0,1058.0
2022-08-09,1564.0,1510.0,1938.0,1636.0,1027.0,1566.0,1560.0,1603.0,1895.0,2113.0,2204.0,1958.0,1671.0,1043.0
2022-08-10,1592.0,1622.0,1932.0,1614.0,1008.0,1564.0,1566.0,1560.0,1872.0,2118.0,2186.0,1938.0,1636.0,1027.0
2022-08-11,1556.0,1538.0,1927.0,1591.0,985.0,1592.0,1564.0,1566.0,1817.0,2146.0,2240.0,1932.0,1614.0,1008.0
2022-08-12,1477.0,1314.0,1907.0,1593.0,978.0,1556.0,1592.0,1564.0,1731.0,2114.0,2214.0,1927.0,1591.0,985.0
2022-08-15,1404.0,1098.0,1885.0,1607.0,970.0,1477.0,1556.0,1592.0,1603.0,2061.0,2159.0,1907.0,1593.0,978.0
2022-08-16,1387.0,1059.0,1850.0,1626.0,968.0,1404.0,1477.0,1556.0,1560.0,2007.0,2098.0,1885.0,1607.0,970.0
2022-08-17,1394.0,1083.0,1805.0,1659.0,973.0,1387.0,1404.0,1477.0,1566.0,1945.0,2043.0,1850.0,1626.0,968.0
2022-08-18,1320.0,867.0,1749.0,1698.0,968.0,1394.0,1387.0,1404.0,1564.0,1895.0,2073.0,1805.0,1659.0,973.0
2022-08-19,1279.0,756.0,1688.0,1735.0,960.0,1320.0,1394.0,1387.0,1592.0,1872.0,2067.0,1749.0,1698.0,968.0
2022-08-22,1270.0,747.0,1645.0,1751.0,955.0,1279.0,1320.0,1394.0,1556.0,1817.0,2081.0,1688.0,1735.0,960.0
2022-08-23,1271.0,797.0,1572.0,1765.0,951.0,1270.0,1279.0,1320.0,1477.0,1731.0,2013.0,1645.0,1751.0,955.0
2022-08-24,1213.0,680.0,1491.0,1773.0,947.0,1271.0,1270.0,1279.0,1404.0,1603.0,2002.0,1572.0,1765.0,951.0
2022-08-25,1123.0,474.0,1424.0,1763.0,938.0,1213.0,1271.0,1270.0,1387.0,1560.0,2010.0,1491.0,1773.0,947.0
2022-08-26,1082.0,411.0,1372.0,1744.0,933.0,1123.0,1213.0,1271.0,1394.0,1566.0,2150.0,1424.0,1763.0,938.0
2022-08-30,1017.0,337.0,1284.0,1691.0,919.0,1082.0,1123.0,1213.0,1320.0,1564.0,2162.0,1372.0,1744.0,933.0
2022-08-31,965.0,302.0,1217.0,1626.0,902.0,1017.0,1082.0,1123.0,1279.0,1592.0,2145.0,1284.0,1691.0,919.0
2022-09-01,1002.0,469.0,1230.0,1559.0,880.0,965.0,1017.0,1082.0,1270.0,1556.0,2113.0,1217.0,1626.0,902.0
2022-09-02,1086.0,733.0,1271.0,1514.0,869.0,1002.0,965.0,1017.0,1271.0,1477.0,2118.0,1230.0,1559.0,880.0
2022-09-05,1133.0,844.0,1327.0,1498.0,863.0,1086.0,1002.0,965.0,1213.0,1404.0,2146.0,1271.0,1514.0,869.0
2022-09-06,1114.0,728.0,1413.0,1487.0,859.0,1133.0,1086.0,1002.0,1123.0,1387.0,2114.0,1327.0,1498.0,863.0
2022-09-07,1133.0,656.0,1577.0,1482.0,861.0,1114.0,1133.0,1086.0,1082.0,1394.0,2061.0,1413.0,1487.0,859.0
2022-09-08,1178.0,652.0,1757.0,1477.0,867.0,1133.0,1114.0,1133.0,1017.0,1320.0,2007.0,1577.0,1482.0,861.0
2022-09-09,1213.0,672.0,1865.0,1475.0,873.0,1178.0,1133.0,1114.0,965.0,1279.0,1945.0,1757.0,1477.0,867.0
2022-09-12,1256.0,756.0,1922.0,1473.0,874.0,1213.0,1178.0,1133.0,1002.0,1270.0,1895.0,1865.0,1475.0,873.0
2022-09-13,1408.0,1079.0,2074.0,1484.0,884.0,1256.0,1213.0,1178.0,1086.0,1271.0,1872.0,1922.0,1473.0,874.0
2022-09-14,1595.0,1565.0,2145.0,1505.0,893.0,1408.0,1256.0,1213.0,1133.0,1213.0,1817.0,2074.0,1484.0,884.0
2022-09-15,1612.0,1637.0,2090.0,1529.0,900.0,1595.0,1408.0,1256.0,1114.0,1123.0,1731.0,2145.0,1505.0,893.0
2022-09-16,1553.0,1519.0,1990.0,1551.0,905.0,1612.0,1595.0,1408.0,1133.0,1082.0,1603.0,2090.0,1529.0,900.0
2022-09-20,1729.0,1994.0,2023.0,1580.0,921.0,1553.0,1612.0,1595.0,1178.0,1017.0,1560.0,1990.0,1551.0,905.0
2022-09-21,1746.0,2021.0,2021.0,1605.0,934.0,1729.0,1553.0,1612.0,1213.0,965.0,1566.0,2023.0,1580.0,921.0
2022-09-22,1720.0,1929.0,1998.0,1637.0,952.0,1746.0,1729.0,1553.0,1256.0,1002.0,1564.0,2021.0,1605.0,934.0
2022-09-23,1816.0,2206.0,1995.0,1652.0,966.0,1720.0,1746.0,1729.0,1408.0,1086.0,1592.0,1998.0,1637.0,952.0
2022-09-26,1813.0,2195.0,1992.0,1657.0,974.0,1816.0,1720.0,1746.0,1595.0,1133.0,1556.0,1995.0,1652.0,966.0
2022-09-27,1807.0,2160.0,1998.0,1671.0,983.0,1813.0,1816.0,1720.0,1612.0,1114.0,1477.0,1992.0,1657.0,974.0
2022-09-28,1799.0,2107.0,2022.0,1680.0,992.0,1807.0,1813.0,1816.0,1553.0,1133.0,1404.0,1998.0,1671.0,983.0
2022-09-29,1757.0,1954.0,2063.0,1674.0,1000.0,1799.0,1807.0,1813.0,1729.0,1178.0,1387.0,2022.0,1680.0,992.0
2022-09-30,1760.0,1955.0,2082.0,1663.0,1009.0,1757.0,1799.0,1807.0,1746.0,1213.0,1394.0,2063.0,1674.0,1000.0
2022-10-03,1788.0,2041.0,2082.0,1663.0,1012.0,1760.0,1757.0,1799.0,1720.0,1256.0,1320.0,2082.0,1663.0,1009.0
2022-10-04,1865.0,2244.0,2110.0,1668.0,1017.0,1788.0,1760.0,1757.0,1816.0,1408.0,1279.0,2082.0,1663.0,1012.0
2022-10-05,1996.0,2553.0,2205.0,1676.0,1024.0,1865.0,1788.0,1760.0,1813.0,1595.0,1270.0,2110.0,1668.0,1017.0
2022-10-06,1992.0,2506.0,2232.0,1690.0,1028.0,1996.0,1865.0,1788.0,1807.0,1612.0,1271.0,2205.0,1676.0,1024.0
2022-10-07,1961.0,2396.0,2235.0,1706.0,1033.0,1992.0,1996.0,1865.0,1799.0,1553.0,1213.0,2232.0,1690.0,1028.0
2022-10-10,1944.0,2341.0,2228.0,1714.0,1034.0,1961.0,1992.0,1996.0,1757.0,1729.0,1123.0,2235.0,1706.0,1033.0
2022-10-11,1904.0,2246.0,2196.0,1714.0,1032.0,1944.0,1961.0,1992.0,1760.0,1746.0,1082.0,2228.0,1714.0,1034.0
2022-10-12,1873.0,2199.0,2147.0,1708.0,1024.0,1904.0,1944.0,1961.0,1788.0,1720.0,1017.0,2196.0,1714.0,1032.0
2022-10-13,1818.0,2094.0,2088.0,1696.0,1020.0,1873.0,1904.0,1944.0,1865.0,1816.0,965.0,2147.0,1708.0,1024.0
2022-10-14,1838.0,2166.0,2081.0,1690.0,1012.0,1818.0,1873.0,1904.0,1996.0,1813.0,1002.0,2088.0,1696.0,1020.0
2022-10-17,1843.0,2186.0,2088.0,1678.0,996.0,1838.0,1818.0,1873.0,1992.0,1807.0,1086.0,2081.0,1690.0,1012.0
2022-10-18,1875.0,2247.0,2136.0,1678.0,990.0,1843.0,1838.0,1818.0,1961.0,1799.0,1133.0,2088.0,1678.0,996.0
2022-10-19,1871.0,2209.0,2164.0,1678.0,972.0,1875.0,1843.0,1838.0,1944.0,1757.0,1114.0,2136.0,1678.0,990.0
2022-10-20,1837.0,2111.0,2161.0,1676.0,966.0,1871.0,1875.0,1843.0,1904.0,1760.0,1133.0,2164.0,1678.0,972.0
2022-10-21,1819.0,2071.0,2144.0,1678.0,961.0,1837.0,1871.0,1875.0,1873.0,1788.0,1178.0,2161.0,1676.0,966.0
2022-10-24,1797.0,2036.0,2113.0,1670.0,959.0,1819.0,1837.0,1871.0,1818.0,1865.0,1213.0,2144.0,1678.0,961.0
2022-10-25,1755.0,1955.0,2073.0,1658.0,953.0,1797.0,1819.0,1837.0,1838.0,1996.0,1256.0,2113.0,1670.0,959.0
2022-10-26,1706.0,1885.0,2007.0,1632.0,940.0,1755.0,1797.0,1819.0,1843.0,1992.0,1408.0,2073.0,1658.0,953.0
2022-10-27,1612.0,1748.0,1900.0,1572.0,922.0,1706.0,1755.0,1797.0,1875.0,1961.0,1595.0,2007.0,1632.0,940.0
2022-10-28,1534.0,1670.0,1817.0,1483.0,897.0,1612.0,1706.0,1755.0,1871.0,1944.0,1612.0,1900.0,1572.0,922.0
2022-10-31,1463.0,1559.0,1745.0,1437.0,883.0,1534.0,1612.0,1706.0,1837.0,1904.0,1553.0,1817.0,1483.0,897.0
2022-11-01,1377.0,1388.0,1696.0,1389.0,867.0,1463.0,1534.0,1612.0,1819.0,1873.0,1729.0,1745.0,1437.0,883.0
2022-11-02,1321.0,1286.0,1683.0,1332.0,855.0,1377.0,1463.0,1534.0,1797.0,1818.0,1746.0,1696.0,1389.0,867.0
2022-11-03,1290.0,1225.0,1699.0,1287.0,841.0,1321.0,1377.0,1463.0,1755.0,1838.0,1720.0,1683.0,1332.0,855.0
2022-11-04,1323.0,1343.0,1700.0,1268.0,836.0,1290.0,1321.0,1377.0,1706.0,1843.0,1816.0,1699.0,1287.0,841.0
2022-11-07,1337.0,1404.0,1696.0,1251.0,826.0,1323.0,1290.0,1321.0,1612.0,1875.0,1813.0,1700.0,1268.0,836.0
2022-11-08,1356.0,1493.0,1669.0,1241.0,818.0,1337.0,1323.0,1290.0,1534.0,1871.0,1807.0,1696.0,1251.0,826.0
2022-11-09,1393.0,1637.0,1641.0,1232.0,803.0,1356.0,1337.0,1323.0,1463.0,1837.0,1799.0,1669.0,1241.0,818.0
2022-11-10,1390.0,1652.0,1619.0,1227.0,797.0,1393.0,1356.0,1337.0,1377.0,1819.0,1757.0,1641.0,1232.0,803.0
2022-11-11,1355.0,1544.0,1637.0,1213.0,787.0,1390.0,1393.0,1356.0,1321.0,1797.0,1760.0,1619.0,1227.0,797.0
2022-11-14,1325.0,1446.0,1667.0,1197.0,780.0,1355.0,1390.0,1393.0,1290.0,1755.0,1788.0,1637.0,1213.0,787.0
2022-11-15,1300.0,1371.0,1681.0,1186.0,772.0,1325.0,1355.0,1390.0,1323.0,1706.0,1865.0,1667.0,1197.0,780.0
2022-11-16,1288.0,1333.0,1688.0,1180.0,768.0,1300.0,1325.0,1355.0,1337.0,1612.0,1996.0,1681.0,1186.0,772.0
2022-11-17,1228.0,1188.0,1650.0,1175.0,763.0,1288.0,1300.0,1325.0,1356.0,1534.0,1992.0,1688.0,1180.0,768.0
2022-11-18,1189.0,1122.0,1594.0,1170.0,763.0,1228.0,1288.0,1300.0,1393.0,1463.0,1961.0,1650.0,1175.0,763.0
2022-11-21,1177.0,1129.0,1549.0,1164.0,757.0,1189.0,1228.0,1288.0,1390.0,1377.0,1944.0,1594.0,1170.0,763.0
2022-11-22,1149.0,1092.0,1496.0,1160.0,753.0,1177.0,1189.0,1228.0,1355.0,1321.0,1904.0,1549.0,1164.0,757.0
2022-11-23,1184.0,1219.0,1464.0,1163.0,752.0,1149.0,1177.0,1189.0,1325.0,1290.0,1873.0,1496.0,1160.0,753.0
2022-11-24,1242.0,1384.0,1466.0,1174.0,747.0,1184.0,1149.0,1177.0,1300.0,1323.0,1818.0,1464.0,1163.0,752.0
2022-11-25,1324.0,1613.0,1479.0,1182.0,745.0,1242.0,1184.0,1149.0,1288.0,1337.0,1838.0,1466.0,1174.0,747.0
2022-11-28,1347.0,1669.0,1496.0,1180.0,746.0,1324.0,1242.0,1184.0,1228.0,1356.0,1843.0,1479.0,1182.0,745.0
2022-11-29,1327.0,1589.0,1524.0,1177.0,745.0,1347.0,1324.0,1242.0,1189.0,1393.0,1875.0,1496.0,1180.0,746.0
2022-11-30,1355.0,1643.0,1568.0,1172.0,744.0,1327.0,1347.0,1324.0,1177.0,1390.0,1871.0,1524.0,1177.0,745.0
2022-12-01,1338.0,1570.0,1602.0,1165.0,742.0,1355.0,1327.0,1347.0,1149.0,1355.0,1837.0,1568.0,1172.0,744.0
2022-12-02,1324.0,1519.0,1618.0,1162.0,741.0,1338.0,1355.0,1327.0,1184.0,1325.0,1819.0,1602.0,1165.0,742.0
2022-12-05,1323.0,1502.0,1638.0,1158.0,737.0,1324.0,1338.0,1355.0,1242.0,1300.0,1797.0,1618.0,1162.0,741.0
2022-12-06,1340.0,1540.0,1657.0,1158.0,732.0,1323.0,1324.0,1338.0,1324.0,1288.0,1755.0,1638.0,1158.0,737.0
2022-12-07,1373.0,1635.0,1659.0,1158.0,735.0,1340.0,1323.0,1324.0,1347.0,1228.0,1706.0,1657.0,1158.0,732.0
2022-12-08,1385.0,1675.0,1661.0,1153.0,733.0,1373.0,1340.0,1323.0,1327.0,1189.0,1612.0,1659.0,1158.0,735.0
2022-12-09,1386.0,1683.0,1659.0,1152.0,732.0,1385.0,1373.0,1340.0,1355.0,1177.0,1534.0,1661.0,1153.0,733.0
2022-12-12,1361.0,1619.0,1643.0,1153.0,729.0,1386.0,1385.0,1373.0,1338.0,1149.0,1463.0,1659.0,1152.0,732.0
2022-12-13,1357.0,1601.0,1633.0,1167.0,726.0,1361.0,1386.0,1385.0,1324.0,1184.0,1377.0,1643.0,1153.0,729.0
2022-12-14,1401.0,1723.0,1643.0,1170.0,719.0,1357.0,1361.0,1386.0,1323.0,1242.0,1321.0,1633.0,1167.0,726.0
2022-12-15,1528.0,2095.0,1658.0,1167.0,713.0,1401.0,1357.0,1361.0,1340.0,1324.0,1290.0,1643.0,1170.0,719.0
2022-12-16,1560.0,2208.0,1652.0,1157.0,705.0,1528.0,1401.0,1357.0,1373.0,1347.0,1323.0,1658.0,1167.0,713.0
2022-12-19,1548.0,2186.0,1645.0,1146.0,701.0,1560.0,1528.0,1401.0,1385.0,1327.0,1337.0,1652.0,1157.0,705.0
2022-12-20,1596.0,2365.0,1622.0,1131.0,691.0,1548.0,1560.0,1528.0,1386.0,1355.0,1356.0,1645.0,1146.0,701.0
2022-12-21,1723.0,2797.0,1598.0,1103.0,683.0,1596.0,1548.0,1560.0,1361.0,1338.0,1393.0,1622.0,1131.0,691.0
2022-12-22,1650.0,2626.0,1563.0,1083.0,671.0,1723.0,1596.0,1548.0,1357.0,1324.0,1390.0,1598.0,1103.0,683.0
2022-12-23,1515.0,2261.0,1535.0,1062.0,663.0,1650.0,1723.0,1596.0,1401.0,1323.0,1355.0,1563.0,1083.0,671.0
2023-01-03,1250.0,1635.0,1438.0,968.0,614.0,1515.0,1650.0,1723.0,1528.0,1340.0,1325.0,1535.0,1062.0,663.0
2023-01-04,1176.0,1516.0,1378.0,912.0,590.0,1250.0,1515.0,1650.0,1560.0,1373.0,1300.0,1438.0,968.0,614.0
2023-01-05,1146.0,1504.0,1332.0,871.0,571.0,1176.0,1250.0,1515.0,1548.0,1385.0,1288.0,1378.0,912.0,590.0
2023-01-06,1130.0,1512.0,1299.0,839.0,552.0,1146.0,1176.0,1250.0,1596.0,1386.0,1228.0,1332.0,871.0,571.0
2023-01-09,1139.0,1596.0,1250.0,825.0,542.0,1130.0,1146.0,1176.0,1723.0,1361.0,1189.0,1299.0,839.0,552.0
2023-01-10,1096.0,1536.0,1189.0,803.0,534.0,1139.0,1130.0,1146.0,1650.0,1357.0,1177.0,1250.0,825.0,542.0
2023-01-11,1043.0,1470.0,1126.0,762.0,521.0,1096.0,1139.0,1130.0,1515.0,1401.0,1149.0,1189.0,803.0,534.0
2023-01-12,976.0,1349.0,1084.0,715.0,508.0,1043.0,1096.0,1139.0,1250.0,1528.0,1184.0,1126.0,762.0,521.0
2023-01-13,946.0,1299.0,1069.0,686.0,500.0,976.0,1043.0,1096.0,1176.0,1560.0,1242.0,1084.0,715.0,508.0
2023-01-16,946.0,1311.0,1071.0,673.0,488.0,946.0,976.0,1043.0,1146.0,1548.0,1324.0,1069.0,686.0,500.0
2023-01-17,921.0,1240.0,1078.0,661.0,468.0,946.0,946.0,976.0,1130.0,1596.0,1347.0,1071.0,673.0,488.0
2023-01-18,874.0,1107.0,1075.0,657.0,458.0,921.0,946.0,946.0,1139.0,1723.0,1327.0,1078.0,661.0,468.0
2023-01-19,801.0,893.0,1071.0,654.0,449.0,874.0,921.0,946.0,1096.0,1650.0,1355.0,1075.0,657.0,458.0
2023-01-20,763.0,787.0,1060.0,652.0,441.0,801.0,874.0,921.0,1043.0,1515.0,1338.0,1071.0,654.0,449.0
2023-01-23,740.0,735.0,1048.0,645.0,434.0,763.0,801.0,874.0,976.0,1250.0,1324.0,1060.0,652.0,441.0
2023-01-24,721.0,685.0,1035.0,649.0,433.0,740.0,763.0,801.0,946.0,1176.0,1323.0,1048.0,645.0,434.0
2023-01-25,703.0,631.0,1035.0,648.0,433.0,721.0,740.0,763.0,946.0,1146.0,1340.0,1035.0,649.0,433.0
2023-01-26,677.0,549.0,1045.0,645.0,432.0,703.0,721.0,740.0,921.0,1130.0,1373.0,1035.0,648.0,433.0
2023-01-27,676.0,534.0,1054.0,650.0,431.0,677.0,703.0,721.0,874.0,1139.0,1385.0,1045.0,645.0,432.0
2023-01-30,680.0,533.0,1060.0,658.0,432.0,676.0,677.0,703.0,801.0,1096.0,1386.0,1054.0,650.0,431.0
2023-01-31,681.0,532.0,1052.0,670.0,433.0,680.0,676.0,677.0,763.0,1043.0,1361.0,1060.0,658.0,432.0
2023-02-01,668.0,499.0,1029.0,680.0,435.0,681.0,680.0,676.0,740.0,976.0,1357.0,1052.0,670.0,433.0
2023-02-02,640.0,445.0,988.0,684.0,436.0,668.0,681.0,680.0,721.0,946.0,1401.0,1029.0,680.0,435.0
2023-02-03,621.0,429.0,940.0,682.0,436.0,640.0,668.0,681.0,703.0,946.0,1528.0,988.0,684.0,436.0
2023-02-06,608.0,419.0,907.0,680.0,436.0,621.0,640.0,668.0,677.0,921.0,1560.0,940.0,682.0,436.0
2023-02-07,601.0,443.0,867.0,667.0,437.0,608.0,621.0,640.0,676.0,874.0,1548.0,907.0,680.0,436.0
2023-02-08,603.0,474.0,856.0,651.0,437.0,601.0,608.0,621.0,680.0,801.0,1596.0,867.0,667.0,437.0
2023-02-09,592.0,452.0,861.0,636.0,436.0,603.0,601.0,608.0,681.0,763.0,1723.0,856.0,651.0,437.0
2023-02-10,602.0,486.0,864.0,628.0,436.0,592.0,603.0,601.0,668.0,740.0,1650.0,861.0,636.0,436.0
2023-02-13,616.0,534.0,863.0,625.0,435.0,602.0,592.0,603.0,640.0,721.0,1515.0,864.0,628.0,436.0
2023-02-14,563.0,382.0,848.0,627.0,432.0,616.0,602.0,592.0,621.0,703.0,1250.0,863.0,625.0,435.0
2023-02-15,541.0,317.0,830.0,640.0,431.0,563.0,616.0,602.0,608.0,677.0,1176.0,848.0,627.0,432.0
2023-02-16,530.0,275.0,818.0,660.0,434.0,541.0,563.0,616.0,601.0,676.0,1146.0,830.0,640.0,431.0
2023-02-17,538.0,271.0,811.0,695.0,438.0,530.0,541.0,563.0,603.0,680.0,1130.0,818.0,660.0,434.0
2023-02-20,552.0,284.0,809.0,727.0,448.0,538.0,530.0,541.0,592.0,681.0,1139.0,811.0,695.0,438.0
2023-02-21,594.0,303.0,843.0,807.0,462.0,552.0,538.0,530.0,602.0,668.0,1096.0,809.0,727.0,448.0
2023-02-22,674.0,390.0,951.0,872.0,473.0,594.0,552.0,538.0,616.0,640.0,1043.0,843.0,807.0,462.0
2023-02-23,816.0,573.0,1169.0,940.0,493.0,674.0,594.0,552.0,563.0,621.0,976.0,951.0,872.0,473.0
2023-02-24,883.0,636.0,1271.0,996.0,505.0,816.0,674.0,594.0,541.0,608.0,946.0,1169.0,940.0,493.0
2023-02-27,935.0,701.0,1317.0,1050.0,517.0,883.0,816.0,674.0,530.0,601.0,946.0,1271.0,996.0,505.0
2023-02-28,990.0,729.0,1421.0,1105.0,536.0,935.0,883.0,816.0,538.0,603.0,921.0,1317.0,1050.0,517.0
2023-03-01,1099.0,929.0,1515.0,1156.0,556.0,990.0,935.0,883.0,552.0,592.0,874.0,1421.0,1105.0,536.0
2023-03-02,1145.0,1000.0,1556.0,1192.0,575.0,1099.0,990.0,935.0,594.0,602.0,801.0,1515.0,1156.0,556.0
2023-03-03,1211.0,1195.0,1565.0,1189.0,584.0,1145.0,1099.0,990.0,674.0,616.0,763.0,1556.0,1192.0,575.0
2023-03-06,1258.0,1329.0,1582.0,1180.0,594.0,1211.0,1145.0,1099.0,816.0,563.0,740.0,1565.0,1189.0,584.0
2023-03-07,1298.0,1471.0,1580.0,1161.0,601.0,1258.0,1211.0,1145.0,883.0,541.0,721.0,1582.0,1180.0,594.0
2023-03-08,1327.0,1550.0,1592.0,1161.0,612.0,1298.0,1258.0,1211.0,935.0,530.0,703.0,1580.0,1161.0,601.0
2023-03-09,1379.0,1662.0,1624.0,1180.0,620.0,1327.0,1298.0,1258.0,990.0,538.0,677.0,1592.0,1161.0,612.0
2023-03-10,1424.0,1744.0,1654.0,1209.0,631.0,1379.0,1327.0,1298.0,1099.0,552.0,676.0,1624.0,1180.0,620.0
2023-03-13,1465.0,1821.0,1680.0,1235.0,650.0,1424.0,1379.0,1327.0,1145.0,594.0,680.0,1654.0,1209.0,631.0
2023-03-14,1587.0,2110.0,1743.0,1263.0,665.0,1465.0,1424.0,1379.0,1211.0,674.0,681.0,1680.0,1235.0,650.0
2023-03-15,1603.0,2104.0,1768.0,1296.0,676.0,1587.0,1465.0,1424.0,1258.0,816.0,668.0,1743.0,1263.0,665.0
2023-03-16,1560.0,1976.0,1746.0,1312.0,688.0,1603.0,1587.0,1465.0,1298.0,883.0,640.0,1768.0,1296.0,676.0
2023-03-17,1535.0,1913.0,1723.0,1318.0,694.0,1560.0,1603.0,1587.0,1327.0,935.0,621.0,1746.0,1312.0,688.0
2023-03-20,1542.0,1945.0,1697.0,1329.0,703.0,1535.0,1560.0,1603.0,1379.0,990.0,608.0,1723.0,1318.0,694.0
2023-03-21,1512.0,1881.0,1658.0,1335.0,705.0,1542.0,1535.0,1560.0,1424.0,1099.0,601.0,1697.0,1329.0,703.0
2023-03-22,1456.0,1752.0,1606.0,1337.0,706.0,1512.0,1542.0,1535.0,1465.0,1145.0,603.0,1658.0,1335.0,705.0
2023-03-23,1484.0,1856.0,1584.0,1333.0,704.0,1456.0,1512.0,1542.0,1587.0,1211.0,592.0,1606.0,1337.0,706.0
2023-03-24,1489.0,1882.0,1572.0,1332.0,703.0,1484.0,1456.0,1512.0,1603.0,1258.0,602.0,1584.0,1333.0,704.0
2023-03-27,1456.0,1795.0,1565.0,1326.0,702.0,1489.0,1484.0,1456.0,1560.0,1298.0,616.0,1572.0,1332.0,703.0
2023-03-28,1402.0,1646.0,1561.0,1315.0,700.0,1456.0,1489.0,1484.0,1535.0,1327.0,563.0,1565.0,1326.0,702.0
2023-03-29,1407.0,1662.0,1598.0,1285.0,695.0,1402.0,1456.0,1489.0,1542.0,1379.0,541.0,1561.0,1315.0,700.0
2023-03-30,1403.0,1676.0,1625.0,1237.0,691.0,1407.0,1402.0,1456.0,1512.0,1424.0,530.0,1598.0,1285.0,695.0
2023-03-31,1389.0,1665.0,1635.0,1198.0,687.0,1403.0,1407.0,1402.0,1456.0,1465.0,538.0,1625.0,1237.0,691.0
2023-04-03,1412.0,1723.0,1664.0,1187.0,683.0,1389.0,1403.0,1407.0,1484.0,1587.0,552.0,1635.0,1198.0,687.0
2023-04-04,1473.0,1867.0,1724.0,1176.0,664.0,1412.0,1389.0,1403.0,1489.0,1603.0,594.0,1664.0,1187.0,683.0
2023-04-05,1525.0,1957.0,1813.0,1170.0,653.0,1473.0,1412.0,1389.0,1456.0,1560.0,674.0,1724.0,1176.0,664.0
2023-04-06,1560.0,2041.0,1851.0,1161.0,643.0,1525.0,1473.0,1412.0,1402.0,1535.0,816.0,1813.0,1170.0,653.0
2023-04-11,1507.0,1911.0,1852.0,1131.0,636.0,1560.0,1525.0,1473.0,1407.0,1542.0,883.0,1851.0,1161.0,643.0
2023-04-12,1463.0,1822.0,1812.0,1118.0,631.0,1507.0,1560.0,1525.0,1403.0,1512.0,935.0,1852.0,1131.0,636.0
2023-04-13,1463.0,1888.0,1747.0,1105.0,628.0,1463.0,1507.0,1560.0,1389.0,1456.0,990.0,1812.0,1118.0,631.0
2023-04-14,1435.0,1850.0,1702.0,1096.0,628.0,1463.0,1463.0,1507.0,1412.0,1484.0,1099.0,1747.0,1105.0,628.0
2023-04-17,1412.0,1801.0,1675.0,1098.0,630.0,1435.0,1463.0,1463.0,1473.0,1489.0,1145.0,1702.0,1096.0,628.0
2023-04-18,1368.0,1678.0,1644.0,1113.0,633.0,1412.0,1435.0,1463.0,1525.0,1456.0,1211.0,1675.0,1098.0,630.0
2023-04-19,1372.0,1643.0,1657.0,1151.0,639.0,1368.0,1412.0,1435.0,1560.0,1402.0,1258.0,1644.0,1113.0,633.0
2023-04-20,1432.0,1778.0,1677.0,1179.0,650.0,1372.0,1368.0,1412.0,1507.0,1407.0,1298.0,1657.0,1151.0,639.0
2023-04-21,1504.0,1962.0,1692.0,1201.0,660.0,1432.0,1372.0,1368.0,1463.0,1403.0,1327.0,1677.0,1179.0,650.0
2023-04-24,1517.0,1993.0,1687.0,1212.0,664.0,1504.0,1432.0,1372.0,1463.0,1389.0,1379.0,1692.0,1201.0,660.0
2023-04-25,1510.0,1986.0,1667.0,1216.0,667.0,1517.0,1504.0,1432.0,1435.0,1412.0,1424.0,1687.0,1212.0,664.0
2023-04-26,1536.0,2100.0,1640.0,1203.0,667.0,1510.0,1517.0,1504.0,1412.0,1473.0,1465.0,1667.0,1216.0,667.0
2023-04-27,1581.0,2276.0,1612.0,1185.0,665.0,1536.0,1510.0,1517.0,1368.0,1525.0,1587.0,1640.0,1203.0,667.0
2023-04-28,1576.0,2301.0,1586.0,1165.0,663.0,1581.0,1536.0,1510.0,1372.0,1560.0,1603.0,1612.0,1185.0,665.0
2023-05-02,1552.0,2268.0,1563.0,1144.0,661.0,1576.0,1581.0,1536.0,1432.0,1507.0,1560.0,1586.0,1165.0,663.0
2023-05-03,1558.0,2325.0,1540.0,1123.0,657.0,1552.0,1576.0,1581.0,1504.0,1463.0,1535.0,1563.0,1144.0,661.0
2023-05-04,1545.0,2325.0,1514.0,1105.0,651.0,1558.0,1552.0,1576.0,1517.0,1463.0,1542.0,1540.0,1123.0,657.0
2023-05-05,1558.0,2384.0,1501.0,1096.0,645.0,1545.0,1558.0,1552.0,1510.0,1435.0,1512.0,1514.0,1105.0,651.0
2023-05-09,1598.0,2509.0,1494.0,1097.0,640.0,1558.0,1545.0,1558.0,1536.0,1412.0,1456.0,1501.0,1096.0,645.0
2023-05-10,1640.0,2630.0,1481.0,1114.0,638.0,1598.0,1558.0,1545.0,1581.0,1368.0,1484.0,1494.0,1097.0,640.0
2023-05-11,1608.0,2566.0,1445.0,1112.0,635.0,1640.0,1598.0,1558.0,1576.0,1372.0,1489.0,1481.0,1114.0,638.0
2023-05-12,1558.0,2456.0,1402.0,1105.0,632.0,1608.0,1640.0,1598.0,1552.0,1432.0,1456.0,1445.0,1112.0,635.0
2023-05-15,1522.0,2385.0,1366.0,1098.0,628.0,1558.0,1608.0,1640.0,1558.0,1504.0,1402.0,1402.0,1105.0,632.0
2023-05-16,1476.0,2295.0,1314.0,1091.0,623.0,1522.0,1558.0,1608.0,1545.0,1517.0,1407.0,1366.0,1098.0,628.0
2023-05-17,1425.0,2184.0,1260.0,1090.0,617.0,1476.0,1522.0,1558.0,1558.0,1510.0,1403.0,1314.0,1091.0,623.0
2023-05-18,1402.0,2142.0,1235.0,1085.0,614.0,1425.0,1476.0,1522.0,1598.0,1536.0,1389.0,1260.0,1090.0,617.0
2023-05-19,1384.0,2105.0,1222.0,1077.0,612.0,1402.0,1425.0,1476.0,1640.0,1581.0,1412.0,1235.0,1085.0,614.0
2023-05-22,1365.0,2065.0,1220.0,1063.0,609.0,1384.0,1402.0,1425.0,1608.0,1576.0,1473.0,1222.0,1077.0,612.0
2023-05-23,1348.0,2040.0,1212.0,1043.0,604.0,1365.0,1384.0,1402.0,1558.0,1552.0,1525.0,1220.0,1063.0,609.0
2023-05-24,1295.0,1930.0,1184.0,1014.0,600.0,1348.0,1365.0,1384.0,1522.0,1558.0,1560.0,1212.0,1043.0,604.0
2023-05-25,1215.0,1758.0,1141.0,980.0,594.0,1295.0,1348.0,1365.0,1476.0,1545.0,1507.0,1184.0,1014.0,600.0
2023-05-26,1172.0,1683.0,1119.0,946.0,588.0,1215.0,1295.0,1348.0,1425.0,1558.0,1463.0,1141.0,980.0,594.0
2023-05-30,1123.0,1594.0,1090.0,910.0,582.0,1172.0,1215.0,1295.0,1402.0,1598.0,1463.0,1119.0,946.0,588.0
2023-05-31,977.0,1218.0,1045.0,881.0,572.0,1123.0,1172.0,1215.0,1384.0,1640.0,1435.0,1090.0,910.0,582.0
2023-06-01,937.0,1144.0,1030.0,847.0,559.0,977.0,1123.0,1172.0,1365.0,1608.0,1412.0,1045.0,881.0,572.0
2023-06-02,919.0,1116.0,1030.0,819.0,545.0,937.0,977.0,1123.0,1348.0,1558.0,1368.0,1030.0,847.0,559.0
2023-06-05,939.0,1178.0,1048.0,803.0,537.0,919.0,937.0,977.0,1295.0,1522.0,1372.0,1030.0,819.0,545.0
2023-06-06,1016.0,1383.0,1108.0,781.0,526.0,939.0,919.0,937.0,1215.0,1476.0,1432.0,1048.0,803.0,537.0
2023-06-07,1020.0,1387.0,1139.0,766.0,515.0,1016.0,939.0,919.0,1172.0,1425.0,1504.0,1108.0,781.0,526.0
2023-06-08,1040.0,1460.0,1146.0,747.0,505.0,1020.0,1016.0,939.0,1123.0,1402.0,1517.0,1139.0,766.0,515.0
2023-06-09,1055.0,1514.0,1146.0,736.0,501.0,1040.0,1020.0,1016.0,977.0,1384.0,1510.0,1146.0,747.0,505.0
2023-06-12,1056.0,1532.0,1144.0,726.0,491.0,1055.0,1040.0,1020.0,937.0,1365.0,1536.0,1146.0,736.0,501.0
2023-06-13,1074.0,1587.0,1144.0,722.0,481.0,1056.0,1055.0,1040.0,919.0,1348.0,1581.0,1144.0,726.0,491.0
2023-06-14,1079.0,1580.0,1163.0,729.0,476.0,1074.0,1056.0,1055.0,939.0,1295.0,1576.0,1144.0,722.0,481.0
2023-06-15,1094.0,1599.0,1184.0,740.0,471.0,1079.0,1074.0,1056.0,1016.0,1215.0,1552.0,1163.0,729.0,476.0
2023-06-16,1076.0,1528.0,1193.0,748.0,464.0,1094.0,1079.0,1074.0,1020.0,1172.0,1558.0,1184.0,740.0,471.0
2023-06-19,1065.0,1492.0,1193.0,751.0,460.0,1076.0,1094.0,1079.0,1040.0,1123.0,1545.0,1193.0,748.0,464.0
2023-06-20,1078.0,1540.0,1174.0,759.0,458.0,1065.0,1076.0,1094.0,1055.0,977.0,1558.0,1193.0,751.0,460.0
2023-06-21,1138.0,1730.0,1157.0,761.0,455.0,1078.0,1065.0,1076.0,1056.0,937.0,1598.0,1174.0,759.0,458.0
2023-06-22,1216.0,1991.0,1140.0,751.0,456.0,1138.0,1078.0,1065.0,1074.0,919.0,1640.0,1157.0,761.0,455.0
2023-06-23,1240.0,2080.0,1127.0,743.0,455.0,1216.0,1138.0,1078.0,1079.0,939.0,1608.0,1140.0,751.0,456.0
2023-06-26,1233.0,2075.0,1113.0,741.0,454.0,1240.0,1216.0,1138.0,1094.0,1016.0,1558.0,1127.0,743.0,455.0
2023-06-27,1183.0,1937.0,1089.0,746.0,454.0,1233.0,1240.0,1216.0,1076.0,1020.0,1522.0,1113.0,741.0,454.0
2023-06-28,1138.0,1822.0,1058.0,752.0,452.0,1183.0,1233.0,1240.0,1065.0,1040.0,1476.0,1089.0,746.0,454.0
2023-06-29,1112.0,1759.0,1041.0,750.0,448.0,1138.0,1183.0,1233.0,1078.0,1055.0,1425.0,1058.0,752.0,452.0
2023-06-30,1091.0,1704.0,1030.0,749.0,446.0,1112.0,1138.0,1183.0,1138.0,1056.0,1402.0,1041.0,750.0,448.0
2023-07-03,1068.0,1651.0,1014.0,747.0,444.0,1091.0,1112.0,1138.0,1216.0,1074.0,1384.0,1030.0,749.0,446.0
2023-07-04,1044.0,1601.0,988.0,747.0,435.0,1068.0,1091.0,1112.0,1240.0,1079.0,1365.0,1014.0,747.0,444.0
2023-07-05,994.0,1475.0,969.0,737.0,430.0,1044.0,1068.0,1091.0,1233.0,1094.0,1348.0,988.0,747.0,435.0
2023-07-06,993.0,1479.0,971.0,728.0,427.0,994.0,1044.0,1068.0,1183.0,1076.0,1295.0,969.0,737.0,430.0
2023-07-07,1009.0,1522.0,984.0,724.0,424.0,993.0,994.0,1044.0,1138.0,1065.0,1215.0,971.0,728.0,427.0
2023-07-10,1024.0,1555.0,996.0,724.0,422.0,1009.0,993.0,994.0,1112.0,1078.0,1172.0,984.0,724.0,424.0
2023-07-11,1032.0,1550.0,1027.0,728.0,418.0,1024.0,1009.0,993.0,1091.0,1138.0,1123.0,996.0,724.0,422.0
2023-07-12,1088.0,1665.0,1086.0,734.0,414.0,1032.0,1024.0,1009.0,1068.0,1216.0,977.0,1027.0,728.0,418.0
2023-07-13,1103.0,1691.0,1101.0,743.0,411.0,1088.0,1032.0,1024.0,1044.0,1240.0,937.0,1086.0,734.0,414.0
2023-07-14,1090.0,1655.0,1095.0,743.0,409.0,1103.0,1088.0,1032.0,994.0,1233.0,919.0,1101.0,743.0,411.0
2023-07-17,1073.0,1614.0,1084.0,743.0,406.0,1090.0,1103.0,1088.0,993.0,1183.0,939.0,1095.0,743.0,409.0
2023-07-18,1037.0,1529.0,1052.0,746.0,406.0,1073.0,1090.0,1103.0,1009.0,1138.0,1016.0,1084.0,743.0,406.0
2023-07-19,1004.0,1468.0,993.0,754.0,404.0,1037.0,1073.0,1090.0,1024.0,1112.0,1020.0,1052.0,746.0,406.0
2023-07-20,977.0,1421.0,945.0,757.0,403.0,1004.0,1037.0,1073.0,1032.0,1091.0,1040.0,993.0,754.0,404.0
2023-07-21,978.0,1442.0,924.0,758.0,400.0,977.0,1004.0,1037.0,1088.0,1068.0,1055.0,945.0,757.0,403.0
2023-07-24,967.0,1422.0,910.0,757.0,400.0,978.0,977.0,1004.0,1103.0,1044.0,1056.0,924.0,758.0,400.0
2023-07-25,962.0,1424.0,895.0,753.0,400.0,967.0,978.0,977.0,1090.0,994.0,1074.0,910.0,757.0,400.0
2023-07-26,1067.0,1734.0,916.0,742.0,399.0,962.0,967.0,978.0,1073.0,993.0,1079.0,895.0,753.0,400.0
2023-07-27,1097.0,1801.0,955.0,733.0,397.0,1067.0,962.0,967.0,1037.0,1009.0,1094.0,916.0,742.0,399.0
2023-07-28,1110.0,1830.0,975.0,726.0,396.0,1097.0,1067.0,962.0,1004.0,1024.0,1076.0,955.0,733.0,397.0
2023-07-31,1127.0,1873.0,996.0,719.0,394.0,1110.0,1097.0,1067.0,977.0,1032.0,1065.0,975.0,726.0,396.0
2023-08-01,1150.0,1920.0,1034.0,709.0,394.0,1127.0,1110.0,1097.0,978.0,1088.0,1078.0,996.0,719.0,394.0
2023-08-02,1123.0,1808.0,1082.0,700.0,392.0,1150.0,1127.0,1110.0,967.0,1103.0,1138.0,1034.0,709.0,394.0
2023-08-03,1128.0,1803.0,1112.0,695.0,391.0,1123.0,1150.0,1127.0,962.0,1090.0,1216.0,1082.0,700.0,392.0
2023-08-04,1136.0,1818.0,1133.0,688.0,390.0,1128.0,1123.0,1150.0,1067.0,1073.0,1240.0,1112.0,695.0,391.0
2023-08-07,1145.0,1832.0,1153.0,686.0,389.0,1136.0,1128.0,1123.0,1097.0,1037.0,1233.0,1133.0,688.0,390.0
2023-08-08,1142.0,1783.0,1195.0,689.0,392.0,1145.0,1136.0,1128.0,1110.0,1004.0,1183.0,1153.0,686.0,389.0
2023-08-09,1144.0,1752.0,1233.0,696.0,393.0,1142.0,1145.0,1136.0,1127.0,977.0,1138.0,1195.0,689.0,392.0
2023-08-10,1137.0,1674.0,1292.0,706.0,401.0,1144.0,1142.0,1145.0,1150.0,978.0,1112.0,1233.0,696.0,393.0
2023-08-11,1129.0,1592.0,1337.0,728.0,411.0,1137.0,1144.0,1142.0,1123.0,967.0,1091.0,1292.0,706.0,401.0
2023-08-14,1135.0,1570.0,1365.0,745.0,420.0,1129.0,1137.0,1144.0,1128.0,962.0,1068.0,1337.0,728.0,411.0
2023-08-15,1166.0,1597.0,1412.0,772.0,433.0,1135.0,1129.0,1137.0,1136.0,1067.0,1044.0,1365.0,745.0,420.0
2023-08-16,1233.0,1701.0,1486.0,812.0,444.0,1166.0,1135.0,1129.0,1145.0,1097.0,994.0,1412.0,772.0,433.0
2023-08-17,1247.0,1665.0,1522.0,859.0,459.0,1233.0,1166.0,1135.0,1142.0,1110.0,993.0,1486.0,812.0,444.0
2023-08-18,1237.0,1598.0,1542.0,879.0,469.0,1247.0,1233.0,1166.0,1144.0,1127.0,1009.0,1522.0,859.0,459.0
2023-08-21,1223.0,1538.0,1541.0,900.0,477.0,1237.0,1247.0,1233.0,1137.0,1150.0,1024.0,1542.0,879.0,469.0
2023-08-22,1194.0,1461.0,1516.0,909.0,484.0,1223.0,1237.0,1247.0,1129.0,1123.0,1032.0,1541.0,900.0,477.0
2023-08-23,1151.0,1364.0,1474.0,910.0,491.0,1194.0,1223.0,1237.0,1135.0,1128.0,1088.0,1516.0,909.0,484.0
2023-08-24,1110.0,1259.0,1456.0,906.0,500.0,1151.0,1194.0,1223.0,1166.0,1136.0,1103.0,1474.0,910.0,491.0
2023-08-25,1080.0,1174.0,1449.0,908.0,507.0,1110.0,1151.0,1194.0,1233.0,1145.0,1090.0,1456.0,906.0,500.0
2023-08-29,1107.0,1205.0,1498.0,918.0,514.0,1080.0,1110.0,1151.0,1247.0,1142.0,1073.0,1449.0,908.0,507.0
2023-08-30,1094.0,1123.0,1521.0,942.0,524.0,1107.0,1080.0,1110.0,1237.0,1144.0,1037.0,1498.0,918.0,514.0
2023-08-31,1086.0,1094.0,1503.0,962.0,534.0,1094.0,1107.0,1080.0,1223.0,1137.0,1004.0,1521.0,942.0,524.0
2023-09-01,1065.0,1032.0,1478.0,980.0,541.0,1086.0,1094.0,1107.0,1194.0,1129.0,977.0,1503.0,962.0,534.0
2023-09-04,1083.0,1072.0,1478.0,995.0,548.0,1065.0,1086.0,1094.0,1151.0,1135.0,978.0,1478.0,980.0,541.0
2023-09-05,1063.0,997.0,1481.0,1008.0,557.0,1083.0,1065.0,1086.0,1110.0,1166.0,967.0,1478.0,995.0,548.0
2023-09-06,1081.0,1034.0,1466.0,1036.0,564.0,1063.0,1083.0,1065.0,1080.0,1233.0,962.0,1481.0,1008.0,557.0
2023-09-07,1141.0,1189.0,1473.0,1056.0,567.0,1081.0,1063.0,1083.0,1107.0,1247.0,1067.0,1466.0,1036.0,564.0
2023-09-08,1186.0,1289.0,1489.0,1079.0,572.0,1141.0,1081.0,1063.0,1094.0,1237.0,1097.0,1473.0,1056.0,567.0
2023-09-11,1209.0,1324.0,1508.0,1099.0,575.0,1186.0,1141.0,1081.0,1086.0,1223.0,1110.0,1489.0,1079.0,572.0
2023-09-12,1235.0,1330.0,1575.0,1118.0,585.0,1209.0,1186.0,1141.0,1065.0,1194.0,1127.0,1508.0,1099.0,575.0
2023-09-13,1290.0,1416.0,1623.0,1156.0,602.0,1235.0,1209.0,1186.0,1083.0,1151.0,1150.0,1575.0,1118.0,585.0
2023-09-14,1340.0,1512.0,1642.0,1196.0,624.0,1290.0,1235.0,1209.0,1063.0,1110.0,1123.0,1623.0,1156.0,602.0
2023-09-15,1381.0,1602.0,1656.0,1221.0,634.0,1340.0,1290.0,1235.0,1081.0,1080.0,1128.0,1642.0,1196.0,624.0
2023-09-18,1439.0,1749.0,1666.0,1240.0,645.0,1381.0,1340.0,1290.0,1141.0,1107.0,1136.0,1656.0,1221.0,634.0
2023-09-19,1526.0,1942.0,1693.0,1286.0,652.0,1439.0,1381.0,1340.0,1186.0,1094.0,1145.0,1666.0,1240.0,645.0
2023-09-20,1584.0,2067.0,1707.0,1324.0,662.0,1526.0,1439.0,1381.0,1209.0,1086.0,1142.0,1693.0,1286.0,652.0
2023-09-21,1569.0,2007.0,1696.0,1350.0,669.0,1584.0,1526.0,1439.0,1235.0,1065.0,1144.0,1707.0,1324.0,662.0
2023-09-22,1593.0,2083.0,1685.0,1355.0,670.0,1569.0,1584.0,1526.0,1290.0,1083.0,1137.0,1696.0,1350.0,669.0
2023-09-25,1614.0,2148.0,1685.0,1354.0,678.0,1593.0,1569.0,1584.0,1340.0,1063.0,1129.0,1685.0,1355.0,670.0
2023-09-26,1694.0,2394.0,1694.0,1339.0,681.0,1614.0,1593.0,1569.0,1381.0,1081.0,1135.0,1685.0,1354.0,678.0
2023-09-27,1752.0,2576.0,1711.0,1318.0,681.0,1694.0,1614.0,1593.0,1439.0,1141.0,1166.0,1694.0,1339.0,681.0
2023-09-28,1716.0,2493.0,1709.0,1294.0,680.0,1752.0,1694.0,1614.0,1526.0,1186.0,1233.0,1711.0,1318.0,681.0
2023-09-29,1701.0,2474.0,1701.0,1276.0,679.0,1716.0,1752.0,1694.0,1584.0,1209.0,1247.0,1709.0,1294.0,680.0
2023-10-02,1737.0,2610.0,1684.0,1263.0,677.0,1701.0,1716.0,1752.0,1569.0,1235.0,1237.0,1701.0,1276.0,679.0
2023-10-03,1780.0,2773.0,1656.0,1250.0,674.0,1737.0,1701.0,1716.0,1593.0,1290.0,1223.0,1684.0,1263.0,677.0
2023-10-04,1778.0,2801.0,1625.0,1244.0,673.0,1780.0,1737.0,1701.0,1614.0,1340.0,1194.0,1656.0,1250.0,674.0
2023-10-05,1827.0,2982.0,1592.0,1236.0,674.0,1778.0,1780.0,1737.0,1694.0,1381.0,1151.0,1625.0,1244.0,673.0
2023-10-06,1929.0,3309.0,1572.0,1233.0,675.0,1827.0,1778.0,1780.0,1752.0,1439.0,1110.0,1592.0,1236.0,674.0
2023-10-09,1991.0,3485.0,1586.0,1232.0,678.0,1929.0,1827.0,1778.0,1716.0,1526.0,1080.0,1572.0,1233.0,675.0
2023-10-10,1983.0,3421.0,1612.0,1250.0,677.0,1991.0,1929.0,1827.0,1701.0,1584.0,1107.0,1586.0,1232.0,678.0
2023-10-11,1948.0,3304.0,1614.0,1261.0,681.0,1983.0,1991.0,1929.0,1737.0,1569.0,1094.0,1612.0,1250.0,677.0
2023-10-12,1935.0,3278.0,1593.0,1266.0,684.0,1948.0,1983.0,1991.0,1780.0,1593.0,1086.0,1614.0,1261.0,681.0
2023-10-13,1945.0,3327.0,1567.0,1268.0,687.0,1935.0,1948.0,1983.0,1778.0,1614.0,1065.0,1593.0,1266.0,684.0
2023-10-16,1972.0,3418.0,1553.0,1269.0,690.0,1945.0,1935.0,1948.0,1827.0,1694.0,1083.0,1567.0,1268.0,687.0
2023-10-17,2058.0,3659.0,1565.0,1277.0,690.0,1972.0,1945.0,1935.0,1929.0,1752.0,1063.0,1553.0,1269.0,690.0
2023-10-18,2105.0,3749.0,1619.0,1285.0,691.0,2058.0,1972.0,1945.0,1991.0,1716.0,1081.0,1565.0,1277.0,690.0
2023-10-19,2071.0,3633.0,1635.0,1287.0,689.0,2105.0,2058.0,1972.0,1983.0,1701.0,1141.0,1619.0,1285.0,691.0
2023-10-20,2046.0,3556.0,1638.0,1287.0,686.0,2071.0,2105.0,2058.0,1948.0,1737.0,1186.0,1635.0,1287.0,689.0
2023-10-23,2017.0,3473.0,1638.0,1279.0,684.0,2046.0,2071.0,2105.0,1935.0,1780.0,1209.0,1638.0,1287.0,686.0
2023-10-24,1949.0,3276.0,1648.0,1266.0,681.0,2017.0,2046.0,2071.0,1945.0,1778.0,1235.0,1638.0,1279.0,684.0
2023-10-25,1832.0,2940.0,1649.0,1247.0,678.0,1949.0,2017.0,2046.0,1972.0,1827.0,1290.0,1648.0,1266.0,681.0
2023-10-26,1662.0,2465.0,1628.0,1227.0,671.0,1832.0,1949.0,2017.0,2058.0,1929.0,1340.0,1649.0,1247.0,678.0
2023-10-27,1563.0,2226.0,1605.0,1184.0,671.0,1662.0,1832.0,1949.0,2105.0,1991.0,1381.0,1628.0,1227.0,671.0
2023-10-30,1502.0,2091.0,1575.0,1159.0,669.0,1563.0,1662.0,1832.0,2071.0,1983.0,1439.0,1605.0,1184.0,671.0
2023-10-31,1459.0,2020.0,1534.0,1135.0,660.0,1502.0,1563.0,1662.0,2046.0,1948.0,1526.0,1575.0,1159.0,669.0
2023-11-01,1401.0,1899.0,1489.0,1119.0,652.0,1459.0,1502.0,1563.0,2017.0,1935.0,1584.0,1534.0,1135.0,660.0
2023-11-02,1385.0,1883.0,1461.0,1108.0,645.0,1401.0,1459.0,1502.0,1949.0,1945.0,1569.0,1489.0,1119.0,652.0
2023-11-03,1462.0,2133.0,1448.0,1101.0,634.0,1385.0,1401.0,1459.0,1832.0,1972.0,1593.0,1461.0,1108.0,645.0
2023-11-06,1523.0,2319.0,1448.0,1098.0,627.0,1462.0,1385.0,1401.0,1662.0,2058.0,1614.0,1448.0,1101.0,634.0
2023-11-07,1559.0,2427.0,1453.0,1097.0,615.0,1523.0,1462.0,1385.0,1563.0,2105.0,1694.0,1448.0,1098.0,627.0
2023-11-08,1530.0,2318.0,1470.0,1104.0,607.0,1559.0,1523.0,1462.0,1502.0,2071.0,1752.0,1453.0,1097.0,615.0
2023-11-09,1598.0,2486.0,1500.0,1116.0,601.0,1530.0,1559.0,1523.0,1459.0,2046.0,1716.0,1470.0,1104.0,607.0
2023-11-10,1643.0,2589.0,1530.0,1125.0,594.0,1598.0,1530.0,1559.0,1401.0,2017.0,1701.0,1500.0,1116.0,601.0
2023-11-13,1655.0,2607.0,1548.0,1127.0,588.0,1643.0,1598.0,1530.0,1385.0,1949.0,1737.0,1530.0,1125.0,594.0
2023-11-14,1662.0,2574.0,1607.0,1133.0,587.0,1655.0,1643.0,1598.0,1462.0,1832.0,1780.0,1548.0,1127.0,588.0
2023-11-15,1688.0,2574.0,1693.0,1141.0,588.0,1662.0,1655.0,1643.0,1523.0,1662.0,1778.0,1607.0,1133.0,587.0
2023-11-16,1758.0,2664.0,1800.0,1178.0,593.0,1688.0,1662.0,1655.0,1559.0,1563.0,1827.0,1693.0,1141.0,588.0
2023-11-17,1820.0,2763.0,1874.0,1205.0,599.0,1758.0,1688.0,1662.0,1530.0,1502.0,1929.0,1800.0,1178.0,593.0
2023-11-20,1817.0,2707.0,1915.0,1217.0,605.0,1820.0,1758.0,1688.0,1598.0,1459.0,1991.0,1874.0,1205.0,599.0
2023-11-21,1796.0,2586.0,1969.0,1232.0,614.0,1817.0,1820.0,1758.0,1643.0,1401.0,1983.0,1915.0,1217.0,605.0
2023-11-22,1755.0,2415.0,2008.0,1247.0,623.0,1796.0,1817.0,1820.0,1655.0,1385.0,1948.0,1969.0,1232.0,614.0
2023-11-23,1855.0,2679.0,2034.0,1265.0,648.0,1755.0,1796.0,1817.0,1662.0,1462.0,1935.0,2008.0,1247.0,623.0
2023-11-24,2102.0,3385.0,2064.0,1279.0,670.0,1855.0,1755.0,1796.0,1688.0,1523.0,1945.0,2034.0,1265.0,648.0
2023-11-27,2259.0,3819.0,2095.0,1292.0,680.0,2102.0,1855.0,1755.0,1758.0,1559.0,1972.0,2064.0,1279.0,670.0
2023-11-28,2391.0,4179.0,2106.0,1321.0,695.0,2259.0,2102.0,1855.0,1820.0,1530.0,2058.0,2095.0,1292.0,680.0
2023-11-29,2696.0,5040.0,2131.0,1360.0,723.0,2391.0,2259.0,2102.0,1817.0,1598.0,2105.0,2106.0,1321.0,695.0
2023-11-30,2937.0,5629.0,2219.0,1425.0,751.0,2696.0,2391.0,2259.0,1796.0,1643.0,2071.0,2131.0,1360.0,723.0
2023-12-01,3192.0,6237.0,2341.0,1489.0,773.0,2937.0,2696.0,2391.0,1755.0,1655.0,2046.0,2219.0,1425.0,751.0
2023-12-04,3346.0,6582.0,2441.0,1526.0,800.0,3192.0,2937.0,2696.0,1855.0,1662.0,2017.0,2341.0,1489.0,773.0
2023-12-05,3143.0,5946.0,2425.0,1565.0,831.0,3346.0,3192.0,2937.0,2102.0,1688.0,1949.0,2441.0,1526.0,800.0
2023-12-06,2848.0,5161.0,2311.0,1552.0,851.0,3143.0,3346.0,3192.0,2259.0,1758.0,1832.0,2425.0,1565.0,831.0
2023-12-07,2495.0,4203.0,2197.0,1538.0,862.0,2848.0,3143.0,3346.0,2391.0,1820.0,1662.0,2311.0,1552.0,851.0
2023-12-08,2483.0,4259.0,2104.0,1521.0,872.0,2495.0,2848.0,3143.0,2696.0,1817.0,1563.0,2197.0,1538.0,862.0
2023-12-11,2509.0,4398.0,2049.0,1506.0,884.0,2483.0,2495.0,2848.0,2937.0,1796.0,1502.0,2104.0,1521.0,872.0
2023-12-12,2551.0,4592.0,1996.0,1480.0,895.0,2509.0,2483.0,2495.0,3192.0,1755.0,1459.0,2049.0,1506.0,884.0
2023-12-13,2438.0,4306.0,1953.0,1463.0,903.0,2551.0,2509.0,2483.0,3346.0,1855.0,1401.0,1996.0,1480.0,895.0
2023-12-14,2411.0,4276.0,1915.0,1442.0,906.0,2438.0,2551.0,2509.0,3143.0,2102.0,1385.0,1953.0,1463.0,903.0
2023-12-15,2348.0,4113.0,1900.0,1426.0,908.0,2411.0,2438.0,2551.0,2848.0,2259.0,1462.0,1915.0,1442.0,906.0
2023-12-18,2288.0,3936.0,1906.0,1419.0,907.0,2348.0,2411.0,2438.0,2495.0,2391.0,1523.0,1900.0,1426.0,908.0
2023-12-19,2219.0,3730.0,1915.0,1408.0,903.0,2288.0,2348.0,2411.0,2483.0,2696.0,1559.0,1906.0,1419.0,907.0
2023-12-20,2150.0,3530.0,1917.0,1397.0,896.0,2219.0,2288.0,2348.0,2509.0,2937.0,1530.0,1915.0,1408.0,903.0
2023-12-21,2087.0,3361.0,1915.0,1378.0,888.0,2150.0,2219.0,2288.0,2551.0,3192.0,1598.0,1917.0,1397.0,896.0
2023-12-22,2094.0,3398.0,1909.0,1369.0,879.0,2087.0,2150.0,2219.0,2438.0,3346.0,1643.0,1915.0,1378.0,888.0
2024-01-02,2093.0,3484.0,1872.0,1308.0,808.0,2094.0,2087.0,2150.0,2411.0,3143.0,1655.0,1909.0,1369.0,879.0
2024-01-03,2091.0,3569.0,1808.0,1271.0,745.0,2093.0,2094.0,2087.0,2348.0,2848.0,1662.0,1872.0,1308.0,808.0
2024-01-04,2086.0,3651.0,1727.0,1236.0,716.0,2091.0,2093.0,2094.0,2288.0,2495.0,1688.0,1808.0,1271.0,745.0
2024-01-05,2110.0,3798.0,1666.0,1212.0,695.0,2086.0,2091.0,2093.0,2219.0,2483.0,1758.0,1727.0,1236.0,716.0
2024-01-08,2022.0,3599.0,1605.0,1194.0,680.0,2110.0,2086.0,2091.0,2150.0,2509.0,1820.0,1666.0,1212.0,695.0
2024-01-09,1875.0,3249.0,1534.0,1162.0,661.0,2022.0,2110.0,2086.0,2087.0,2551.0,1817.0,1605.0,1194.0,680.0
2024-01-10,1664.0,2696.0,1464.0,1135.0,644.0,1875.0,2022.0,2110.0,2094.0,2438.0,1796.0,1534.0,1162.0,661.0
2024-01-11,1554.0,2424.0,1421.0,1108.0,625.0,1664.0,1875.0,2022.0,2093.0,2411.0,1755.0,1464.0,1135.0,644.0
2024-01-12,1460.0,2172.0,1410.0,1088.0,616.0,1554.0,1664.0,1875.0,2091.0,2348.0,1855.0,1421.0,1108.0,625.0
2024-01-15,1360.0,1880.0,1412.0,1078.0,605.0,1460.0,1554.0,1664.0,2086.0,2288.0,2102.0,1410.0,1088.0,616.0
2024-01-16,1324.0,1779.0,1421.0,1060.0,600.0,1360.0,1460.0,1554.0,2110.0,2219.0,2259.0,1412.0,1078.0,605.0
2024-01-17,1308.0,1733.0,1446.0,1039.0,596.0,1324.0,1360.0,1460.0,2022.0,2150.0,2391.0,1421.0,1060.0,600.0
2024-01-18,1357.0,1853.0,1492.0,1029.0,593.0,1308.0,1324.0,1360.0,1875.0,2087.0,2696.0,1446.0,1039.0,596.0
2024-01-19,1503.0,2244.0,1550.0,1030.0,594.0,1357.0,1308.0,1324.0,1664.0,2094.0,2937.0,1492.0,1029.0,593.0
2024-01-22,1518.0,2272.0,1576.0,1027.0,594.0,1503.0,1357.0,1308.0,1554.0,2093.0,3192.0,1550.0,1030.0,594.0
2024-01-23,1473.0,2099.0,1613.0,1033.0,596.0,1518.0,1503.0,1357.0,1460.0,2091.0,3346.0,1576.0,1027.0,594.0
2024-01-24,1507.0,2145.0,1663.0,1050.0,597.0,1473.0,1518.0,1503.0,1360.0,2086.0,3143.0,1613.0,1033.0,596.0
2024-01-25,1499.0,2086.0,1690.0,1062.0,597.0,1507.0,1473.0,1518.0,1324.0,2110.0,2848.0,1663.0,1050.0,597.0
2024-01-26,1518.0,2135.0,1696.0,1065.0,596.0,1499.0,1507.0,1473.0,1308.0,2022.0,2495.0,1690.0,1062.0,597.0
2024-01-29,1460.0,1970.0,1686.0,1065.0,597.0,1518.0,1499.0,1507.0,1357.0,1875.0,2483.0,1696.0,1065.0,596.0
2024-01-30,1397.0,1824.0,1636.0,1061.0,595.0,1460.0,1518.0,1499.0,1503.0,1664.0,2509.0,1686.0,1065.0,597.0
2024-01-31,1398.0,1891.0,1566.0,1055.0,591.0,1397.0,1460.0,1518.0,1518.0,1554.0,2551.0,1636.0,1061.0,595.0
2024-02-01,1388.0,1924.0,1497.0,1048.0,588.0,1398.0,1397.0,1460.0,1473.0,1460.0,2438.0,1566.0,1055.0,591.0
2024-02-02,1407.0,2030.0,1444.0,1041.0,585.0,1388.0,1398.0,1397.0,1507.0,1360.0,2411.0,1497.0,1048.0,588.0
2024-02-05,1436.0,2142.0,1419.0,1037.0,582.0,1407.0,1388.0,1398.0,1499.0,1324.0,2348.0,1444.0,1041.0,585.0
2024-02-06,1516.0,2371.0,1428.0,1041.0,577.0,1436.0,1407.0,1388.0,1518.0,1308.0,2288.0,1419.0,1037.0,582.0
2024-02-07,1487.0,2263.0,1445.0,1047.0,574.0,1516.0,1436.0,1407.0,1460.0,1357.0,2219.0,1428.0,1041.0,577.0
2024-02-08,1473.0,2196.0,1474.0,1050.0,570.0,1487.0,1516.0,1436.0,1397.0,1503.0,2150.0,1445.0,1047.0,574.0
2024-02-09,1545.0,2381.0,1509.0,1053.0,568.0,1473.0,1487.0,1516.0,1398.0,1518.0,2087.0,1474.0,1050.0,570.0
2024-02-12,1572.0,2453.0,1526.0,1048.0,569.0,1545.0,1473.0,1487.0,1388.0,1473.0,2094.0,1509.0,1053.0,568.0
2024-02-13,1585.0,2476.0,1550.0,1047.0,567.0,1572.0,1545.0,1473.0,1407.0,1507.0,2093.0,1526.0,1048.0,569.0
2024-02-14,1582.0,2436.0,1582.0,1052.0,566.0,1585.0,1572.0,1545.0,1436.0,1499.0,2091.0,1550.0,1047.0,567.0
2024-02-15,1581.0,2394.0,1623.0,1058.0,567.0,1582.0,1585.0,1572.0,1516.0,1518.0,2086.0,1582.0,1052.0,566.0
2024-02-16,1610.0,2448.0,1646.0,1071.0,572.0,1581.0,1582.0,1585.0,1487.0,1460.0,2110.0,1623.0,1058.0,567.0
2024-02-19,1629.0,2457.0,1681.0,1090.0,577.0,1610.0,1581.0,1582.0,1473.0,1397.0,2022.0,1646.0,1071.0,572.0
2024-02-20,1632.0,2409.0,1706.0,1129.0,596.0,1629.0,1610.0,1581.0,1545.0,1398.0,1875.0,1681.0,1090.0,577.0
2024-02-21,1676.0,2543.0,1673.0,1154.0,613.0,1632.0,1629.0,1610.0,1572.0,1388.0,1664.0,1706.0,1129.0,596.0
2024-02-22,1752.0,2790.0,1624.0,1174.0,618.0,1676.0,1632.0,1629.0,1585.0,1407.0,1554.0,1673.0,1154.0,613.0
2024-02-23,1866.0,3145.0,1595.0,1189.0,628.0,1752.0,1676.0,1632.0,1582.0,1436.0,1460.0,1624.0,1174.0,618.0
2024-02-26,1871.0,3163.0,1578.0,1198.0,639.0,1866.0,1752.0,1676.0,1581.0,1516.0,1360.0,1595.0,1189.0,628.0
2024-02-27,1899.0,3224.0,1581.0,1220.0,667.0,1871.0,1866.0,1752.0,1610.0,1487.0,1324.0,1578.0,1198.0,639.0
2024-02-28,2041.0,3596.0,1627.0,1239.0,686.0,1899.0,1871.0,1866.0,1629.0,1473.0,1308.0,1581.0,1220.0,667.0
2024-02-29,2111.0,3743.0,1681.0,1257.0,708.0,2041.0,1899.0,1871.0,1632.0,1545.0,1357.0,1627.0,1239.0,686.0
2024-03-01,2203.0,3977.0,1723.0,1267.0,722.0,2111.0,2041.0,1899.0,1676.0,1572.0,1503.0,1681.0,1257.0,708.0
2024-03-04,2297.0,4205.0,1773.0,1282.0,741.0,2203.0,2111.0,2041.0,1752.0,1585.0,1518.0,1723.0,1267.0,722.0
2024-03-05,2291.0,4148.0,1805.0,1297.0,753.0,2297.0,2203.0,2111.0,1866.0,1582.0,1473.0,1773.0,1282.0,741.0
2024-03-06,2176.0,3769.0,1823.0,1312.0,758.0,2291.0,2297.0,2203.0,1871.0,1581.0,1507.0,1805.0,1297.0,753.0
2024-03-07,2251.0,3979.0,1840.0,1317.0,759.0,2176.0,2291.0,2297.0,1899.0,1610.0,1499.0,1823.0,1312.0,758.0
2024-03-08,2345.0,4245.0,1861.0,1318.0,762.0,2251.0,2176.0,2291.0,2041.0,1629.0,1518.0,1840.0,1317.0,759.0
2024-03-11,2377.0,4314.0,1893.0,1316.0,764.0,2345.0,2251.0,2176.0,2111.0,1632.0,1460.0,1861.0,1318.0,762.0
2024-03-12,2315.0,4092.0,1949.0,1306.0,766.0,2377.0,2345.0,2251.0,2203.0,1676.0,1397.0,1893.0,1316.0,764.0
2024-03-13,2370.0,4189.0,2043.0,1301.0,769.0,2315.0,2377.0,2345.0,2297.0,1752.0,1398.0,1949.0,1306.0,766.0
2024-03-14,2350.0,4042.0,2133.0,1314.0,777.0,2370.0,2315.0,2377.0,2291.0,1866.0,1388.0,2043.0,1301.0,769.0
2024-03-15,2374.0,4019.0,2234.0,1326.0,781.0,2350.0,2370.0,2315.0,2176.0,1871.0,1407.0,2133.0,1314.0,777.0
2024-03-18,2419.0,4089.0,2298.0,1338.0,783.0,2374.0,2350.0,2370.0,2251.0,1899.0,1436.0,2234.0,1326.0,781.0
2024-03-19,2392.0,3990.0,2306.0,1351.0,788.0,2419.0,2374.0,2350.0,2345.0,2041.0,1516.0,2298.0,1338.0,783.0
2024-03-20,2284.0,3690.0,2251.0,1370.0,790.0,2392.0,2419.0,2374.0,2377.0,2111.0,1487.0,2306.0,1351.0,788.0
2024-03-21,2240.0,3588.0,2204.0,1379.0,795.0,2284.0,2392.0,2419.0,2315.0,2203.0,1473.0,2251.0,1370.0,790.0
2024-03-22,2196.0,3482.0,2165.0,1383.0,795.0,2240.0,2284.0,2392.0,2370.0,2297.0,1545.0,2204.0,1379.0,795.0
2024-03-25,2123.0,3295.0,2120.0,1386.0,792.0,2196.0,2240.0,2284.0,2350.0,2291.0,1572.0,2165.0,1383.0,795.0
2024-03-26,1989.0,2964.0,2044.0,1375.0,784.0,2123.0,2196.0,2240.0,2374.0,2176.0,1585.0,2120.0,1386.0,792.0
2024-03-27,1845.0,2638.0,1941.0,1353.0,779.0,1989.0,2123.0,2196.0,2419.0,2251.0,1582.0,2044.0,1375.0,784.0
2024-03-28,1821.0,2637.0,1879.0,1331.0,772.0,1845.0,1989.0,2123.0,2392.0,2345.0,1581.0,1941.0,1353.0,779.0
2024-04-02,1714.0,2394.0,1816.0,1303.0,763.0,1821.0,1845.0,1989.0,2284.0,2377.0,1610.0,1879.0,1331.0,772.0
2024-04-03,1711.0,2437.0,1772.0,1284.0,752.0,1714.0,1821.0,1845.0,2240.0,2315.0,1629.0,1816.0,1303.0,763.0
2024-04-04,1669.0,2354.0,1733.0,1273.0,745.0,1711.0,1714.0,1821.0,2196.0,2370.0,1632.0,1772.0,1284.0,752.0
2024-04-05,1628.0,2274.0,1695.0,1261.0,735.0,1669.0,1711.0,1714.0,2123.0,2350.0,1676.0,1733.0,1273.0,745.0
2024-04-08,1594.0,2198.0,1667.0,1258.0,733.0,1628.0,1669.0,1711.0,1989.0,2374.0,1752.0,1695.0,1261.0,735.0
2024-04-09,1570.0,2153.0,1633.0,1259.0,727.0,1594.0,1628.0,1669.0,1845.0,2419.0,1866.0,1667.0,1258.0,733.0
2024-04-10,1587.0,2202.0,1631.0,1260.0,724.0,1570.0,1594.0,1628.0,1821.0,2392.0,1871.0,1633.0,1259.0,727.0
2024-04-11,1690.0,2475.0,1677.0,1261.0,724.0,1587.0,1570.0,1594.0,1714.0,2284.0,1899.0,1631.0,1260.0,724.0
2024-04-12,1729.0,2552.0,1713.0,1272.0,722.0,1690.0,1587.0,1570.0,1711.0,2240.0,2041.0,1677.0,1261.0,724.0
2024-04-15,1730.0,2529.0,1736.0,1280.0,721.0,1729.0,1690.0,1587.0,1669.0,2196.0,2111.0,1713.0,1272.0,722.0
2024-04-16,1779.0,2631.0,1754.0,1311.0,724.0,1730.0,1729.0,1690.0,1628.0,2123.0,2203.0,1736.0,1280.0,721.0
2024-04-17,1844.0,2760.0,1805.0,1337.0,729.0,1779.0,1730.0,1729.0,1594.0,1989.0,2297.0,1754.0,1311.0,724.0
2024-04-18,1901.0,2845.0,1876.0,1365.0,735.0,1844.0,1779.0,1730.0,1570.0,1845.0,2291.0,1805.0,1337.0,729.0
2024-04-19,1919.0,2839.0,1916.0,1394.0,741.0,1901.0,1844.0,1779.0,1587.0,1821.0,2176.0,1876.0,1365.0,735.0
2024-04-22,1882.0,2702.0,1928.0,1410.0,744.0,1919.0,1901.0,1844.0,1690.0,1714.0,2251.0,1916.0,1394.0,741.0
2024-04-23,1804.0,2458.0,1914.0,1430.0,751.0,1882.0,1919.0,1901.0,1729.0,1711.0,2345.0,1928.0,1410.0,744.0
2024-04-24,1774.0,2345.0,1910.0,1456.0,751.0,1804.0,1882.0,1919.0,1730.0,1669.0,2377.0,1914.0,1430.0,751.0
2024-04-25,1743.0,2230.0,1896.0,1488.0,750.0,1774.0,1804.0,1882.0,1779.0,1628.0,2315.0,1910.0,1456.0,751.0
2024-04-26,1721.0,2172.0,1878.0,1495.0,751.0,1743.0,1774.0,1804.0,1844.0,1594.0,2370.0,1896.0,1488.0,750.0
2024-04-29,1684.0,2080.0,1858.0,1492.0,750.0,1721.0,1743.0,1774.0,1901.0,1570.0,2350.0,1878.0,1495.0,751.0
2024-04-30,1685.0,2100.0,1845.0,1485.0,746.0,1684.0,1721.0,1743.0,1919.0,1587.0,2374.0,1858.0,1492.0,750.0
2024-05-01,1688.0,2116.0,1847.0,1478.0,742.0,1685.0,1684.0,1721.0,1882.0,1690.0,2419.0,1845.0,1485.0,746.0
2024-05-02,1774.0,2372.0,1863.0,1466.0,732.0,1688.0,1685.0,1684.0,1804.0,1729.0,2392.0,1847.0,1478.0,742.0
2024-05-03,1876.0,2673.0,1884.0,1458.0,729.0,1774.0,1688.0,1685.0,1774.0,1730.0,2284.0,1863.0,1466.0,732.0
2024-05-07,2083.0,3239.0,1949.0,1461.0,722.0,1876.0,1774.0,1688.0,1743.0,1779.0,2240.0,1884.0,1458.0,729.0
2024-05-08,2203.0,3541.0,2005.0,1477.0,711.0,2083.0,1876.0,1774.0,1721.0,1844.0,2196.0,1949.0,1461.0,722.0
2024-05-09,2166.0,3405.0,2020.0,1488.0,709.0,2203.0,2083.0,1876.0,1684.0,1901.0,2123.0,2005.0,1477.0,711.0
2024-05-10,2129.0,3292.0,2026.0,1485.0,703.0,2166.0,2203.0,2083.0,1685.0,1919.0,1989.0,2020.0,1488.0,709.0
2024-05-13,2066.0,3108.0,2017.0,1485.0,701.0,2129.0,2166.0,2203.0,1688.0,1882.0,1845.0,2026.0,1485.0,703.0
2024-05-14,1993.0,2931.0,1978.0,1475.0,698.0,2066.0,2129.0,2166.0,1774.0,1804.0,1821.0,2017.0,1485.0,701.0
2024-05-15,1889.0,2699.0,1905.0,1453.0,694.0,1993.0,2066.0,2129.0,1876.0,1774.0,1714.0,1978.0,1475.0,698.0
2024-05-16,1817.0,2558.0,1845.0,1425.0,693.0,1889.0,1993.0,2066.0,2083.0,1743.0,1711.0,1905.0,1453.0,694.0
2024-05-17,1844.0,2675.0,1825.0,1405.0,690.0,1817.0,1889.0,1993.0,2203.0,1721.0,1669.0,1845.0,1425.0,693.0
2024-05-20,1847.0,2708.0,1811.0,1392.0,691.0,1844.0,1817.0,1889.0,2166.0,1684.0,1628.0,1825.0,1405.0,690.0
2024-05-21,1829.0,2655.0,1822.0,1382.0,688.0,1847.0,1844.0,1817.0,2129.0,1685.0,1594.0,1811.0,1392.0,691.0
2024-05-22,1804.0,2584.0,1831.0,1371.0,686.0,1829.0,1847.0,1844.0,2066.0,1688.0,1570.0,1822.0,1382.0,688.0
2024-05-23,1796.0,2584.0,1832.0,1345.0,686.0,1804.0,1829.0,1847.0,1993.0,1774.0,1587.0,1831.0,1371.0,686.0
2024-05-24,1797.0,2613.0,1824.0,1326.0,688.0,1796.0,1804.0,1829.0,1889.0,1876.0,1690.0,1832.0,1345.0,686.0
2024-05-28,1784.0,2608.0,1801.0,1309.0,708.0,1797.0,1796.0,1804.0,1817.0,2083.0,1729.0,1824.0,1326.0,688.0
2024-05-29,1790.0,2674.0,1762.0,1293.0,712.0,1784.0,1797.0,1796.0,1844.0,2203.0,1730.0,1801.0,1309.0,708.0
2024-05-30,1801.0,2750.0,1718.0,1286.0,718.0,1790.0,1784.0,1797.0,1847.0,2166.0,1779.0,1762.0,1293.0,712.0
2024-05-31,1815.0,2820.0,1693.0,1278.0,720.0,1801.0,1790.0,1784.0,1829.0,2129.0,1844.0,1718.0,1286.0,718.0
2024-06-03,1808.0,2816.0,1681.0,1272.0,722.0,1815.0,1801.0,1790.0,1804.0,2066.0,1901.0,1693.0,1278.0,720.0
2024-06-04,1813.0,2839.0,1679.0,1265.0,717.0,1808.0,1815.0,1801.0,1796.0,1993.0,1919.0,1681.0,1272.0,722.0
2024-06-05,1852.0,2945.0,1702.0,1258.0,714.0,1813.0,1808.0,1815.0,1797.0,1889.0,1882.0,1679.0,1265.0,717.0
2024-06-06,1869.0,2977.0,1731.0,1255.0,716.0,1852.0,1813.0,1808.0,1784.0,1817.0,1804.0,1702.0,1258.0,714.0
2024-06-07,1881.0,2998.0,1750.0,1254.0,714.0,1869.0,1852.0,1813.0,1790.0,1844.0,1774.0,1731.0,1255.0,716.0
2024-06-10,1883.0,2985.0,1769.0,1257.0,714.0,1881.0,1869.0,1852.0,1801.0,1847.0,1743.0,1750.0,1254.0,714.0
2024-06-11,1831.0,2784.0,1807.0,1271.0,711.0,1883.0,1881.0,1869.0,1815.0,1829.0,1721.0,1769.0,1257.0,714.0
2024-06-12,1836.0,2726.0,1864.0,1297.0,708.0,1831.0,1883.0,1881.0,1808.0,1804.0,1684.0,1807.0,1271.0,711.0
2024-06-13,1942.0,2985.0,1920.0,1313.0,708.0,1836.0,1831.0,1883.0,1813.0,1796.0,1685.0,1864.0,1297.0,708.0
2024-06-14,1948.0,2957.0,1950.0,1335.0,711.0,1942.0,1836.0,1831.0,1852.0,1797.0,1688.0,1920.0,1313.0,708.0
2024-06-17,1948.0,2938.0,1960.0,1346.0,716.0,1948.0,1942.0,1836.0,1869.0,1784.0,1774.0,1950.0,1335.0,711.0
2024-06-18,1961.0,2966.0,1954.0,1362.0,725.0,1948.0,1948.0,1942.0,1881.0,1790.0,1876.0,1960.0,1346.0,716.0
2024-06-19,1943.0,2927.0,1919.0,1374.0,734.0,1961.0,1948.0,1948.0,1883.0,1801.0,2083.0,1954.0,1362.0,725.0
2024-06-20,1984.0,3079.0,1867.0,1389.0,744.0,1943.0,1961.0,1948.0,1831.0,1815.0,2203.0,1919.0,1374.0,734.0
2024-06-21,1997.0,3142.0,1827.0,1398.0,753.0,1984.0,1943.0,1961.0,1836.0,1808.0,2166.0,1867.0,1389.0,744.0
2024-06-24,1973.0,3093.0,1792.0,1405.0,757.0,1997.0,1984.0,1943.0,1942.0,1813.0,2129.0,1827.0,1398.0,753.0
2024-06-25,1926.0,2990.0,1735.0,1412.0,760.0,1973.0,1997.0,1984.0,1948.0,1852.0,2066.0,1792.0,1405.0,757.0
2024-06-26,1964.0,3145.0,1683.0,1412.0,763.0,1926.0,1973.0,1997.0,1948.0,1869.0,1993.0,1735.0,1412.0,760.0
2024-06-27,2031.0,3371.0,1672.0,1399.0,763.0,1964.0,1926.0,1973.0,1961.0,1881.0,1889.0,1683.0,1412.0,763.0
2024-06-28,2050.0,3443.0,1667.0,1385.0,763.0,2031.0,1964.0,1926.0,1943.0,1883.0,1817.0,1672.0,1399.0,763.0
2024-07-01,2158.0,3791.0,1662.0,1369.0,762.0,2050.0,2031.0,1964.0,1984.0,1831.0,1844.0,1667.0,1385.0,763.0
2024-07-02,2179.0,3888.0,1640.0,1351.0,755.0,2158.0,2050.0,2031.0,1997.0,1836.0,1847.0,1662.0,1369.0,762.0
2024-07-03,2064.0,3580.0,1607.0,1340.0,749.0,2179.0,2158.0,2050.0,1973.0,1942.0,1829.0,1640.0,1351.0,755.0
2024-07-04,2021.0,3486.0,1568.0,1337.0,745.0,2064.0,2179.0,2158.0,1926.0,1948.0,1804.0,1607.0,1340.0,749.0
2024-07-05,1966.0,3339.0,1546.0,1335.0,742.0,2021.0,2064.0,2179.0,1964.0,1948.0,1796.0,1568.0,1337.0,745.0
2024-07-08,1940.0,3276.0,1531.0,1334.0,739.0,1966.0,2021.0,2064.0,2031.0,1961.0,1797.0,1546.0,1335.0,742.0
2024-07-09,1894.0,3119.0,1536.0,1347.0,737.0,1940.0,1966.0,2021.0,2050.0,1943.0,1784.0,1531.0,1334.0,739.0
2024-07-10,1939.0,3215.0,1579.0,1353.0,735.0,1894.0,1940.0,1966.0,2158.0,1984.0,1790.0,1536.0,1347.0,737.0
2024-07-11,1947.0,3183.0,1638.0,1361.0,740.0,1939.0,1894.0,1940.0,2179.0,1997.0,1801.0,1579.0,1353.0,735.0
2024-07-12,1997.0,3296.0,1678.0,1364.0,741.0,1947.0,1939.0,1894.0,2064.0,1973.0,1815.0,1638.0,1361.0,740.0
2024-07-15,1993.0,3263.0,1702.0,1368.0,742.0,1997.0,1947.0,1939.0,2021.0,1926.0,1808.0,1678.0,1364.0,741.0
2024-07-16,1942.0,3099.0,1713.0,1366.0,743.0,1993.0,1997.0,1947.0,1966.0,1964.0,1813.0,1702.0,1368.0,742.0
2024-07-17,1890.0,2940.0,1713.0,1370.0,747.0,1942.0,1993.0,1997.0,1940.0,2031.0,1852.0,1713.0,1366.0,743.0
2024-07-18,1912.0,3007.0,1714.0,1370.0,749.0,1890.0,1942.0,1993.0,1894.0,2050.0,1869.0,1713.0,1370.0,747.0
2024-07-19,1902.0,2973.0,1714.0,1374.0,752.0,1912.0,1890.0,1942.0,1939.0,2158.0,1881.0,1714.0,1370.0,749.0
2024-07-22,1896.0,2957.0,1712.0,1374.0,756.0,1902.0,1912.0,1890.0,1947.0,2179.0,1883.0,1714.0,1374.0,752.0
2024-07-23,1869.0,2854.0,1728.0,1380.0,757.0,1896.0,1902.0,1912.0,1997.0,2064.0,1831.0,1712.0,1374.0,756.0
2024-07-24,1864.0,2803.0,1765.0,1385.0,758.0,1869.0,1896.0,1902.0,1993.0,2021.0,1836.0,1728.0,1380.0,757.0
2024-07-25,1834.0,2696.0,1785.0,1387.0,760.0,1864.0,1869.0,1896.0,1942.0,1966.0,1942.0,1765.0,1385.0,758.0
2024-07-26,1808.0,2614.0,1792.0,1386.0,759.0,1834.0,1864.0,1869.0,1890.0,1940.0,1948.0,1785.0,1387.0,760.0
2024-07-29,1797.0,2582.0,1792.0,1383.0,759.0,1808.0,1834.0,1864.0,1912.0,1894.0,1948.0,1792.0,1386.0,759.0
2024-07-30,1762.0,2499.0,1772.0,1377.0,760.0,1797.0,1808.0,1834.0,1902.0,1939.0,1961.0,1792.0,1383.0,759.0
2024-07-31,1708.0,2377.0,1739.0,1363.0,762.0,1762.0,1797.0,1808.0,1896.0,1947.0,1943.0,1772.0,1377.0,760.0
2024-08-01,1668.0,2289.0,1713.0,1352.0,761.0,1708.0,1762.0,1797.0,1869.0,1997.0,1984.0,1739.0,1363.0,762.0
2024-08-02,1675.0,2327.0,1705.0,1342.0,759.0,1668.0,1708.0,1762.0,1864.0,1993.0,1997.0,1713.0,1352.0,761.0
2024-08-05,1677.0,2351.0,1697.0,1330.0,758.0,1675.0,1668.0,1708.0,1834.0,1942.0,1973.0,1705.0,1342.0,759.0
2024-08-06,1685.0,2402.0,1678.0,1320.0,759.0,1677.0,1675.0,1668.0,1808.0,1890.0,1926.0,1697.0,1330.0,758.0
2024-08-07,1698.0,2473.0,1651.0,1309.0,756.0,1685.0,1677.0,1675.0,1797.0,1912.0,1964.0,1678.0,1320.0,759.0
2024-08-08,1683.0,2459.0,1620.0,1302.0,756.0,1698.0,1685.0,1677.0,1762.0,1902.0,2031.0,1651.0,1309.0,756.0
2024-08-09,1670.0,2437.0,1599.0,1301.0,755.0,1683.0,1698.0,1685.0,1708.0,1896.0,2050.0,1620.0,1302.0,756.0
2024-08-12,1655.0,2413.0,1584.0,1294.0,756.0,1670.0,1683.0,1698.0,1668.0,1869.0,2158.0,1599.0,1301.0,755.0
2024-08-13,1670.0,2477.0,1563.0,1292.0,756.0,1655.0,1670.0,1683.0,1675.0,1864.0,2179.0,1584.0,1294.0,756.0
2024-08-14,1728.0,2650.0,1560.0,1297.0,757.0,1670.0,1655.0,1670.0,1677.0,1834.0,2064.0,1563.0,1292.0,756.0
2024-08-15,1692.0,2542.0,1554.0,1300.0,756.0,1728.0,1670.0,1655.0,1685.0,1808.0,2021.0,1560.0,1297.0,757.0
2024-08-16,1691.0,2537.0,1552.0,1304.0,754.0,1692.0,1728.0,1670.0,1698.0,1797.0,1966.0,1554.0,1300.0,756.0
2024-08-19,1708.0,2594.0,1544.0,1305.0,754.0,1691.0,1692.0,1728.0,1683.0,1762.0,1940.0,1552.0,1304.0,754.0
2024-08-20,1735.0,2691.0,1521.0,1309.0,755.0,1708.0,1691.0,1692.0,1670.0,1708.0,1894.0,1544.0,1305.0,754.0
2024-08-21,1759.0,2788.0,1487.0,1310.0,754.0,1735.0,1708.0,1691.0,1655.0,1668.0,1939.0,1521.0,1309.0,755.0
2024-08-22,1768.0,2847.0,1444.0,1313.0,753.0,1759.0,1735.0,1708.0,1670.0,1675.0,1947.0,1487.0,1310.0,754.0
2024-08-23,1762.0,2851.0,1414.0,1318.0,753.0,1768.0,1759.0,1735.0,1728.0,1677.0,1997.0,1444.0,1313.0,753.0
2024-08-27,1721.0,2755.0,1381.0,1317.0,748.0,1762.0,1768.0,1759.0,1692.0,1685.0,1993.0,1414.0,1318.0,753.0
2024-08-28,1755.0,2883.0,1350.0,1316.0,746.0,1721.0,1762.0,1768.0,1691.0,1698.0,1942.0,1381.0,1317.0,748.0
2024-08-29,1827.0,3119.0,1331.0,1312.0,745.0,1755.0,1721.0,1762.0,1708.0,1683.0,1890.0,1350.0,1316.0,746.0
2024-08-30,1814.0,3099.0,1316.0,1306.0,744.0,1827.0,1755.0,1721.0,1735.0,1670.0,1912.0,1331.0,1312.0,745.0
2024-09-02,1919.0,3248.0,1305.0,1280.0,741.0,1814.0,1827.0,1755.0,1759.0,1655.0,1902.0,1316.0,1306.0,744.0
2024-09-03,1947.0,3349.0,1300.0,1280.0,737.0,1919.0,1814.0,1827.0,1768.0,1670.0,1896.0,1305.0,1280.0,741.0
2024-09-04,1902.0,3224.0,1300.0,1271.0,732.0,1947.0,1919.0,1814.0,1762.0,1728.0,1869.0,1300.0,1280.0,737.0
2024-09-05,1919.0,3285.0,1294.0,1266.0,727.0,1902.0,1947.0,1919.0,1721.0,1692.0,1864.0,1300.0,1271.0,732.0
2024-09-06,1941.0,3356.0,1294.0,1260.0,724.0,1919.0,1902.0,1947.0,1755.0,1691.0,1834.0,1294.0,1266.0,727.0
2024-09-09,1958.0,3404.0,1302.0,1259.0,719.0,1941.0,1919.0,1902.0,1827.0,1708.0,1808.0,1294.0,1260.0,724.0
2024-09-10,1941.0,3342.0,1317.0,1258.0,714.0,1958.0,1941.0,1919.0,1814.0,1735.0,1797.0,1302.0,1259.0,719.0
2024-09-11,1963.0,3375.0,1356.0,1259.0,710.0,1941.0,1958.0,1941.0,1919.0,1759.0,1762.0,1317.0,1258.0,714.0
2024-09-12,1927.0,3225.0,1402.0,1263.0,709.0,1963.0,1941.0,1958.0,1947.0,1768.0,1708.0,1356.0,1259.0,710.0
2024-09-13,1890.0,3089.0,1428.0,1264.0,707.0,1927.0,1963.0,1941.0,1902.0,1762.0,1668.0,1402.0,1263.0,709.0
2024-09-16,1896.0,3097.0,1442.0,1265.0,707.0,1890.0,1927.0,1963.0,1919.0,1721.0,1675.0,1428.0,1264.0,707.0
2024-09-17,1901.0,3090.0,1466.0,1266.0,706.0,1896.0,1890.0,1927.0,1941.0,1755.0,1677.0,1442.0,1265.0,707.0
2024-09-18,1890.0,3024.0,1502.0,1270.0,706.0,1901.0,1896.0,1890.0,1958.0,1827.0,1685.0,1466.0,1266.0,706.0
2024-09-19,1976.0,3253.0,1528.0,1276.0,707.0,1890.0,1901.0,1896.0,1941.0,1814.0,1698.0,1502.0,1270.0,706.0
2024-09-20,1977.0,3235.0,1538.0,1289.0,707.0,1976.0,1890.0,1901.0,1963.0,1919.0,1683.0,1528.0,1276.0,707.0
2024-09-23,1999.0,3275.0,1552.0,1301.0,708.0,1977.0,1976.0,1890.0,1927.0,1947.0,1670.0,1538.0,1289.0,707.0
2024-09-24,2014.0,3301.0,1560.0,1312.0,711.0,1999.0,1977.0,1976.0,1890.0,1902.0,1655.0,1552.0,1301.0,708.0
2024-09-25,2016.0,3315.0,1543.0,1317.0,713.0,2014.0,1999.0,1977.0,1896.0,1919.0,1670.0,1560.0,1312.0,711.0
2024-09-26,2091.0,3580.0,1498.0,1314.0,712.0,2016.0,2014.0,1999.0,1901.0,1941.0,1728.0,1543.0,1317.0,713.0
2024-09-27,2110.0,3689.0,1446.0,1306.0,710.0,2091.0,2016.0,2014.0,1890.0,1958.0,1692.0,1498.0,1314.0,712.0
2024-09-30,2084.0,3649.0,1414.0,1296.0,711.0,2110.0,2091.0,2016.0,1976.0,1941.0,1691.0,1446.0,1306.0,710.0
2024-10-01,2030.0,3524.0,1386.0,1283.0,713.0,2084.0,2110.0,2091.0,1977.0,1963.0,1708.0,1414.0,1296.0,711.0
2024-10-02,1978.0,3399.0,1364.0,1272.0,713.0,2030.0,2084.0,2110.0,1999.0,1927.0,1735.0,1386.0,1283.0,713.0
2024-10-03,1941.0,3299.0,1367.0,1260.0,712.0,1978.0,2030.0,2084.0,2014.0,1890.0,1759.0,1364.0,1272.0,713.0
2024-10-04,1928.0,3243.0,1388.0,1258.0,712.0,1941.0,1978.0,2030.0,2016.0,1896.0,1768.0,1367.0,1260.0,712.0
2024-10-07,1907.0,3161.0,1415.0,1257.0,715.0,1928.0,1941.0,1978.0,2091.0,1901.0,1762.0,1388.0,1258.0,712.0
2024-10-08,1860.0,2989.0,1441.0,1264.0,717.0,1907.0,1928.0,1941.0,2110.0,1890.0,1721.0,1415.0,1257.0,715.0
2024-10-09,1799.0,2786.0,1457.0,1270.0,716.0,1860.0,1907.0,1928.0,2084.0,1976.0,1755.0,1441.0,1264.0,717.0
2024-10-10,1790.0,2755.0,1455.0,1274.0,717.0,1799.0,1860.0,1907.0,2030.0,1977.0,1827.0,1457.0,1270.0,716.0
2024-10-11,1809.0,2835.0,1435.0,1269.0,718.0,1790.0,1799.0,1860.0,1978.0,1999.0,1814.0,1455.0,1274.0,717.0
2024-10-14,1814.0,2878.0,1409.0,1262.0,719.0,1809.0,1790.0,1799.0,1941.0,2014.0,1919.0,1435.0,1269.0,718.0
2024-10-15,1766.0,2773.0,1364.0,1260.0,720.0,1814.0,1809.0,1790.0,1928.0,2016.0,1947.0,1409.0,1262.0,719.0
2024-10-16,1676.0,2552.0,1309.0,1257.0,723.0,1766.0,1814.0,1809.0,1907.0,2091.0,1902.0,1364.0,1260.0,720.0
2024-10-17,1594.0,2322.0,1288.0,1254.0,725.0,1676.0,1766.0,1814.0,1860.0,2110.0,1919.0,1309.0,1257.0,723.0
2024-10-18,1576.0,2276.0,1285.0,1250.0,727.0,1594.0,1676.0,1766.0,1799.0,2084.0,1941.0,1288.0,1254.0,725.0
2024-10-21,1546.0,2191.0,1278.0,1250.0,726.0,1576.0,1594.0,1676.0,1790.0,2030.0,1958.0,1285.0,1250.0,727.0
2024-10-22,1480.0,2008.0,1260.0,1249.0,729.0,1546.0,1576.0,1594.0,1809.0,1978.0,1941.0,1278.0,1250.0,726.0
2024-10-23,1445.0,1921.0,1238.0,1249.0,731.0,1480.0,1546.0,1576.0,1814.0,1941.0,1963.0,1260.0,1249.0,729.0
2024-10-24,1417.0,1859.0,1216.0,1245.0,727.0,1445.0,1480.0,1546.0,1766.0,1928.0,1927.0,1238.0,1249.0,731.0
2024-10-25,1410.0,1856.0,1201.0,1240.0,728.0,1417.0,1445.0,1480.0,1676.0,1907.0,1890.0,1216.0,1245.0,727.0
2024-10-28,1382.0,1786.0,1190.0,1234.0,723.0,1410.0,1417.0,1445.0,1594.0,1860.0,1896.0,1201.0,1240.0,728.0
2024-10-29,1402.0,1859.0,1195.0,1221.0,722.0,1382.0,1410.0,1417.0,1576.0,1799.0,1901.0,1190.0,1234.0,723.0
2024-10-30,1395.0,1846.0,1202.0,1207.0,720.0,1402.0,1382.0,1410.0,1546.0,1790.0,1890.0,1195.0,1221.0,722.0
2024-10-31,1388.0,1853.0,1204.0,1182.0,719.0,1395.0,1402.0,1382.0,1480.0,1809.0,1976.0,1202.0,1207.0,720.0
2024-11-01,1378.0,1848.0,1199.0,1163.0,718.0,1388.0,1395.0,1402.0,1445.0,1814.0,1977.0,1204.0,1182.0,719.0
2024-11-04,1374.0,1849.0,1195.0,1154.0,715.0,1378.0,1388.0,1395.0,1417.0,1766.0,1999.0,1199.0,1163.0,718.0
2024-11-05,1405.0,1967.0,1191.0,1136.0,710.0,1374.0,1378.0,1388.0,1410.0,1676.0,2014.0,1195.0,1154.0,715.0
2024-11-06,1427.0,2060.0,1185.0,1118.0,707.0,1405.0,1374.0,1378.0,1382.0,1594.0,2016.0,1191.0,1136.0,710.0
2024-11-07,1451.0,2162.0,1178.0,1098.0,705.0,1427.0,1405.0,1374.0,1402.0,1576.0,2091.0,1185.0,1118.0,707.0
2024-11-08,1495.0,2316.0,1176.0,1079.0,703.0,1451.0,1427.0,1405.0,1395.0,1546.0,2110.0,1178.0,1098.0,705.0
2024-11-11,1558.0,2517.0,1182.0,1064.0,701.0,1495.0,1451.0,1427.0,1388.0,1480.0,2084.0,1176.0,1079.0,703.0
2024-11-12,1634.0,2753.0,1194.0,1051.0,697.0,1558.0,1495.0,1451.0,1378.0,1445.0,2030.0,1182.0,1064.0,701.0
2024-11-13,1630.0,2746.0,1208.0,1036.0,693.0,1634.0,1558.0,1495.0,1374.0,1417.0,1978.0,1194.0,1051.0,697.0
2024-11-14,1692.0,2936.0,1213.0,1029.0,687.0,1630.0,1634.0,1558.0,1405.0,1410.0,1941.0,1208.0,1036.0,693.0
2024-11-15,1785.0,3229.0,1212.0,1019.0,685.0,1692.0,1630.0,1634.0,1427.0,1382.0,1928.0,1213.0,1029.0,687.0
2024-11-18,1756.0,3162.0,1202.0,1009.0,681.0,1785.0,1692.0,1630.0,1451.0,1402.0,1907.0,1212.0,1019.0,685.0
2024-11-19,1627.0,2808.0,1171.0,999.0,678.0,1756.0,1785.0,1692.0,1495.0,1395.0,1860.0,1202.0,1009.0,681.0
2024-11-20,1616.0,2810.0,1138.0,992.0,675.0,1627.0,1756.0,1785.0,1558.0,1388.0,1799.0,1171.0,999.0,678.0
2024-11-21,1576.0,2724.0,1106.0,987.0,671.0,1616.0,1627.0,1756.0,1634.0,1378.0,1790.0,1138.0,992.0,675.0
2024-11-22,1537.0,2626.0,1083.0,984.0,670.0,1576.0,1616.0,1627.0,1630.0,1374.0,1809.0,1106.0,987.0,671.0
2024-11-25,1529.0,2613.0,1068.0,984.0,668.0,1537.0,1576.0,1616.0,1692.0,1405.0,1814.0,1083.0,984.0,670.0
2024-11-26,1581.0,2779.0,1056.0,985.0,664.0,1529.0,1537.0,1576.0,1785.0,1427.0,1766.0,1068.0,984.0,668.0
2024-11-27,1509.0,2569.0,1044.0,988.0,662.0,1581.0,1529.0,1537.0,1756.0,1451.0,1676.0,1056.0,985.0,664.0
2024-11-28,1419.0,2312.0,1028.0,989.0,661.0,1509.0,1581.0,1529.0,1627.0,1495.0,1594.0,1044.0,988.0,662.0
2024-11-29,1354.0,2133.0,1018.0,980.0,659.0,1419.0,1509.0,1581.0,1616.0,1558.0,1576.0,1028.0,989.0,661.0
2024-12-02,1298.0,1973.0,1009.0,979.0,657.0,1354.0,1419.0,1509.0,1576.0,1634.0,1546.0,1018.0,980.0,659.0
2024-12-03,1237.0,1792.0,1005.0,979.0,653.0,1298.0,1354.0,1419.0,1537.0,1630.0,1480.0,1009.0,979.0,657.0
2024-12-04,1180.0,1609.0,1014.0,982.0,651.0,1237.0,1298.0,1354.0,1529.0,1692.0,1445.0,1005.0,979.0,653.0
2024-12-05,1160.0,1530.0,1040.0,979.0,650.0,1180.0,1237.0,1298.0,1581.0,1785.0,1417.0,1014.0,982.0,651.0
2024-12-06,1167.0,1535.0,1067.0,974.0,644.0,1160.0,1180.0,1237.0,1509.0,1756.0,1410.0,1040.0,979.0,650.0
2024-12-09,1168.0,1532.0,1079.0,971.0,640.0,1167.0,1160.0,1180.0,1419.0,1627.0,1382.0,1067.0,974.0,644.0
2024-12-10,1156.0,1503.0,1077.0,967.0,632.0,1168.0,1167.0,1160.0,1354.0,1616.0,1402.0,1079.0,971.0,640.0
2024-12-11,1106.0,1377.0,1053.0,962.0,628.0,1156.0,1168.0,1167.0,1298.0,1576.0,1395.0,1077.0,967.0,632.0
2024-12-12,1055.0,1252.0,1021.0,961.0,626.0,1106.0,1156.0,1168.0,1237.0,1537.0,1388.0,1053.0,962.0,628.0
2024-12-13,1051.0,1263.0,995.0,959.0,618.0,1055.0,1106.0,1156.0,1180.0,1529.0,1378.0,1021.0,961.0,626.0
2024-12-16,1071.0,1340.0,977.0,955.0,608.0,1051.0,1055.0,1106.0,1160.0,1581.0,1374.0,995.0,959.0,618.0
2024-12-17,1053.0,1308.0,959.0,949.0,600.0,1071.0,1051.0,1055.0,1167.0,1509.0,1405.0,977.0,955.0,608.0
2024-12-18,1028.0,1237.0,957.0,947.0,593.0,1053.0,1071.0,1051.0,1168.0,1419.0,1427.0,959.0,949.0,600.0
2024-12-19,976.0,1079.0,964.0,944.0,586.0,1028.0,1053.0,1071.0,1156.0,1354.0,1451.0,957.0,947.0,593.0
2024-12-20,990.0,1115.0,976.0,940.0,579.0,976.0,1028.0,1053.0,1106.0,1298.0,1495.0,964.0,944.0,586.0
2024-12-23,994.0,1132.0,980.0,932.0,573.0,990.0,976.0,1028.0,1055.0,1237.0,1558.0,976.0,940.0,579.0
2024-12-24,997.0,1147.0,988.0,923.0,569.0,994.0,990.0,976.0,1051.0,1180.0,1634.0,980.0,932.0,573.0
2025-01-02,1029.0,1261.0,1000.0,899.0,554.0,997.0,994.0,990.0,1071.0,1160.0,1630.0,988.0,923.0,569.0
2025-01-03,1072.0,1375.0,1040.0,884.0,549.0,1029.0,997.0,994.0,1053.0,1167.0,1692.0,1000.0,899.0,554.0
2025-01-06,1043.0,1290.0,1061.0,867.0,539.0,1072.0,1029.0,997.0,1028.0,1168.0,1785.0,1040.0,884.0,549.0
2025-01-07,1015.0,1218.0,1061.0,856.0,532.0,1043.0,1072.0,1029.0,976.0,1156.0,1756.0,1061.0,867.0,539.0
2025-01-08,966.0,1100.0,1037.0,846.0,524.0,1015.0,1043.0,1072.0,990.0,1106.0,1627.0,1061.0,856.0,532.0
2025-01-09,969.0,1164.0,992.0,830.0,515.0,966.0,1015.0,1043.0,994.0,1055.0,1616.0,1037.0,846.0,524.0
2025-01-10,1048.0,1448.0,953.0,819.0,508.0,969.0,966.0,1015.0,997.0,1051.0,1576.0,992.0,830.0,515.0
2025-01-13,1093.0,1615.0,926.0,809.0,502.0,1048.0,969.0,966.0,1029.0,1071.0,1537.0,953.0,819.0,508.0
2025-01-14,1080.0,1604.0,906.0,798.0,494.0,1093.0,1048.0,969.0,1072.0,1053.0,1529.0,926.0,809.0,502.0
2025-01-15,1063.0,1581.0,894.0,783.0,477.0,1080.0,1093.0,1048.0,1043.0,1028.0,1581.0,906.0,798.0,494.0
2025-01-16,1023.0,1482.0,896.0,765.0,464.0,1063.0,1080.0,1093.0,1015.0,976.0,1509.0,894.0,783.0,477.0
2025-01-17,987.0,1393.0,897.0,747.0,453.0,1023.0,1063.0,1080.0,966.0,990.0,1419.0,896.0,765.0,464.0
2025-01-20,957.0,1327.0,893.0,727.0,446.0,987.0,1023.0,1063.0,969.0,994.0,1354.0,897.0,747.0,453.0
2025-01-21,928.0,1284.0,874.0,703.0,436.0,957.0,987.0,1023.0,1048.0,997.0,1298.0,893.0,727.0,446.0
2025-01-22,893.0,1236.0,843.0,674.0,428.0,928.0,957.0,987.0,1093.0,1029.0,1237.0,874.0,703.0,436.0
2025-01-23,824.0,1081.0,804.0,654.0,418.0,893.0,928.0,957.0,1080.0,1072.0,1180.0,843.0,674.0,428.0
2025-01-24,778.0,983.0,774.0,639.0,411.0,824.0,893.0,928.0,1063.0,1043.0,1160.0,804.0,654.0,418.0
2025-01-27,761.0,958.0,759.0,629.0,398.0,778.0,824.0,893.0,1023.0,1015.0,1167.0,774.0,639.0,411.0
2025-01-28,746.0,931.0,748.0,619.0,389.0,761.0,778.0,824.0,987.0,966.0,1168.0,759.0,629.0,398.0
2025-01-29,726.0,876.0,751.0,612.0,384.0,746.0,761.0,778.0,957.0,969.0,1156.0,748.0,619.0,389.0
2025-01-30,715.0,841.0,767.0,605.0,381.0,726.0,746.0,761.0,928.0,1048.0,1106.0,751.0,612.0,384.0
2025-01-31,735.0,874.0,800.0,603.0,377.0,715.0,726.0,746.0,893.0,1093.0,1055.0,767.0,605.0,381.0
2025-02-03,738.0,861.0,830.0,602.0,372.0,735.0,715.0,726.0,824.0,1080.0,1051.0,800.0,603.0,377.0
2025-02-04,753.0,844.0,901.0,605.0,371.0,738.0,735.0,715.0,778.0,1063.0,1071.0,830.0,602.0,372.0
2025-02-05,771.0,812.0,988.0,619.0,376.0,753.0,738.0,735.0,761.0,1023.0,1053.0,901.0,605.0,371.0
2025-02-06,793.0,812.0,1029.0,649.0,388.0,771.0,753.0,738.0,746.0,987.0,1028.0,988.0,619.0,376.0
2025-02-07,815.0,840.0,1035.0,677.0,398.0,793.0,771.0,753.0,726.0,957.0,976.0,1029.0,649.0,388.0
2025-02-10,809.0,810.0,1028.0,694.0,408.0,815.0,793.0,771.0,715.0,928.0,990.0,1035.0,677.0,398.0
2025-02-11,801.0,779.0,1011.0,710.0,419.0,809.0,815.0,793.0,735.0,893.0,994.0,1028.0,694.0,408.0
2025-02-12,776.0,711.0,983.0,724.0,438.0,801.0,809.0,815.0,738.0,824.0,997.0,1011.0,710.0,419.0
2025-02-13,780.0,711.0,974.0,741.0,455.0,776.0,801.0,809.0,753.0,778.0,1029.0,983.0,724.0,438.0
2025-02-14,792.0,716.0,980.0,765.0,472.0,780.0,776.0,801.0,771.0,761.0,1072.0,974.0,741.0,455.0
2025-02-17,806.0,725.0,997.0,781.0,486.0,792.0,780.0,776.0,793.0,746.0,1043.0,980.0,765.0,472.0
2025-02-18,841.0,757.0,1042.0,813.0,499.0,806.0,792.0,780.0,815.0,726.0,1015.0,997.0,781.0,486.0
2025-02-19,904.0,867.0,1104.0,839.0,511.0,841.0,806.0,792.0,809.0,715.0,966.0,1042.0,813.0,499.0
2025-02-20,941.0,917.0,1144.0,866.0,523.0,904.0,841.0,806.0,801.0,735.0,969.0,1104.0,839.0,511.0
2025-02-21,981.0,991.0,1170.0,886.0,534.0,941.0,904.0,841.0,776.0,738.0,1048.0,1144.0,866.0,523.0
2025-02-24,1002.0,1039.0,1177.0,895.0,540.0,981.0,941.0,904.0,780.0,753.0,1093.0,1170.0,886.0,534.0
2025-02-25,1039.0,1159.0,1156.0,904.0,543.0,1002.0,981.0,941.0,792.0,771.0,1080.0,1177.0,895.0,540.0
2025-02-26,1112.0,1397.0,1128.0,907.0,547.0,1039.0,1002.0,981.0,806.0,793.0,1063.0,1156.0,904.0,543.0
2025-02-27,1159.0,1573.0,1092.0,903.0,546.0,1112.0,1039.0,1002.0,841.0,815.0,1023.0,1128.0,907.0,547.0
2025-02-28,1229.0,1818.0,1063.0,895.0,547.0,1159.0,1112.0,1039.0,904.0,809.0,987.0,1092.0,903.0,546.0
2025-03-03,1276.0,1980.0,1045.0,887.0,547.0,1229.0,1159.0,1112.0,941.0,801.0,957.0,1063.0,895.0,547.0
2025-03-04,1262.0,1969.0,1024.0,876.0,548.0,1276.0,1229.0,1159.0,981.0,776.0,928.0,1045.0,887.0,547.0
2025-03-05,1228.0,1894.0,1000.0,868.0,549.0,1262.0,1276.0,1229.0,1002.0,780.0,893.0,1024.0,876.0,548.0
2025-03-06,1286.0,2082.0,992.0,864.0,553.0,1228.0,1262.0,1276.0,1039.0,792.0,824.0,1000.0,868.0,549.0
2025-03-07,1400.0,,,,,1286.0,1228.0,1262.0,1112.0,806.0,778.0,992.0,864.0,553.0
2025-03-10,1424.0,,,,,1400.0,1286.0,1228.0,1159.0,841.0,761.0,,,
2025-03-11,1436.0,,,,,1424.0,1400.0,1286.0,1229.0,904.0,746.0,,,
2025-03-12,1559.0,,,,,1436.0,1424.0,1400.0,1276.0,941.0,726.0,,,
2025-03-13,1650.0,,,,,1559.0,1436.0,1424.0,1262.0,981.0,715.0,,,
2025-03-14,1669.0,,,,,1650.0,1559.0,1436.0,1228.0,1002.0,735.0,,,
2025-03-17,1658.0,,,,,1669.0,1650.0,1559.0,1286.0,1039.0,738.0,,,
2025-03-18,1650.0,,,,,1658.0,1669.0,1650.0,1400.0,1112.0,753.0,,,
2025-03-19,1637.0,,,,,1650.0,1658.0,1669.0,1424.0,1159.0,771.0,,,
2025-03-20,1635.0,2670.0,1357.0,1010.0,593.0,1637.0,1650.0,1658.0,1436.0,1229.0,793.0,,,
2025-03-21,1643.0,2676.0,,1012.0,596.0,1635.0,1637.0,1650.0,1559.0,1276.0,815.0,1357.0,1010.0,593.0
2025-03-24,1652.0,2690.0,,1013.0,599.0,1643.0,1635.0,1637.0,1650.0,1262.0,809.0,,1012.0,596.0
2025-03-25,1642.0,2630.0,,1015.0,601.0,1652.0,1643.0,1635.0,1669.0,1228.0,801.0,,1013.0,599.0
2025-03-26,1634.0,2581.0,,,603.0,1642.0,1652.0,1643.0,1658.0,1286.0,776.0,,1015.0,601.0
2025-03-27,1621.0,,,1007.0,607.0,1634.0,1642.0,1652.0,1650.0,1400.0,780.0,,,603.0
2025-03-28,1602.0,2472.0,1497.0,,614.0,1621.0,1634.0,1642.0,1637.0,1424.0,792.0,,1007.0,607.0
2025-03-31,1598.0,2465.0,1501.0,,614.0,1602.0,1621.0,1634.0,1635.0,1436.0,806.0,1497.0,,614.0
2025-04-01,1587.0,,,,,1598.0,1602.0,1621.0,1643.0,1559.0,841.0,1501.0,,614.0
2025-04-02,1583.0,,,,,1587.0,1598.0,1602.0,1652.0,1650.0,904.0,,,
2025-04-03,1540.0,,,,,1583.0,1587.0,1598.0,1642.0,1669.0,941.0,,,
2025-04-04,1489.0,,,,,1540.0,1583.0,1587.0,1634.0,1658.0,981.0,,,
2025-04-07,1401.0,,,,,1489.0,1540.0,1583.0,1621.0,1650.0,1002.0,,,
2025-04-08,1342.0,,,,,1401.0,1489.0,1540.0,1602.0,1637.0,1039.0,,,
2025-04-09,1259.0,,,,,1342.0,1401.0,1489.0,1598.0,1635.0,1112.0,,,
2025-04-10,1269.0,,,,,1259.0,1342.0,1401.0,1587.0,1643.0,1159.0,,,
2025-04-11,1274.0,,,,,1269.0,1259.0,1342.0,1583.0,1652.0,1229.0,,,
2025-04-14,1282.0,,,,,1274.0,1269.0,1259.0,1540.0,1642.0,1276.0,,,
2025-04-15,1263.0,,,,,1282.0,1274.0,1269.0,1489.0,1634.0,1262.0,,,
2025-04-16,1241.0,,,,,1263.0,1282.0,1274.0,1401.0,1621.0,1228.0,,,
2025-04-17,1261.0,,,,,1241.0,1263.0,1282.0,1342.0,1602.0,1286.0,,,
2025-04-22,1261.0,,,,,1261.0,1241.0,1263.0,1259.0,1598.0,1400.0,,,
2025-04-23,1300.0,,,,,1261.0,1261.0,1241.0,1269.0,1587.0,1424.0,,,
2025-04-24,1353.0,,,,,1300.0,1261.0,1261.0,1274.0,1583.0,1436.0,,,
2025-04-25,1373.0,,,,,1353.0,1300.0,1261.0,1282.0,1540.0,1559.0,,,
2025-04-28,1403.0,,,,,1373.0,1353.0,1300.0,1263.0,1489.0,1650.0,,,
2025-04-29,1398.0,,,,,1403.0,1373.0,1353.0,1241.0,1401.0,1669.0,,,
2025-04-30,1386.0,,,,,1398.0,1403.0,1373.0,1261.0,1342.0,1658.0,,,
2025-05-01,1411.0,,,,,1386.0,1398.0,1403.0,1261.0,1259.0,1650.0,,,
2025-05-02,1421.0,,,,,1411.0,1386.0,1398.0,1300.0,1269.0,1637.0,,,
2025-05-06,1406.0,,,,,1421.0,1411.0,1386.0,1353.0,1274.0,1635.0,,,
2025-05-07,1374.0,,,,,1406.0,1421.0,1411.0,1373.0,1282.0,1643.0,,,
2025-05-08,1316.0,,,,,1374.0,1406.0,1421.0,1403.0,1263.0,1652.0,,,
2025-05-09,1299.0,,,,,1316.0,1374.0,1406.0,1398.0,1241.0,1642.0,,,
2025-05-12,1304.0,,,,,1299.0,1316.0,1374.0,1386.0,1261.0,1634.0,,,
2025-05-13,1280.0,,,,,1304.0,1299.0,1316.0,1411.0,1261.0,1621.0,,,
2025-05-14,1267.0,,,,,1280.0,1304.0,1299.0,1421.0,1300.0,1602.0,,,
2025-05-15,1305.0,,,,,1267.0,1280.0,1304.0,1406.0,1353.0,1598.0,,,
2025-05-16,1388.0,,,,,1305.0,1267.0,1280.0,1374.0,1373.0,1587.0,,,
2025-05-19,1347.0,,,,,1388.0,1305.0,1267.0,1316.0,1403.0,1583.0,,,
2025-05-20,1340.0,,,,,1347.0,1388.0,1305.0,1299.0,1398.0,1540.0,,,
2025-05-21,1337.0,,,,,1340.0,1347.0,1388.0,1304.0,1386.0,1489.0,,,
2025-05-22,1341.0,,,,,1337.0,1340.0,1347.0,1280.0,1411.0,1401.0,,,
2025-05-23,1340.0,,,,,1341.0,1337.0,1340.0,1267.0,1421.0,1342.0,,,
2025-05-27,1296.0,,,,,1340.0,1341.0,1337.0,1305.0,1406.0,1259.0,,,
2025-05-28,1303.0,,,,,1296.0,1340.0,1341.0,1388.0,1374.0,1269.0,,,
2025-05-29,1353.0,,,,,1303.0,1296.0,1340.0,1347.0,1316.0,1274.0,,,
2025-05-30,1418.0,,,,,1353.0,1303.0,1296.0,1340.0,1299.0,1282.0,,,
2025-06-02,1422.0,,,,,1418.0,1353.0,1303.0,1337.0,1304.0,1263.0,,,
2025-06-03,1430.0,,,,,1422.0,1418.0,1353.0,1341.0,1280.0,1241.0,,,
2025-06-04,1489.0,,,,,1430.0,1422.0,1418.0,1340.0,1267.0,1261.0,,,
2025-06-05,1626.0,,,,,1489.0,1430.0,1422.0,1296.0,1305.0,1261.0,,,
2025-06-06,1633.0,,,,,1626.0,1489.0,1430.0,1303.0,1388.0,1300.0,,,
2025-06-09,1691.0,,,,,1633.0,1626.0,1489.0,1353.0,1347.0,1353.0,,,
2025-06-10,1680.0,,,,,1691.0,1633.0,1626.0,1418.0,1340.0,1373.0,,,
2025-06-11,1738.0,,,,,1680.0,1691.0,1633.0,1422.0,1337.0,1403.0,,,
2025-06-12,1904.0,,,,,1738.0,1680.0,1691.0,1430.0,1341.0,1398.0,,,
2025-06-13,1968.0,,,,,1904.0,1738.0,1680.0,1489.0,1340.0,1386.0,,,
2025-06-16,1975.0,,,,,1968.0,1904.0,1738.0,1626.0,1296.0,1411.0,,,
2025-06-17,1952.0,,,,,1975.0,1968.0,1904.0,1633.0,1303.0,1421.0,,,
2025-06-18,1874.0,,,,,1952.0,1975.0,1968.0,1691.0,1353.0,1406.0,,,
2025-06-19,1751.0,,,,,1874.0,1952.0,1975.0,1680.0,1418.0,1374.0,,,
2025-06-20,1689.0,,,,,1751.0,1874.0,1952.0,1738.0,1422.0,1316.0,,,
2025-06-23,1674.0,,,,,1689.0,1751.0,1874.0,1904.0,1430.0,1299.0,,,
2025-06-24,1681.0,,,,,1674.0,1689.0,1751.0,1968.0,1489.0,1304.0,,,
2025-06-25,1665.0,,,,,1681.0,1674.0,1689.0,1975.0,1626.0,1280.0,,,
2025-06-26,1553.0,,,,,1665.0,1681.0,1674.0,1952.0,1633.0,1267.0,,,
2025-06-27,1521.0,,,,,1553.0,1665.0,1681.0,1874.0,1691.0,1305.0,,,
2025-06-30,1489.0,,,,,1521.0,1553.0,1665.0,1751.0,1680.0,1388.0,,,
2025-07-01,1458.0,,,,,1489.0,1521.0,1553.0,1689.0,1738.0,1347.0,,,
2025-07-02,1443.0,,,,,1458.0,1489.0,1521.0,1674.0,1904.0,1340.0,,,
2025-07-03,1434.0,,,,,1443.0,1458.0,1489.0,1681.0,1968.0,1337.0,,,
2025-07-04,1436.0,,,,,1434.0,1443.0,1458.0,1665.0,1975.0,1341.0,,,
2025-07-07,1436.0,,,,,1436.0,1434.0,1443.0,1553.0,1952.0,1340.0,,,
2025-07-08,1431.0,,,,,1436.0,1436.0,1434.0,1521.0,1874.0,1296.0,,,
2025-07-09,1423.0,,,,,1431.0,1436.0,1436.0,1489.0,1751.0,1303.0,,,
2025-07-10,1465.0,,,,,1423.0,1431.0,1436.0,1458.0,1689.0,1353.0,,,
2025-07-11,1663.0,,,,,1465.0,1423.0,1431.0,1443.0,1674.0,1418.0,,,
2025-07-14,1783.0,,,,,1663.0,1465.0,1423.0,1434.0,1681.0,1422.0,,,
2025-07-15,1866.0,,,,,1783.0,1663.0,1465.0,1436.0,1665.0,1430.0,,,
2025-07-16,1906.0,,,,,1866.0,1783.0,1663.0,1436.0,1553.0,1489.0,,,
2025-07-17,2030.0,,,,,1906.0,1866.0,1783.0,1431.0,1521.0,1626.0,,,
2025-07-18,2052.0,,,,,2030.0,1906.0,1866.0,1423.0,1489.0,1633.0,,,
2025-07-21,2016.0,,,,,2052.0,2030.0,1906.0,1465.0,1458.0,1691.0,,,
2025-07-22,2035.0,,,,,2016.0,2052.0,2030.0,1663.0,1443.0,1680.0,,,
2025-07-23,2120.0,,,,,2035.0,2016.0,2052.0,1783.0,1434.0,1738.0,,,
2025-07-24,2258.0,,,,,2120.0,2035.0,2016.0,1866.0,1436.0,1904.0,,,
2025-07-25,2257.0,,,,,2258.0,2120.0,2035.0,1906.0,1436.0,1968.0,,,
2025-07-28,2226.0,,,,,2257.0,2258.0,2120.0,2030.0,1431.0,1975.0,,,
2025-07-29,2109.0,,,,,2226.0,2257.0,2258.0,2052.0,1423.0,1952.0,,,
2025-07-30,1995.0,,,,,2109.0,2226.0,2257.0,2016.0,1465.0,1874.0,,,
2025-07-31,2003.0,,,,,1995.0,2109.0,2226.0,2035.0,1663.0,1751.0,,,
2025-08-01,2018.0,,,,,2003.0,1995.0,2109.0,2120.0,1783.0,1689.0,,,
2025-08-04,1970.0,,,,,2018.0,2003.0,1995.0,2258.0,1866.0,1674.0,,,
2025-08-05,1921.0,,,,,1970.0,2018.0,2003.0,2257.0,1906.0,1681.0,,,
2025-08-06,1994.0,,,,,1921.0,1970.0,2018.0,2226.0,2030.0,1665.0,,,
2025-08-07,2008.0,,,,,1994.0,1921.0,1970.0,2109.0,2052.0,1553.0,,,
2025-08-08,2051.0,,,,,2008.0,1994.0,1921.0,1995.0,2016.0,1521.0,,,
2025-08-11,2038.0,,,,,2051.0,2008.0,1994.0,2003.0,2035.0,1489.0,,,
2025-08-12,2017.0,,,,,2038.0,2051.0,2008.0,2018.0,2120.0,1458.0,,,
2025-08-13,2025.0,,,,,2017.0,2038.0,2051.0,1970.0,2258.0,1443.0,,,
2025-08-14,2039.0,,,,,2025.0,2017.0,2038.0,1921.0,2257.0,1434.0,,,
2025-08-15,2044.0,,,,,2039.0,2025.0,2017.0,1994.0,2226.0,1436.0,,,
2025-08-18,2022.0,,,,,2044.0,2039.0,2025.0,2008.0,2109.0,1436.0,,,
2025-08-19,1964.0,,,,,2022.0,2044.0,2039.0,2051.0,1995.0,1431.0,,,
2025-08-20,1927.0,,,,,1964.0,2022.0,2044.0,2038.0,2003.0,1423.0,,,
2025-08-21,1893.0,,,,,1927.0,1964.0,2022.0,2017.0,2018.0,1465.0,,,
2025-08-22,1944.0,,,,,1893.0,1927.0,1964.0,2025.0,1970.0,1663.0,,,
2025-08-26,2041.0,,,,,1944.0,1893.0,1927.0,2039.0,1921.0,1783.0,,,
2025-08-27,2046.0,,,,,2041.0,1944.0,1893.0,2044.0,1994.0,1866.0,,,
2025-08-28,2017.0,,,,,2046.0,2041.0,1944.0,2022.0,2008.0,1906.0,,,
2025-08-29,2025.0,,,,,2017.0,2046.0,2041.0,1964.0,2051.0,2030.0,,,
2025-09-01,2024.0,,,,,2025.0,2017.0,2046.0,1927.0,2038.0,2052.0,,,
2025-09-02,1986.0,,,,,2024.0,2025.0,2017.0,1893.0,2017.0,2016.0,,,
2025-09-03,1940.0,,,,,1986.0,2024.0,2025.0,1944.0,2025.0,2035.0,,,
2025-09-04,1963.0,,,,,1940.0,1986.0,2024.0,2041.0,2039.0,2120.0,,,
2025-09-05,1979.0,,,,,1963.0,1940.0,1986.0,2046.0,2044.0,2258.0,,,
2025-09-08,2019.0,,,,,1979.0,1963.0,1940.0,2017.0,2022.0,2257.0,,,
2025-09-09,2079.0,,,,,2019.0,1979.0,1963.0,2025.0,1964.0,2226.0,,,
2025-09-10,2112.0,,,,,2079.0,2019.0,1979.0,2024.0,1927.0,2109.0,,,
2025-09-11,2111.0,,,,,2112.0,2079.0,2019.0,1986.0,1893.0,1995.0,,,
2025-09-12,2126.0,,,,,2111.0,2112.0,2079.0,1940.0,1944.0,2003.0,,,
2025-09-15,2153.0,,,,,2126.0,2111.0,2112.0,1963.0,2041.0,2018.0,,,
2025-09-16,2154.0,,,,,2153.0,2126.0,2111.0,1979.0,2046.0,1970.0,,,
2025-09-17,2180.0,,,,,2154.0,2153.0,2126.0,2019.0,2017.0,1921.0,,,
2025-09-18,2205.0,,,,,2180.0,2154.0,2153.0,2079.0,2025.0,1994.0,,,
2025-09-19,2203.0,,,,,2205.0,2180.0,2154.0,2112.0,2024.0,2008.0,,,
2025-09-22,2172.0,,,,,2203.0,2205.0,2180.0,2111.0,1986.0,2051.0,,,
2025-09-23,2200.0,,,,,2172.0,2203.0,2205.0,2126.0,1940.0,2038.0,,,
2025-09-24,2240.0,,,,,2200.0,2172.0,2203.0,2153.0,1963.0,2017.0,,,
2025-09-25,2266.0,,,,,2240.0,2200.0,2172.0,2154.0,1979.0,2025.0,,,
2025-09-26,2259.0,,,,,2266.0,2240.0,2200.0,2180.0,2019.0,2039.0,,,
2025-09-29,2220.0,,,,,2259.0,2266.0,2240.0,2205.0,2079.0,2044.0,,,
2025-09-30,2134.0,,,,,2220.0,2259.0,2266.0,2203.0,2112.0,2022.0,,,
2025-10-01,1980.0,,,,,2134.0,2220.0,2259.0,2172.0,2111.0,1964.0,,,
2025-10-02,1909.0,,,,,1980.0,2134.0,2220.0,2200.0,2126.0,1927.0,,,
2025-10-03,1901.0,,,,,1909.0,1980.0,2134.0,2240.0,2153.0,1893.0,,,
2025-10-06,1932.0,,,,,1901.0,1909.0,1980.0,2266.0,2154.0,1944.0,,,
2025-10-07,1947.0,,,,,1932.0,1901.0,1909.0,2259.0,2180.0,2041.0,,,
2025-10-08,1963.0,,,,,1947.0,1932.0,1901.0,2220.0,2205.0,2046.0,,,
2025-10-09,1923.0,,,,,1963.0,1947.0,1932.0,2134.0,2203.0,2017.0,,,
2025-10-10,1936.0,,,,,1923.0,1963.0,1947.0,1980.0,2172.0,2025.0,,,
2025-10-13,2144.0,,,,,1936.0,1923.0,1963.0,1909.0,2200.0,2024.0,,,
2025-10-14,2022.0,,,,,2144.0,1936.0,1923.0,1901.0,2240.0,1986.0,,,
2025-10-15,1997.0,,,,,2022.0,2144.0,1936.0,1932.0,2266.0,1940.0,,,
2025-10-16,2046.0,,,,,1997.0,2022.0,2144.0,1947.0,2259.0,1963.0,,,
2025-10-17,2069.0,,,,,2046.0,1997.0,2022.0,1963.0,2220.0,1979.0,,,
2025-10-20,2071.0,,,,,2069.0,2046.0,1997.0,1923.0,2134.0,2019.0,,,
2025-10-21,2094.0,,,,,2071.0,2069.0,2046.0,1936.0,1980.0,2079.0,,,
2025-10-23,2057.0,,,,,2094.0,2071.0,2069.0,2144.0,1909.0,2112.0,,,
2025-10-24,1991.0,,,,,2057.0,2094.0,2071.0,2022.0,1901.0,2111.0,,,
2025-10-27,1976.0,,,,,1991.0,2057.0,2094.0,1997.0,1932.0,2126.0,,,
2025-10-28,1950.0,,,,,1976.0,1991.0,2057.0,2046.0,1947.0,2153.0,,,
2025-10-29,1961.0,,,,,1950.0,1976.0,1991.0,2069.0,1963.0,2154.0,,,
2025-10-30,1983.0,,,,,1961.0,1950.0,1976.0,2071.0,1923.0,2180.0,,,
2025-10-31,1966.0,,,,,1983.0,1961.0,1950.0,2094.0,1936.0,2205.0,,,
2025-11-03,1945.0,,,,,1966.0,1983.0,1961.0,2057.0,2144.0,2203.0,,,
2025-11-04,1958.0,,,,,1945.0,1966.0,1983.0,1991.0,2022.0,2172.0,,,
2025-11-05,2003.0,,,,,1958.0,1945.0,1966.0,1976.0,1997.0,2200.0,,,
2025-11-06,2063.0,,,,,2003.0,1958.0,1945.0,1950.0,2046.0,2240.0,,,
2025-11-07,2104.0,,,,,2063.0,2003.0,1958.0,1961.0,2069.0,2266.0,,,
2025-11-10,2084.0,,,,,2104.0,2063.0,2003.0,1983.0,2071.0,2259.0,,,
2025-11-11,2072.0,,,,,2084.0,2104.0,2063.0,1966.0,2094.0,2220.0,,,
2025-11-12,2030.0,,,,,2072.0,2084.0,2104.0,1945.0,2057.0,2134.0,,,
2025-11-13,2077.0,,,,,2030.0,2072.0,2084.0,1958.0,1991.0,1980.0,,,
2025-11-14,2125.0,,,,,2077.0,2030.0,2072.0,2003.0,1976.0,1909.0,,,
2025-11-17,2153.0,,,,,2125.0,2077.0,2030.0,2063.0,1950.0,1901.0,,,
2025-11-18,2216.0,,,,,2153.0,2125.0,2077.0,2104.0,1961.0,1932.0,,,
2025-11-19,2260.0,,,,,2216.0,2153.0,2125.0,2084.0,1983.0,1947.0,,,
2025-11-20,2270.0,,,,,2260.0,2216.0,2153.0,2072.0,1966.0,1963.0,,,
2025-11-21,2275.0,,,,,2270.0,2260.0,2216.0,2030.0,1945.0,1923.0,,,
2025-11-24,2295.0,,,,,2275.0,2270.0,2260.0,2077.0,1958.0,1936.0,,,
2025-11-25,2309.0,,,,,2295.0,2275.0,2270.0,2125.0,2003.0,2144.0,,,
2025-11-26,2401.0,,,,,2309.0,2295.0,2275.0,2153.0,2063.0,2022.0,,,
2025-11-27,2480.0,,,,,2401.0,2309.0,2295.0,2216.0,2104.0,1997.0,,,
2025-11-28,2560.0,,,,,2480.0,2401.0,2309.0,2260.0,2084.0,2046.0,,,
2025-12-01,2583.0,,,,,2560.0,2480.0,2401.0,2270.0,2072.0,2069.0,,,
2025-12-02,2600.0,,,,,2583.0,2560.0,2480.0,2275.0,2030.0,2071.0,,,
2025-12-03,2845.0,,,,,2600.0,2583.0,2560.0,2295.0,2077.0,2094.0,,,
2025-12-04,2814.0,,,,,2845.0,2600.0,2583.0,2309.0,2125.0,2057.0,,,
2025-12-05,2727.0,,,,,2814.0,2845.0,2600.0,2401.0,2153.0,1991.0,,,
2025-12-08,2694.0,,,,,2727.0,2814.0,2845.0,2480.0,2216.0,1976.0,,,
2025-12-09,2557.0,,,,,2694.0,2727.0,2814.0,2560.0,2260.0,1950.0,,,
2025-12-10,2430.0,,,,,2557.0,2694.0,2727.0,2583.0,2270.0,1961.0,,,
2025-12-11,2294.0,,,,,2430.0,2557.0,2694.0,2600.0,2275.0,1983.0,,,
2025-12-12,2205.0,,,,,2294.0,2430.0,2557.0,2845.0,2295.0,1966.0,,,
2025-12-15,2193.0,,,,,2205.0,2294.0,2430.0,2814.0,2309.0,1945.0,,,
2025-12-16,2204.0,,,,,2193.0,2205.0,2294.0,2727.0,2401.0,1958.0,,,
2025-12-17,2121.0,,,,,2204.0,2193.0,2205.0,2694.0,2480.0,2003.0,,,
2025-12-18,2071.0,,,,,2121.0,2204.0,2193.0,2557.0,2560.0,2063.0,,,
2025-12-19,2023.0,,,,,2071.0,2121.0,2204.0,2430.0,2583.0,2104.0,,,
2025-12-22,1979.0,,,,,2023.0,2071.0,2121.0,2294.0,2600.0,2084.0,,,
2025-12-23,1889.0,,,,,1979.0,2023.0,2071.0,2205.0,2845.0,2072.0,,,
2025-12-24,1877.0,,,,,1889.0,1979.0,2023.0,2193.0,2814.0,2030.0,,,
2026-01-02,1882.0,,,,,1877.0,1889.0,1979.0,2204.0,2727.0,2077.0,,,
2026-01-05,1851.0,,,,,1882.0,1877.0,1889.0,2121.0,2694.0,2125.0,,,
2026-01-06,1830.0,,,,,1851.0,1882.0,1877.0,2071.0,2557.0,2153.0,,,
2026-01-07,1776.0,,,,,1830.0,1851.0,1882.0,2023.0,2430.0,2216.0,,,
2026-01-08,1718.0,,,,,1776.0,1830.0,1851.0,1979.0,2294.0,2260.0,,,
2026-01-09,1688.0,,,,,1718.0,1776.0,1830.0,1889.0,2205.0,2270.0,,,
2026-01-12,1659.0,,,,,1688.0,1718.0,1776.0,1877.0,2193.0,2275.0,,,
2026-01-13,1608.0,,,,,1659.0,1688.0,1718.0,1882.0,2204.0,2295.0,,,
2026-01-14,1566.0,,,,,1608.0,1659.0,1688.0,1851.0,2121.0,2309.0,,,
2026-01-15,1532.0,,,,,1566.0,1608.0,1659.0,1830.0,2071.0,2401.0,,,
2026-01-16,1567.0,,,,,1532.0,1566.0,1608.0,1776.0,2023.0,2480.0,,,
2026-01-19,1650.0,,,,,1567.0,1532.0,1566.0,1718.0,1979.0,2560.0,,,
2026-01-20,1729.0,,,,,1650.0,1567.0,1532.0,1688.0,1889.0,2583.0,,,
2026-01-21,1803.0,,,,,1729.0,1650.0,1567.0,1659.0,1877.0,2600.0,,,
2026-01-22,1761.0,,,,,1803.0,1729.0,1650.0,1608.0,1882.0,2845.0,,,
2026-01-23,1762.0,,,,,1761.0,1803.0,1729.0,1566.0,1851.0,2814.0,,,
2026-01-26,1780.0,,,,,1762.0,1761.0,1803.0,1532.0,1830.0,2727.0,,,
2026-01-27,1999.0,,,,,1780.0,1762.0,1761.0,1567.0,1776.0,2694.0,,,
2026-01-28,2016.0,,,,,1999.0,1780.0,1762.0,1650.0,1718.0,2557.0,,,
2026-01-29,2002.0,,,,,2016.0,1999.0,1780.0,1729.0,1688.0,2430.0,,,
2026-01-30,2148.0,,,,,2002.0,2016.0,1999.0,1803.0,1659.0,2294.0,,,
2026-02-02,2124.0,,,,,2148.0,2002.0,2016.0,1761.0,1608.0,2205.0,,,
2026-02-03,2028.0,,,,,2124.0,2148.0,2002.0,1762.0,1566.0,2193.0,,,
2026-02-04,1955.0,,,,,2028.0,2124.0,2148.0,1780.0,1532.0,2204.0,,,
2026-02-05,1936.0,,,,,1955.0,2028.0,2124.0,1999.0,1567.0,2121.0,,,
2026-02-06,1923.0,,,,,1936.0,1955.0,2028.0,2016.0,1650.0,2071.0,,,
2026-02-09,1895.0,,,,,1923.0,1936.0,1955.0,2002.0,1729.0,2023.0,,,
2026-02-10,1882.0,,,,,1895.0,1923.0,1936.0,2148.0,1803.0,1979.0,,,
2026-02-11,1958.0,,,,,1882.0,1895.0,1923.0,2124.0,1761.0,1889.0,,,
2026-02-12,2095.0,,,,,1958.0,1882.0,1895.0,2028.0,1762.0,1877.0,,,
2026-02-13,2083.0,,,,,2095.0,1958.0,1882.0,1955.0,1780.0,1882.0,,,
2026-02-16,2100.0,,,,,2083.0,2095.0,1958.0,1936.0,1999.0,1851.0,,,
2026-02-17,2095.0,,,,,2100.0,2083.0,2095.0,1923.0,2016.0,1830.0,,,
2026-02-18,2063.0,,,,,2095.0,2100.0,2083.0,1895.0,2002.0,1776.0,,,
2026-02-19,2019.0,,,,,2063.0,2095.0,2100.0,1882.0,2148.0,1718.0,,,
2026-02-20,2043.0,,,,,2019.0,2063.0,2095.0,1958.0,2124.0,1688.0,,,
2026-02-23,2112.0,,,,,2043.0,2019.0,2063.0,2095.0,2028.0,1659.0,,,
2026-02-24,2129.0,,,,,2112.0,2043.0,2019.0,2083.0,1955.0,1608.0,,,
2026-02-25,2121.0,,,,,2129.0,2112.0,2043.0,2100.0,1936.0,1566.0,,,
2026-02-26,2117.0,,,,,2121.0,2129.0,2112.0,2095.0,1923.0,1532.0,,,
2026-02-27,2140.0,,,,,2117.0,2121.0,2129.0,2063.0,1895.0,1567.0,,,
2026-03-02,2187.0,,,,,2140.0,2117.0,2121.0,2019.0,1882.0,1650.0,,,
2026-03-03,2242.0,,,,,2187.0,2140.0,2117.0,2043.0,1958.0,1729.0,,,
2026-03-04,2233.0,,,,,2242.0,2187.0,2140.0,2112.0,2095.0,1803.0,,,
2026-03-05,2138.0,,,,,2233.0,2242.0,2187.0,2129.0,2083.0,1761.0,,,
2026-03-06,2010.0,,,,,2138.0,2233.0,2242.0,2121.0,2100.0,1762.0,,,
2026-03-09,2066.0,,,,,2010.0,2138.0,2233.0,2117.0,2095.0,1780.0,,,
2026-03-10,1919.0,,,,,2066.0,2010.0,2138.0,2140.0,2063.0,1999.0,,,
2026-03-11,1926.0,,,,,1919.0,2066.0,2010.0,2187.0,2019.0,2016.0,,,
2026-03-12,1972.0,,,,,1926.0,1919.0,2066.0,2242.0,2043.0,2002.0,,,
2026-03-13,2028.0,,,,,1972.0,1926.0,1919.0,2233.0,2112.0,2148.0,,,
2026-03-16,2038.0,,,,,2028.0,1972.0,1926.0,2138.0,2129.0,2124.0,,,
2026-03-17,2024.0,,,,,2038.0,2028.0,1972.0,2010.0,2121.0,2028.0,,,
2026-03-18,2064.0,,,,,2024.0,2038.0,2028.0,2066.0,2117.0,1955.0,,,
2026-03-19,2057.0,,,,,2064.0,2024.0,2038.0,1919.0,2140.0,1936.0,,,
2026-03-20,2056.0,,,,,2057.0,2064.0,2024.0,1926.0,2187.0,1923.0,,,
2026-03-23,2037.0,,,,,2056.0,2057.0,2064.0,1972.0,2242.0,1895.0,,,
2026-03-24,1989.0,,,,,2037.0,2056.0,2057.0,2028.0,2233.0,1882.0,,,
2026-03-25,2001.0,,,,,1989.0,2037.0,2056.0,2038.0,2138.0,1958.0,,,
2026-03-26,2014.0,,,,,2001.0,1989.0,2037.0,2024.0,2010.0,2095.0,,,
2026-03-27,2031.0,,,,,2014.0,2001.0,1989.0,2064.0,2066.0,2083.0,,,
2026-03-30,2017.0,,,,,2031.0,2014.0,2001.0,2057.0,1919.0,2100.0,,,
2026-03-31,1995.0,,,,,2017.0,2031.0,2014.0,2056.0,1926.0,2095.0,,,
2026-04-01,2030.0,,,,,1995.0,2017.0,2031.0,2037.0,1972.0,2063.0,,,
2026-04-02,2066.0,,,,,2030.0,1995.0,2017.0,1989.0,2028.0,2019.0,,,
2026-04-07,2095.0,,,,,2066.0,2030.0,1995.0,2001.0,2038.0,2043.0,,,
2026-04-08,2139.0,,,,,2095.0,2066.0,2030.0,2014.0,2024.0,2112.0,,,
2026-04-09,2161.0,,,,,2139.0,2095.0,2066.0,2031.0,2064.0,2129.0,,,
2026-04-10,2201.0,,,,,2161.0,2139.0,2095.0,2017.0,2057.0,2121.0,,,
2026-04-13,2250.0,,,,,2201.0,2161.0,2139.0,1995.0,2056.0,2117.0,,,
2026-04-14,2354.0,,,,,2250.0,2201.0,2161.0,2030.0,2037.0,2140.0,,,
2026-04-15,2484.0,,,,,2354.0,2250.0,2201.0,2066.0,1989.0,2187.0,,,
2026-04-16,2523.0,,,,,2484.0,2354.0,2250.0,2095.0,2001.0,2242.0,,,
2026-04-17,2567.0,,,,,2523.0,2484.0,2354.0,2139.0,2014.0,2233.0,,,
2026-04-20,2633.0,,,,,2567.0,2523.0,2484.0,2161.0,2031.0,2138.0,,,
2026-04-21,2640.0,,,,,2633.0,2567.0,2523.0,2201.0,2017.0,2010.0,,,
2026-04-22,2675.0,,,,,2640.0,2633.0,2567.0,2250.0,1995.0,2066.0,,,
2026-04-23,2673.0,,,,,2675.0,2640.0,2633.0,2354.0,2030.0,1919.0,,,
2026-04-24,2665.0,,,,,2673.0,2675.0,2640.0,2484.0,2066.0,1926.0,,,
2026-04-27,2666.0,,,,,2665.0,2673.0,2675.0,2523.0,2095.0,1972.0,,,
2026-04-28,2677.0,,,,,2666.0,2665.0,2673.0,2567.0,2139.0,2028.0,,,
2026-04-29,2670.0,,,,,2677.0,2666.0,2665.0,2633.0,2161.0,2038.0,,,
2026-04-30,2686.0,,,,,2670.0,2677.0,2666.0,2640.0,2201.0,2024.0,,,
2026-05-01,2730.0,,,,,2686.0,2670.0,2677.0,2675.0,2250.0,2064.0,,,
2026-05-05,2832.0,,,,,2730.0,2686.0,2670.0,2673.0,2354.0,2057.0,,,
2026-05-06,2991.0,,,,,2832.0,2730.0,2686.0,2665.0,2484.0,2056.0,,,
2026-05-07,3034.0,,,,,2991.0,2832.0,2730.0,2666.0,2523.0,2037.0,,,
2026-05-08,2978.0,,,,,3034.0,2991.0,2832.0,2677.0,2567.0,1989.0,,,
2026-05-11,3001.0,,,,,2978.0,3034.0,2991.0,2670.0,2633.0,2001.0,,,
2026-05-12,3063.0,,,,,3001.0,2978.0,3034.0,2686.0,2640.0,2014.0,,,
2026-05-13,3189.0,,,,,3063.0,3001.0,2978.0,2730.0,2675.0,2031.0,,,
2026-05-14,3195.0,,,,,3189.0,3063.0,3001.0,2832.0,2673.0,2017.0,,,
2026-05-15,3151.0,,,,,3195.0,3189.0,3063.0,2991.0,2665.0,1995.0,,,
2026-05-18,3092.0,,,,,3151.0,3195.0,3189.0,3034.0,2666.0,2030.0,,,
2026-05-19,3054.0,,,,,3092.0,3151.0,3195.0,2978.0,2677.0,2066.0,,,
2026-05-20,3005.0,,,,,3054.0,3092.0,3151.0,3001.0,2670.0,2095.0,,,
2026-05-21,2964.0,,,,,3005.0,3054.0,3092.0,3063.0,2686.0,2139.0,,,
2026-05-22,2991.0,,,,,2964.0,3005.0,3054.0,3189.0,2730.0,2161.0,,,
2026-05-26,3085.0,,,,,2991.0,2964.0,3005.0,3195.0,2832.0,2201.0,,,
2026-05-27,3124.0,,,,,3085.0,2991.0,2964.0,3151.0,2991.0,2250.0,,,
2026-05-28,3226.0,,,,,3124.0,3085.0,2991.0,3092.0,3034.0,2354.0,,,
2026-05-29,3224.0,,,,,3226.0,3124.0,3085.0,3054.0,2978.0,2484.0,,,
2026-06-01,3222.0,,,,,3224.0,3226.0,3124.0,3005.0,3001.0,2523.0,,,
2026-06-02,3205.0,,,,,3222.0,3224.0,3226.0,2964.0,3063.0,2567.0,,,
2026-06-03,3124.0,,,,,3205.0,3222.0,3224.0,2991.0,3189.0,2633.0,,,
2026-06-04,3037.0,,,,,3124.0,3205.0,3222.0,3085.0,3195.0,2640.0,,,
2026-06-05,2981.0,,,,,3037.0,3124.0,3205.0,3124.0,3151.0,2675.0,,,
2026-06-08,2916.0,,,,,2981.0,3037.0,3124.0,3226.0,3092.0,2673.0,,,
2026-06-09,2818.0,,,,,2916.0,2981.0,3037.0,3224.0,3054.0,2665.0,,,
2026-06-15,2720.0,,,,,2818.0,2916.0,2981.0,3222.0,3005.0,2666.0,,,
2026-06-16,2670.0,,,,,2720.0,2818.0,2916.0,3205.0,2964.0,2677.0,,,
2026-06-17,2653.0,,,,,2670.0,2720.0,2818.0,3124.0,2991.0,2670.0,,,
2026-06-18,2659.0,,,,,2653.0,2670.0,2720.0,3037.0,3085.0,2686.0,,,
2026-06-19,2722.0,,,,,2659.0,2653.0,2670.0,2981.0,3124.0,2730.0,,,
2026-06-22,2684.0,,,,,2722.0,2659.0,2653.0,2916.0,3226.0,2832.0,,,
2026-06-23,2667.0,,,,,2684.0,2722.0,2659.0,2818.0,3224.0,2991.0,,,
2026-06-24,2634.0,,,,,2667.0,2684.0,2722.0,2720.0,3222.0,3034.0,,,
2026-06-25,2591.0,,,,,2634.0,2667.0,2684.0,2670.0,3205.0,2978.0,,,
2026-06-26,2524.0,,,,,2591.0,2634.0,2667.0,2653.0,3124.0,3001.0,,,
2026-06-29,2490.0,,,,,2524.0,2591.0,2634.0,2659.0,3037.0,3063.0,,,
2026-06-30,2501.0,,,,,2490.0,2524.0,2591.0,2722.0,2981.0,3189.0,,,
2026-07-01,2562.0,,,,,2501.0,2490.0,2524.0,2684.0,2916.0,3195.0,,,
2026-07-02,2650.0,,,,,2562.0,2501.0,2490.0,2667.0,2818.0,3151.0,,,
2026-07-03,2717.0,,,,,2650.0,2562.0,2501.0,2634.0,2720.0,3092.0,,,
2026-07-06,2797.0,,,,,2717.0,2650.0,2562.0,2591.0,2670.0,3054.0,,,
2026-07-07,2875.0,,,,,2797.0,2717.0,2650.0,2524.0,2653.0,3005.0,,,
2026-07-08,2871.0,,,,,2875.0,2797.0,2717.0,2490.0,2659.0,2964.0,,,
2026-07-09,2910.0,,,,,2871.0,2875.0,2797.0,2501.0,2722.0,2991.0,,,
2026-07-10,2944.0,,,,,2910.0,2871.0,2875.0,2562.0,2684.0,3085.0,,,
2026-07-13,2960.0,,,,,2944.0,2910.0,2871.0,2650.0,2667.0,3124.0,,,
2026-07-14,2980.0,,,,,2960.0,2944.0,2910.0,2717.0,2634.0,3226.0,,,
2026-07-15,2929.0,,,,,2980.0,2960.0,2944.0,2797.0,2591.0,3224.0,,,
2026-07-16,2840.0,,,,,2929.0,2980.0,2960.0,2875.0,2524.0,3222.0,,,
2026-07-17,2752.0,,,,,2840.0,2929.0,2980.0,2871.0,2490.0,3205.0,,,
2026-07-20,2671.0,,,,,2752.0,2840.0,2929.0,2910.0,2501.0,3124.0,,,
2026-07-21,2670.0,,,,,2671.0,2752.0,2840.0,2944.0,2562.0,3037.0,,,
2026-07-22,2715.0,,,,,2670.0,2671.0,2752.0,2960.0,2650.0,2981.0,,,
2026-07-23,2725.0,,,,,2715.0,2670.0,2671.0,2980.0,2717.0,2916.0,,,
2026-07-24,2743.0,,,,,2725.0,2715.0,2670.0,2929.0,2797.0,2818.0,,,
2026-07-27,2696.0,,,,,2743.0,2725.0,2715.0,2840.0,2875.0,2720.0,,,
2026-07-28,2664.0,,,,,2696.0,2743.0,2725.0,2752.0,2871.0,2670.0,,,
2026-07-29,2632.0,,,,,2664.0,2696.0,2743.0,2671.0,2910.0,2653.0,,,
2026-07-30,2673.0,,,,,2632.0,2664.0,2696.0,2670.0,2944.0,2659.0,,,
2026-07-31,2732.0,,,,,2673.0,2632.0,2664.0,2715.0,2960.0,2722.0,,,
2026-08-03,2843.0,,,,,2732.0,2673.0,2632.0,2725.0,2980.0,2684.0,,,
2026-08-04,2936.0,,,,,2843.0,2732.0,2673.0,2743.0,2929.0,2667.0,,,
2026-08-05,3063.0,,,,,2936.0,2843.0,2732.0,2696.0,2840.0,2634.0,,,
2026-08-06,3057.0,,,,,3063.0,2936.0,2843.0,2664.0,2752.0,2591.0,,,
2026-08-07,3089.0,,,,,3057.0,3063.0,2936.0,2632.0,2671.0,2524.0,,,
2026-08-10,3083.0,,,,,3089.0,3057.0,3063.0,2673.0,2670.0,2490.0,,,
2026-08-11,3046.0,,,,,3083.0,3089.0,3057.0,2732.0,2715.0,2501.0,,,
2026-08-12,2939.0,,,,,3046.0,3083.0,3089.0,2843.0,2725.0,2562.0,,,
2026-08-13,2844.0,,,,,2939.0,3046.0,3083.0,2936.0,2743.0,2650.0,,,
2026-08-14,2863.0,,,,,2844.0,2939.0,3046.0,3063.0,2696.0,2717.0,,,
2026-08-17,2878.0,,,,,2863.0,2844.0,2939.0,3057.0,2664.0,2797.0,,,
2026-08-18,2815.0,,,,,2878.0,2863.0,2844.0,3089.0,2632.0,2875.0,,,
2026-08-19,2776.0,,,,,2815.0,2878.0,2863.0,3083.0,2673.0,2871.0,,,
2026-08-20,2791.0,,,,,2776.0,2815.0,2878.0,3046.0,2732.0,2910.0,,,
2026-08-21,2841.0,,,,,2791.0,2776.0,2815.0,2939.0,2843.0,2944.0,,,
2026-08-24,2882.0,,,,,2841.0,2791.0,2776.0,2844.0,2936.0,2960.0,,,
2026-08-25,2926.0,,,,,2882.0,2841.0,2791.0,2863.0,3063.0,2980.0,,,
2026-08-26,3056.0,,,,,2926.0,2882.0,2841.0,2878.0,3057.0,2929.0,,,
2026-08-27,3107.0,,,,,3056.0,2926.0,2882.0,2815.0,3089.0,2840.0,,,
2026-08-28,3186.0,,,,,3107.0,3056.0,2926.0,2776.0,3083.0,2752.0,,,
2026-09-01,3157.0,,,,,3186.0,3107.0,3056.0,2791.0,3046.0,2671.0,,,
2026-09-02,3331.0,,,,,3157.0,3186.0,3107.0,2841.0,2939.0,2670.0,,,
2026-09-03,3488.0,,,,,3331.0,3157.0,3186.0,2882.0,2844.0,2715.0,,,
2026-09-04,3628.0,,,,,3488.0,3331.0,3157.0,2926.0,2863.0,2725.0,,,
2026-09-07,3575.0,,,,,3628.0,3488.0,3331.0,3056.0,2878.0,2743.0,,,
2026-09-08,3584.0,,,,,3575.0,3628.0,3488.0,3107.0,2815.0,2696.0,,,
2026-09-09,3620.0,,,,,3584.0,3575.0,3628.0,3186.0,2776.0,2664.0,,,
2026-09-10,3521.0,,,,,3620.0,3584.0,3575.0,3157.0,2791.0,2632.0,,,
2026-09-11,3507.0,,,,,3521.0,3620.0,3584.0,3331.0,2841.0,2673.0,,,
